<?xml version="1.0" encoding="utf-8"?>
<COLLADA xmlns="http://www.collada.org/2005/11/COLLADASchema" version="1.4.1">
<asset><contributor><authoring_tool>rfs export_rfs_held_tools.py</authoring_tool></contributor><unit meter="0.010000" name="centimeter"></unit><up_axis>Y_UP</up_axis></asset>
<library_images>
  <image id="military_comm_set-image" name="military_comm_set"><init_from>Military_communication_D.dds</init_from></image>
</library_images>
<library_materials>
  <material id="military_comm_set" name="military_comm_set"><instance_effect url="#military_comm_set-fx"/></material>
</library_materials>
<library_effects>
  <effect id="military_comm_set-fx" name="military_comm_set"><profile_COMMON><technique sid="standard"><lambert><emission><color sid="emission">0 0 0 1</color></emission><ambient><color sid="ambient">0 0 0 1</color></ambient><diffuse><texture texture="military_comm_set-image" texcoord="CHANNEL0"/></diffuse></lambert></technique></profile_COMMON></effect>
</library_effects>
<library_geometries>
  <geometry id="rfs_radio_handheld_held_tp_v1-lib" name="rfs_radio_handheld_held_tp_v1">
    <mesh>
      <source id="rfs_radio_handheld_held_tp_v1-POSITION"><float_array id="rfs_radio_handheld_held_tp_v1-POSITION-array" count="828">-0.338463 0.124866 0.529750 -0.337136 0.138180 0.414595 -0.326698 0.058143 0.529750 -0.299067 0.063015 0.415363 -0.313641 0.129243 0.506098 -0.310832 0.129738 0.415363 -0.336279 0.043373 0.504929 -0.301875 0.062520 0.506098 -0.320897 0.046086 0.414595 -0.339549 0.137755 0.492556 -0.352518 0.135468 0.504929 -0.323310 0.045660 0.492556 -0.323146 0.127567 0.520922 -0.311381 0.060844 0.520922 -0.327169 0.044980 0.501755 -0.307268 0.130367 0.300202 -0.303559 0.131021 0.180358 -0.295503 0.063643 0.300202 -0.300896 0.131490 0.094312 -0.289131 0.064767 0.094312 -0.324207 0.127380 0.069118 -0.312442 0.060657 0.069118 -0.309466 0.129979 0.078910 -0.327595 0.139863 0.106318 -0.339774 0.137715 0.093142 -0.315022 0.041419 0.093383 -0.304917 0.043201 0.097169 -0.297701 0.063256 0.078910 -0.329863 0.139463 0.179590 -0.333572 0.138809 0.299434 -0.301145 0.043866 0.106612 -0.308323 0.048303 0.293869 -0.495036 0.097258 0.409485 -0.483271 0.030535 0.409485 -0.497844 0.096763 0.500220 -0.486079 0.030040 0.500220 -0.474545 0.100871 0.525407 -0.406510 0.112868 0.527579 -0.394745 0.046145 0.527579 -0.462780 0.034148 0.525407 -0.489274 0.098274 0.515621 -0.475631 0.113760 0.488213 -0.463452 0.115908 0.501389 -0.447213 0.023813 0.501389 -0.456097 0.022246 0.497641 -0.477509 0.031551 0.515621 -0.473218 0.114186 0.410252 -0.456979 0.022091 0.410252 -0.459392 0.021665 0.488213 -0.391752 0.033592 0.503158 -0.407991 0.125687 0.503158 -0.405183 0.126182 0.412423 -0.401619 0.126810 0.297262 -0.388944 0.034087 0.412423 -0.385199 0.034747 0.291416 -0.491472 0.097887 0.294324 -0.479707 0.031163 0.294324 -0.475998 0.031817 0.174479 -0.473335 0.032287 0.088433 -0.485100 0.099010 0.088433 -0.460289 0.103385 0.064775 -0.448524 0.036662 0.064775 -0.380489 0.048658 0.066946 -0.392254 0.115382 0.066946 -0.450708 0.118155 0.089602 -0.463677 0.115868 0.101975 -0.475594 0.100686 0.073609 -0.463829 0.033963 0.073609 -0.451351 0.017381 0.092497 -0.441020 0.019203 0.089362 -0.469654 0.114814 0.295091 -0.458871 0.021414 0.174953 -0.455687 0.016616 0.101681 -0.378033 0.030309 0.091372 -0.462051 0.021196 0.288963 -0.395246 0.127934 0.091372 -0.397909 0.127464 0.177418 -0.381674 0.035369 0.177513 -0.329765 0.051301 0.518835 -0.310233 0.054745 0.500210 -0.307599 0.055209 0.415098 -0.317160 0.053523 0.512605 -0.313529 0.054164 0.078111 -0.300822 0.056404 0.085143 -0.294396 0.057537 0.097969 -0.300212 0.056512 0.296441 -0.456879 0.028887 0.514779 -0.469074 0.026737 0.507757 -0.472598 0.026116 0.409832 -0.475232 0.025651 0.494945 -0.393334 0.040092 0.516807 -0.458947 0.028523 0.080097 -0.445842 0.030833 0.073889 -0.466153 0.027252 0.092488 -0.468697 0.026803 0.174678 -0.379668 0.042502 0.075261 -0.472621 0.026112 0.290939 -0.322594 0.134830 0.503729 -0.343036 0.131225 0.523188 -0.319852 0.135313 0.415155 -0.310034 0.137044 0.097902 -0.329276 0.133651 0.078589 -0.312578 0.136596 0.180109 -0.316287 0.135942 0.299953 -0.491210 0.105098 0.498348 -0.472023 0.108481 0.519072 -0.488469 0.105581 0.409775 -0.407535 0.119852 0.521129 -0.458263 0.110907 0.074473 -0.478650 0.107313 0.092521 -0.484904 0.106210 0.294572 -0.393776 0.122278 0.076531 -0.316658 0.135876 0.086228 -0.330956 0.139270 0.097911 -0.459024 0.116688 0.093073 -0.471161 0.108633 0.081138 -0.404524 0.122446 0.412423 -0.338660 0.134241 0.414526 -0.324539 0.131829 0.414991 -0.317465 0.127496 0.415145 -0.305922 0.063187 0.415152 -0.313109 0.056939 0.414936 -0.324093 0.049110 0.414512 -0.389603 0.037824 0.412423 -0.455010 0.026026 0.410335 -0.468000 0.029628 0.409994 -0.476888 0.033041 0.409696 -0.488048 0.097417 0.409702 -0.482885 0.103909 0.409938 -0.470438 0.111005 0.410321 -0.302392 0.063735 0.299989 -0.313934 0.128175 0.299984 -0.320987 0.132465 0.299789 -0.335000 0.134870 0.299368 -0.400960 0.123074 0.297262 -0.466964 0.111601 0.295157 -0.479298 0.104550 0.294737 -0.484458 0.098107 0.294542 -0.473265 0.033605 0.294536 -0.464434 0.030253 0.294791 -0.451555 0.026658 0.295170 -0.386039 0.038452 0.297262 -0.320416 0.049781 0.299355 -0.309555 0.057562 0.299734 -0.291794 0.064297 0.180358 -0.487763 0.098541 0.174479 -0.465945 0.115468 0.175247 -0.380696 0.029839 0.177418 -0.296940 0.057089 0.180159 -0.481195 0.106864 0.174728 -0.303413 0.043467 0.179884 -0.457955 0.016217 0.174953 -0.484155 0.106342 0.511147 -0.471459 0.114496 0.497515 -0.343951 0.136979 0.501253 -0.329695 0.133577 0.515361 -0.314408 0.046711 0.087040 -0.454500 0.022009 0.087346 -0.460041 0.021032 0.097858 -0.303215 0.048684 0.092174 -0.298346 0.049543 0.103018 -0.443011 0.024035 0.082937 -0.378712 0.035372 0.084681 -0.304329 0.048664 0.179884 -0.427063 0.043555 0.068616 -0.450262 0.052004 0.067944 -0.454550 0.076327 0.067944 -0.435641 0.092200 0.068616 -0.412443 0.083752 0.069288 -0.408154 0.059429 0.069288 -0.426326 0.047398 0.024282 -0.446090 0.054596 0.023709 -0.449744 0.075318 0.023709 -0.433634 0.088842 0.024282 -0.413871 0.081644 0.024854 -0.410217 0.060921 0.024854 -0.427017 0.053028 0.014821 -0.441461 0.058288 0.014403 -0.444132 0.073432 0.014403 -0.432358 0.083316 0.014821 -0.417902 0.078057 0.015240 -0.415231 0.062913 0.015240 -0.412092 0.063695 -0.511813 -0.419103 0.066248 -0.512016 -0.420399 0.073599 -0.512016 -0.414685 0.078396 -0.511813 -0.407662 0.075845 -0.511610 -0.406366 0.068494 -0.511610 -0.411205 0.059432 -0.516054 -0.422293 0.063476 -0.516375 -0.424345 0.075113 -0.516375 -0.415309 0.082705 -0.516054 -0.404210 0.078663 -0.515732 -0.402158 0.067026 -0.515732 -0.410901 0.065223 -0.557583 -0.416683 0.067333 -0.557750 -0.417753 0.073406 -0.557750 -0.413043 0.077367 -0.557583 -0.407250 0.075258 -0.557415 -0.406179 0.069186 -0.557415 -0.421165 0.063675 -0.552825 -0.410077 0.059631 -0.552504 -0.423217 0.075311 -0.552825 -0.414181 0.082904 -0.552504 -0.403082 0.078862 -0.552182 -0.401030 0.067225 -0.552182 -0.336820 0.094250 0.031209 -0.338330 0.102145 0.034888 -0.326198 0.099456 0.035249 -0.319529 0.088978 0.035399 -0.322212 0.076850 0.035249 -0.332692 0.070174 0.034888 -0.344801 0.072867 0.034528 -0.351482 0.083343 0.034379 -0.348787 0.095473 0.034528 -0.339784 0.108715 0.044160 -0.322634 0.104912 0.044670 -0.313197 0.090094 0.044882 -0.316997 0.072941 0.044670 -0.331812 0.063502 0.044160 -0.348950 0.067307 0.043651 -0.358376 0.082128 0.043440 -0.354587 0.099278 0.043651 -0.330692 0.092894 0.031392 -0.327325 0.087603 0.031467 -0.328680 0.081480 0.031392 -0.333974 0.078109 0.031209 -0.340091 0.079468 0.031027 -0.343447 0.084760 0.030952 -0.342103 0.090881 0.031027 -0.340224 0.108638 0.058375 -0.323074 0.104835 0.058885 -0.313637 0.090017 0.059097 -0.317437 0.072864 0.058885 -0.332252 0.063424 0.058375 -0.349390 0.067229 0.057866 -0.358816 0.082050 0.057655 -0.355027 0.099200 0.057866 -0.339431 0.103507 0.061866 -0.326151 0.100565 0.062261 -0.318852 0.089097 0.062424 -0.321788 0.075823 0.062261 -0.333261 0.068516 0.061866 -0.346518 0.071463 0.061472 -0.353829 0.082930 0.061308 -0.350880 0.096205 0.061472 -0.340895 0.111000 0.066336 -0.321922 0.106791 0.066901 -0.311476 0.090398 0.067134 -0.315685 0.071420 0.066901 -0.332074 0.060977 0.066336 -0.351035 0.065187 0.065772 -0.361481 0.081580 0.065539 -0.357272 0.100558 0.065772 -0.341180 0.110949 0.075543 -0.322207 0.106741 0.076108 -0.311761 0.090347 0.076341 -0.315970 0.071370 0.076108 -0.332359 0.060927 0.075543 -0.351320 0.065137 0.074979 -0.361766 0.081530 0.074746 -0.357557 0.100508 0.074979 -0.380337 0.057574 0.069748 -0.386672 0.059357 0.069562 -0.389217 0.065423 0.069516 -0.386074 0.071202 0.069645 -0.379607 0.072342 0.069852 -0.374666 0.067989 0.069981 -0.374994 0.061416 0.069935 -0.380186 0.057600 0.064876 -0.386522 0.059383 0.064690 -0.389066 0.065450 0.064644 -0.385924 0.071229 0.064773 -0.379456 0.072369 0.064979 -0.374515 0.068015 0.065109 -0.374843 0.061442 0.065063</float_array><technique_common><accessor source="#rfs_radio_handheld_held_tp_v1-POSITION-array" count="276" stride="3"><param name="X" type="float"/><param name="Y" type="float"/><param name="Z" type="float"/></accessor></technique_common></source>
      <source id="rfs_radio_handheld_held_tp_v1-Normal0"><float_array id="rfs_radio_handheld_held_tp_v1-Normal0-array" count="4689">0.824258 0.565495 0.028534 0.824843 0.564643 0.028498 0.942504 -0.333070 0.027390 0.942504 -0.333070 0.027390 0.941873 -0.334877 0.027082 0.824258 0.565495 0.028534 0.827484 0.560757 0.028670 0.796452 0.538423 0.275253 0.911090 -0.312179 0.269181 0.911090 -0.312179 0.269181 0.946554 -0.321369 0.027541 0.827484 0.560757 0.028670 -0.091685 0.351350 0.931744 0.060130 -0.497619 0.865309 0.290869 -0.431331 0.854019 0.290869 -0.431331 0.854019 0.164859 0.400887 0.901172 -0.091685 0.351350 0.931744 0.558447 0.488941 0.670130 0.202661 0.906898 0.369412 -0.029363 0.850880 0.524538 -0.029363 0.850880 0.524538 0.164859 0.400887 0.901172 0.558447 0.488941 0.670130 0.290869 -0.431331 0.854019 0.243520 -0.865237 0.438251 0.458859 -0.828163 0.321860 0.458859 -0.828163 0.321860 0.675808 -0.359361 0.643540 0.290869 -0.431331 0.854019 0.000715 0.999315 0.036990 0.329497 0.931222 0.155746 0.351019 0.936232 0.015972 0.351019 0.936232 0.015972 0.163335 0.986515 0.010438 0.000715 0.999315 0.036990 0.351232 0.936151 0.016046 0.350224 0.936528 0.016081 -0.003586 0.999979 0.005300 -0.003586 0.999979 0.005300 -0.004105 0.999977 0.005383 0.351232 0.936151 0.016046 0.565364 -0.824739 0.012997 0.590338 -0.799321 0.112193 0.540622 -0.838239 0.071290 0.540622 -0.838239 0.071290 0.565364 -0.824739 0.012997 0.565364 -0.824739 0.012997 0.200691 -0.888561 0.412532 0.243520 -0.865237 0.438251 0.138810 -0.872144 0.469145 0.138810 -0.872144 0.469145 0.142413 -0.887124 0.439009 0.200691 -0.888561 0.412532 0.617715 -0.786260 0.014936 0.618486 -0.785653 0.015006 0.384695 -0.923019 0.006768 0.384695 -0.923019 0.006768 0.385884 -0.922521 0.007009 0.617715 -0.786260 0.014936 0.558447 0.488941 0.670130 0.675808 -0.359361 0.643540 0.911090 -0.312179 0.269181 0.911090 -0.312179 0.269181 0.796452 0.538423 0.275253 0.558447 0.488941 0.670130 0.406398 -0.871137 0.275611 0.540622 -0.838239 0.071290 0.590338 -0.799321 0.112193 0.590338 -0.799321 0.112193 0.458859 -0.828163 0.321860 0.406398 -0.871137 0.275611 0.164859 0.400887 0.901172 0.290869 -0.431331 0.854019 0.675808 -0.359361 0.643540 0.675808 -0.359361 0.643540 0.558447 0.488941 0.670130 0.164859 0.400887 0.901172 -0.053731 0.990140 0.129365 0.000715 0.999315 0.036990 -0.173648 0.984808 -0.000000 -0.143192 0.975698 0.165860 -0.053731 0.990140 0.129365 -0.173648 0.984808 -0.000000 -0.143192 0.975698 0.165860 -0.173648 0.984808 -0.000000 -0.173648 0.984808 -0.000000 -0.173648 0.984808 -0.000000 -0.143192 0.975698 0.165860 -0.173648 0.984808 -0.000000 -0.004105 0.999977 0.005383 -0.003586 0.999979 0.005300 -0.173645 0.984808 -0.000091 -0.173645 0.984808 -0.000091 -0.173648 0.984808 0.000000 -0.004105 0.999977 0.005383 0.173648 -0.984808 0.000000 0.173651 -0.984807 0.000000 0.173648 -0.984808 0.000000 0.173648 -0.984808 0.000000 0.173646 -0.984808 0.000002 0.173648 -0.984808 0.000000 0.173648 -0.984808 0.000000 0.173648 -0.984808 0.000000 0.173648 -0.984808 0.000000 0.173648 -0.984808 0.000000 0.173648 -0.984808 0.000000 0.173648 -0.984808 0.000000 0.385884 -0.922521 0.007009 0.384695 -0.923019 0.006768 0.173653 -0.984807 -0.000135 0.173653 -0.984807 -0.000135 0.173649 -0.984808 -0.000000 0.385884 -0.922521 0.007009 -0.091685 0.351350 0.931744 0.164859 0.400887 0.901172 -0.029363 0.850880 0.524538 -0.029363 0.850880 0.524538 -0.162771 0.825251 0.540802 -0.091685 0.351350 0.931744 0.827166 0.561226 0.028663 0.988054 -0.151206 0.029754 0.974915 -0.220753 0.028453 0.974915 -0.220753 0.028453 0.827171 0.561219 0.028663 0.827166 0.561226 0.028663 -0.050759 0.449288 -0.891944 0.194083 0.475381 -0.858105 0.334524 -0.382708 -0.861179 0.334524 -0.382708 -0.861179 0.105803 -0.438521 -0.892471 -0.050759 0.449288 -0.891944 -0.018172 0.891733 -0.452197 0.187684 0.925363 -0.329359 0.571049 0.532825 -0.624500 0.571049 0.532825 -0.624500 0.194083 0.475381 -0.858105 -0.018172 0.891733 -0.452197 0.334524 -0.382708 -0.861179 0.723148 -0.278998 -0.631836 0.589697 -0.670164 -0.450708 0.589697 -0.670164 -0.450708 0.331056 -0.771194 -0.543748 0.334524 -0.382708 -0.861179 0.005088 0.999572 -0.028811 -0.005232 0.999972 0.005295 0.350929 0.936266 0.015970 0.350929 0.936266 0.015970 0.329239 0.937381 -0.113659 0.005088 0.999572 -0.028811 -0.130096 0.991500 0.001370 0.350928 0.936266 0.015970 0.350929 0.936266 0.015970 0.350929 0.936266 0.015970 0.163335 0.986516 0.010439 -0.130096 0.991500 0.001370 0.157816 -0.766784 -0.622204 0.156844 -0.779828 -0.606026 0.156767 -0.779256 -0.606781 0.156767 -0.779256 -0.606781 0.323891 -0.736859 -0.593409 0.157816 -0.766784 -0.622204 0.840904 -0.395995 0.368874 0.783364 -0.621244 0.019909 0.783109 -0.621478 0.022481 0.783109 -0.621478 0.022481 0.707631 -0.706222 0.022555 0.840904 -0.395995 0.368874 0.571049 0.532825 -0.624500 0.704401 0.552058 -0.446151 0.947521 -0.225829 -0.226285 0.947521 -0.225829 -0.226285 0.723148 -0.278998 -0.631836 0.571049 0.532825 -0.624500 0.786997 -0.539602 -0.299107 0.600433 -0.639859 -0.479647 0.862442 -0.492724 -0.115831 0.862442 -0.492724 -0.115831 0.782791 -0.559075 -0.273264 0.786997 -0.539602 -0.299107 0.194083 0.475381 -0.858105 0.571049 0.532825 -0.624500 0.723148 -0.278998 -0.631836 0.723148 -0.278998 -0.631836 0.334524 -0.382708 -0.861179 0.194083 0.475381 -0.858105 -0.173648 0.984808 -0.000000 -0.005232 0.999972 0.005295 0.005088 0.999572 -0.028811 0.005088 0.999572 -0.028811 -0.031724 0.991203 -0.128492 -0.128878 0.972854 -0.192214 -0.173648 0.984808 -0.000000 0.005088 0.999572 -0.028811 -0.128878 0.972854 -0.192214 -0.164874 0.968666 -0.185751 -0.173648 0.984808 -0.000000 -0.128878 0.972854 -0.192214 -0.173648 0.984808 -0.000000 -0.173648 0.984808 -0.000000 -0.173648 0.984808 -0.000000 -0.173648 0.984808 -0.000000 0.119715 0.992766 0.009109 -0.173648 0.984808 -0.000000 0.102078 -0.705782 0.701037 0.650688 -0.471545 0.595190 0.840904 -0.395995 0.368874 0.840904 -0.395995 0.368874 -0.028006 -0.022030 0.999365 0.102078 -0.705782 0.701037 -0.050759 0.449288 -0.891944 -0.137104 0.864934 -0.482796 -0.018172 0.891733 -0.452197 -0.018172 0.891733 -0.452197 0.194083 0.475381 -0.858105 -0.050759 0.449288 -0.891944 -0.967972 0.249395 -0.028840 -0.770659 -0.636660 -0.027366 -0.771638 -0.635466 -0.027520 -0.771638 -0.635466 -0.027520 -0.968257 0.248304 -0.028691 -0.967972 0.249395 -0.028840 -0.969371 0.243922 -0.028670 -0.779727 -0.625514 -0.027545 -0.764449 -0.607496 0.215792 -0.764449 -0.607496 0.215792 -0.947887 0.230849 0.219588 -0.969371 0.243922 -0.028670 -0.091685 0.351350 0.931744 -0.347451 0.310547 0.884782 -0.178346 -0.514076 0.838998 -0.178346 -0.514076 0.838998 0.060130 -0.497619 0.865309 -0.091685 0.351350 0.931744 -0.294135 0.803677 0.517289 -0.511952 0.780579 0.358611 -0.733217 0.261524 0.627692 -0.733217 0.261524 0.627692 -0.347451 0.310547 0.884782 -0.294135 0.803677 0.517289 -0.178346 -0.514076 0.838998 -0.550854 -0.575672 0.604286 -0.167220 -0.938546 0.301941 -0.167220 -0.938546 0.301941 0.040218 -0.901101 0.431740 -0.178346 -0.514076 0.838998 -0.491089 0.871047 -0.010445 -0.491088 0.871047 -0.010445 -0.650146 0.759642 -0.015976 -0.650146 0.759642 -0.015976 -0.635413 0.761663 0.126960 -0.491089 0.871047 -0.010445 -0.338762 0.940857 -0.005412 -0.649455 0.760232 -0.015989 -0.650199 0.759599 -0.015831 -0.650199 0.759599 -0.015831 -0.338158 0.941075 -0.005277 -0.338762 0.940857 -0.005412 -0.224902 -0.973245 0.047048 -0.287620 -0.954022 0.084358 -0.316425 -0.948499 -0.014969 -0.316425 -0.948499 -0.014969 -0.249192 -0.968367 -0.012997 -0.224902 -0.973245 0.047048 0.089787 -0.908116 0.408979 0.142413 -0.887124 0.439009 0.138810 -0.872144 0.469145 0.138810 -0.872144 0.469145 0.040218 -0.901101 0.431740 0.089787 -0.908116 0.408979 -0.045972 -0.998918 -0.006956 -0.312767 -0.949714 -0.014834 -0.311801 -0.950036 -0.014569 -0.311801 -0.950036 -0.014569 -0.046892 -0.998877 -0.006824 -0.045972 -0.998918 -0.006956 -0.733217 0.261524 0.627692 -0.947887 0.230849 0.219588 -0.764449 -0.607496 0.215792 -0.764449 -0.607496 0.215792 -0.550854 -0.575672 0.604286 -0.733217 0.261524 0.627692 -0.100458 -0.960475 0.259606 -0.167220 -0.938546 0.301941 -0.287620 -0.954022 0.084358 -0.287620 -0.954022 0.084358 -0.224902 -0.973245 0.047048 -0.100458 -0.960475 0.259606 -0.347451 0.310547 0.884782 -0.733217 0.261524 0.627692 -0.550854 -0.575672 0.604286 -0.550854 -0.575672 0.604286 -0.178346 -0.514076 0.838998 -0.347451 0.310547 0.884782 -0.173648 0.984808 -0.000000 -0.265387 0.963009 0.046721 -0.294455 0.947664 0.123407 -0.173648 0.984808 -0.000000 -0.294455 0.947664 0.123407 -0.221970 0.970630 0.092777 -0.173648 0.984808 -0.000000 -0.173648 0.984808 -0.000000 -0.221970 0.970630 0.092777 -0.173648 0.984808 -0.000000 -0.173648 0.984808 -0.000000 -0.221970 0.970630 0.092777 -0.338158 0.941075 -0.005277 -0.173648 0.984808 0.000000 -0.173645 0.984808 -0.000091 -0.173645 0.984808 -0.000091 -0.338762 0.940857 -0.005412 -0.338158 0.941075 -0.005277 0.173648 -0.984808 0.000000 0.173649 -0.984808 -0.000001 0.173648 -0.984808 -0.000000 0.173648 -0.984808 -0.000000 0.173643 -0.984809 0.000000 0.173648 -0.984808 0.000000 0.173648 -0.984808 0.000000 0.173648 -0.984808 -0.000000 0.173648 -0.984808 0.000000 0.173648 -0.984808 0.000000 0.173648 -0.984808 0.000000 0.173648 -0.984808 0.000000 -0.046892 -0.998877 -0.006824 0.173649 -0.984808 -0.000000 0.173653 -0.984807 -0.000135 0.173653 -0.984807 -0.000135 -0.045972 -0.998918 -0.006956 -0.046892 -0.998877 -0.006824 -0.091685 0.351350 0.931744 -0.162771 0.825251 0.540802 -0.294135 0.803677 0.517289 -0.294135 0.803677 0.517289 -0.347451 0.310547 0.884782 -0.091685 0.351350 0.931744 -0.969232 0.244475 -0.028663 -0.969233 0.244469 -0.028663 -0.840432 -0.541142 -0.028963 -0.840432 -0.541142 -0.028963 -0.876547 -0.480340 -0.030636 -0.969232 0.244475 -0.028663 -0.050759 0.449288 -0.891944 0.105803 -0.438521 -0.892471 -0.129843 -0.464573 -0.875964 -0.129843 -0.464573 -0.875964 -0.291517 0.389742 -0.873567 -0.050759 0.449288 -0.891944 -0.679244 0.312207 -0.664195 -0.469517 0.809474 -0.352571 -0.259254 0.849073 -0.460286 -0.259254 0.849073 -0.460286 -0.291517 0.389742 -0.873567 -0.679244 0.312207 -0.664195 -0.129843 -0.464573 -0.875964 0.023228 -0.819964 -0.571944 -0.296207 -0.826380 -0.478913 -0.296207 -0.826380 -0.478913 -0.543865 -0.502412 -0.672156 -0.129843 -0.464573 -0.875964 -0.344370 0.937891 -0.042077 -0.621784 0.769765 -0.144380 -0.650074 0.759703 -0.015973 -0.650074 0.759703 -0.015973 -0.337201 0.941418 -0.005299 -0.344370 0.937891 -0.042077 -0.650074 0.759703 -0.015973 -0.650069 0.759707 -0.015973 -0.337200 0.941418 -0.005299 -0.337200 0.941418 -0.005299 -0.337201 0.941418 -0.005299 -0.650074 0.759703 -0.015973 0.152475 -0.767726 -0.622372 0.024726 -0.791391 -0.610810 0.156767 -0.779256 -0.606781 0.156767 -0.779256 -0.606781 0.156844 -0.779828 -0.606026 0.152475 -0.767726 -0.622372 -0.524336 -0.851267 -0.020402 -0.538080 -0.842610 -0.021877 -0.476811 -0.878757 -0.020935 -0.476811 -0.878757 -0.020935 -0.185093 -0.799075 0.572030 -0.524336 -0.851267 -0.020402 -0.679244 0.312207 -0.664195 -0.543865 -0.502412 -0.672156 -0.797408 -0.533510 -0.281970 -0.797408 -0.533510 -0.281970 -0.927767 0.246247 -0.280375 -0.679244 0.312207 -0.664195 -0.535240 -0.772574 -0.341537 -0.525822 -0.790489 -0.314068 -0.620623 -0.764130 -0.175876 -0.620623 -0.764130 -0.175876 -0.314742 -0.801024 -0.509213 -0.535240 -0.772574 -0.341537 -0.291517 0.389742 -0.873567 -0.129843 -0.464573 -0.875964 -0.543865 -0.502412 -0.672156 -0.543865 -0.502412 -0.672156 -0.679244 0.312207 -0.664195 -0.291517 0.389742 -0.873567 -0.197848 0.960717 -0.194623 -0.292694 0.945026 -0.145797 -0.344370 0.937891 -0.042077 -0.197848 0.960717 -0.194623 -0.344370 0.937891 -0.042077 -0.337201 0.941418 -0.005299 -0.197848 0.960717 -0.194623 -0.337201 0.941418 -0.005299 -0.173648 0.984808 -0.000000 -0.164874 0.968666 -0.185751 -0.197848 0.960717 -0.194623 -0.173648 0.984808 -0.000000 -0.337201 0.941418 -0.005299 -0.337200 0.941418 -0.005299 -0.173648 0.984808 -0.000000 -0.173648 0.984808 -0.000000 -0.173648 0.984808 -0.000000 -0.337201 0.941418 -0.005299 -0.713832 -0.514473 0.475144 -0.485903 -0.671934 0.558930 0.102078 -0.705782 0.701037 0.102078 -0.705782 0.701037 -0.028006 -0.022030 0.999365 -0.713832 -0.514473 0.475144 -0.050759 0.449288 -0.891944 -0.291517 0.389742 -0.873567 -0.259254 0.849073 -0.460286 -0.259254 0.849073 -0.460286 -0.137104 0.864934 -0.482796 -0.050759 0.449288 -0.891944 0.243520 -0.865237 0.438251 0.200691 -0.888561 0.412532 0.406398 -0.871137 0.275611 0.406398 -0.871137 0.275611 0.458859 -0.828163 0.321860 0.243520 -0.865237 0.438251 0.946554 -0.321369 0.027541 0.911090 -0.312179 0.269181 0.590338 -0.799321 0.112193 0.590338 -0.799321 0.112193 0.674633 -0.737961 0.016852 0.946554 -0.321369 0.027541 0.243520 -0.865237 0.438251 0.290869 -0.431331 0.854019 0.060130 -0.497619 0.865309 0.060130 -0.497619 0.865309 0.138810 -0.872144 0.469145 0.243520 -0.865237 0.438251 0.941873 -0.334877 0.027082 0.942504 -0.333070 0.027390 0.618486 -0.785653 0.015006 0.618486 -0.785653 0.015006 0.617715 -0.786260 0.014936 0.941873 -0.334877 0.027082 0.911090 -0.312179 0.269181 0.675808 -0.359361 0.643540 0.458859 -0.828163 0.321860 0.458859 -0.828163 0.321860 0.590338 -0.799321 0.112193 0.911090 -0.312179 0.269181 0.589697 -0.670164 -0.450708 0.600433 -0.639859 -0.479647 0.245833 -0.752747 -0.610687 0.245833 -0.752747 -0.610687 0.331056 -0.771194 -0.543748 0.589697 -0.670164 -0.450708 0.800841 -0.580986 -0.145291 0.947521 -0.225829 -0.226285 0.974915 -0.220753 0.028453 0.974915 -0.220753 0.028453 0.783364 -0.621244 0.019909 0.800841 -0.580986 -0.145291 0.105803 -0.438521 -0.892471 0.334524 -0.382708 -0.861179 0.331056 -0.771194 -0.543748 0.331056 -0.771194 -0.543748 0.157686 -0.786129 -0.597608 0.105803 -0.438521 -0.892471 0.974915 -0.220753 0.028453 0.988054 -0.151206 0.029754 0.783109 -0.621478 0.022481 0.783109 -0.621478 0.022481 0.783364 -0.621244 0.019909 0.974915 -0.220753 0.028453 0.589697 -0.670164 -0.450708 0.723148 -0.278998 -0.631836 0.947521 -0.225829 -0.226285 0.947521 -0.225829 -0.226285 0.800841 -0.580986 -0.145291 0.589697 -0.670164 -0.450708 -0.100458 -0.960475 0.259606 0.089787 -0.908116 0.408979 0.040218 -0.901101 0.431740 0.040218 -0.901101 0.431740 -0.167220 -0.938546 0.301941 -0.100458 -0.960475 0.259606 -0.287620 -0.954022 0.084358 -0.764449 -0.607496 0.215792 -0.779727 -0.625514 -0.027545 -0.779727 -0.625514 -0.027545 -0.316425 -0.948499 -0.014969 -0.287620 -0.954022 0.084358 0.060130 -0.497619 0.865309 -0.178346 -0.514076 0.838998 0.040218 -0.901101 0.431740 0.040218 -0.901101 0.431740 0.138810 -0.872144 0.469145 0.060130 -0.497619 0.865309 -0.771638 -0.635466 -0.027520 -0.770659 -0.636660 -0.027366 -0.311801 -0.950036 -0.014569 -0.311801 -0.950036 -0.014569 -0.312767 -0.949714 -0.014834 -0.771638 -0.635466 -0.027520 -0.167220 -0.938546 0.301941 -0.550854 -0.575672 0.604286 -0.764449 -0.607496 0.215792 -0.764449 -0.607496 0.215792 -0.287620 -0.954022 0.084358 -0.167220 -0.938546 0.301941 0.024726 -0.791391 -0.610810 -0.314742 -0.801024 -0.509213 -0.296207 -0.826380 -0.478913 -0.296207 -0.826380 -0.478913 0.023228 -0.819964 -0.571944 0.024726 -0.791391 -0.610810 0.023228 -0.819964 -0.571944 -0.129843 -0.464573 -0.875964 0.105803 -0.438521 -0.892471 0.105803 -0.438521 -0.892471 0.157686 -0.786129 -0.597608 0.023228 -0.819964 -0.571944 -0.876547 -0.480340 -0.030636 -0.840432 -0.541142 -0.028963 -0.538080 -0.842610 -0.021877 -0.538080 -0.842610 -0.021877 -0.524336 -0.851267 -0.020402 -0.876547 -0.480340 -0.030636 -0.797408 -0.533510 -0.281970 -0.543865 -0.502412 -0.672156 -0.296207 -0.826380 -0.478913 -0.296207 -0.826380 -0.478913 -0.544979 -0.815661 -0.194152 -0.797408 -0.533510 -0.281970 0.000715 0.999315 0.036990 -0.053731 0.990140 0.129365 0.202661 0.906898 0.369412 0.202661 0.906898 0.369412 0.329497 0.931222 0.155746 0.000715 0.999315 0.036990 0.329497 0.931222 0.155746 0.796452 0.538423 0.275253 0.827484 0.560757 0.028670 0.827484 0.560757 0.028670 0.351019 0.936232 0.015972 0.329497 0.931222 0.155746 0.824843 0.564643 0.028498 0.824258 0.565495 0.028534 0.350224 0.936528 0.016081 0.350224 0.936528 0.016081 0.351232 0.936151 0.016046 0.824843 0.564643 0.028498 -0.143192 0.975698 0.165860 -0.174729 0.935185 0.308057 -0.162771 0.825251 0.540802 -0.162771 0.825251 0.540802 -0.029363 0.850880 0.524538 -0.143192 0.975698 0.165860 -0.128878 0.972854 -0.192214 -0.031724 0.991203 -0.128492 0.187684 0.925363 -0.329359 0.187684 0.925363 -0.329359 -0.018172 0.891733 -0.452197 -0.128878 0.972854 -0.192214 0.827166 0.561226 0.028663 0.827171 0.561219 0.028663 0.350929 0.936266 0.015970 0.350929 0.936266 0.015970 0.350928 0.936266 0.015970 0.827166 0.561226 0.028663 -0.137104 0.864934 -0.482796 -0.164874 0.968666 -0.185751 -0.128878 0.972854 -0.192214 -0.128878 0.972854 -0.192214 -0.018172 0.891733 -0.452197 -0.137104 0.864934 -0.482796 -0.221970 0.970630 0.092777 -0.294455 0.947664 0.123407 -0.511952 0.780579 0.358611 -0.511952 0.780579 0.358611 -0.294135 0.803677 0.517289 -0.221970 0.970630 0.092777 -0.969371 0.243922 -0.028670 -0.947887 0.230849 0.219588 -0.635413 0.761663 0.126960 -0.635413 0.761663 0.126960 -0.650146 0.759642 -0.015976 -0.969371 0.243922 -0.028670 -0.967972 0.249395 -0.028840 -0.968257 0.248304 -0.028691 -0.650199 0.759599 -0.015831 -0.650199 0.759599 -0.015831 -0.649455 0.760232 -0.015989 -0.967972 0.249395 -0.028840 -0.162771 0.825251 0.540802 -0.174729 0.935185 0.308057 -0.174728 0.935185 0.308055 -0.174728 0.935185 0.308055 -0.294135 0.803677 0.517289 -0.162771 0.825251 0.540802 -0.344370 0.937891 -0.042077 -0.292694 0.945026 -0.145797 -0.469517 0.809474 -0.352571 -0.469517 0.809474 -0.352571 -0.621784 0.769765 -0.144380 -0.344370 0.937891 -0.042077 -0.621784 0.769765 -0.144380 -0.927767 0.246247 -0.280375 -0.969233 0.244469 -0.028663 -0.969233 0.244469 -0.028663 -0.650074 0.759703 -0.015973 -0.621784 0.769765 -0.144380 -0.969233 0.244469 -0.028663 -0.969232 0.244475 -0.028663 -0.650069 0.759707 -0.015973 -0.650069 0.759707 -0.015973 -0.650074 0.759703 -0.015973 -0.969233 0.244469 -0.028663 -0.197848 0.960717 -0.194623 -0.164874 0.968666 -0.185751 -0.137104 0.864934 -0.482796 -0.137104 0.864934 -0.482796 -0.259254 0.849073 -0.460286 -0.197848 0.960717 -0.194623 0.329239 0.937381 -0.113659 0.704401 0.552058 -0.446151 0.571049 0.532825 -0.624500 0.571049 0.532825 -0.624500 0.187684 0.925363 -0.329359 0.329239 0.937381 -0.113659 -0.679244 0.312207 -0.664195 -0.927767 0.246247 -0.280375 -0.621784 0.769765 -0.144380 -0.621784 0.769765 -0.144380 -0.469517 0.809474 -0.352571 -0.679244 0.312207 -0.664195 0.005088 0.999572 -0.028811 0.329239 0.937381 -0.113659 0.187684 0.925363 -0.329359 0.187684 0.925363 -0.329359 -0.031724 0.991203 -0.128492 0.005088 0.999572 -0.028811 -0.197848 0.960717 -0.194623 -0.259254 0.849073 -0.460286 -0.469517 0.809474 -0.352571 -0.469517 0.809474 -0.352571 -0.292694 0.945026 -0.145797 -0.197848 0.960717 -0.194623 0.030934 0.005454 -0.999507 0.033541 0.004065 -0.999429 0.030820 0.005179 -0.999512 0.030820 0.005179 -0.999512 0.030934 0.005454 -0.999507 0.030934 0.005454 -0.999507 0.033541 0.004065 -0.999429 0.027562 0.009386 -0.999576 0.034178 0.005156 -0.999402 0.034178 0.005156 -0.999402 0.030820 0.005179 -0.999512 0.033541 0.004065 -0.999429 0.027562 0.009386 -0.999576 0.030980 0.006012 -0.999502 0.028161 0.008561 -0.999567 0.028161 0.008561 -0.999567 0.034178 0.005156 -0.999402 0.027562 0.009386 -0.999576 0.030980 0.006012 -0.999502 0.030711 0.003534 -0.999522 0.031209 0.003388 -0.999507 0.031209 0.003388 -0.999507 0.028161 0.008561 -0.999567 0.030980 0.006012 -0.999502 0.030711 0.003534 -0.999522 0.032746 0.004657 -0.999453 0.029815 0.004172 -0.999547 0.029815 0.004172 -0.999547 0.031209 0.003388 -0.999507 0.030711 0.003534 -0.999522 0.032746 0.004657 -0.999453 0.031120 0.006128 -0.999497 0.032363 0.007154 -0.999451 0.032363 0.007154 -0.999451 0.029815 0.004172 -0.999547 0.032746 0.004657 -0.999453 0.031120 0.006128 -0.999497 0.030934 0.005454 -0.999507 0.030934 0.005454 -0.999507 0.030934 0.005454 -0.999507 0.032363 0.007154 -0.999451 0.031120 0.006128 -0.999497 0.030934 0.005454 -0.999507 0.028157 0.007013 -0.999579 0.031042 0.005791 -0.999501 0.031042 0.005791 -0.999501 0.030934 0.005454 -0.999507 0.030934 0.005454 -0.999507 0.028157 0.007013 -0.999579 0.034427 0.001852 -0.999405 0.027653 0.006020 -0.999599 0.027653 0.006020 -0.999599 0.031042 0.005791 -0.999501 0.028157 0.007013 -0.999579 0.034427 0.001852 -0.999405 0.030861 0.004906 -0.999512 0.033692 0.002411 -0.999429 0.033692 0.002411 -0.999429 0.027653 0.006020 -0.999599 0.034427 0.001852 -0.999405 0.030861 0.004906 -0.999512 0.032228 0.008494 -0.999444 0.030635 0.007529 -0.999502 0.030635 0.007529 -0.999502 0.033692 0.002411 -0.999429 0.030861 0.004906 -0.999512 0.032228 0.008494 -0.999444 0.029165 0.006386 -0.999554 0.031839 0.007064 -0.999468 0.031839 0.007064 -0.999468 0.030635 0.007529 -0.999502 0.032228 0.008494 -0.999444 0.029165 0.006386 -0.999554 0.030730 0.004917 -0.999516 0.029519 0.003744 -0.999557 0.029519 0.003744 -0.999557 0.031839 0.007064 -0.999468 0.029165 0.006386 -0.999554 0.030730 0.004917 -0.999516 0.030934 0.005454 -0.999507 0.030934 0.005454 -0.999507 0.030934 0.005454 -0.999507 0.029519 0.003744 -0.999557 0.030730 0.004917 -0.999516 -0.039537 -0.149052 0.988039 -0.030937 -0.005455 0.999507 -0.030936 -0.005455 0.999506 -0.030936 -0.005455 0.999506 -0.030931 -0.005453 0.999507 -0.039537 -0.149052 0.988039 -0.030937 -0.005455 0.999507 -0.030937 -0.005456 0.999506 -0.030937 -0.005457 0.999506 -0.030937 -0.005457 0.999506 -0.030936 -0.005455 0.999506 -0.030937 -0.005455 0.999507 -0.030937 -0.005456 0.999506 -0.030934 -0.005451 0.999507 -0.030933 -0.005451 0.999507 -0.030933 -0.005451 0.999507 -0.030937 -0.005457 0.999506 -0.030937 -0.005456 0.999506 -0.030934 -0.005451 0.999507 -0.030934 -0.005455 0.999507 -0.030934 -0.005455 0.999507 -0.030934 -0.005455 0.999507 -0.030933 -0.005451 0.999507 -0.030934 -0.005451 0.999507 -0.030934 -0.005455 0.999507 -0.030933 -0.005451 0.999507 -0.030933 -0.005451 0.999507 -0.030933 -0.005451 0.999507 -0.030934 -0.005455 0.999507 -0.030934 -0.005455 0.999507 -0.030933 -0.005451 0.999507 -0.030942 -0.005453 0.999506 -0.030942 -0.005452 0.999506 -0.030942 -0.005452 0.999506 -0.030933 -0.005451 0.999507 -0.030933 -0.005451 0.999507 -0.030942 -0.005453 0.999506 -0.030932 -0.005454 0.999507 -0.030936 -0.005454 0.999506 -0.030936 -0.005454 0.999506 -0.030942 -0.005452 0.999506 -0.030942 -0.005453 0.999506 -0.030932 -0.005454 0.999507 -0.040777 -0.179042 0.982996 -0.030935 -0.005454 0.999506 -0.030935 -0.005454 0.999506 -0.030936 -0.005454 0.999506 -0.030932 -0.005454 0.999507 -0.040777 -0.179042 0.982996 -0.093162 -0.593637 0.799323 -0.131015 -0.471152 0.872268 -0.131015 -0.471152 0.872268 -0.030935 -0.005454 0.999506 -0.040777 -0.179042 0.982996 -0.093162 -0.593637 0.799323 -0.336154 -0.860566 0.382658 0.067471 -0.795374 0.602351 0.067471 -0.795374 0.602351 -0.131015 -0.471152 0.872268 -0.093162 -0.593637 0.799323 -0.406180 -0.838857 0.362405 0.127589 -0.829943 0.543061 0.127337 -0.829463 0.543853 0.135918 -0.846387 0.514933 0.067471 -0.795374 0.602351 -0.336154 -0.860566 0.382658 0.127589 -0.829943 0.543061 0.245900 -0.630786 0.735963 0.132054 -0.843761 0.520220 0.132054 -0.843761 0.520220 0.127337 -0.829463 0.543853 0.127589 -0.829943 0.543061 0.229285 -0.593641 0.771375 0.205814 -0.427398 0.880325 0.275887 -0.452627 0.847947 0.275887 -0.452627 0.847947 0.313766 -0.477927 0.820449 0.229285 -0.593641 0.771375 0.220777 -0.468295 0.855545 -0.017331 -0.338107 0.940948 -0.033508 -0.448824 0.892992 0.274823 -0.355903 0.893199 0.275887 -0.452627 0.847947 0.205814 -0.427398 0.880325 0.566050 -0.823734 0.032402 0.862442 -0.492724 -0.115831 0.840904 -0.395995 0.368874 0.840904 -0.395995 0.368874 0.650688 -0.471545 0.595190 0.566050 -0.823734 0.032402 0.171990 -0.985098 0.001078 0.173648 -0.984808 0.000000 0.173592 -0.984816 0.001818 0.173592 -0.984816 0.001818 0.169327 -0.985556 0.002807 0.171990 -0.985098 0.001078 0.175236 -0.984526 0.001181 0.177784 -0.984065 0.003078 0.173592 -0.984816 0.001818 0.173592 -0.984816 0.001818 0.173648 -0.984808 0.000000 0.175236 -0.984526 0.001181 0.947521 -0.225829 -0.226285 0.857118 0.514285 0.029334 0.827171 0.561219 0.028663 0.827171 0.561219 0.028663 0.974915 -0.220753 0.028453 0.947521 -0.225829 -0.226285 0.173648 -0.984808 -0.000000 0.264291 -0.936100 -0.232094 0.268627 -0.920505 -0.283742 0.173648 -0.984808 -0.000000 0.268627 -0.920505 -0.283742 0.566050 -0.823734 0.032402 0.173648 -0.984808 -0.000000 0.566050 -0.823734 0.032402 0.650688 -0.471545 0.595190 0.102078 -0.705782 0.701037 0.173648 -0.984808 -0.000000 0.650688 -0.471545 0.595190 -0.927767 0.246247 -0.280375 -0.797408 -0.533510 -0.281970 -0.840432 -0.541142 -0.028963 -0.840432 -0.541142 -0.028963 -0.969233 0.244469 -0.028663 -0.927767 0.246247 -0.280375 -0.250622 -0.968064 0.006368 0.080211 -0.953689 -0.289902 0.086383 -0.967469 -0.237783 -0.250622 -0.968064 0.006368 0.086383 -0.967469 -0.237783 0.173648 -0.984808 -0.000000 -0.250622 -0.968064 0.006368 0.173648 -0.984808 -0.000000 0.102078 -0.705782 0.701037 -0.485903 -0.671934 0.558930 -0.250622 -0.968064 0.006368 0.102078 -0.705782 0.701037 -0.840432 -0.541142 -0.028963 -0.797408 -0.533510 -0.281970 -0.544979 -0.815661 -0.194152 -0.544979 -0.815661 -0.194152 -0.538080 -0.842610 -0.021877 -0.840432 -0.541142 -0.028963 0.827171 0.561219 0.028663 0.857118 0.514285 0.029334 0.329239 0.937381 -0.113659 0.329239 0.937381 -0.113659 0.350929 0.936266 0.015970 0.827171 0.561219 0.028663 -0.498388 -0.866908 0.008980 -0.544979 -0.815661 -0.194152 -0.620623 -0.764130 -0.175876 -0.620623 -0.764130 -0.175876 -0.713832 -0.514473 0.475144 -0.498388 -0.866908 0.008980 0.558447 0.488941 0.670130 0.796452 0.538423 0.275253 0.329497 0.931222 0.155746 0.329497 0.931222 0.155746 0.202661 0.906898 0.369412 0.558447 0.488941 0.670130 -0.635413 0.761663 0.126960 -0.947887 0.230849 0.219588 -0.733217 0.261524 0.627692 -0.733217 0.261524 0.627692 -0.511952 0.780579 0.358611 -0.635413 0.761663 0.126960 -0.143192 0.975698 0.165860 -0.029363 0.850880 0.524538 0.202661 0.906898 0.369412 0.202661 0.906898 0.369412 -0.053731 0.990140 0.129365 -0.143192 0.975698 0.165860 -0.265387 0.963009 0.046721 -0.635413 0.761663 0.126960 -0.511952 0.780579 0.358611 -0.511952 0.780579 0.358611 -0.294455 0.947664 0.123407 -0.265387 0.963009 0.046721 0.156641 -0.778318 -0.608017 0.161795 -0.765388 -0.622900 0.323891 -0.736859 -0.593409 0.323891 -0.736859 -0.593409 0.156767 -0.779256 -0.606781 0.156641 -0.778318 -0.608017 0.600433 -0.639859 -0.479647 0.589697 -0.670164 -0.450708 0.800841 -0.580986 -0.145291 0.800841 -0.580986 -0.145291 0.862442 -0.492724 -0.115831 0.600433 -0.639859 -0.479647 0.024726 -0.791391 -0.610810 0.023228 -0.819964 -0.571944 0.156641 -0.778318 -0.608017 0.156641 -0.778318 -0.608017 0.156767 -0.779256 -0.606781 0.024726 -0.791391 -0.610810 -0.544979 -0.815661 -0.194152 -0.296207 -0.826380 -0.478913 -0.314742 -0.801024 -0.509213 -0.314742 -0.801024 -0.509213 -0.620623 -0.764130 -0.175876 -0.544979 -0.815661 -0.194152 0.600433 -0.639859 -0.479647 0.268627 -0.920505 -0.283742 0.264291 -0.936100 -0.232094 0.264291 -0.936100 -0.232094 0.245833 -0.752747 -0.610687 0.600433 -0.639859 -0.479647 0.086383 -0.967469 -0.237783 0.080211 -0.953689 -0.289902 -0.314742 -0.801024 -0.509213 -0.314742 -0.801024 -0.509213 0.024726 -0.791391 -0.610810 0.086383 -0.967469 -0.237783 0.800841 -0.580986 -0.145291 0.783364 -0.621244 0.019909 0.840904 -0.395995 0.368874 0.840904 -0.395995 0.368874 0.862442 -0.492724 -0.115831 0.800841 -0.580986 -0.145291 -0.250622 -0.968064 0.006368 -0.485903 -0.671934 0.558930 -0.713832 -0.514473 0.475144 -0.713832 -0.514473 0.475144 -0.620623 -0.764130 -0.175876 -0.250622 -0.968064 0.006368 0.175615 -0.981029 -0.082107 -0.760484 -0.640104 -0.109231 -0.724660 -0.614194 -0.312463 -0.724660 -0.614194 -0.312463 0.175232 -0.941935 -0.286446 0.175615 -0.981029 -0.082107 -0.760484 -0.640104 -0.109231 -0.933558 0.341379 -0.109228 -0.891012 0.329329 -0.312474 -0.891012 0.329329 -0.312474 -0.724660 -0.614194 -0.312463 -0.760484 -0.640104 -0.109231 -0.933558 0.341379 -0.109228 -0.170534 0.981925 -0.082108 -0.157533 0.945079 -0.286372 -0.157533 0.945079 -0.286372 -0.891012 0.329329 -0.312474 -0.933558 0.341379 -0.109228 -0.170534 0.981925 -0.082108 0.765559 0.641010 -0.055010 0.742402 0.617436 -0.260022 0.742402 0.617436 -0.260022 -0.157533 0.945079 -0.286372 -0.170534 0.981925 -0.082108 0.765559 0.641010 -0.055010 0.938646 -0.340468 -0.055006 0.908783 -0.326313 -0.260065 0.908783 -0.326313 -0.260065 0.742402 0.617436 -0.260022 0.765559 0.641010 -0.055010 0.938646 -0.340468 -0.055006 0.175615 -0.981029 -0.082107 0.175232 -0.941935 -0.286446 0.175232 -0.941935 -0.286446 0.908783 -0.326313 -0.260065 0.938646 -0.340468 -0.055006 0.175232 -0.941935 -0.286446 -0.724660 -0.614194 -0.312463 -0.721575 -0.611869 -0.323954 -0.721575 -0.611869 -0.323954 0.174875 -0.938422 -0.297964 0.175232 -0.941935 -0.286446 -0.724660 -0.614194 -0.312463 -0.891012 0.329329 -0.312474 -0.887341 0.328145 -0.323954 -0.887341 0.328145 -0.323954 -0.721575 -0.611869 -0.323954 -0.724660 -0.614194 -0.312463 -0.891012 0.329329 -0.312474 -0.157533 0.945079 -0.286372 -0.156720 0.941616 -0.297990 -0.156720 0.941616 -0.297990 -0.887341 0.328145 -0.323954 -0.891012 0.329329 -0.312474 -0.157533 0.945079 -0.286372 0.742402 0.617436 -0.260022 0.740116 0.615177 -0.271633 0.740116 0.615177 -0.271633 -0.156720 0.941616 -0.297990 -0.157533 0.945079 -0.286372 0.742402 0.617436 -0.260022 0.908783 -0.326313 -0.260065 0.905854 -0.325090 -0.271560 0.905854 -0.325090 -0.271560 0.740116 0.615177 -0.271633 0.742402 0.617436 -0.260022 0.908783 -0.326313 -0.260065 0.175232 -0.941935 -0.286446 0.174875 -0.938422 -0.297964 0.174875 -0.938422 -0.297964 0.905854 -0.325090 -0.271560 0.908783 -0.326313 -0.260065 0.174875 -0.938422 -0.297964 -0.721575 -0.611869 -0.323954 -0.703210 -0.581136 0.409605 -0.703210 -0.581136 0.409605 0.142413 -0.889272 0.434642 0.174875 -0.938422 -0.297964 -0.721575 -0.611869 -0.323954 -0.887341 0.328145 -0.323954 -0.859572 0.305500 0.409640 -0.859572 0.305500 0.409640 -0.703210 -0.581136 0.409605 -0.721575 -0.611869 -0.323954 -0.887341 0.328145 -0.323954 -0.156720 0.941616 -0.297990 -0.170069 0.884440 0.434560 -0.170069 0.884440 0.434560 -0.859572 0.305500 0.409640 -0.887341 0.328145 -0.323954 -0.156720 0.941616 -0.297990 0.740116 0.615177 -0.271633 0.676048 0.576734 0.458625 0.676048 0.576734 0.458625 -0.170069 0.884440 0.434560 -0.156720 0.941616 -0.297990 0.740116 0.615177 -0.271633 0.905854 -0.325090 -0.271560 0.832537 -0.310523 0.458757 0.832537 -0.310523 0.458757 0.676048 0.576734 0.458625 0.740116 0.615177 -0.271633 0.905854 -0.325090 -0.271560 0.174875 -0.938422 -0.297964 0.142413 -0.889272 0.434642 0.142413 -0.889272 0.434642 0.832537 -0.310523 0.458757 0.905854 -0.325090 -0.271560 0.142413 -0.889272 0.434642 -0.703210 -0.581136 0.409605 -0.728134 -0.603948 0.324142 -0.728134 -0.603948 0.324142 0.151558 -0.924438 0.349921 0.142413 -0.889272 0.434642 -0.703210 -0.581136 0.409605 -0.859572 0.305500 0.409640 -0.890814 0.318464 0.324087 -0.890814 0.318464 0.324087 -0.728134 -0.603948 0.324142 -0.703210 -0.581136 0.409605 -0.859572 0.305500 0.409640 -0.170069 0.884440 0.434560 -0.173672 0.920542 0.349916 -0.173672 0.920542 0.349916 -0.890814 0.318464 0.324087 -0.859572 0.305500 0.409640 -0.170069 0.884440 0.434560 0.676048 0.576734 0.458625 0.706344 0.600314 0.375102 0.706344 0.600314 0.375102 -0.173672 0.920542 0.349916 -0.170069 0.884440 0.434560 0.676048 0.576734 0.458625 0.832537 -0.310523 0.458757 0.869096 -0.322494 0.375059 0.869096 -0.322494 0.375059 0.706344 0.600314 0.375102 0.676048 0.576734 0.458625 0.832537 -0.310523 0.458757 0.142413 -0.889272 0.434642 0.151558 -0.924438 0.349921 0.151558 -0.924438 0.349921 0.869096 -0.322494 0.375059 0.832537 -0.310523 0.458757 -0.728134 -0.603948 0.324142 -0.701506 -0.596133 -0.390532 0.172711 -0.914755 -0.365232 0.172711 -0.914755 -0.365232 0.151558 -0.924438 0.349921 -0.728134 -0.603948 0.324142 -0.890814 0.318464 0.324087 -0.863105 0.320234 -0.390512 -0.701506 -0.596133 -0.390532 -0.701506 -0.596133 -0.390532 -0.728134 -0.603948 0.324142 -0.890814 0.318464 0.324087 -0.173672 0.920542 0.349916 -0.150560 0.918672 -0.365203 -0.863105 0.320234 -0.390512 -0.863105 0.320234 -0.390512 -0.890814 0.318464 0.324087 -0.173672 0.920542 0.349916 0.706344 0.600314 0.375102 0.723977 0.600289 -0.339869 -0.150560 0.918672 -0.365203 -0.150560 0.918672 -0.365203 -0.173672 0.920542 0.349916 0.706344 0.600314 0.375102 0.869096 -0.322494 0.375059 0.885624 -0.316475 -0.339874 0.723977 0.600289 -0.339869 0.723977 0.600289 -0.339869 0.706344 0.600314 0.375102 0.869096 -0.322494 0.375059 0.151558 -0.924438 0.349921 0.172711 -0.914755 -0.365232 0.885624 -0.316475 -0.339874 0.885624 -0.316475 -0.339874 0.869096 -0.322494 0.375059 0.151558 -0.924438 0.349921 0.030932 0.005454 -0.999507 0.030918 0.005453 -0.999507 0.030933 0.005453 -0.999507 0.030933 0.005453 -0.999507 0.030934 0.005455 -0.999507 0.030936 0.005455 -0.999506 0.030932 0.005454 -0.999507 0.030933 0.005453 -0.999507 0.030936 0.005455 -0.999506 0.030929 0.005460 -0.999507 0.030932 0.005454 -0.999507 0.030936 0.005455 -0.999506 -0.489227 -0.425576 -0.761277 0.138714 -0.654567 -0.743169 0.172711 -0.914755 -0.365232 0.172711 -0.914755 -0.365232 -0.701506 -0.596133 -0.390532 -0.489227 -0.425576 -0.761277 -0.605260 0.232467 -0.761328 -0.489227 -0.425576 -0.761277 -0.701506 -0.596133 -0.390532 -0.701506 -0.596133 -0.390532 -0.863105 0.320234 -0.390512 -0.605260 0.232467 -0.761328 -0.093419 0.662484 -0.743228 -0.605260 0.232467 -0.761328 -0.863105 0.320234 -0.390512 -0.863105 0.320234 -0.390512 -0.150560 0.918672 -0.365203 -0.093419 0.662484 -0.743228 0.534983 0.433863 -0.724953 -0.093419 0.662484 -0.743228 -0.150560 0.918672 -0.365203 -0.150560 0.918672 -0.365203 0.723977 0.600289 -0.339869 0.534983 0.433863 -0.724953 0.651113 -0.224772 -0.724934 0.534983 0.433863 -0.724953 0.723977 0.600289 -0.339869 0.723977 0.600289 -0.339869 0.885624 -0.316475 -0.339874 0.651113 -0.224772 -0.724934 0.138714 -0.654567 -0.743169 0.651113 -0.224772 -0.724934 0.885624 -0.316475 -0.339874 0.885624 -0.316475 -0.339874 0.172711 -0.914755 -0.365232 0.138714 -0.654567 -0.743169 0.406304 0.551808 -0.728302 0.180383 0.220445 -0.958575 -0.015867 0.263916 -0.964415 -0.015867 0.263916 -0.964415 -0.093347 0.662549 -0.743179 0.406304 0.551808 -0.728302 0.681187 0.120058 -0.722198 0.288377 0.050857 -0.956165 0.180383 0.220445 -0.958575 0.180383 0.220445 -0.958575 0.406304 0.551808 -0.728302 0.681187 0.120058 -0.722198 0.570603 -0.379478 -0.728292 0.244895 -0.145422 -0.958582 0.288377 0.050857 -0.956165 0.288377 0.050857 -0.956165 0.681187 0.120058 -0.722198 0.570603 -0.379478 -0.728292 0.138921 -0.654460 -0.743225 0.075304 -0.253415 -0.964422 0.244895 -0.145422 -0.958582 0.244895 -0.145422 -0.958582 0.570603 -0.379478 -0.728292 0.138921 -0.654460 -0.743225 -0.360370 -0.543565 -0.758070 -0.120920 -0.209890 -0.970219 0.075304 -0.253415 -0.964422 0.075304 -0.253415 -0.964422 0.138921 -0.654460 -0.743225 -0.360370 -0.543565 -0.758070 -0.635333 -0.112205 -0.764043 -0.228380 -0.039959 -0.972752 -0.120920 -0.209890 -0.970219 -0.120920 -0.209890 -0.970219 -0.360370 -0.543565 -0.758070 -0.635333 -0.112205 -0.764043 -0.524291 0.387663 -0.758180 -0.185744 0.155699 -0.970184 -0.228380 -0.039959 -0.972752 -0.228380 -0.039959 -0.972752 -0.635333 -0.112205 -0.764043 -0.524291 0.387663 -0.758180 -0.093347 0.662549 -0.743179 -0.015867 0.263916 -0.964415 -0.185744 0.155699 -0.970184 -0.185744 0.155699 -0.970184 -0.524291 0.387663 -0.758180 -0.093347 0.662549 -0.743179 0.557716 0.785939 -0.266934 0.406304 0.551808 -0.728302 -0.093347 0.662549 -0.743179 -0.093347 0.662549 -0.743179 -0.157499 0.944500 -0.288293 0.557716 0.785939 -0.266934 0.951422 0.167754 -0.258176 0.681187 0.120058 -0.722198 0.406304 0.551808 -0.728302 0.406304 0.551808 -0.728302 0.557716 0.785939 -0.266934 0.951422 0.167754 -0.258176 0.792917 -0.547736 -0.266961 0.570603 -0.379478 -0.728292 0.681187 0.120058 -0.722198 0.681187 0.120058 -0.722198 0.951422 0.167754 -0.258176 0.792917 -0.547736 -0.266961 0.175078 -0.941413 -0.288253 0.138921 -0.654460 -0.743225 0.570603 -0.379478 -0.728292 0.570603 -0.379478 -0.728292 0.792917 -0.547736 -0.266961 0.175078 -0.941413 -0.288253 -0.540250 -0.782450 -0.309681 -0.360370 -0.543565 -0.758070 0.138921 -0.654460 -0.743225 0.138921 -0.654460 -0.743225 0.175078 -0.941413 -0.288253 -0.540250 -0.782450 -0.309681 -0.933620 -0.164730 -0.318147 -0.635333 -0.112205 -0.764043 -0.360370 -0.543565 -0.758070 -0.360370 -0.543565 -0.758070 -0.540250 -0.782450 -0.309681 -0.933620 -0.164730 -0.318147 -0.775240 0.550598 -0.309589 -0.524291 0.387663 -0.758180 -0.635333 -0.112205 -0.764043 -0.635333 -0.112205 -0.764043 -0.933620 -0.164730 -0.318147 -0.775240 0.550598 -0.309589 -0.157499 0.944500 -0.288293 -0.093347 0.662549 -0.743179 -0.524291 0.387663 -0.758180 -0.524291 0.387663 -0.758180 -0.775240 0.550598 -0.309589 -0.157499 0.944500 -0.288293 0.075304 -0.253415 -0.964422 -0.120920 -0.209890 -0.970219 -0.185744 0.155699 -0.970184 -0.185744 0.155699 -0.970184 -0.015867 0.263916 -0.964415 0.075304 -0.253415 -0.964422 0.180383 0.220445 -0.958575 0.244895 -0.145422 -0.958582 0.075304 -0.253415 -0.964422 0.075304 -0.253415 -0.964422 -0.015867 0.263916 -0.964415 0.180383 0.220445 -0.958575 -0.120920 -0.209890 -0.970219 -0.228380 -0.039959 -0.972752 -0.185744 0.155699 -0.970184 0.180383 0.220445 -0.958575 0.288377 0.050857 -0.956165 0.244895 -0.145422 -0.958582 0.557716 0.785939 -0.266934 -0.157499 0.944500 -0.288293 -0.170300 0.887697 0.427776 -0.170300 0.887697 0.427776 0.504788 0.738076 0.447697 0.557716 0.785939 -0.266934 0.951422 0.167754 -0.258176 0.557716 0.785939 -0.266934 0.504788 0.738076 0.447697 0.504788 0.738076 0.447697 0.876432 0.154519 0.456061 0.951422 0.167754 -0.258176 0.792917 -0.547736 -0.266961 0.951422 0.167754 -0.258176 0.876432 0.154519 0.456061 0.876432 0.154519 0.456061 0.726802 -0.520884 0.447703 0.792917 -0.547736 -0.266961 0.175078 -0.941413 -0.288253 0.792917 -0.547736 -0.266961 0.726802 -0.520884 0.447703 0.726802 -0.520884 0.447703 0.143575 -0.892424 0.427746 0.175078 -0.941413 -0.288253 -0.540250 -0.782450 -0.309681 0.175078 -0.941413 -0.288253 0.143575 -0.892424 0.427746 0.143575 -0.892424 0.427746 -0.531601 -0.742372 0.407780 -0.540250 -0.782450 -0.309681 -0.933620 -0.164730 -0.318147 -0.540250 -0.782450 -0.309681 -0.531601 -0.742372 0.407780 -0.531601 -0.742372 0.407780 -0.902992 -0.159305 0.399033 -0.933620 -0.164730 -0.318147 -0.775240 0.550598 -0.309589 -0.933620 -0.164730 -0.318147 -0.902992 -0.159305 0.399033 -0.902992 -0.159305 0.399033 -0.753400 0.515902 0.407717 -0.775240 0.550598 -0.309589 -0.157499 0.944500 -0.288293 -0.775240 0.550598 -0.309589 -0.753400 0.515902 0.407717 -0.753400 0.515902 0.407717 -0.170300 0.887697 0.427776 -0.157499 0.944500 -0.288293 0.504788 0.738076 0.447697 -0.170300 0.887697 0.427776 -0.122781 0.545227 0.829248 -0.122781 0.545227 0.829248 0.294534 0.452951 0.841478 0.504788 0.738076 0.447697 0.876432 0.154519 0.456061 0.504788 0.738076 0.447697 0.294534 0.452951 0.841478 0.294534 0.452951 0.841478 0.524037 0.092323 0.846677 0.876432 0.154519 0.456061 0.726802 -0.520884 0.447703 0.876432 0.154519 0.456061 0.524037 0.092323 0.846677 0.524037 0.092323 0.846677 0.431790 -0.324770 0.841476 0.726802 -0.520884 0.447703 0.143575 -0.892424 0.427746 0.726802 -0.520884 0.447703 0.431790 -0.324770 0.841476 0.431790 -0.324770 0.841476 0.071094 -0.554287 0.829284 0.143575 -0.892424 0.427746 -0.531601 -0.742372 0.407780 0.143575 -0.892424 0.427746 0.071094 -0.554287 0.829284 0.071094 -0.554287 0.829284 -0.345723 -0.461573 0.816961 -0.531601 -0.742372 0.407780 -0.902992 -0.159305 0.399033 -0.531601 -0.742372 0.407780 -0.345723 -0.461573 0.816961 -0.345723 -0.461573 0.816961 -0.575942 -0.101903 0.811114 -0.902992 -0.159305 0.399033 -0.753400 0.515902 0.407717 -0.902992 -0.159305 0.399033 -0.575942 -0.101903 0.811114 -0.575942 -0.101903 0.811114 -0.482406 0.315758 0.817056 -0.753400 0.515902 0.407717 -0.170300 0.887697 0.427776 -0.753400 0.515902 0.407717 -0.482406 0.315758 0.817056 -0.482406 0.315758 0.817056 -0.122781 0.545227 0.829248 -0.170300 0.887697 0.427776 0.316796 0.418962 -0.850947 -0.061278 0.502577 -0.862358 -0.141128 0.881356 -0.450882 -0.141128 0.881356 -0.450882 0.525452 0.733583 -0.430994 0.316796 0.418962 -0.850947 0.524336 0.092606 -0.846461 0.316796 0.418962 -0.850947 0.525452 0.733583 -0.430994 0.525452 0.733583 -0.430994 0.892434 0.157389 -0.422837 0.524336 0.092606 -0.846461 0.440844 -0.285523 -0.850960 0.524336 0.092606 -0.846461 0.892434 0.157389 -0.422837 0.892434 0.157389 -0.422837 0.744630 -0.509701 -0.430965 0.440844 -0.285523 -0.850960 0.114345 -0.493346 -0.862285 0.440844 -0.285523 -0.850960 0.744630 -0.509701 -0.430965 0.744630 -0.509701 -0.430965 0.168813 -0.876475 -0.450880 0.114345 -0.493346 -0.862285 -0.262956 -0.409478 -0.873603 0.114345 -0.493346 -0.862285 0.168813 -0.876475 -0.450880 0.168813 -0.876475 -0.450880 -0.497573 -0.728560 -0.470767 -0.262956 -0.409478 -0.873603 -0.470897 -0.082960 -0.878279 -0.262956 -0.409478 -0.873603 -0.497573 -0.728560 -0.470767 -0.497573 -0.728560 -0.470767 -0.864511 -0.152412 -0.478948 -0.470897 -0.082960 -0.878279 -0.387202 0.294740 -0.873615 -0.470897 -0.082960 -0.878279 -0.864511 -0.152412 -0.478948 -0.864511 -0.152412 -0.478948 -0.716753 0.514420 -0.470784 -0.387202 0.294740 -0.873615 -0.061278 0.502577 -0.862358 -0.387202 0.294740 -0.873615 -0.716753 0.514420 -0.470784 -0.716753 0.514420 -0.470784 -0.141128 0.881356 -0.450882 -0.061278 0.502577 -0.862358 0.525452 0.733583 -0.430994 -0.141128 0.881356 -0.450882 -0.173769 0.984787 -0.000004 -0.173769 0.984787 -0.000004 0.573082 0.819197 0.022207 0.525452 0.733583 -0.430994 0.892434 0.157389 -0.422837 0.525452 0.733583 -0.430994 0.573082 0.819197 0.022207 0.573082 0.819197 0.022207 0.984320 0.173571 0.031411 0.892434 0.157389 -0.422837 0.744630 -0.509701 -0.430965 0.892434 0.157389 -0.422837 0.984320 0.173571 0.031411 0.984320 0.173571 0.031411 0.818701 -0.573790 0.022209 0.744630 -0.509701 -0.430965 0.168813 -0.876475 -0.450880 0.744630 -0.509701 -0.430965 0.818701 -0.573790 0.022209 0.818701 -0.573790 0.022209 0.173543 -0.984826 -0.000004 0.168813 -0.876475 -0.450880 -0.497573 -0.728560 -0.470767 0.168813 -0.876475 -0.450880 0.173543 -0.984826 -0.000004 0.173543 -0.984826 -0.000004 -0.573164 -0.819140 -0.022210 -0.497573 -0.728560 -0.470767 -0.864511 -0.152412 -0.478948 -0.497573 -0.728560 -0.470767 -0.573164 -0.819140 -0.022210 -0.573164 -0.819140 -0.022210 -0.984320 -0.173570 -0.031411 -0.864511 -0.152412 -0.478948 -0.716753 0.514420 -0.470784 -0.864511 -0.152412 -0.478948 -0.984320 -0.173570 -0.031411 -0.984320 -0.173570 -0.031411 -0.818778 0.573680 -0.022212 -0.716753 0.514420 -0.470784 -0.141128 0.881356 -0.450882 -0.716753 0.514420 -0.470784 -0.818778 0.573680 -0.022212 -0.818778 0.573680 -0.022212 -0.173769 0.984787 -0.000004 -0.141128 0.881356 -0.450882 0.173642 -0.984809 -0.000000 -0.661877 -0.749209 -0.024571 -0.661866 -0.749220 -0.024570 -0.661866 -0.749220 -0.024570 0.173654 -0.984807 0.000001 0.173642 -0.984809 -0.000000 -0.661877 -0.749209 -0.024571 -0.998251 0.050569 -0.030620 -0.998252 0.050547 -0.030620 -0.998252 0.050547 -0.030620 -0.661866 -0.749220 -0.024570 -0.661877 -0.749209 -0.024571 -0.998251 0.050569 -0.030620 -0.583661 0.811883 -0.013632 -0.583679 0.811870 -0.013633 -0.583679 0.811870 -0.013633 -0.998252 0.050547 -0.030620 -0.998251 0.050569 -0.030620 -0.583661 0.811883 -0.013632 0.270131 0.962727 0.013613 0.270117 0.962731 0.013614 0.270117 0.962731 0.013614 -0.583679 0.811870 -0.013633 -0.583661 0.811883 -0.013632 0.270131 0.962727 0.013613 0.920828 0.388766 0.030621 0.920823 0.388777 0.030621 0.920823 0.388777 0.030621 0.270117 0.962731 0.013614 0.270131 0.962727 0.013613 0.920828 0.388766 0.030621 0.877781 -0.478432 0.024557 0.877787 -0.478421 0.024558 0.877787 -0.478421 0.024558 0.920823 0.388777 0.030621 0.920828 0.388766 0.030621 0.877781 -0.478432 0.024557 0.173642 -0.984809 -0.000000 0.173654 -0.984807 0.000001 0.173654 -0.984807 0.000001 0.877787 -0.478421 0.024558 0.877781 -0.478432 0.024557 0.030933 0.005455 -0.999507 0.030929 0.005455 -0.999507 0.030933 0.005455 -0.999507 0.030933 0.005455 -0.999507 0.030933 0.005455 -0.999507 0.030934 0.005454 -0.999507 0.030933 0.005455 -0.999507 0.030934 0.005454 -0.999507 0.030934 0.005454 -0.999506 0.030933 0.005455 -0.999507 0.030933 0.005455 -0.999507 0.030934 0.005454 -0.999506 0.030935 0.005454 -0.999506 0.030933 0.005455 -0.999507 0.030934 0.005454 -0.999506</float_array><technique_common><accessor source="#rfs_radio_handheld_held_tp_v1-Normal0-array" count="1563" stride="3"><param name="X" type="float"/><param name="Y" type="float"/><param name="Z" type="float"/></accessor></technique_common></source>
      <source id="rfs_radio_handheld_held_tp_v1-UV0"><float_array id="rfs_radio_handheld_held_tp_v1-UV0-array" count="3126">0.774629 0.773646 0.774604 0.811632 0.747670 0.811634 0.747670 0.811634 0.747642 0.773645 0.774629 0.773646 0.775037 0.819042 0.775037 0.849828 0.747107 0.849828 0.747107 0.849828 0.747107 0.819016 0.775037 0.819042 0.775033 0.893134 0.747103 0.893129 0.747106 0.869101 0.747106 0.869101 0.775036 0.869106 0.775033 0.893134 0.937235 0.521163 0.928199 0.530536 0.919700 0.522178 0.919700 0.522178 0.924838 0.512226 0.937235 0.521163 0.647478 0.890457 0.642684 0.878728 0.652935 0.872980 0.652935 0.872980 0.661246 0.881987 0.647478 0.890457 0.921211 0.546782 0.935221 0.537440 0.936172 0.606329 0.936172 0.606329 0.921728 0.607183 0.921211 0.546782 0.935741 0.611753 0.935755 0.701839 0.921985 0.701908 0.921985 0.701908 0.921886 0.612115 0.935741 0.611753 0.659087 0.795734 0.658750 0.862809 0.644678 0.855815 0.644678 0.855815 0.644774 0.794956 0.659087 0.795734 0.635262 0.865129 0.642684 0.878728 0.591582 0.879438 0.591582 0.879438 0.591582 0.865164 0.635262 0.865129 0.659439 0.699789 0.658872 0.790031 0.644937 0.789706 0.644937 0.789706 0.645231 0.699023 0.659439 0.699789 0.775037 0.859531 0.747107 0.859529 0.747107 0.849828 0.747107 0.849828 0.775037 0.849828 0.775037 0.859531 0.641865 0.862481 0.644678 0.855815 0.658750 0.862809 0.658750 0.862809 0.652935 0.872980 0.641865 0.862481 0.775036 0.869106 0.747106 0.869101 0.747107 0.859529 0.747107 0.859529 0.775037 0.859531 0.775036 0.869106 0.916755 0.542331 0.921211 0.546782 0.921728 0.607183 0.911833 0.537413 0.916755 0.542331 0.921728 0.607183 0.911833 0.537413 0.921728 0.607183 0.868687 0.607479 0.868686 0.536953 0.911833 0.537413 0.868687 0.607479 0.921886 0.612115 0.921985 0.701908 0.868687 0.701755 0.868687 0.701755 0.868687 0.612425 0.921886 0.612115 0.644774 0.794956 0.644678 0.855815 0.641865 0.862481 0.641865 0.862481 0.635262 0.865129 0.591582 0.865164 0.644774 0.794956 0.641865 0.862481 0.591582 0.865164 0.591582 0.794463 0.644774 0.794956 0.591582 0.865164 0.645231 0.699023 0.644937 0.789706 0.591582 0.789179 0.591582 0.789179 0.591582 0.699042 0.645231 0.699023 0.868686 0.509035 0.924838 0.512226 0.919700 0.522178 0.919700 0.522178 0.868686 0.520623 0.868686 0.509035 0.775044 0.765511 0.747113 0.765535 0.747117 0.725282 0.747117 0.725282 0.775047 0.725282 0.775044 0.765511 0.775061 0.656368 0.775056 0.680819 0.747126 0.680813 0.747126 0.680813 0.747131 0.656360 0.775061 0.656368 0.920047 0.879503 0.930157 0.873655 0.938292 0.883131 0.938292 0.883131 0.924456 0.891529 0.920047 0.879503 0.649336 0.504138 0.664697 0.513540 0.656662 0.519652 0.656662 0.519652 0.644697 0.512979 0.649336 0.504138 0.921426 0.856830 0.921972 0.800066 0.937268 0.800655 0.937268 0.800655 0.935782 0.864847 0.921426 0.856830 0.921969 0.706927 0.936420 0.707141 0.937268 0.800655 0.937268 0.800655 0.921972 0.800066 0.921969 0.706927 0.640217 0.530191 0.591582 0.528752 0.591582 0.519144 0.591582 0.519144 0.642671 0.521519 0.640217 0.530191 0.653918 0.601599 0.667318 0.599722 0.662749 0.691711 0.662749 0.691711 0.651904 0.690317 0.653918 0.601599 0.775054 0.690913 0.775051 0.701347 0.747120 0.701347 0.747120 0.701347 0.747123 0.690911 0.775054 0.690913 0.646968 0.532942 0.651586 0.525899 0.656095 0.534194 0.656095 0.534194 0.649484 0.539046 0.646968 0.532942 0.775056 0.680819 0.775054 0.690913 0.747123 0.690911 0.747123 0.690911 0.747126 0.680813 0.775056 0.680819 0.868687 0.799827 0.921972 0.800066 0.921426 0.856830 0.921426 0.856830 0.918710 0.862769 0.912075 0.866104 0.868687 0.799827 0.921426 0.856830 0.912075 0.866104 0.868685 0.866554 0.868687 0.799827 0.912075 0.866104 0.921972 0.800066 0.868687 0.799827 0.868687 0.706785 0.868687 0.706785 0.921969 0.706927 0.921972 0.800066 0.591582 0.598915 0.650853 0.598934 0.653918 0.601599 0.653918 0.601599 0.591582 0.603949 0.591582 0.598915 0.868685 0.893704 0.868684 0.880862 0.920047 0.879503 0.920047 0.879503 0.924456 0.891529 0.868685 0.893704 0.774650 0.538000 0.747663 0.538005 0.747692 0.504055 0.747692 0.504055 0.774626 0.504055 0.774650 0.538000 0.775025 0.962147 0.747095 0.962151 0.747096 0.934170 0.747096 0.934170 0.775026 0.934170 0.775025 0.962147 0.775033 0.893134 0.775029 0.916992 0.747099 0.916987 0.747099 0.916987 0.747103 0.893129 0.775033 0.893134 0.817673 0.522178 0.809724 0.529995 0.800139 0.521163 0.800139 0.521163 0.812535 0.512225 0.817673 0.522178 0.535685 0.890457 0.521917 0.881987 0.530228 0.872980 0.530228 0.872980 0.540479 0.878728 0.535685 0.890457 0.816162 0.546781 0.815646 0.607183 0.801201 0.606328 0.801201 0.606328 0.802153 0.537440 0.816162 0.546781 0.815389 0.701907 0.801618 0.701838 0.801633 0.611752 0.801633 0.611752 0.815487 0.612115 0.815389 0.701907 0.538486 0.855815 0.524413 0.862809 0.524076 0.795734 0.524076 0.795734 0.538389 0.794956 0.538486 0.855815 0.547901 0.865129 0.591582 0.865164 0.591582 0.879438 0.591582 0.879438 0.540479 0.878728 0.547901 0.865129 0.538226 0.789706 0.524292 0.790031 0.523724 0.699789 0.523724 0.699789 0.537932 0.699023 0.538226 0.789706 0.775028 0.925930 0.775026 0.934170 0.747096 0.934170 0.747096 0.934170 0.747097 0.925928 0.775028 0.925930 0.541298 0.862481 0.530228 0.872980 0.524413 0.862809 0.524413 0.862809 0.538486 0.855815 0.541298 0.862481 0.775029 0.916992 0.775028 0.925930 0.747097 0.925928 0.747097 0.925928 0.747099 0.916987 0.775029 0.916992 0.815646 0.607183 0.816162 0.546781 0.820857 0.542091 0.815646 0.607183 0.820857 0.542091 0.825540 0.537413 0.868687 0.607479 0.815646 0.607183 0.825540 0.537413 0.868686 0.536953 0.868687 0.607479 0.825540 0.537413 0.815487 0.612115 0.868687 0.612425 0.868687 0.701755 0.868687 0.701755 0.815389 0.701907 0.815487 0.612115 0.591582 0.865164 0.547901 0.865129 0.541298 0.862481 0.541298 0.862481 0.538486 0.855815 0.538389 0.794956 0.591582 0.865164 0.541298 0.862481 0.538389 0.794956 0.591582 0.794463 0.591582 0.865164 0.538389 0.794956 0.537932 0.699023 0.591582 0.699042 0.591582 0.789179 0.591582 0.789179 0.538226 0.789706 0.537932 0.699023 0.868686 0.509035 0.868686 0.520623 0.817673 0.522178 0.817673 0.522178 0.812535 0.512225 0.868686 0.509035 0.775063 0.543314 0.775064 0.582076 0.747134 0.582076 0.747134 0.582076 0.747132 0.543294 0.775063 0.543314 0.775061 0.656368 0.747131 0.656360 0.747135 0.631929 0.747135 0.631929 0.775065 0.631934 0.775061 0.656368 0.799084 0.883134 0.807333 0.873771 0.817318 0.879505 0.817318 0.879505 0.812916 0.891531 0.799084 0.883134 0.533827 0.504138 0.537446 0.513387 0.525482 0.520060 0.525482 0.520060 0.518466 0.513540 0.533827 0.504138 0.815953 0.856830 0.801590 0.864838 0.800106 0.800653 0.800106 0.800653 0.815402 0.800065 0.815953 0.856830 0.800106 0.800653 0.800954 0.707139 0.815405 0.706926 0.815405 0.706926 0.815402 0.800065 0.800106 0.800653 0.542946 0.530191 0.540493 0.521519 0.591582 0.519144 0.591582 0.519144 0.591582 0.528752 0.542946 0.530191 0.520415 0.691711 0.515845 0.599722 0.529142 0.601690 0.529142 0.601690 0.531259 0.690317 0.520415 0.691711 0.775066 0.621923 0.747136 0.621921 0.747135 0.611745 0.747135 0.611745 0.775066 0.611745 0.775066 0.621923 0.536196 0.532942 0.533679 0.539046 0.527069 0.534194 0.527069 0.534194 0.531577 0.525899 0.536196 0.532942 0.775065 0.631934 0.747135 0.631929 0.747136 0.621921 0.747136 0.621921 0.775066 0.621923 0.775065 0.631934 0.825296 0.866110 0.819261 0.863355 0.815953 0.856830 0.825296 0.866110 0.815953 0.856830 0.815402 0.800065 0.825296 0.866110 0.815402 0.800065 0.868687 0.799827 0.868685 0.866554 0.825296 0.866110 0.868687 0.799827 0.815402 0.800065 0.815405 0.706926 0.868687 0.706785 0.868687 0.706785 0.868687 0.799827 0.815402 0.800065 0.529142 0.601690 0.532310 0.598934 0.591582 0.598915 0.591582 0.598915 0.591582 0.603949 0.529142 0.601690 0.868685 0.893704 0.812916 0.891531 0.817318 0.879505 0.817318 0.879505 0.868684 0.880862 0.868685 0.893704 0.642684 0.878728 0.635262 0.865129 0.641865 0.862481 0.641865 0.862481 0.652935 0.872980 0.642684 0.878728 0.670896 0.796011 0.669786 0.868471 0.658750 0.862809 0.658750 0.862809 0.659087 0.795734 0.670896 0.796011 0.642684 0.878728 0.647478 0.890457 0.591582 0.891975 0.591582 0.891975 0.591582 0.879438 0.642684 0.878728 0.669456 0.700021 0.668795 0.790304 0.658872 0.790031 0.658872 0.790031 0.659439 0.699789 0.669456 0.700021 0.669786 0.868471 0.661246 0.881987 0.652935 0.872980 0.652935 0.872980 0.658750 0.862809 0.669786 0.868471 0.656662 0.519652 0.651586 0.525899 0.642671 0.521519 0.642671 0.521519 0.644697 0.512979 0.656662 0.519652 0.665402 0.531644 0.674554 0.528550 0.677731 0.599192 0.677731 0.599192 0.667318 0.599722 0.665402 0.531644 0.591582 0.499798 0.649336 0.504138 0.644697 0.512979 0.644697 0.512979 0.591582 0.509897 0.591582 0.499798 0.677731 0.599192 0.672486 0.694734 0.662749 0.691711 0.662749 0.691711 0.667318 0.599722 0.677731 0.599192 0.656662 0.519652 0.664697 0.513540 0.674554 0.528550 0.674554 0.528550 0.665402 0.531644 0.656662 0.519652 0.541298 0.862481 0.547901 0.865129 0.540479 0.878728 0.540479 0.878728 0.530228 0.872980 0.541298 0.862481 0.524413 0.862809 0.513377 0.868471 0.512268 0.796011 0.512268 0.796011 0.524076 0.795734 0.524413 0.862809 0.591582 0.891975 0.535685 0.890457 0.540479 0.878728 0.540479 0.878728 0.591582 0.879438 0.591582 0.891975 0.514368 0.790304 0.513708 0.700021 0.523724 0.699789 0.523724 0.699789 0.524292 0.790031 0.514368 0.790304 0.530228 0.872980 0.521917 0.881987 0.513377 0.868471 0.513377 0.868471 0.524413 0.862809 0.530228 0.872980 0.540493 0.521519 0.531577 0.525899 0.525482 0.520060 0.525482 0.520060 0.537446 0.513387 0.540493 0.521519 0.537446 0.513387 0.533827 0.504138 0.591582 0.499798 0.591582 0.499798 0.591582 0.509897 0.537446 0.513387 0.510677 0.694734 0.505432 0.599192 0.515845 0.599722 0.515845 0.599722 0.520415 0.691711 0.510677 0.694734 0.508609 0.528550 0.518466 0.513540 0.525482 0.520060 0.525482 0.520060 0.517761 0.531644 0.508609 0.528550 0.921211 0.546782 0.916755 0.542331 0.928199 0.530536 0.928199 0.530536 0.935221 0.537440 0.921211 0.546782 0.935221 0.537440 0.946031 0.533403 0.947859 0.606207 0.947859 0.606207 0.936172 0.606329 0.935221 0.537440 0.945671 0.611853 0.945621 0.701502 0.935755 0.701839 0.935755 0.701839 0.935741 0.611753 0.945671 0.611853 0.911833 0.537413 0.868686 0.536953 0.868686 0.520623 0.868686 0.520623 0.919700 0.522178 0.911833 0.537413 0.912075 0.866104 0.918710 0.862769 0.930157 0.873655 0.930157 0.873655 0.920047 0.879503 0.912075 0.866104 0.948045 0.706718 0.949416 0.800992 0.937268 0.800655 0.937268 0.800655 0.936420 0.707141 0.948045 0.706718 0.868684 0.880862 0.868685 0.866554 0.912075 0.866104 0.912075 0.866104 0.920047 0.879503 0.868684 0.880862 0.825540 0.537413 0.820857 0.542091 0.809724 0.529995 0.809724 0.529995 0.817673 0.522178 0.825540 0.537413 0.789514 0.606207 0.791342 0.533403 0.802153 0.537440 0.802153 0.537440 0.801201 0.606328 0.789514 0.606207 0.791753 0.701501 0.791702 0.611852 0.801633 0.611752 0.801633 0.611752 0.801618 0.701838 0.791753 0.701501 0.868686 0.520623 0.868686 0.536953 0.825540 0.537413 0.825540 0.537413 0.817673 0.522178 0.868686 0.520623 0.815953 0.856830 0.819261 0.863355 0.807333 0.873771 0.807333 0.873771 0.801590 0.864838 0.815953 0.856830 0.801590 0.864838 0.790481 0.869622 0.787958 0.800990 0.787958 0.800990 0.800106 0.800653 0.801590 0.864838 0.787958 0.800990 0.789328 0.706716 0.800954 0.707139 0.800954 0.707139 0.800106 0.800653 0.787958 0.800990 0.825296 0.866110 0.868685 0.866554 0.868684 0.880862 0.868684 0.880862 0.817318 0.879505 0.825296 0.866110 0.935782 0.864847 0.946892 0.869622 0.938292 0.883131 0.938292 0.883131 0.930157 0.873655 0.935782 0.864847 0.799084 0.883134 0.790481 0.869622 0.801590 0.864838 0.801590 0.864838 0.807333 0.873771 0.799084 0.883134 0.921426 0.856830 0.935782 0.864847 0.930157 0.873655 0.930157 0.873655 0.918710 0.862769 0.921426 0.856830 0.825296 0.866110 0.817318 0.879505 0.807333 0.873771 0.807333 0.873771 0.819261 0.863355 0.825296 0.866110 0.868687 0.607479 0.921728 0.607183 0.921886 0.612115 0.921886 0.612115 0.868687 0.612425 0.868687 0.607479 0.921728 0.607183 0.936172 0.606329 0.935741 0.611753 0.935741 0.611753 0.921886 0.612115 0.921728 0.607183 0.936172 0.606329 0.947859 0.606207 0.945671 0.611853 0.945671 0.611853 0.935741 0.611753 0.936172 0.606329 0.775037 0.819042 0.747107 0.819016 0.747670 0.811634 0.747670 0.811634 0.774604 0.811632 0.775037 0.819042 0.670896 0.796011 0.659087 0.795734 0.658872 0.790031 0.658872 0.790031 0.668795 0.790304 0.670896 0.796011 0.659087 0.795734 0.644774 0.794956 0.644937 0.789706 0.644937 0.789706 0.658872 0.790031 0.659087 0.795734 0.644774 0.794956 0.591582 0.794463 0.591582 0.789179 0.591582 0.789179 0.644937 0.789706 0.644774 0.794956 0.591582 0.794463 0.538389 0.794956 0.538226 0.789706 0.538226 0.789706 0.591582 0.789179 0.591582 0.794463 0.538389 0.794956 0.524076 0.795734 0.524292 0.790031 0.524292 0.790031 0.538226 0.789706 0.538389 0.794956 0.524076 0.795734 0.512268 0.796011 0.514368 0.790304 0.514368 0.790304 0.524292 0.790031 0.524076 0.795734 0.747095 0.962151 0.775025 0.962147 0.774589 0.964899 0.774589 0.964899 0.747655 0.964851 0.747095 0.962151 0.789514 0.606207 0.801201 0.606328 0.801633 0.611752 0.801633 0.611752 0.791702 0.611852 0.789514 0.606207 0.801201 0.606328 0.815646 0.607183 0.815487 0.612115 0.815487 0.612115 0.801633 0.611752 0.801201 0.606328 0.815646 0.607183 0.868687 0.607479 0.868687 0.612425 0.868687 0.612425 0.815487 0.612115 0.815646 0.607183 0.747113 0.765535 0.775044 0.765511 0.774629 0.773646 0.774629 0.773646 0.747642 0.773645 0.747113 0.765535 0.948045 0.706718 0.936420 0.707141 0.935755 0.701839 0.935755 0.701839 0.945621 0.701502 0.948045 0.706718 0.936420 0.707141 0.921969 0.706927 0.921985 0.701908 0.921985 0.701908 0.935755 0.701839 0.936420 0.707141 0.921969 0.706927 0.868687 0.706785 0.868687 0.701755 0.868687 0.701755 0.921985 0.701908 0.921969 0.706927 0.868687 0.706785 0.815405 0.706926 0.815389 0.701907 0.815389 0.701907 0.868687 0.701755 0.868687 0.706785 0.815405 0.706926 0.800954 0.707139 0.801618 0.701838 0.801618 0.701838 0.815389 0.701907 0.815405 0.706926 0.800954 0.707139 0.789328 0.706716 0.791753 0.701501 0.791753 0.701501 0.801618 0.701838 0.800954 0.707139 0.775063 0.543314 0.747132 0.543294 0.747663 0.538005 0.747663 0.538005 0.774650 0.538000 0.775063 0.543314 0.510677 0.694734 0.520415 0.691711 0.523724 0.699789 0.523724 0.699789 0.513708 0.700021 0.510677 0.694734 0.520415 0.691711 0.531259 0.690317 0.537932 0.699023 0.537932 0.699023 0.523724 0.699789 0.520415 0.691711 0.531259 0.690317 0.591582 0.691680 0.591582 0.699042 0.591582 0.699042 0.537932 0.699023 0.531259 0.690317 0.591582 0.691680 0.651904 0.690317 0.645231 0.699023 0.645231 0.699023 0.591582 0.699042 0.591582 0.691680 0.651904 0.690317 0.662749 0.691711 0.659439 0.699789 0.659439 0.699789 0.645231 0.699023 0.651904 0.690317 0.662749 0.691711 0.672486 0.694734 0.669456 0.700021 0.669456 0.700021 0.659439 0.699789 0.662749 0.691711 0.649484 0.539046 0.656095 0.534194 0.653918 0.601599 0.653918 0.601599 0.650853 0.598934 0.649484 0.539046 0.651904 0.690317 0.591582 0.691680 0.591582 0.603949 0.591582 0.603949 0.653918 0.601599 0.651904 0.690317 0.531259 0.690317 0.529142 0.601690 0.591582 0.603949 0.591582 0.603949 0.591582 0.691680 0.531259 0.690317 0.747120 0.701347 0.775051 0.701347 0.775047 0.725282 0.775047 0.725282 0.747117 0.725282 0.747120 0.701347 0.591582 0.528752 0.640217 0.530191 0.646968 0.532942 0.591582 0.528752 0.646968 0.532942 0.649484 0.539046 0.591582 0.528752 0.649484 0.539046 0.650853 0.598934 0.591582 0.598915 0.591582 0.528752 0.650853 0.598934 0.775066 0.611745 0.747135 0.611745 0.747134 0.582076 0.747134 0.582076 0.775064 0.582076 0.775066 0.611745 0.533679 0.539046 0.536196 0.532942 0.542946 0.530191 0.533679 0.539046 0.542946 0.530191 0.591582 0.528752 0.533679 0.539046 0.591582 0.528752 0.591582 0.598915 0.532310 0.598934 0.533679 0.539046 0.591582 0.598915 0.505432 0.599192 0.508609 0.528550 0.517761 0.531644 0.517761 0.531644 0.515845 0.599722 0.505432 0.599192 0.949416 0.800992 0.946892 0.869622 0.935782 0.864847 0.935782 0.864847 0.937268 0.800655 0.949416 0.800992 0.515845 0.599722 0.517761 0.531644 0.527069 0.534194 0.527069 0.534194 0.529142 0.601690 0.515845 0.599722 0.937235 0.521163 0.946031 0.533403 0.935221 0.537440 0.935221 0.537440 0.928199 0.530536 0.937235 0.521163 0.802153 0.537440 0.791342 0.533403 0.800139 0.521163 0.800139 0.521163 0.809724 0.529995 0.802153 0.537440 0.911833 0.537413 0.919700 0.522178 0.928199 0.530536 0.928199 0.530536 0.916755 0.542331 0.911833 0.537413 0.816162 0.546781 0.802153 0.537440 0.809724 0.529995 0.809724 0.529995 0.820857 0.542091 0.816162 0.546781 0.591582 0.509897 0.644697 0.512979 0.642671 0.521519 0.642671 0.521519 0.591582 0.519144 0.591582 0.509897 0.651586 0.525899 0.656662 0.519652 0.665402 0.531644 0.665402 0.531644 0.656095 0.534194 0.651586 0.525899 0.540493 0.521519 0.537446 0.513387 0.591582 0.509897 0.591582 0.509897 0.591582 0.519144 0.540493 0.521519 0.517761 0.531644 0.525482 0.520060 0.531577 0.525899 0.531577 0.525899 0.527069 0.534194 0.517761 0.531644 0.651586 0.525899 0.646968 0.532942 0.640217 0.530191 0.640217 0.530191 0.642671 0.521519 0.651586 0.525899 0.542946 0.530191 0.536196 0.532942 0.531577 0.525899 0.531577 0.525899 0.540493 0.521519 0.542946 0.530191 0.665402 0.531644 0.667318 0.599722 0.653918 0.601599 0.653918 0.601599 0.656095 0.534194 0.665402 0.531644 0.533679 0.539046 0.532310 0.598934 0.529142 0.601690 0.529142 0.601690 0.527069 0.534194 0.533679 0.539046 0.693867 0.503105 0.702306 0.503081 0.701477 0.540895 0.701477 0.540895 0.694747 0.540814 0.693867 0.503105 0.702306 0.503081 0.710717 0.504274 0.708190 0.541745 0.708190 0.541745 0.701477 0.540895 0.702306 0.503081 0.710717 0.504274 0.718960 0.505786 0.714893 0.543536 0.714893 0.543536 0.708190 0.541745 0.710717 0.504274 0.718960 0.505786 0.727274 0.510281 0.721713 0.547167 0.721713 0.547167 0.714893 0.543536 0.718960 0.505786 0.676646 0.506764 0.685140 0.503438 0.687984 0.541667 0.687984 0.541667 0.681019 0.544342 0.676646 0.506764 0.685140 0.503438 0.693867 0.503105 0.694747 0.540814 0.694747 0.540814 0.687984 0.541667 0.685140 0.503438 0.694747 0.540814 0.701477 0.540895 0.701316 0.547984 0.701316 0.547984 0.694977 0.547812 0.694747 0.540814 0.701477 0.540895 0.708190 0.541745 0.707642 0.548692 0.707642 0.548692 0.701316 0.547984 0.701477 0.540895 0.708190 0.541745 0.714893 0.543536 0.713781 0.549919 0.713781 0.549919 0.707642 0.548692 0.708190 0.541745 0.714893 0.543536 0.721713 0.547167 0.719395 0.551808 0.719395 0.551808 0.713781 0.549919 0.714893 0.543536 0.681019 0.544342 0.687984 0.541667 0.688799 0.548181 0.688799 0.548181 0.683115 0.549294 0.681019 0.544342 0.687984 0.541667 0.694747 0.540814 0.694977 0.547812 0.694977 0.547812 0.688799 0.548181 0.687984 0.541667 0.694977 0.547812 0.701316 0.547984 0.694149 0.861099 0.694149 0.861099 0.690708 0.861029 0.694977 0.547812 0.701316 0.547984 0.707642 0.548692 0.697579 0.861531 0.697579 0.861531 0.694149 0.861099 0.701316 0.547984 0.707642 0.548692 0.713781 0.549919 0.700865 0.862229 0.700865 0.862229 0.697579 0.861531 0.707642 0.548692 0.713781 0.549919 0.719395 0.551808 0.703768 0.862462 0.703768 0.862462 0.700865 0.862229 0.713781 0.549919 0.683115 0.549294 0.688799 0.548181 0.687397 0.861248 0.687397 0.861248 0.684493 0.861068 0.683115 0.549294 0.688799 0.548181 0.694977 0.547812 0.690708 0.861029 0.690708 0.861029 0.687397 0.861248 0.688799 0.548181 0.690708 0.861029 0.694149 0.861099 0.694067 0.864697 0.694067 0.864697 0.690594 0.864572 0.690708 0.861029 0.694149 0.861099 0.697579 0.861531 0.697526 0.865089 0.697526 0.865089 0.694067 0.864697 0.694149 0.861099 0.697579 0.861531 0.700865 0.862229 0.701085 0.865717 0.701085 0.865717 0.697526 0.865089 0.697579 0.861531 0.700865 0.862229 0.703768 0.862462 0.704999 0.865776 0.704999 0.865776 0.701085 0.865717 0.700865 0.862229 0.684493 0.861068 0.687397 0.861248 0.687004 0.864675 0.687004 0.864675 0.683096 0.864159 0.684493 0.861068 0.687397 0.861248 0.690708 0.861029 0.690594 0.864572 0.690594 0.864572 0.687004 0.864675 0.687397 0.861248 0.694067 0.864697 0.693475 0.887129 0.690011 0.886902 0.690011 0.886902 0.690594 0.864572 0.694067 0.864697 0.697526 0.865089 0.696946 0.887423 0.693475 0.887129 0.693475 0.887129 0.694067 0.864697 0.697526 0.865089 0.701085 0.865717 0.700536 0.887791 0.696946 0.887423 0.696946 0.887423 0.697526 0.865089 0.701085 0.865717 0.704999 0.865776 0.704366 0.889030 0.700536 0.887791 0.700536 0.887791 0.701085 0.865717 0.704999 0.865776 0.687004 0.864675 0.686432 0.886740 0.682562 0.887406 0.682562 0.887406 0.683096 0.864159 0.687004 0.864675 0.690594 0.864572 0.690011 0.886902 0.686432 0.886740 0.686432 0.886740 0.687004 0.864675 0.690594 0.864572 0.710470 0.886744 0.710470 0.881021 0.715427 0.878159 0.715427 0.878159 0.720384 0.881021 0.720384 0.886744 0.710470 0.886744 0.715427 0.878159 0.720384 0.886744 0.715427 0.889606 0.710470 0.886744 0.720384 0.886744 0.693372 0.891450 0.689991 0.891198 0.690011 0.886902 0.690011 0.886902 0.693475 0.887129 0.693372 0.891450 0.696758 0.891704 0.693372 0.891450 0.693475 0.887129 0.693475 0.887129 0.696946 0.887423 0.696758 0.891704 0.699964 0.892005 0.696758 0.891704 0.696946 0.887423 0.696946 0.887423 0.700536 0.887791 0.699964 0.892005 0.702472 0.893156 0.699964 0.892005 0.700536 0.887791 0.700536 0.887791 0.704366 0.889030 0.702472 0.893156 0.686791 0.891024 0.684239 0.891796 0.682562 0.887406 0.682562 0.887406 0.686432 0.886740 0.686791 0.891024 0.689991 0.891198 0.686791 0.891024 0.686432 0.886740 0.686432 0.886740 0.690011 0.886902 0.689991 0.891198 0.882578 0.916484 0.875041 0.914409 0.874394 0.909402 0.874394 0.909402 0.884341 0.906775 0.882578 0.916484 0.877005 0.923871 0.872354 0.918686 0.875041 0.914409 0.875041 0.914409 0.882578 0.916484 0.877005 0.923871 0.868883 0.927460 0.867078 0.920635 0.872354 0.918686 0.872354 0.918686 0.877005 0.923871 0.868883 0.927460 0.860189 0.927749 0.860175 0.919382 0.867078 0.920635 0.867078 0.920635 0.868883 0.927460 0.860189 0.927749 0.851493 0.927482 0.853276 0.920654 0.860175 0.919382 0.860175 0.919382 0.860189 0.927749 0.851493 0.927482 0.843358 0.923919 0.847994 0.918721 0.853276 0.920654 0.853276 0.920654 0.851493 0.927482 0.843358 0.923919 0.837762 0.916550 0.845294 0.914453 0.847994 0.918721 0.847994 0.918721 0.843358 0.923919 0.837762 0.916550 0.835969 0.906847 0.845925 0.909444 0.845294 0.914453 0.845294 0.914453 0.837762 0.916550 0.835969 0.906847 0.890038 0.921310 0.882578 0.916484 0.884341 0.906775 0.884341 0.906775 0.896523 0.909214 0.890038 0.921310 0.881812 0.930596 0.877005 0.923871 0.882578 0.916484 0.882578 0.916484 0.890038 0.921310 0.881812 0.930596 0.871369 0.935708 0.868883 0.927460 0.877005 0.923871 0.877005 0.923871 0.881812 0.930596 0.871369 0.935708 0.860200 0.936932 0.860189 0.927749 0.868883 0.927460 0.868883 0.927460 0.871369 0.935708 0.860200 0.936932 0.849029 0.935737 0.851493 0.927482 0.860189 0.927749 0.860189 0.927749 0.860200 0.936932 0.849029 0.935737 0.838571 0.930659 0.843358 0.923919 0.851493 0.927482 0.851493 0.927482 0.849029 0.935737 0.838571 0.930659 0.830316 0.921400 0.837762 0.916550 0.843358 0.923919 0.843358 0.923919 0.838571 0.930659 0.830316 0.921400 0.823794 0.909325 0.835969 0.906847 0.837762 0.916550 0.837762 0.916550 0.830316 0.921400 0.823794 0.909325 0.860175 0.919382 0.853276 0.920654 0.845294 0.914453 0.845294 0.914453 0.845925 0.909444 0.860175 0.919382 0.875041 0.914409 0.867078 0.920635 0.860175 0.919382 0.860175 0.919382 0.874394 0.909402 0.875041 0.914409 0.853276 0.920654 0.847994 0.918721 0.845294 0.914453 0.875041 0.914409 0.872354 0.918686 0.867078 0.920635 0.890038 0.921310 0.896523 0.909214 0.906250 0.918461 0.906250 0.918461 0.896768 0.929378 0.890038 0.921310 0.881812 0.930596 0.890038 0.921310 0.896768 0.929378 0.896768 0.929378 0.886556 0.939097 0.881812 0.930596 0.871369 0.935708 0.881812 0.930596 0.886556 0.939097 0.886556 0.939097 0.873932 0.945165 0.871369 0.935708 0.860200 0.936932 0.871369 0.935708 0.873932 0.945165 0.873932 0.945165 0.860216 0.947026 0.860200 0.936932 0.849029 0.935737 0.860200 0.936932 0.860216 0.947026 0.860216 0.947026 0.846495 0.945204 0.849029 0.935737 0.838571 0.930659 0.849029 0.935737 0.846495 0.945204 0.846495 0.945204 0.833853 0.939176 0.838571 0.930659 0.830316 0.921400 0.838571 0.930659 0.833853 0.939176 0.833853 0.939176 0.823611 0.929490 0.830316 0.921400 0.823794 0.909325 0.830316 0.921400 0.823611 0.929490 0.823611 0.929490 0.814095 0.918602 0.823794 0.909325 0.896768 0.929378 0.906250 0.918461 0.908015 0.924487 0.908015 0.924487 0.899142 0.933710 0.896768 0.929378 0.886556 0.939097 0.896768 0.929378 0.899142 0.933710 0.899142 0.933710 0.888002 0.942728 0.886556 0.939097 0.873932 0.945165 0.886556 0.939097 0.888002 0.942728 0.888002 0.942728 0.874702 0.948747 0.873932 0.945165 0.860216 0.947026 0.873932 0.945165 0.874702 0.948747 0.874702 0.948747 0.860222 0.950771 0.860216 0.947026 0.846495 0.945204 0.860216 0.947026 0.860222 0.950771 0.860222 0.950771 0.845737 0.948790 0.846495 0.945204 0.833853 0.939176 0.846495 0.945204 0.845737 0.948790 0.845737 0.948790 0.832419 0.942812 0.833853 0.939176 0.823611 0.929490 0.833853 0.939176 0.832419 0.942812 0.832419 0.942812 0.821250 0.933829 0.823611 0.929490 0.814095 0.918602 0.823611 0.929490 0.821250 0.933829 0.821250 0.933829 0.812348 0.924634 0.814095 0.918602 0.899142 0.933710 0.908015 0.924487 0.914536 0.927612 0.914536 0.927612 0.903616 0.939367 0.899142 0.933710 0.888002 0.942728 0.899142 0.933710 0.903616 0.939367 0.903616 0.939367 0.890999 0.948890 0.888002 0.942728 0.874702 0.948747 0.888002 0.942728 0.890999 0.948890 0.890999 0.948890 0.876264 0.955268 0.874702 0.948747 0.860222 0.950771 0.874702 0.948747 0.876264 0.955268 0.876264 0.955268 0.860233 0.957475 0.860222 0.950771 0.845737 0.948790 0.860222 0.950771 0.860233 0.957475 0.860233 0.957475 0.844195 0.955316 0.845737 0.948790 0.832419 0.942812 0.845737 0.948790 0.844195 0.955316 0.844195 0.955316 0.829441 0.948984 0.832419 0.942812 0.821250 0.933829 0.832419 0.942812 0.829441 0.948984 0.829441 0.948984 0.816795 0.939501 0.821250 0.933829 0.812348 0.924634 0.821250 0.933829 0.816795 0.939501 0.816795 0.939501 0.805837 0.927781 0.812348 0.924634 0.903616 0.939367 0.914536 0.927612 0.919745 0.932547 0.919745 0.932547 0.908172 0.944671 0.903616 0.939367 0.890999 0.948890 0.903616 0.939367 0.908172 0.944671 0.908172 0.944671 0.894293 0.955004 0.890999 0.948890 0.876264 0.955268 0.890999 0.948890 0.894293 0.955004 0.894293 0.955004 0.877999 0.961928 0.876264 0.955268 0.860233 0.957475 0.876264 0.955268 0.877999 0.961928 0.877999 0.961928 0.860243 0.964351 0.860233 0.957475 0.844195 0.955316 0.860233 0.957475 0.860243 0.964351 0.860243 0.964351 0.842481 0.961982 0.844195 0.955316 0.829441 0.948984 0.844195 0.955316 0.842481 0.961982 0.842481 0.961982 0.826166 0.955108 0.829441 0.948984 0.816795 0.939501 0.829441 0.948984 0.826166 0.955108 0.826166 0.955108 0.812255 0.944819 0.816795 0.939501 0.805837 0.927781 0.816795 0.939501 0.812255 0.944819 0.812255 0.944819 0.800644 0.932732 0.805837 0.927781 0.737374 0.858284 0.734171 0.869668 0.732185 0.867916 0.732185 0.867916 0.734766 0.858744 0.737374 0.858284 0.734171 0.869668 0.723273 0.874262 0.723405 0.871617 0.723405 0.871617 0.732185 0.867916 0.734171 0.869668 0.723273 0.874262 0.712887 0.868606 0.715037 0.867060 0.715037 0.867060 0.723405 0.871617 0.723273 0.874262 0.712887 0.868606 0.710834 0.856959 0.713383 0.857677 0.713383 0.857677 0.715037 0.867060 0.712887 0.868606 0.710834 0.856959 0.718659 0.848093 0.719688 0.850533 0.719688 0.850533 0.713383 0.857677 0.710834 0.856959 0.718659 0.848093 0.730470 0.848682 0.729204 0.851008 0.729204 0.851008 0.719688 0.850533 0.718659 0.848093 0.730470 0.848682 0.737374 0.858284 0.734766 0.858744 0.734766 0.858744 0.729204 0.851008 0.730470 0.848682 0.732185 0.867916 0.723405 0.871617 0.715037 0.867060 0.715037 0.867060 0.713383 0.857677 0.719688 0.850533 0.715037 0.867060 0.719688 0.850533 0.729204 0.851008 0.732185 0.867916 0.715037 0.867060 0.729204 0.851008 0.734766 0.858744 0.732185 0.867916 0.729204 0.851008</float_array><technique_common><accessor source="#rfs_radio_handheld_held_tp_v1-UV0-array" count="1563" stride="2"><param name="S" type="float"/><param name="T" type="float"/></accessor></technique_common></source>
      <vertices id="rfs_radio_handheld_held_tp_v1-VERTEX"><input semantic="POSITION" source="#rfs_radio_handheld_held_tp_v1-POSITION"/></vertices>
      <triangles count="521" material="military_comm_set"><input semantic="VERTEX" offset="0" source="#rfs_radio_handheld_held_tp_v1-VERTEX"/><input semantic="NORMAL" offset="1" source="#rfs_radio_handheld_held_tp_v1-Normal0"/><input semantic="TEXCOORD" offset="2" set="0" source="#rfs_radio_handheld_held_tp_v1-UV0"/><p>131 0 0 119 1 1 120 2 2 120 3 3 130 4 4 131 5 5 5 6 6 4 7 7 7 8 8 7 9 9 3 10 10 5 11 11 37 12 12 38 13 13 2 14 14 2 15 15 0 16 16 37 17 17 12 18 18 155 19 19 98 20 20 98 21 21 0 22 22 12 23 23 2 24 24 78 25 25 81 26 26 81 27 27 13 28 28 2 29 29 9 30 30 97 31 31 99 32 32 99 33 33 1 34 34 9 35 35 118 36 36 132 37 37 133 38 38 133 39 39 117 40 40 118 41 41 80 42 42 79 43 43 11 44 44 11 45 45 8 46 46 80 47 47 6 48 48 78 49 49 90 50 50 90 51 51 49 52 52 6 53 53 143 54 54 121 55 55 122 56 56 122 57 57 142 58 58 143 59 59 12 60 60 13 61 61 7 62 62 7 63 63 4 64 64 12 65 65 14 66 66 11 67 67 79 68 68 79 69 69 81 70 70 14 71 71 0 72 72 2 73 73 13 74 74 13 75 75 12 76 76 0 77 77 154 78 78 9 79 79 1 80 80 10 81 81 154 82 82 1 83 83 10 84 84 1 85 85 51 86 86 50 87 87 10 88 88 51 89 89 117 90 90 133 91 91 134 92 92 134 93 93 116 94 94 117 95 95 8 96 96 11 97 97 14 98 98 14 99 99 6 100 100 49 101 101 8 102 102 14 103 103 49 104 104 53 105 105 8 106 106 49 107 107 142 108 108 122 109 109 123 110 110 123 111 111 141 112 112 142 113 113 37 114 114 0 115 115 98 116 116 98 117 117 107 118 118 37 119 119 15 120 120 17 121 121 144 122 122 144 123 123 16 124 124 15 125 125 63 126 126 20 127 127 21 128 128 21 129 129 62 130 130 63 131 131 101 132 132 112 133 133 22 134 134 22 135 135 20 136 136 101 137 137 21 138 138 27 139 139 83 140 140 83 141 141 82 142 142 21 143 143 23 144 144 28 145 145 102 146 146 102 147 147 100 148 148 23 149 149 29 150 150 103 151 151 102 152 152 102 153 153 28 154 154 29 155 155 25 156 156 73 157 157 162 158 158 162 159 159 156 160 160 25 161 161 163 162 162 148 163 163 85 164 164 85 165 165 31 166 166 163 167 167 22 168 168 18 169 169 19 170 170 19 171 171 27 172 172 22 173 173 26 174 174 159 175 175 160 176 176 160 177 177 30 178 178 26 179 179 20 180 180 22 181 181 27 182 182 27 183 183 21 184 184 20 185 185 76 186 186 28 187 187 23 188 188 23 189 189 113 190 190 24 191 191 76 192 192 23 193 193 24 194 194 75 195 195 76 196 196 24 197 197 28 198 198 76 199 199 52 200 200 52 201 201 29 202 202 28 203 203 147 204 204 150 205 205 163 206 206 163 207 207 77 208 208 147 209 209 63 210 210 111 211 211 101 212 212 101 213 213 20 214 214 63 215 215 137 216 216 138 217 217 126 218 218 126 219 219 127 220 220 137 221 221 32 222 222 33 223 223 35 224 224 35 225 225 34 226 226 32 227 227 37 228 228 36 229 229 39 230 230 39 231 231 38 232 232 37 233 233 105 234 234 152 235 235 40 236 236 40 237 237 36 238 238 105 239 239 39 240 240 45 241 241 87 242 242 87 243 243 86 244 244 39 245 245 41 246 246 46 247 247 106 248 248 106 249 249 104 250 250 41 251 251 135 252 252 136 253 253 128 254 254 128 255 255 129 256 256 135 257 257 48 258 258 89 259 259 88 260 260 88 261 261 47 262 262 48 263 263 43 264 264 49 265 265 90 266 266 90 267 267 86 268 268 43 269 269 124 270 270 125 271 271 139 272 272 139 273 273 140 274 274 124 275 275 40 276 276 34 277 277 35 278 278 35 279 279 45 280 280 40 281 281 44 282 282 87 283 283 89 284 284 89 285 285 48 286 286 44 287 287 36 288 288 40 289 289 45 290 290 45 291 291 39 292 292 36 293 293 46 294 294 41 295 295 153 296 296 46 297 297 153 298 298 42 299 299 51 300 300 46 301 301 42 302 302 50 303 303 51 304 304 42 305 305 129 306 306 116 307 307 134 308 308 134 309 309 135 310 310 129 311 311 49 312 312 43 313 313 44 314 314 44 315 315 48 316 316 47 317 317 49 318 318 44 319 319 47 320 320 53 321 321 49 322 322 47 323 323 140 324 324 141 325 325 123 326 326 123 327 327 124 328 328 140 329 329 37 330 330 107 331 331 105 332 332 105 333 333 36 334 334 37 335 335 55 336 336 145 337 337 57 338 338 57 339 339 56 340 340 55 341 341 63 342 342 62 343 343 61 344 344 61 345 345 60 346 346 63 347 347 66 348 348 115 349 349 108 350 350 108 351 351 60 352 352 66 353 353 61 354 354 92 355 355 91 356 356 91 357 357 67 358 358 61 359 359 65 360 360 109 361 361 149 362 362 149 363 363 146 364 364 65 365 365 149 366 366 110 367 367 70 368 368 70 369 369 146 370 370 149 371 371 69 372 372 161 373 373 162 374 374 162 375 375 73 376 376 69 377 377 96 378 378 94 379 379 71 380 380 71 381 381 74 382 382 96 383 383 66 384 384 67 385 385 58 386 386 58 387 387 59 388 388 66 389 389 68 390 390 72 391 391 158 392 392 158 393 393 157 394 394 68 395 395 60 396 396 61 397 397 67 398 398 67 399 399 66 400 400 60 401 401 64 402 402 114 403 403 65 404 404 64 405 405 65 406 406 146 407 407 64 408 408 146 409 409 76 410 410 75 411 411 64 412 412 76 413 413 146 414 414 70 415 415 52 416 416 52 417 417 76 418 418 146 419 419 71 420 420 151 421 421 147 422 422 147 423 423 77 424 424 71 425 425 63 426 426 60 427 427 108 428 428 108 429 429 111 430 430 63 431 431 78 432 432 6 433 433 14 434 434 14 435 435 81 436 436 78 437 437 3 438 438 7 439 439 79 440 440 79 441 441 80 442 442 3 443 443 78 444 444 2 445 445 38 446 446 38 447 447 90 448 448 78 449 449 130 450 450 120 451 451 121 452 452 121 453 453 143 454 454 130 455 455 7 456 456 13 457 457 81 458 458 81 459 459 79 460 460 7 461 461 83 462 462 159 463 463 156 464 464 156 465 465 82 466 466 83 467 467 84 468 468 19 469 469 144 470 470 144 471 471 148 472 472 84 473 473 62 474 474 21 475 475 82 476 476 82 477 477 95 478 478 62 479 479 144 480 480 17 481 481 85 482 482 85 483 483 148 484 484 144 485 485 83 486 486 27 487 487 19 488 488 19 489 489 84 490 490 83 491 491 44 492 492 43 493 493 86 494 494 86 495 495 87 496 496 44 497 497 89 498 498 35 499 499 33 500 500 33 501 501 88 502 502 89 503 503 38 504 504 39 505 505 86 506 506 86 507 507 90 508 508 38 509 509 126 510 510 138 511 511 139 512 512 139 513 513 125 514 514 126 515 515 87 516 516 45 517 517 35 518 518 35 519 519 89 520 520 87 521 521 161 522 522 157 523 523 91 524 524 91 525 525 92 526 526 161 527 527 92 528 528 61 529 529 62 530 530 62 531 531 95 532 532 92 533 533 56 534 534 57 535 535 94 536 536 94 537 537 96 538 538 56 539 539 58 540 540 67 541 541 91 542 542 91 543 543 93 544 544 58 545 545 9 546 546 154 547 547 155 548 548 155 549 549 97 550 550 9 551 551 97 552 552 4 553 553 5 554 554 5 555 555 99 556 556 97 557 557 119 558 558 131 559 559 132 560 560 132 561 561 118 562 562 119 563 563 10 564 564 50 565 565 107 566 566 107 567 567 98 568 568 10 569 569 24 570 570 113 571 571 112 572 572 112 573 573 101 574 574 24 575 575 15 576 576 16 577 577 102 578 578 102 579 579 103 580 580 15 581 581 111 582 582 75 583 583 24 584 584 24 585 585 101 586 586 111 587 587 42 588 588 153 589 589 152 590 590 152 591 591 105 592 592 42 593 593 32 594 594 34 595 595 104 596 596 104 597 597 106 598 598 32 599 599 137 600 600 127 601 601 128 602 602 128 603 603 136 604 604 137 605 605 107 606 606 50 607 607 42 608 608 42 609 609 105 610 610 107 611 611 65 612 612 114 613 613 115 614 614 115 615 615 109 616 616 65 617 617 109 618 618 59 619 619 145 620 620 145 621 621 149 622 622 109 623 623 145 624 624 55 625 625 110 626 626 110 627 627 149 628 628 145 629 629 64 630 630 75 631 631 111 632 632 111 633 633 108 634 634 64 635 635 100 636 636 18 637 637 22 638 638 22 639 639 112 640 640 100 641 641 66 642 642 59 643 643 109 644 644 109 645 645 115 646 646 66 647 647 23 648 648 100 649 649 112 650 650 112 651 651 113 652 652 23 653 653 64 654 654 108 655 655 115 656 656 115 657 657 114 658 658 64 659 659 51 660 660 1 661 661 117 662 662 117 663 663 116 664 664 51 665 665 1 666 666 99 667 667 118 668 668 118 669 669 117 670 670 1 671 671 99 672 672 5 673 673 119 674 674 119 675 675 118 676 676 99 677 677 5 678 678 3 679 679 120 680 680 120 681 681 119 682 682 5 683 683 3 684 684 80 685 685 121 686 686 121 687 687 120 688 688 3 689 689 80 690 690 8 691 691 122 692 692 122 693 693 121 694 694 80 695 695 8 696 696 53 697 697 123 698 698 123 699 699 122 700 700 8 701 701 53 702 702 47 703 703 124 704 704 124 705 705 123 706 706 53 707 707 47 708 708 88 709 709 125 710 710 125 711 711 124 712 712 47 713 713 88 714 714 33 715 715 126 716 716 126 717 717 125 718 718 88 719 719 33 720 720 32 721 721 127 722 722 127 723 723 126 724 724 33 725 725 32 726 726 106 727 727 128 728 728 128 729 729 127 730 730 32 731 731 106 732 732 46 733 733 129 734 734 129 735 735 128 736 736 106 737 737 46 738 738 51 739 739 116 740 740 116 741 741 129 742 742 46 743 743 17 744 744 15 745 745 131 746 746 131 747 747 130 748 748 17 749 749 15 750 750 103 751 751 132 752 752 132 753 753 131 754 754 15 755 755 103 756 756 29 757 757 133 758 758 133 759 759 132 760 760 103 761 761 29 762 762 52 763 763 134 764 764 134 765 765 133 766 766 29 767 767 52 768 768 70 769 769 135 770 770 135 771 771 134 772 772 52 773 773 70 774 774 110 775 775 136 776 776 136 777 777 135 778 778 70 779 779 110 780 780 55 781 781 137 782 782 137 783 783 136 784 784 110 785 785 55 786 786 56 787 787 138 788 788 138 789 789 137 790 790 55 791 791 56 792 792 96 793 793 139 794 794 139 795 795 138 796 796 56 797 797 96 798 798 74 799 799 140 800 800 140 801 801 139 802 802 96 803 803 74 804 804 54 805 805 141 806 806 141 807 807 140 808 808 74 809 809 54 810 810 31 811 811 142 812 812 142 813 813 141 814 814 54 815 815 31 816 816 85 817 817 143 818 818 143 819 819 142 820 820 31 821 821 85 822 822 17 823 823 130 824 824 130 825 825 143 826 826 85 827 827 30 828 828 160 829 829 163 830 830 163 831 831 150 832 832 30 833 833 31 834 834 54 835 835 77 836 836 77 837 837 163 838 838 31 839 839 74 840 840 71 841 841 77 842 842 77 843 843 54 844 844 74 845 845 19 846 846 18 847 847 16 848 848 16 849 849 144 850 850 19 851 851 73 852 852 25 853 853 26 854 854 73 855 855 26 856 856 30 857 857 73 858 858 30 859 859 150 860 860 147 861 861 73 862 862 150 863 863 59 864 864 58 865 865 57 866 866 57 867 867 145 868 868 59 869 869 72 870 870 68 871 871 69 872 872 72 873 873 69 874 874 73 875 875 72 876 876 73 877 877 147 878 878 151 879 879 72 880 880 147 881 881 57 882 882 58 883 883 93 884 884 93 885 885 94 886 886 57 887 887 16 888 888 18 889 889 100 890 890 100 891 891 102 892 892 16 893 893 94 894 894 93 895 895 158 896 896 158 897 897 71 898 898 94 899 899 12 900 900 4 901 901 97 902 902 97 903 903 155 904 904 12 905 905 104 906 906 34 907 907 40 908 908 40 909 909 152 910 910 104 911 911 10 912 912 98 913 913 155 914 914 155 915 915 154 916 916 10 917 917 41 918 918 104 919 919 152 920 920 152 921 921 153 922 922 41 923 923 95 924 924 82 925 925 156 926 926 156 927 927 162 928 928 95 929 929 159 930 930 83 931 931 84 932 932 84 933 933 160 934 934 159 935 935 161 936 936 92 937 937 95 938 938 95 939 939 162 940 940 161 941 941 93 942 942 91 943 943 157 944 944 157 945 945 158 946 946 93 947 947 159 948 948 26 949 949 25 950 950 25 951 951 156 952 952 159 953 953 69 954 954 68 955 955 157 956 956 157 957 957 161 958 958 69 959 959 84 960 960 148 961 961 163 962 962 163 963 963 160 964 964 84 965 965 72 966 966 151 967 967 71 968 968 71 969 969 158 970 970 72 971 971 164 972 972 165 973 973 171 974 974 171 975 975 170 976 976 164 977 977 165 978 978 166 979 979 172 980 980 172 981 981 171 982 982 165 983 983 166 984 984 167 985 985 173 986 986 173 987 987 172 988 988 166 989 989 167 990 990 168 991 991 174 992 992 174 993 993 173 994 994 167 995 995 168 996 996 169 997 997 175 998 998 175 999 999 174 1000 1000 168 1001 1001 169 1002 1002 164 1003 1003 170 1004 1004 170 1005 1005 175 1006 1006 169 1007 1007 170 1008 1008 171 1009 1009 177 1010 1010 177 1011 1011 176 1012 1012 170 1013 1013 171 1014 1014 172 1015 1015 178 1016 1016 178 1017 1017 177 1018 1018 171 1019 1019 172 1020 1020 173 1021 1021 179 1022 1022 179 1023 1023 178 1024 1024 172 1025 1025 173 1026 1026 174 1027 1027 180 1028 1028 180 1029 1029 179 1030 1030 173 1031 1031 174 1032 1032 175 1033 1033 181 1034 1034 181 1035 1035 180 1036 1036 174 1037 1037 175 1038 1038 170 1039 1039 176 1040 1040 176 1041 1041 181 1042 1042 175 1043 1043 176 1044 1044 177 1045 1045 183 1046 1046 183 1047 1047 182 1048 1048 176 1049 1049 177 1050 1050 178 1051 1051 184 1052 1052 184 1053 1053 183 1054 1054 177 1055 1055 178 1056 1056 179 1057 1057 185 1058 1058 185 1059 1059 184 1060 1060 178 1061 1061 179 1062 1062 180 1063 1063 186 1064 1064 186 1065 1065 185 1066 1066 179 1067 1067 180 1068 1068 181 1069 1069 187 1070 1070 187 1071 1071 186 1072 1072 180 1073 1073 181 1074 1074 176 1075 1075 182 1076 1076 182 1077 1077 187 1078 1078 181 1079 1079 182 1080 1080 183 1081 1081 189 1082 1082 189 1083 1083 188 1084 1084 182 1085 1085 183 1086 1086 184 1087 1087 190 1088 1088 190 1089 1089 189 1090 1090 183 1091 1091 184 1092 1092 185 1093 1093 191 1094 1094 191 1095 1095 190 1096 1096 184 1097 1097 185 1098 1098 186 1099 1099 192 1100 1100 192 1101 1101 191 1102 1102 185 1103 1103 186 1104 1104 187 1105 1105 193 1106 1106 193 1107 1107 192 1108 1108 186 1109 1109 187 1110 1110 182 1111 1111 188 1112 1112 188 1113 1113 193 1114 1114 187 1115 1115 189 1116 1116 200 1117 1117 201 1118 1118 201 1119 1119 188 1120 1120 189 1121 1121 190 1122 1122 202 1123 1123 200 1124 1124 200 1125 1125 189 1126 1126 190 1127 1127 191 1128 1128 203 1129 1129 202 1130 1130 202 1131 1131 190 1132 1132 191 1133 1133 192 1134 1134 204 1135 1135 203 1136 1136 203 1137 1137 191 1138 1138 192 1139 1139 193 1140 1140 205 1141 1141 204 1142 1142 204 1143 1143 192 1144 1144 193 1145 1145 188 1146 1146 201 1147 1147 205 1148 1148 205 1149 1149 193 1150 1150 188 1151 1151 195 1152 1152 196 1153 1153 197 1154 1154 197 1155 1155 198 1156 1156 199 1157 1157 195 1158 1158 197 1159 1159 199 1160 1160 194 1161 1161 195 1162 1162 199 1163 1163 195 1164 1164 194 1165 1165 201 1166 1166 201 1167 1167 200 1168 1168 195 1169 1169 196 1170 1170 195 1171 1171 200 1172 1172 200 1173 1173 202 1174 1174 196 1175 1175 197 1176 1176 196 1177 1177 202 1178 1178 202 1179 1179 203 1180 1180 197 1181 1181 198 1182 1182 197 1183 1183 203 1184 1184 203 1185 1185 204 1186 1186 198 1187 1187 199 1188 1188 198 1189 1189 204 1190 1190 204 1191 1191 205 1192 1192 199 1193 1193 194 1194 1194 199 1195 1195 205 1196 1196 205 1197 1197 201 1198 1198 194 1199 1199 208 1200 1200 223 1201 1201 206 1202 1202 206 1203 1203 207 1204 1204 208 1205 1205 209 1206 1206 224 1207 1207 223 1208 1208 223 1209 1209 208 1210 1210 209 1211 1211 210 1212 1212 225 1213 1213 224 1214 1214 224 1215 1215 209 1216 1216 210 1217 1217 211 1218 1218 226 1219 1219 225 1220 1220 225 1221 1221 210 1222 1222 211 1223 1223 212 1224 1224 227 1225 1225 226 1226 1226 226 1227 1227 211 1228 1228 212 1229 1229 213 1230 1230 228 1231 1231 227 1232 1232 227 1233 1233 212 1234 1234 213 1235 1235 214 1236 1236 229 1237 1237 228 1238 1238 228 1239 1239 213 1240 1240 214 1241 1241 207 1242 1242 206 1243 1243 229 1244 1244 229 1245 1245 214 1246 1246 207 1247 1247 216 1248 1248 208 1249 1249 207 1250 1250 207 1251 1251 215 1252 1252 216 1253 1253 217 1254 1254 209 1255 1255 208 1256 1256 208 1257 1257 216 1258 1258 217 1259 1259 218 1260 1260 210 1261 1261 209 1262 1262 209 1263 1263 217 1264 1264 218 1265 1265 219 1266 1266 211 1267 1267 210 1268 1268 210 1269 1269 218 1270 1270 219 1271 1271 220 1272 1272 212 1273 1273 211 1274 1274 211 1275 1275 219 1276 1276 220 1277 1277 221 1278 1278 213 1279 1279 212 1280 1280 212 1281 1281 220 1282 1282 221 1283 1283 222 1284 1284 214 1285 1285 213 1286 1286 213 1287 1287 221 1288 1288 222 1289 1289 215 1290 1290 207 1291 1291 214 1292 1292 214 1293 1293 222 1294 1294 215 1295 1295 226 1296 1296 227 1297 1297 229 1298 1298 229 1299 1299 206 1300 1300 226 1301 1301 223 1302 1302 225 1303 1303 226 1304 1304 226 1305 1305 206 1306 1306 223 1307 1307 227 1308 1308 228 1309 1309 229 1310 1310 223 1311 1311 224 1312 1312 225 1313 1313 216 1314 1314 215 1315 1315 230 1316 1316 230 1317 1317 231 1318 1318 216 1319 1319 217 1320 1320 216 1321 1321 231 1322 1322 231 1323 1323 232 1324 1324 217 1325 1325 218 1326 1326 217 1327 1327 232 1328 1328 232 1329 1329 233 1330 1330 218 1331 1331 219 1332 1332 218 1333 1333 233 1334 1334 233 1335 1335 234 1336 1336 219 1337 1337 220 1338 1338 219 1339 1339 234 1340 1340 234 1341 1341 235 1342 1342 220 1343 1343 221 1344 1344 220 1345 1345 235 1346 1346 235 1347 1347 236 1348 1348 221 1349 1349 222 1350 1350 221 1351 1351 236 1352 1352 236 1353 1353 237 1354 1354 222 1355 1355 215 1356 1356 222 1357 1357 237 1358 1358 237 1359 1359 230 1360 1360 215 1361 1361 231 1362 1362 230 1363 1363 238 1364 1364 238 1365 1365 239 1366 1366 231 1367 1367 232 1368 1368 231 1369 1369 239 1370 1370 239 1371 1371 240 1372 1372 232 1373 1373 233 1374 1374 232 1375 1375 240 1376 1376 240 1377 1377 241 1378 1378 233 1379 1379 234 1380 1380 233 1381 1381 241 1382 1382 241 1383 1383 242 1384 1384 234 1385 1385 235 1386 1386 234 1387 1387 242 1388 1388 242 1389 1389 243 1390 1390 235 1391 1391 236 1392 1392 235 1393 1393 243 1394 1394 243 1395 1395 244 1396 1396 236 1397 1397 237 1398 1398 236 1399 1399 244 1400 1400 244 1401 1401 245 1402 1402 237 1403 1403 230 1404 1404 237 1405 1405 245 1406 1406 245 1407 1407 238 1408 1408 230 1409 1409 239 1410 1410 238 1411 1411 246 1412 1412 246 1413 1413 247 1414 1414 239 1415 1415 240 1416 1416 239 1417 1417 247 1418 1418 247 1419 1419 248 1420 1420 240 1421 1421 241 1422 1422 240 1423 1423 248 1424 1424 248 1425 1425 249 1426 1426 241 1427 1427 242 1428 1428 241 1429 1429 249 1430 1430 249 1431 1431 250 1432 1432 242 1433 1433 243 1434 1434 242 1435 1435 250 1436 1436 250 1437 1437 251 1438 1438 243 1439 1439 244 1440 1440 243 1441 1441 251 1442 1442 251 1443 1443 252 1444 1444 244 1445 1445 245 1446 1446 244 1447 1447 252 1448 1448 252 1449 1449 253 1450 1450 245 1451 1451 238 1452 1452 245 1453 1453 253 1454 1454 253 1455 1455 246 1456 1456 238 1457 1457 247 1458 1458 246 1459 1459 254 1460 1460 254 1461 1461 255 1462 1462 247 1463 1463 248 1464 1464 247 1465 1465 255 1466 1466 255 1467 1467 256 1468 1468 248 1469 1469 249 1470 1470 248 1471 1471 256 1472 1472 256 1473 1473 257 1474 1474 249 1475 1475 250 1476 1476 249 1477 1477 257 1478 1478 257 1479 1479 258 1480 1480 250 1481 1481 251 1482 1482 250 1483 1483 258 1484 1484 258 1485 1485 259 1486 1486 251 1487 1487 252 1488 1488 251 1489 1489 259 1490 1490 259 1491 1491 260 1492 1492 252 1493 1493 253 1494 1494 252 1495 1495 260 1496 1496 260 1497 1497 261 1498 1498 253 1499 1499 246 1500 1500 253 1501 1501 261 1502 1502 261 1503 1503 254 1504 1504 246 1505 1505 262 1506 1506 263 1507 1507 270 1508 1508 270 1509 1509 269 1510 1510 262 1511 1511 263 1512 1512 264 1513 1513 271 1514 1514 271 1515 1515 270 1516 1516 263 1517 1517 264 1518 1518 265 1519 1519 272 1520 1520 272 1521 1521 271 1522 1522 264 1523 1523 265 1524 1524 266 1525 1525 273 1526 1526 273 1527 1527 272 1528 1528 265 1529 1529 266 1530 1530 267 1531 1531 274 1532 1532 274 1533 1533 273 1534 1534 266 1535 1535 267 1536 1536 268 1537 1537 275 1538 1538 275 1539 1539 274 1540 1540 267 1541 1541 268 1542 1542 262 1543 1543 269 1544 1544 269 1545 1545 275 1546 1546 268 1547 1547 270 1548 1548 271 1549 1549 272 1550 1550 272 1551 1551 273 1552 1552 274 1553 1553 272 1554 1554 274 1555 1555 275 1556 1556 270 1557 1557 272 1558 1558 275 1559 1559 269 1560 1560 270 1561 1561 275 1562 1562</p></triangles>
    </mesh>
  </geometry>
</library_geometries>
<library_controllers>
  <controller id="rfs_radio_handheld_held_tp_v1Controller"><skin source="#rfs_radio_handheld_held_tp_v1-lib">
    <bind_shape_matrix>1 0 0 0 0 1 0 0 0 0 1 0 0 0 0 1</bind_shape_matrix>
    <source id="rfs_radio_handheld_held_tp_v1Controller-Joints"><Name_array id="rfs_radio_handheld_held_tp_v1Controller-Joints-array" count="1">root_item</Name_array><technique_common><accessor source="#rfs_radio_handheld_held_tp_v1Controller-Joints-array" count="1"><param type="name"/></accessor></technique_common></source>
    <source id="rfs_radio_handheld_held_tp_v1Controller-Matrices"><float_array id="rfs_radio_handheld_held_tp_v1Controller-Matrices-array" count="16">1 0 0 0 0 1 0 0 0 0 1 0 0 0 0 1</float_array><technique_common><accessor source="#rfs_radio_handheld_held_tp_v1Controller-Matrices-array" count="1" stride="16"><param type="float4x4"/></accessor></technique_common></source>
    <source id="rfs_radio_handheld_held_tp_v1Controller-Weights"><float_array id="rfs_radio_handheld_held_tp_v1Controller-Weights-array" count="276">1 1 1 1 1 1 1 1 1 1 1 1 1 1 1 1 1 1 1 1 1 1 1 1 1 1 1 1 1 1 1 1 1 1 1 1 1 1 1 1 1 1 1 1 1 1 1 1 1 1 1 1 1 1 1 1 1 1 1 1 1 1 1 1 1 1 1 1 1 1 1 1 1 1 1 1 1 1 1 1 1 1 1 1 1 1 1 1 1 1 1 1 1 1 1 1 1 1 1 1 1 1 1 1 1 1 1 1 1 1 1 1 1 1 1 1 1 1 1 1 1 1 1 1 1 1 1 1 1 1 1 1 1 1 1 1 1 1 1 1 1 1 1 1 1 1 1 1 1 1 1 1 1 1 1 1 1 1 1 1 1 1 1 1 1 1 1 1 1 1 1 1 1 1 1 1 1 1 1 1 1 1 1 1 1 1 1 1 1 1 1 1 1 1 1 1 1 1 1 1 1 1 1 1 1 1 1 1 1 1 1 1 1 1 1 1 1 1 1 1 1 1 1 1 1 1 1 1 1 1 1 1 1 1 1 1 1 1 1 1 1 1 1 1 1 1 1 1 1 1 1 1 1 1 1 1 1 1 1 1 1 1 1 1 1 1 1 1 1 1 1 1 1 1 1 1</float_array><technique_common><accessor source="#rfs_radio_handheld_held_tp_v1Controller-Weights-array" count="276"><param type="float"/></accessor></technique_common></source>
    <joints><input semantic="JOINT" source="#rfs_radio_handheld_held_tp_v1Controller-Joints"/><input semantic="INV_BIND_MATRIX" source="#rfs_radio_handheld_held_tp_v1Controller-Matrices"/></joints>
    <vertex_weights count="276"><input semantic="JOINT" offset="0" source="#rfs_radio_handheld_held_tp_v1Controller-Joints"/><input semantic="WEIGHT" offset="1" source="#rfs_radio_handheld_held_tp_v1Controller-Weights"/><vcount>1 1 1 1 1 1 1 1 1 1 1 1 1 1 1 1 1 1 1 1 1 1 1 1 1 1 1 1 1 1 1 1 1 1 1 1 1 1 1 1 1 1 1 1 1 1 1 1 1 1 1 1 1 1 1 1 1 1 1 1 1 1 1 1 1 1 1 1 1 1 1 1 1 1 1 1 1 1 1 1 1 1 1 1 1 1 1 1 1 1 1 1 1 1 1 1 1 1 1 1 1 1 1 1 1 1 1 1 1 1 1 1 1 1 1 1 1 1 1 1 1 1 1 1 1 1 1 1 1 1 1 1 1 1 1 1 1 1 1 1 1 1 1 1 1 1 1 1 1 1 1 1 1 1 1 1 1 1 1 1 1 1 1 1 1 1 1 1 1 1 1 1 1 1 1 1 1 1 1 1 1 1 1 1 1 1 1 1 1 1 1 1 1 1 1 1 1 1 1 1 1 1 1 1 1 1 1 1 1 1 1 1 1 1 1 1 1 1 1 1 1 1 1 1 1 1 1 1 1 1 1 1 1 1 1 1 1 1 1 1 1 1 1 1 1 1 1 1 1 1 1 1 1 1 1 1 1 1 1 1 1 1 1 1 1 1 1 1 1 1 1 1 1 1 1 1</vcount><v>0 0 0 1 0 2 0 3 0 4 0 5 0 6 0 7 0 8 0 9 0 10 0 11 0 12 0 13 0 14 0 15 0 16 0 17 0 18 0 19 0 20 0 21 0 22 0 23 0 24 0 25 0 26 0 27 0 28 0 29 0 30 0 31 0 32 0 33 0 34 0 35 0 36 0 37 0 38 0 39 0 40 0 41 0 42 0 43 0 44 0 45 0 46 0 47 0 48 0 49 0 50 0 51 0 52 0 53 0 54 0 55 0 56 0 57 0 58 0 59 0 60 0 61 0 62 0 63 0 64 0 65 0 66 0 67 0 68 0 69 0 70 0 71 0 72 0 73 0 74 0 75 0 76 0 77 0 78 0 79 0 80 0 81 0 82 0 83 0 84 0 85 0 86 0 87 0 88 0 89 0 90 0 91 0 92 0 93 0 94 0 95 0 96 0 97 0 98 0 99 0 100 0 101 0 102 0 103 0 104 0 105 0 106 0 107 0 108 0 109 0 110 0 111 0 112 0 113 0 114 0 115 0 116 0 117 0 118 0 119 0 120 0 121 0 122 0 123 0 124 0 125 0 126 0 127 0 128 0 129 0 130 0 131 0 132 0 133 0 134 0 135 0 136 0 137 0 138 0 139 0 140 0 141 0 142 0 143 0 144 0 145 0 146 0 147 0 148 0 149 0 150 0 151 0 152 0 153 0 154 0 155 0 156 0 157 0 158 0 159 0 160 0 161 0 162 0 163 0 164 0 165 0 166 0 167 0 168 0 169 0 170 0 171 0 172 0 173 0 174 0 175 0 176 0 177 0 178 0 179 0 180 0 181 0 182 0 183 0 184 0 185 0 186 0 187 0 188 0 189 0 190 0 191 0 192 0 193 0 194 0 195 0 196 0 197 0 198 0 199 0 200 0 201 0 202 0 203 0 204 0 205 0 206 0 207 0 208 0 209 0 210 0 211 0 212 0 213 0 214 0 215 0 216 0 217 0 218 0 219 0 220 0 221 0 222 0 223 0 224 0 225 0 226 0 227 0 228 0 229 0 230 0 231 0 232 0 233 0 234 0 235 0 236 0 237 0 238 0 239 0 240 0 241 0 242 0 243 0 244 0 245 0 246 0 247 0 248 0 249 0 250 0 251 0 252 0 253 0 254 0 255 0 256 0 257 0 258 0 259 0 260 0 261 0 262 0 263 0 264 0 265 0 266 0 267 0 268 0 269 0 270 0 271 0 272 0 273 0 274 0 275</v></vertex_weights>
  </skin></controller>
</library_controllers>
<library_visual_scenes>
  <visual_scene id="rfs_radio_handheld_held_tp_v1" name="rfs_radio_handheld_held_tp_v1">
    <node name="rfs_radio_handheld_held_tp_v1" id="rfs_radio_handheld_held_tp_v1" sid="rfs_radio_handheld_held_tp_v1"><instance_controller url="#rfs_radio_handheld_held_tp_v1Controller"><bind_material><technique_common><instance_material symbol="military_comm_set" target="#military_comm_set"/></technique_common></bind_material></instance_controller></node>
    <node name="jnt_right_weapon" id="jnt_right_weapon" sid="jnt_right_weapon" type="JOINT"><matrix sid="matrix">1 0 0 0 0 1 0 0 0 0 1 0 0 0 0 1</matrix><node name="root_item" id="root_item" sid="root_item" type="JOINT"><matrix sid="matrix">1 0 0 0 0 1 0 0 0 0 1 0 0 0 0 1</matrix></node></node>
  </visual_scene>
</library_visual_scenes>
<scene><instance_visual_scene url="#rfs_radio_handheld_held_tp_v1"/></scene>
</COLLADA>
