<?xml version="1.0" encoding="utf-8"?>
<COLLADA xmlns="http://www.collada.org/2005/11/COLLADASchema" version="1.4.1" xmlns:xsi="http://www.w3.org/2001/XMLSchema-instance">
  <asset>
    <contributor>
      <author>Blender User</author>
      <authoring_tool>Blender 4.4.0 commit date:2025-03-17, commit time:17:00, hash:05377985c527</authoring_tool>
    </contributor>
    <created>2026-08-19T02:30:14</created>
    <modified>2026-08-19T02:30:14</modified>
    <unit name="meter" meter="1"/>
    <up_axis>Z_UP</up_axis>
  </asset>
  <library_effects>
    <effect id="cone-effect">
      <profile_COMMON>
        <newparam sid="Image_0-surface">
          <surface type="2D">
            <init_from>Image_0</init_from>
          </surface>
        </newparam>
        <newparam sid="Image_0-sampler">
          <sampler2D>
            <source>Image_0-surface</source>
          </sampler2D>
        </newparam>
        <technique sid="common">
          <lambert>
            <emission>
              <color sid="emission">0 0 0 1</color>
            </emission>
            <diffuse>
              <texture texture="Image_0-sampler" texcoord="UVMap"/>
            </diffuse>
            <index_of_refraction>
              <float sid="ior">1.5</float>
            </index_of_refraction>
          </lambert>
        </technique>
      </profile_COMMON>
    </effect>
    <effect id="guyujg-effect">
      <profile_COMMON>
        <newparam sid="Image_3-surface">
          <surface type="2D">
            <init_from>Image_3</init_from>
          </surface>
        </newparam>
        <newparam sid="Image_3-sampler">
          <sampler2D>
            <source>Image_3-surface</source>
          </sampler2D>
        </newparam>
        <technique sid="common">
          <lambert>
            <emission>
              <color sid="emission">0 0 0 1</color>
            </emission>
            <diffuse>
              <texture texture="Image_3-sampler" texcoord="UVMap"/>
            </diffuse>
            <index_of_refraction>
              <float sid="ior">1.5</float>
            </index_of_refraction>
          </lambert>
        </technique>
      </profile_COMMON>
    </effect>
  </library_effects>
  <library_images>
    <image id="Image_0" name="Image_0">
      <init_from>Image_0.png</init_from>
    </image>
    <image id="Image_3" name="Image_3">
      <init_from>Image_3.png</init_from>
    </image>
  </library_images>
  <library_materials>
    <material id="cone-material" name="cone">
      <instance_effect url="#cone-effect"/>
    </material>
    <material id="guyujg-material" name="guyujg">
      <instance_effect url="#guyujg-effect"/>
    </material>
  </library_materials>
  <library_geometries>
    <geometry id="rfs_aimcore_v1-mesh" name="rfs_aimcore_v1">
      <mesh>
        <source id="rfs_aimcore_v1-mesh-positions">
          <float_array id="rfs_aimcore_v1-mesh-positions-array" count="10497">-0.629967 0.9709832 0.2531576 -0.6246178 0.9486061 0.3300064 -0.6743914 0.9498559 0.2629037 0.6233305 0.9685326 0.276555 0.6615673 0.9446942 0.3048605 -0.7967349 0.3674681 -0.5329648 -0.8105865 0.434516 -0.5624044 -0.7603515 0.4343056 -0.5400162 -0.7289547 0.3900947 -0.4889277 -0.7167027 0.3859512 -0.4256235 -0.849963 0.4527879 -0.563992 -0.7150571 0.4464222 -0.4863562 -0.7049167 0.4363034 -0.411016 -0.819129 0.4969391 -0.5535396 -0.7655624 0.5033599 -0.5267236 -0.7352816 0.5159246 -0.4837235 -0.7173209 0.5049879 -0.4444397 -0.71512 0.4943195 -0.3978413 -0.826797 0.5420637 -0.5253871 -0.784745 0.5510483 -0.4962465 -0.7754654 0.5651165 -0.4429617 -0.7488515 0.5449403 -0.4041317 -0.9558392 0.504152 -0.3992629 -0.9691473 0.4788008 -0.4431349 -0.9216586 0.5323225 -0.3685035 -0.9496261 0.4633871 -0.3557832 -0.9073863 0.4981129 -0.326679 -0.8630948 0.4854434 -0.302679 -0.971617 0.4283368 -0.4135512 -0.9155381 0.4391386 -0.3215217 -0.8605669 0.4319766 -0.2979301 -0.9456629 0.3945145 -0.370386 -0.9066476 0.3718377 -0.3405975 -0.8563898 0.3914659 -0.3084657 -0.9453124 0.3719964 -0.466431 -0.9311961 0.3498277 -0.4074057 -0.852394 0.346392 -0.3407245 -0.8167764 0.3754537 -0.3162942 -0.8707435 0.3232703 -0.3858544 -0.8007772 0.3288983 -0.3722458 -0.7859577 0.4481446 -0.3052394 -0.8017917 0.5036088 -0.3119854 -0.7655349 0.3848475 -0.3339262 -0.7417284 0.3625431 -0.3865845 -0.7286987 0.4145174 -0.3601289 -0.7387501 0.4828283 -0.3458137 -0.7775095 0.5456123 -0.3616889 -0.8685361 0.5332744 -0.3314661 -0.9299224 0.5463708 -0.4381201 -0.8376917 0.5573067 -0.3528319 -0.8870053 0.567458 -0.4022026 -0.8146839 0.5741257 -0.3987835 -0.863313 0.5776578 -0.4497255 -0.8899642 0.5419231 -0.5118017 -0.8294115 0.5721308 -0.4781081 -0.9530268 0.4244827 -0.4976064 -0.9461576 0.4964827 -0.4936931 -0.918047 0.3737502 -0.5106102 -0.8950403 0.4933608 -0.5432417 -0.9014642 0.4212959 -0.5466875 -0.8671999 0.3570784 -0.5267322 -0.8469913 0.3979433 -0.5555366 -0.9032943 0.3288784 -0.4415647 -0.8740004 0.3240236 -0.4747874 -0.4721242 -0.2387079 -0.5903487 -0.4678333 -0.23378 -0.5359744 -0.6878313 0.9103637 0.2265482 -0.662536 0.944124 0.2175692 -0.5859971 0.719453 0.07454311 -0.6331847 0.6917175 0.1019967 -0.6178426 0.9600974 0.2167578 -0.5281658 0.7434905 0.0733577 -0.447633 -0.196306 -0.5019289 -0.4729667 0.7592236 0.09468924 -0.5836805 0.966691 0.2401853 -0.4180735 0.7623903 0.1560686 -0.5631343 0.9606106 0.2878826 -0.4232439 -0.1480345 -0.5073588 -0.400933 0.7447621 0.2347195 -0.5779059 0.9397732 0.3337153 -0.4269858 0.7119363 0.3056711 -0.4084926 -0.1163311 -0.5495812 -0.6093818 0.9206575 0.3537966 -0.471504 0.6833778 0.339231 -0.5257759 0.6575195 0.3508706 -0.6483941 0.9053772 0.3518074 -0.7013098 0.2726994 -0.4490396 -0.7057105 0.29098 -0.4770389 -0.6009923 0.6345632 0.3262515 -0.6898092 0.898738 0.320585 -0.6465848 0.6316558 -0.2086318 -0.6471646 0.6621375 -0.257057 -0.6558844 0.6313967 0.2648735 -0.7018849 0.9126626 0.2651708 -0.6718155 0.6435677 0.2055286 -0.6651925 0.6641097 0.1482248 -0.4576566 -0.207515 -0.633782 -0.5920665 0.9695417 0.2939894 -0.6581736 0.9299834 0.3324002 -0.6890735 0.9324926 0.286018 -0.8259975 0.3134543 -0.4242271 -0.8242198 0.3304163 -0.4949072 -0.7762126 0.3330391 -0.4701643 -0.7515346 0.3428696 -0.4343902 -0.7086011 0.09942054 -0.5643226 -0.6943849 0.09141516 -0.523674 -0.7468733 0.09353309 -0.5862328 -0.7872481 0.07669526 -0.5754128 -0.8048694 0.05924725 -0.5384853 -0.7906515 0.05123764 -0.4978214 -0.7523806 0.05712598 -0.4759156 -0.7120025 0.07396554 -0.4867374 -0.7480545 0.2866132 -0.4879897 -0.698863 0.0976212 -0.5482221 -0.7768999 0.2897668 -0.5215817 -0.7290326 0.09773218 -0.5806222 -0.8202518 0.2808732 -0.5268084 -0.77206 0.08445423 -0.5839707 -0.852368 0.265181 -0.5004575 -0.8012058 0.06594073 -0.555918 -0.8546722 0.2518674 -0.458105 -0.8003882 0.05303555 -0.5139158 -0.8258287 0.2487135 -0.4245143 -0.7702104 0.05292898 -0.481521 -0.7824748 0.2576076 -0.419287 -0.7271922 0.06620562 -0.4781781 -0.7503616 0.2732977 -0.4456331 -0.6980478 0.08472007 -0.5062353 -0.6535673 0.06160187 -0.5931785 -0.7144772 0.291737 -0.5235274 -0.7154021 0.0573948 -0.6405683 -0.7766082 0.2902213 -0.5707184 -0.7890687 0.03274232 -0.6330963 -0.8513396 0.2690007 -0.5629109 -0.8312516 0.002096116 -0.5750484 -0.8946868 0.2405338 -0.5045996 -0.8174657 -0.01658928 -0.5005784 -0.8815065 0.2214946 -0.4301112 -0.7556213 -0.01236069 -0.4531549 -0.8193786 0.2230296 -0.3829275 -0.6819315 0.01230883 -0.4606394 -0.7446604 0.2442516 -0.3907354 -0.6397579 0.04293358 -0.5187214 -0.678638 0.02925008 -0.5555086 -0.6865184 0.03306311 -0.5760388 -0.641876 0.04570829 -0.5656346 -0.7546063 0.2885217 -0.4995771 -0.7466359 0.2842988 -0.4791626 -0.740292 0.3020002 -0.5426602 -0.7013426 0.03335171 -0.5927037 -0.6854287 0.05116468 -0.6266606 -0.7696921 0.2898104 -0.5159544 -0.7208687 0.03005868 -0.6029398 -0.7896121 0.2879567 -0.525774 -0.8101362 0.2921063 -0.5681987 -0.7421007 0.0237171 -0.6052652 -0.7571507 0.03409838 -0.6425539 -0.8113096 0.2832722 -0.5276185 -0.7618167 0.01526361 -0.5992453 -0.8314924 0.2764427 -0.521126 -0.874354 0.2670705 -0.5386502 -0.7770177 0.005994498 -0.5858288 -0.8145092 0.004550099 -0.6036115 -0.8470904 0.2685172 -0.5073169 -0.7853614 -0.002675354 -0.5670403 -0.8557001 0.2607039 -0.4882764 -0.8954059 0.2414941 -0.4711874 -0.7856561 -0.009442627 -0.5457712 -0.8237683 -0.02002459 -0.5330203 -0.8560912 0.2541818 -0.4669326 -0.7777757 -0.01325559 -0.525241 -0.8481208 0.2499589 -0.4465181 -0.8609049 0.2304016 -0.4053403 -0.7629515 -0.01354426 -0.508576 -0.779845 -0.025213 -0.4724369 -0.833035 0.2486702 -0.4301408 -0.7434255 -0.01025122 -0.49834 -0.813115 0.2505239 -0.4203212 -0.7908325 0.2403381 -0.3797062 -0.7221936 -0.003909647 -0.4960146 -0.7086037 -0.008162319 -0.4569573 -0.7914175 0.2552084 -0.4184767 -0.7024773 0.004543781 -0.5020344 -0.7712346 0.2620379 -0.4249692 -0.726539 0.2654584 -0.4094766 -0.6872764 0.01381289 -0.515451 -0.6516163 0.02113282 -0.4954581 -0.7556367 0.2699635 -0.4387782 -0.6789327 0.02248281 -0.5342395 -0.7470269 0.2777767 -0.4578187 -0.4148024 -0.1250411 -0.5746214 -0.323087 -0.1815924 -0.6015428 -0.318711 -0.1762551 -0.5575532 -0.4251237 -0.1423279 -0.614874 -0.3397842 -0.2132831 -0.6278463 -0.4449627 -0.1803511 -0.6287798 -0.3590784 -0.2528676 -0.6211828 -0.4623304 -0.2161173 -0.6080653 -0.3696311 -0.2771183 -0.5850341 -0.4670076 -0.2285858 -0.5653625 -0.3652074 -0.2716705 -0.5412634 -0.4564906 -0.2108775 -0.5263513 -0.3486087 -0.2401673 -0.5150794 -0.4372275 -0.1739664 -0.5129083 -0.3293671 -0.2007031 -0.5215268 -0.4200574 -0.1386265 -0.5323702 -0.3121762 -0.1635879 -0.5540671 -0.317377 -0.1704117 -0.6091517 -0.4122408 -0.1201769 -0.6045372 -0.3382658 -0.2101803 -0.6421102 -0.4327195 -0.1581599 -0.6397942 -0.3626292 -0.2596381 -0.6337105 -0.3761674 -0.2897844 -0.5885307 -0.3709173 -0.2828547 -0.5336553 -0.3501238 -0.2432693 -0.5008139 -0.3258126 -0.1939233 -0.5090048 -0.4166934 -0.1278051 -0.5874404 -0.4150239 -0.1262117 -0.5651084 -0.4221436 -0.1370375 -0.6073341 -0.4305825 -0.1525857 -0.6215627 -0.4406713 -0.1719776 -0.6278628 -0.4508068 -0.1921392 -0.6251276 -0.459367 -0.2098405 -0.6138794 -0.4650089 -0.2223039 -0.5959817 -0.5734189 0.6782362 -0.2429785 -0.5642561 0.6693462 -0.3000553 -0.5520595 0.6224214 -0.3335592 -0.5440207 0.5647807 -0.3232793 -0.5449246 0.5306668 -0.2752832 -0.5540854 0.5395591 -0.2182106 -0.5662807 0.5864782 -0.1847087 -0.5743218 0.6441178 -0.194984 -0.6442655 0.6458575 -0.2702747 -0.6461638 0.6414622 -0.2484715 -0.6403151 0.6417589 -0.291858 -0.64 0.6545361 -0.3022116 -0.6349224 0.6298231 -0.3099326 -0.6289069 0.6118465 -0.3217206 -0.6194679 0.5905294 -0.3410909 -0.6231833 0.5906044 -0.3255044 -0.6186279 0.5693044 -0.3206259 -0.6110399 0.5496809 -0.3284397 -0.6159304 0.5511931 -0.307861 -0.6155107 0.5390528 -0.2891329 -0.6104542 0.5191535 -0.2799804 -0.617409 0.5346576 -0.2673297 -0.6213595 0.538756 -0.2457464 -0.6206124 0.5305266 -0.2249041 -0.6267521 0.550692 -0.2276718 -0.6327677 0.5686686 -0.2158839 -0.6355991 0.5772135 -0.1953435 -0.6384913 0.5899107 -0.2121 -0.6430466 0.6112107 -0.2169785 -0.6457441 0.629322 -0.2297434 -0.6270074 0.6311901 -0.3324598 -0.7292091 -0.08776664 -0.5815218 -0.4623318 -0.2161217 -0.6080639 -0.4670051 -0.2285844 -0.5653267 -0.6832488 -0.1171294 -0.5627512 -0.4564886 -0.2108736 -0.5263502 -0.7498151 -0.05279439 -0.5222896 -0.7268341 -0.0500701 -0.512252 -0.4372374 -0.1739851 -0.512907 -0.7030751 -0.04342949 -0.5095077 -0.6888076 -0.02190971 -0.5125856 -0.4200559 -0.1386222 -0.5323722 -0.6719452 0.005793213 -0.5427883 -0.4148042 -0.1250417 -0.5746533 -0.6797788 0.01444059 -0.5816649 -0.425126 -0.1423321 -0.6148758 -0.6951114 0.01266658 -0.5999953 -0.7084532 -6.26899e-4 -0.6139026 -0.4449513 -0.1803295 -0.6287813 -0.7167646 -0.02589184 -0.6224286 -0.7089434 -0.06777101 -0.6187772 -0.7618955 -0.05608236 -0.5388084 -0.6807568 -0.005221068 -0.5216425 -0.6740626 0.0144515 -0.5601411 -0.769213 -0.04689013 -0.5805122 -0.7583828 -0.02598404 -0.605306 -0.7737985 -0.04394763 -0.5552687 -0.8785855 0.3591486 -0.4705624 -0.8523584 0.2651873 -0.5004703 -0.8518583 0.2495042 -0.4480147 -0.8930295 0.4170852 -0.4089563 -0.868376 0.3480961 -0.4071386 -0.8064044 0.251253 -0.4173814 -0.75698 0.268313 -0.4344705 -0.7928153 0.4410104 -0.3889815 -0.7480496 0.2866095 -0.4879734 -0.7832673 0.448964 -0.4074984 -0.7720273 0.2894991 -0.5167909 -0.8281559 0.4690427 -0.4718819 -0.8202459 0.2808743 -0.5268073 -0.8492438 0.4880793 -0.467298 -0.8683359 0.4301628 -0.4754725 -0.8918351 0.4495224 -0.4439578 -0.8693526 0.4618291 -0.3667224 -0.8514718 0.4505355 -0.3613881 -0.8303737 0.4410789 -0.3635447 -0.8102628 0.4385476 -0.3719946 -0.782145 0.4588738 -0.4267265 -0.7900189 0.4666807 -0.4468197 -0.8007192 0.4863443 -0.4561865 -0.8867461 0.5022861 -0.4163069 -0.8899723 0.488522 -0.3990188 -0.882421 0.4767583 -0.379481 -0.8746319 0.4980551 -0.4492253 -0.8144819 0.5059388 -0.4576263 -0.8294718 0.5226868 -0.4463854 -0.848392 0.5277525 -0.4354962 -0.8624979 0.5297892 -0.4147548 -0.8201722 0.5321885 -0.2790488 -0.809814 0.5134597 -0.2714915 -0.7941066 0.4973185 -0.270446 -0.7477226 0.4804466 -0.3430055 -0.7333194 0.5112557 -0.3546745 -0.7432623 0.5421966 -0.3627088 -0.8152076 0.5635089 -0.2918747 -0.7491912 0.502022 -0.2509086 -0.7340839 0.4943232 -0.2668693 -0.7279569 0.4909039 -0.2901576 -0.7347695 0.5729353 -0.338759 -0.7498853 0.5871038 -0.3293353 -0.763476 0.5951269 -0.3128958 -0.7731279 0.5962723 -0.2931133 -0.6954895 0.5118674 -0.2996665 -0.6990314 0.5227577 -0.319368 -0.7076312 0.5375496 -0.3339131 -0.7150079 0.5586324 -0.3386717 -0.7455579 0.6078338 -0.2613739 -0.7515563 0.5925911 -0.2442944 -0.7513108 0.5728002 -0.2323328 -0.7444407 0.5370125 -0.229198 -0.6422579 0.6055991 -0.2123127 -0.619681 0.5370907 -0.2558624 -0.6191546 0.5711693 -0.3202985 -0.7029766 0.6277571 -0.2899554 -0.6458687 0.6452186 -0.2573346 -0.6290807 0.5566946 -0.2213682 -0.6152182 0.5444646 -0.3010484 -0.6264083 0.6035816 -0.3252297 -0.6383861 0.6385679 -0.3002539 -0.6465272 0.638128 -0.2398328 -0.5693419 0.6603688 -0.2469537 -0.5703209 0.6346179 -0.2106473 -0.6415584 0.6029837 -0.2130619 -0.5646875 0.590805 -0.2028818 -0.6301614 0.5599085 -0.2191942 -0.5558375 0.5552752 -0.228304 -0.6192786 0.5351166 -0.2544072 -0.5490003 0.5485345 -0.2713082 -0.6151475 0.542388 -0.2977722 -0.5480204 0.5742816 -0.3076163 -0.6201151 0.5775261 -0.3245406 -0.5536531 0.6180943 -0.3153864 -0.6315113 0.6206011 -0.3184134 -0.5625045 0.6536303 -0.2899615 -0.6423948 0.6453971 -0.2832036 -0.4669446 -0.227761 -0.5743749 -0.4649221 -0.2254636 -0.5523824 -0.4593408 -0.2159433 -0.5332853 -0.4510682 -0.2006893 -0.5198426 -0.4413467 -0.1820027 -0.5138584 -0.4315646 -0.1625459 -0.516255 -0.4173274 -0.1323752 -0.5438169 -0.4231361 -0.1451336 -0.5267061 0.8115885 0.434516 -0.5624044 0.797737 0.3674681 -0.5329648 0.7613535 0.4343055 -0.5400162 0.7299566 0.3900947 -0.4889276 0.7177048 0.3859513 -0.4256233 0.850965 0.4527878 -0.563992 0.7261453 0.4484414 -0.5014889 0.7050592 0.4445046 -0.4451898 0.820131 0.4969391 -0.5535396 0.7665644 0.5033599 -0.5267236 0.7206209 0.4946433 -0.473945 0.7110188 0.4769225 -0.4013394 0.858459 0.5392371 -0.5268365 0.7978786 0.5505052 -0.5074009 0.7489176 0.5356179 -0.4720389 0.7257366 0.5186052 -0.4255814 0.7764675 0.5651165 -0.4429618 0.7498535 0.5449402 -0.4041317 0.9698472 0.4733118 -0.4063494 0.9558971 0.513161 -0.4368033 0.9323399 0.5328651 -0.3818419 0.9506281 0.4633868 -0.3557831 0.8958812 0.4950267 -0.3163862 0.8334367 0.48827 -0.3012295 0.971617 0.4610442 -0.4479818 0.9163783 0.4125095 -0.3240187 0.8615688 0.4319765 -0.2979301 0.9682962 0.4202355 -0.4576346 0.9568538 0.3975268 -0.385283 0.8573917 0.3914658 -0.3084657 0.9463142 0.3719963 -0.4664308 0.9321983 0.3498279 -0.4074058 0.8831006 0.3525804 -0.3436577 0.8177784 0.3754537 -0.3162942 0.8717454 0.3232703 -0.3858544 0.8321405 0.333783 -0.3551285 0.7869595 0.4481446 -0.3052394 0.7885847 0.3309371 -0.381923 0.766537 0.3848474 -0.3339263 0.7901522 0.5090136 -0.3210894 0.7427303 0.3625431 -0.3865845 0.7188841 0.4194663 -0.3740327 0.7338163 0.4905617 -0.355774 0.7785114 0.5456123 -0.3616887 0.8695382 0.5332744 -0.3314661 0.8386937 0.5573067 -0.3528319 0.8880074 0.567458 -0.4022026 0.9206166 0.5518267 -0.4497769 0.8156859 0.5741257 -0.3987835 0.8643149 0.5776578 -0.4497254 0.9039831 0.5401477 -0.5018361 0.8304136 0.5721308 -0.4781082 0.9471595 0.4964827 -0.4936931 0.9431095 0.4284385 -0.5117462 0.9190489 0.3737502 -0.5106104 0.8960422 0.4933608 -0.5432418 0.9024663 0.421296 -0.5466875 0.8682021 0.3570784 -0.5267321 0.8479933 0.3979433 -0.5555366 0.9042963 0.3288784 -0.4415647 0.8750026 0.3240237 -0.4747874 0.4688353 -0.23378 -0.5359744 0.4731261 -0.2387079 -0.5903487 0.5869991 0.719453 0.07454311 0.663538 0.944124 0.2175692 0.6479744 0.6818508 0.11527 0.5291679 0.7434905 0.0733577 0.6137674 0.9631854 0.2198175 0.448635 -0.1963059 -0.5019289 0.4739683 0.7592236 0.09468942 0.5749893 0.9553237 0.2311721 0.4190756 0.7623903 0.1560685 0.5689849 0.9654222 0.2726719 0.4242459 -0.1480346 -0.5073588 0.4032042 0.7503651 0.2154582 0.4097678 0.7296772 0.2727165 0.5693094 0.9488673 0.3171593 0.4551189 0.6929764 0.3309135 0.6009919 0.9256268 0.3516591 0.4094946 -0.1163311 -0.5495812 0.5267775 0.6575196 0.3508706 0.6493961 0.905377 0.3518074 0.7067125 0.2909799 -0.4770388 0.7023118 0.2726994 -0.4490396 0.6019943 0.6345633 0.3262516 0.6835581 0.8987833 0.3283798 0.6481665 0.6621375 -0.257057 0.6475867 0.6316558 -0.2086319 0.6568863 0.6313967 0.2648735 0.7020242 0.9029697 0.2909516 0.6740273 0.6490244 0.1862229 0.6963405 0.9196301 0.2429626 0.4586587 -0.207515 -0.633782 0.6819693 0.9431138 0.2607572 0.6431538 0.9653874 0.2407848 0.5986971 0.9734397 0.2729602 0.6007946 0.9579886 0.3189585 0.639739 0.9360317 0.3390299 0.6841959 0.9279792 0.3068546 0.8269996 0.3134543 -0.4242271 0.8252219 0.3304163 -0.4949072 0.7772144 0.3330392 -0.4701643 0.7525365 0.3428696 -0.4343902 0.7096032 0.09942054 -0.5643226 0.6953869 0.09141516 -0.523674 0.7478752 0.09353309 -0.5862328 0.7882503 0.07669526 -0.5754128 0.8058715 0.05924731 -0.5384854 0.7916533 0.05123764 -0.4978213 0.7533826 0.05712598 -0.4759156 0.7130045 0.07396554 -0.4867374 0.699865 0.0976212 -0.548222 0.7490565 0.2866132 -0.4879897 0.7300346 0.09773218 -0.5806221 0.7779019 0.2897669 -0.5215816 0.7730621 0.08445417 -0.5839707 0.8212539 0.2808732 -0.5268083 0.8022077 0.06594073 -0.5559181 0.85337 0.2651811 -0.5004578 0.8013903 0.05303555 -0.5139158 0.8556742 0.2518673 -0.4581049 0.7712123 0.05292898 -0.481521 0.8268308 0.2487135 -0.4245143 0.7281941 0.06620562 -0.4781781 0.7834768 0.2576077 -0.419287 0.6990497 0.08472007 -0.5062353 0.7513636 0.2732977 -0.4456331 0.7154791 0.2917369 -0.5235275 0.6545694 0.06160187 -0.5931785 0.7776102 0.2902213 -0.5707184 0.716404 0.0573948 -0.6405683 0.8523417 0.2690007 -0.5629109 0.7900708 0.03274238 -0.6330963 0.8956889 0.2405338 -0.5045996 0.8322538 0.002096235 -0.5750485 0.8825086 0.2214947 -0.4301113 0.8184676 -0.01658934 -0.5005783 0.8203806 0.2230295 -0.3829275 0.7566233 -0.01236069 -0.4531549 0.7456623 0.2442516 -0.3907353 0.6829335 0.01230889 -0.4606394 0.6407598 0.04293364 -0.5187212 0.6428781 0.04570823 -0.5656347 0.6875204 0.03306311 -0.5760388 0.6796399 0.02925008 -0.5555086 0.7476379 0.2842988 -0.4791626 0.7556082 0.2885217 -0.4995771 0.741294 0.3020002 -0.5426601 0.6864308 0.05116474 -0.6266607 0.7023447 0.03335171 -0.5927037 0.7706939 0.2898104 -0.5159544 0.7218707 0.03005868 -0.6029398 0.790614 0.2879567 -0.525774 0.8111383 0.2921063 -0.5681987 0.7581526 0.03409838 -0.6425539 0.7431027 0.0237171 -0.6052652 0.8123115 0.2832722 -0.5276185 0.7628188 0.01526361 -0.5992453 0.8324945 0.2764427 -0.521126 0.8753561 0.2670705 -0.5386502 0.8155112 0.004550158 -0.6036116 0.7780197 0.005994498 -0.5858288 0.8480924 0.2685172 -0.5073169 0.7863634 -0.002675354 -0.5670403 0.8567021 0.2607039 -0.4882764 0.8964079 0.2414942 -0.4711874 0.8247702 -0.02002459 -0.5330201 0.7866582 -0.009442627 -0.5457712 0.8570932 0.2541818 -0.4669326 0.7787776 -0.01325559 -0.525241 0.8491229 0.2499589 -0.4465181 0.861907 0.2304016 -0.4053404 0.7808471 -0.025213 -0.4724369 0.7639535 -0.01354426 -0.508576 0.8340371 0.2486702 -0.4301408 0.7444275 -0.01025122 -0.49834 0.814117 0.2505239 -0.4203212 0.7918346 0.2403381 -0.3797062 0.7096058 -0.00816226 -0.4569573 0.7231954 -0.003909647 -0.4960146 0.7924196 0.2552084 -0.4184767 0.7034794 0.004543781 -0.5020344 0.7722366 0.2620379 -0.4249692 0.727541 0.2654584 -0.4094766 0.6526182 0.02113282 -0.4954582 0.6882783 0.01381289 -0.515451 0.7566387 0.2699635 -0.4387782 0.6799347 0.02248281 -0.5342395 0.7480289 0.2777767 -0.4578187 0.319713 -0.1762551 -0.5575532 0.324089 -0.1815924 -0.6015428 0.4158044 -0.1250411 -0.5746214 0.4261257 -0.1423277 -0.6148739 0.3407862 -0.2132831 -0.6278463 0.4459646 -0.1803509 -0.6287798 0.3600803 -0.2528675 -0.6211829 0.4633324 -0.2161172 -0.6080656 0.3706331 -0.2771183 -0.5850341 0.4680097 -0.2285858 -0.5653625 0.3662095 -0.2716705 -0.5412634 0.4574927 -0.2108776 -0.5263513 0.3496106 -0.2401673 -0.5150794 0.4382297 -0.1739668 -0.5129083 0.3303691 -0.200703 -0.5215269 0.4210594 -0.1386265 -0.5323702 0.4132428 -0.1201769 -0.6045372 0.318379 -0.1704117 -0.6091518 0.3131783 -0.1635879 -0.5540671 0.4337214 -0.1581599 -0.6397942 0.3392679 -0.2101804 -0.6421102 0.3636312 -0.259638 -0.6337105 0.3771694 -0.2897844 -0.5885307 0.3719192 -0.2828546 -0.5336552 0.3511257 -0.2432692 -0.5008139 0.3268146 -0.1939232 -0.509005 0.4160259 -0.1262117 -0.5651084 0.4176954 -0.1278051 -0.5874404 0.4231457 -0.1370375 -0.6073341 0.4315845 -0.1525857 -0.6215627 0.4416733 -0.1719776 -0.6278628 0.4518088 -0.1921392 -0.6251276 0.460369 -0.2098405 -0.6138794 0.4660109 -0.2223039 -0.5959817 0.5744207 0.6782363 -0.2429787 0.565258 0.669346 -0.3000555 0.5530615 0.6224214 -0.3335592 0.5450226 0.5647806 -0.3232792 0.5459266 0.5306668 -0.2752834 0.5550875 0.5395591 -0.2182106 0.5672828 0.5864783 -0.1847088 0.5753237 0.6441178 -0.194984 0.6471659 0.6414622 -0.2484715 0.6452675 0.6458575 -0.2702747 0.641317 0.6417589 -0.291858 0.6410019 0.6545361 -0.3022115 0.6359243 0.6298231 -0.3099326 0.6299088 0.6118465 -0.3217206 0.6204698 0.5905293 -0.3410909 0.6241853 0.5906044 -0.3255044 0.6196299 0.5693044 -0.3206259 0.6120418 0.5496809 -0.3284397 0.6169324 0.5511931 -0.307861 0.6165127 0.5390528 -0.2891329 0.6114563 0.5191535 -0.2799804 0.618411 0.5346576 -0.2673297 0.6223614 0.538756 -0.2457464 0.6216143 0.5305265 -0.2249042 0.6277541 0.550692 -0.2276718 0.6337696 0.5686686 -0.2158839 0.6366012 0.5772135 -0.1953435 0.6394931 0.5899107 -0.2121 0.6440486 0.6112107 -0.2169785 0.646746 0.629322 -0.2297434 0.6280093 0.6311901 -0.3324598 0.4680072 -0.2285844 -0.5653267 0.4633337 -0.2161216 -0.6080641 0.7302109 -0.0877667 -0.5815218 0.6842506 -0.1171295 -0.5627512 0.4574906 -0.2108737 -0.5263502 0.7508173 -0.05279421 -0.5222896 0.7278361 -0.0500701 -0.512252 0.4382396 -0.1739856 -0.512907 0.704077 -0.04342949 -0.5095077 0.6898097 -0.02190971 -0.5125856 0.4210579 -0.1386223 -0.5323721 0.6729471 0.005793154 -0.5427883 0.4158061 -0.1250417 -0.5746533 0.6807808 0.01444059 -0.5816649 0.4261279 -0.1423319 -0.6148756 0.6961134 0.01266664 -0.5999953 0.7094551 -6.26951e-4 -0.6139026 0.4459533 -0.1803294 -0.6287813 0.7177665 -0.0258919 -0.6224287 0.7099452 -0.06777101 -0.6187773 0.7628975 -0.05608224 -0.5388084 0.6817589 -0.005221009 -0.5216425 0.6750646 0.0144515 -0.560141 0.770215 -0.04689007 -0.5805122 0.7593848 -0.02598392 -0.605306 0.7748004 -0.04394775 -0.5552687 0.8528603 0.2495042 -0.4480146 0.8533602 0.2651874 -0.5004705 0.8795873 0.3591483 -0.4705625 0.8940317 0.417085 -0.4089564 0.8693779 0.3480958 -0.4071385 0.8074063 0.251253 -0.4173814 0.757982 0.268313 -0.4344705 0.7938173 0.4410104 -0.3889815 0.7490516 0.2866095 -0.4879734 0.7842693 0.448964 -0.4074983 0.7730292 0.2894991 -0.5167909 0.8291578 0.469042 -0.4718822 0.8212481 0.2808743 -0.5268073 0.850246 0.4880794 -0.467298 0.8693377 0.4301623 -0.4754728 0.8928371 0.4495232 -0.4439576 0.8703545 0.4618291 -0.3667224 0.8524737 0.4505355 -0.3613881 0.8313758 0.4410789 -0.3635447 0.8112648 0.4385476 -0.3719947 0.783147 0.4588739 -0.4267265 0.791021 0.4666806 -0.4468197 0.8017212 0.4863446 -0.4561864 0.8877483 0.5022861 -0.4163068 0.8909744 0.4885219 -0.3990188 0.8834233 0.4767583 -0.3794812 0.875634 0.4980552 -0.4492253 0.8154839 0.5059388 -0.4576264 0.8304739 0.5226868 -0.4463854 0.8493941 0.5277525 -0.4354962 0.8635002 0.529789 -0.414755 0.8211742 0.5321887 -0.2790486 0.8108159 0.5134598 -0.2714914 0.7951087 0.4973185 -0.270446 0.7487242 0.4804467 -0.3430052 0.7343211 0.5112558 -0.3546742 0.7442641 0.5421968 -0.3627086 0.8162091 0.5635093 -0.291874 0.7501932 0.502022 -0.2509086 0.735086 0.4943232 -0.2668693 0.7289587 0.4909039 -0.2901576 0.7357714 0.5729352 -0.338759 0.7508873 0.5871038 -0.3293353 0.764478 0.5951269 -0.3128958 0.7741299 0.5962723 -0.2931133 0.6964913 0.5118674 -0.2996664 0.7000333 0.5227577 -0.319368 0.7086331 0.5375496 -0.3339131 0.7160101 0.5586323 -0.3386718 0.7465596 0.607834 -0.2613739 0.7525579 0.5925912 -0.2442943 0.7523127 0.5728003 -0.2323327 0.7454426 0.5370125 -0.229198 0.6432599 0.6055992 -0.2123127 0.620683 0.5370906 -0.2558625 0.6201565 0.5711692 -0.3202985 0.7039788 0.627757 -0.2899554 0.6468706 0.6452187 -0.257335 0.6300826 0.5566948 -0.2213681 0.6162201 0.5444649 -0.3010487 0.6274104 0.6035817 -0.3252296 0.6393881 0.6385681 -0.3002538 0.5703439 0.6603689 -0.2469539 0.6475291 0.6381283 -0.2398334 0.5713228 0.6346181 -0.2106474 0.6425604 0.6029838 -0.2130619 0.5656895 0.590805 -0.2028818 0.6311632 0.5599083 -0.2191943 0.5568394 0.555275 -0.2283043 0.6202805 0.5351167 -0.2544068 0.5500023 0.5485343 -0.2713077 0.6161493 0.5423878 -0.2977719 0.5490224 0.5742815 -0.3076162 0.621117 0.5775261 -0.3245407 0.5546552 0.6180943 -0.3153864 0.6325133 0.6206011 -0.3184133 0.5635065 0.6536303 -0.2899616 0.6433967 0.6453971 -0.2832037 0.4679466 -0.227761 -0.5743749 0.4659241 -0.2254636 -0.5523824 0.4603428 -0.2159433 -0.5332853 0.4520702 -0.2006893 -0.5198426 0.4423487 -0.1820027 -0.5138584 0.4325667 -0.1625459 -0.516255 0.4183293 -0.1323752 -0.5438169 0.4241381 -0.1451336 -0.5267061 -0.6962524 0.3890182 -0.3981987 -0.6651445 0.2421101 -0.04488927 -0.7168692 0.4958687 -0.2523436 -0.6989536 0.4294508 -0.07082808 -0.6473287 0.1269685 -0.1956443 -0.6622239 0.2001467 -0.3735064 -0.5230516 -0.7130931 -0.2280911 -0.4882839 -0.7131879 -0.2281106 -0.629243 0.3731687 -0.2915716 -0.4360837 0.2064386 -0.2932797 -0.4334377 0.2052544 -0.09649479 -0.6259945 0.3710933 -0.09527766 0.6661464 0.2421101 -0.04488927 0.6972544 0.3890182 -0.3981987 0.7178712 0.4958687 -0.2523436 0.6999556 0.4294508 -0.07082808 0.6483308 0.1269685 -0.1956443 0.663226 0.2001467 -0.3735064 0.5240536 -0.7130931 -0.2280911 0.489286 -0.7131879 -0.2281106 0.630245 0.3731687 -0.2915716 0.4370857 0.2064387 -0.2932797 0.4344397 0.2052544 -0.09649479 0.6269964 0.3710933 -0.09527766 0.1139684 0.5765396 -0.2691808 0.116408 0.3332737 -0.03612589 0.1118185 0.3066055 -0.06220674 0.3578834 0.7608109 0.5842402 0.3733844 0.7498192 0.5744606 0.3416292 0.6395339 0.6164191 0.1624256 -0.1127992 -0.54816 0.1490113 -0.12457 -0.5589445 0.1894292 0.8229146 -0.4929631 0.09506303 0.3092425 -0.03819483 0.3567849 0.6278598 0.5945283 0.2541658 0.3182969 0.361006 0.1222509 0.5442183 -0.5906792 0.2052378 0.8120007 -0.4819893 -0.1129664 0.5765396 -0.2691808 -0.2042358 0.8120007 -0.4819893 -0.1212489 0.5442183 -0.5906792 -0.3557829 0.6278598 0.5945283 -0.2531638 0.3182969 0.361006 -0.09406101 0.3092424 -0.03819489 -0.1154059 0.3332737 -0.03612589 -0.1108165 0.3066055 -0.06220674 -0.1884272 0.8229144 -0.4929631 -0.1480093 -0.12457 -0.5589445 -0.3406272 0.6395339 0.6164191 -0.3568814 0.7608109 0.5842402 -0.483413 -0.3137328 0.5945786 -0.4984776 -0.3031641 0.5587167 -0.4243896 -0.4996989 -0.8946356 -0.4412219 -0.5298913 -0.8579503 -0.4412797 -0.5337736 -0.8617038 -0.4974473 -0.5535978 -0.7488694 0.484415 -0.3137329 0.5945786 0.4994797 -0.3031641 0.5587167 0.5057819 0.04468345 0.09654593 0.4422817 -0.5337736 -0.8617038 0.4984493 -0.5535978 -0.7488694 0.4253916 -0.4996989 -0.8946356 0.4422239 -0.5298913 -0.8579503 -0.4863187 -0.295854 0.4890582 -0.3488346 -0.4393004 -0.6798624 -0.5280534 -0.2501644 0.09813874 0.4873207 -0.2958539 0.4890583 0.3498367 -0.4393004 -0.6798624 0.5290555 -0.2501644 0.0981388 -0.6781129 0.3925275 -0.4063943 -0.4627485 0.3476062 -0.4197835 -0.6590994 0.2844655 -0.4192965 -0.4741072 0.4416671 -0.3764435 -0.6923884 0.4733176 -0.3418626 -0.4808158 0.4993162 -0.2943922 -0.6973264 0.5040404 -0.2726407 -0.6973695 0.5096768 -0.1981475 -0.4814725 0.510533 -0.221357 -0.4786341 0.4958763 -0.1443609 -0.6888028 0.4731141 -0.1050262 -0.4693278 0.4321697 -0.06186842 -0.6728673 0.3940137 -0.03920751 -0.4565823 0.3337771 -0.02244734 -0.6536045 0.2872955 -0.02281981 -0.4447821 0.2325743 -0.03902089 -0.6382187 0.1927785 -0.06296205 -0.4368788 0.155303 -0.1028794 -0.6296274 0.1321738 -0.1438273 -0.4345817 0.1254277 -0.170199 -0.6290817 0.1186733 -0.244689 -0.4350283 0.1197248 -0.2502419 -0.6345457 0.1453672 -0.3209081 -0.4386972 0.1459735 -0.3214741 -0.642665 0.1906024 -0.3764732 -0.4383741 0.1420275 -0.3245584 -0.6345457 0.1453672 -0.3209081 -0.4503169 0.2429634 -0.4081115 -0.6752601 0.2959667 -0.4150584 -0.6735977 0.3669666 -0.4133324 -0.6646365 0.3161835 -0.4201883 -0.6819601 0.4141188 -0.3933972 -0.7067374 0.4706997 -0.3357672 -0.6916641 0.4696237 -0.3463513 -0.7121506 0.5051947 -0.2421396 -0.6981096 0.5100129 -0.2494622 -0.7073566 0.4888481 -0.1429665 -0.6936551 0.4953247 -0.1436087 -0.6842257 0.4511389 -0.08102619 -0.676108 0.4103969 -0.04953098 -0.67611 0.3335456 -0.02816444 -0.6671664 0.3631727 -0.02973097 -0.658059 0.3126512 -0.02297198 -0.649411 0.2622351 -0.02971696 -0.6417751 0.2153235 -0.04951393 -0.6470331 0.1589462 -0.1064658 -0.635609 0.1750895 -0.08102595 -0.6312566 0.1442697 -0.1221221 -0.6289368 0.1249791 -0.1700183 -0.6287413 0.1185647 -0.2214591 -0.6469163 0.1394201 -0.3004011 -0.6306492 0.1255056 -0.2729318 -0.6345457 0.1453672 -0.3209081 -0.6402316 0.176819 -0.362096 -0.6474178 0.21772 -0.393674 -0.6557163 0.2652654 -0.4134864 -0.4842892 -0.7157917 -0.4945096 -0.5710013 -0.6098931 -0.5587869 -0.5705659 -0.560625 -0.5866417 -0.5865314 -0.609744 -0.548846 -0.5853561 -0.557104 -0.5813807 -0.6656388 -0.5544449 -0.1434518 -0.60085 -0.3644693 -0.5797592 -0.6530314 -0.607473 -0.1767105 -0.5678569 -0.1738478 -0.4502431 -0.4500354 0.4967263 -0.2804406 -0.4491287 0.4942556 -0.104293 -0.4154161 0.2047793 -0.1057063 -0.6173767 0.2066336 -0.1047563 -0.5653045 -0.1701803 -0.2679368 -0.6198046 0.2047235 -0.2843493 -0.3977262 -0.1738502 -0.2600337 -0.598511 0.2013928 -0.09727877 -0.5490508 -0.1705846 -0.2570253 -0.3826175 -0.1736474 -0.4509634 -0.4179828 0.2049424 -0.2850051 -0.6018748 0.2038543 -0.2936102 -0.3991655 -0.1749687 -0.4609527 -0.4757377 -0.551438 -0.1356775 -0.436421 -0.3594651 -0.136798 -0.6694967 -0.3775361 -0.1351098 -0.6529003 -0.5550333 -0.1367376 -0.5841917 -0.3631675 -0.5870696 -0.440685 -0.3636787 -0.5883795 -0.4804514 -0.5608723 -0.5860248 -0.4248091 -0.3662901 -0.5799761 -0.3817961 -0.1784622 -0.2694258 -0.5542277 -0.1928505 -0.2525337 -0.6670041 -0.3588196 -0.1376557 -0.683425 -0.3578561 -0.146444 -0.5694722 -0.193733 -0.2605577 -0.5502964 -0.1782264 -0.4621859 -0.5285348 0.4979693 -0.1128045 -0.5309472 0.5005176 -0.2753651 -0.6470162 0.3795028 -0.2819288 -0.6433994 0.3776313 -0.1043103 -0.6411337 -0.6253758 -0.1947115 -0.5775372 -0.6262689 -0.5334703 -0.4998677 -0.7190552 -0.4734944 -0.539381 -0.7161184 -0.2519237 -0.6020941 0.2056525 -0.2928914 -0.5987598 0.2033755 -0.09688001 -0.4359986 0.2063544 -0.2935907 -0.4333479 0.2043874 -0.09666335 -0.3982734 -0.1593628 -0.2564069 -0.3982255 -0.1799083 -0.2587342 -0.4622108 -0.5539831 -0.1429907 -0.4734179 -0.5369127 -0.1351343 -0.476553 -0.5616025 -0.1388588 -0.6673601 -0.3587405 -0.136913 -0.5542277 -0.1928505 -0.2525337 -0.4663487 -0.5609097 -0.5801766 -0.4816251 -0.5773615 -0.5787174 -0.479245 -0.5519108 -0.5878269 -0.4205631 -0.3609526 -0.1456075 -0.6391516 -0.62316 -0.1938729 -0.5707446 -0.5604894 -0.5871138 -0.6530147 -0.5556574 -0.1364048 -0.5710013 -0.6098931 -0.5587869 -0.5758345 -0.6230409 -0.5455569 -0.6694967 -0.3775361 -0.1351098 -0.6430749 -0.6027074 -0.1628685 -0.5796019 -0.6280015 -0.527849 -0.437426 -0.3629848 -0.1367215 -0.4412791 -0.3649283 -0.587465 -0.4844297 -0.716105 -0.4944576 -0.4760134 -0.7118141 -0.2368645 -0.4882839 -0.7131879 -0.2281106 -0.5353559 -0.7158941 -0.2362399 -0.548787 -0.1705077 -0.2596086 -0.3991576 -0.1755019 -0.4612315 -0.5508014 -0.1786991 -0.463613 -0.5841194 -0.3614145 -0.5868471 -0.6259945 0.3710933 -0.09527766 -0.629243 0.3731687 -0.2915716 -0.4718419 -0.7144587 -0.4738587 -0.5048738 0.4940696 -0.09527748 -0.468191 0.4941306 -0.09527891 -0.4707378 0.4968064 -0.2915989 -0.5075808 0.4967072 -0.2915673 -0.6430749 -0.6027074 -0.1628685 -0.5704496 0.03879266 0.1898676 -0.6141509 0.09825587 0.1654664 -0.5622728 0.07019418 0.1402832 -0.5236923 0.07284235 0.11992 -0.5206403 0.02693587 0.169707 -0.5683113 0.0448392 0.1795913 -0.5617225 0.07181078 0.1407475 -0.4499595 0.06196022 0.1319594 -0.4388422 0.03145861 0.1747934 -0.626814 0.07821106 0.2220171 -0.4666653 0.004837214 0.2044029 -0.5757887 0.01607096 0.2675708 -0.572811 0.02527016 0.230046 -0.5411888 0.00124073 0.2481952 -0.5741433 0.01917243 0.2528087 -0.4868922 -0.01386135 0.2532113 -0.4276458 2.62648e-4 0.2540652 -0.6214734 0.05662852 0.2962472 -0.5732565 0.01920092 0.3389915 -0.518474 -0.01056802 0.3221357 -0.5733755 0.01908177 0.3389897 -0.4629696 -0.01012408 0.3456344 -0.4277512 0.002150833 0.3489441 -0.6057482 0.05559235 0.3698775 -0.5176562 0.006068527 0.3872014 -0.5663377 0.04416775 0.4119153 -0.566422 0.04396265 0.4116289 -0.4388553 0.03540486 0.4299163 -0.6066071 0.1030888 0.441425 -0.5177544 0.048137 0.4505585 -0.5602149 0.07012331 0.4536687 -0.5590401 0.07111889 0.4516096 -0.4478545 0.06181681 0.4617597 -0.4934056 0.4182345 0.1311494 -0.4896361 0.4449868 0.1637121 -0.5760108 0.4312846 0.1417044 -0.614569 0.4098609 0.139142 -0.6422057 0.455822 0.2210602 -0.6529267 0.3899699 0.158991 -0.6295647 0.4349843 0.1794504 -0.6136164 0.4085338 0.1405174 -0.5882672 0.4727983 0.2049095 -0.6688725 0.4233872 0.2221541 -0.5280581 0.4891259 0.2464355 -0.4846085 0.4777231 0.2465385 -0.6444985 0.459768 0.2524392 -0.5935929 0.488809 0.269925 -0.6842345 0.4217412 0.2950571 -0.5270909 0.4847689 0.3640717 -0.4836782 0.4778549 0.3402276 -0.5934615 0.4882357 0.3211728 -0.6428807 0.4580704 0.343621 -0.646279 0.4625356 0.3157458 -0.5897341 0.476695 0.3691555 -0.6400521 0.45276 0.36852 -0.6806972 0.400095 0.36888 -0.5808218 0.4507744 0.4217839 -0.6112539 0.4078999 0.452436 -0.627081 0.4334009 0.4110013 -0.4883407 0.4349258 0.4396538 -0.6451551 0.3929787 0.4331093 -0.4905439 0.415439 0.4604635 -0.568823 0.4047864 0.471978 -0.6102209 0.4061582 0.4508658 -0.6605188 0.332261 0.1381048 -0.6629711 0.2444406 0.1394792 -0.6421673 0.1629858 0.1465889 -0.692099 0.3719457 0.2147192 -0.6994599 0.3147885 0.2061423 -0.6951285 0.2418693 0.20253 -0.665826 0.146456 0.2090209 -0.7108548 0.3546649 0.2900247 -0.710801 0.2471518 0.2905089 -0.6667975 0.1203187 0.2948334 -0.6911961 0.1874369 0.3448078 -0.6971969 0.3333448 0.3817768 -0.6867371 0.2405982 0.4056926 -0.6441687 0.1077694 0.3775835 -0.6510946 0.1582137 0.4230535 -0.663573 0.3503006 0.4360079 -0.663936 0.2774551 0.4500545 -0.6307814 0.1940959 0.4720107 -0.5280871 0.1017526 0.4928427 -0.5747506 0.1106042 0.4750795 -0.4452556 0.1070815 0.4892944 -0.5864406 0.1478469 0.4894526 -0.4804329 0.1389535 0.5135452 -0.5649004 0.1870177 0.516498 -0.596567 0.1869701 0.4988119 -0.5111671 0.1914731 0.5305547 -0.4469944 0.1919841 0.5178898 -0.6071467 0.2386251 0.5037737 -0.5557212 0.2657428 0.5269002 -0.6163819 0.3180941 0.4959307 -0.4984362 0.2915034 0.526848 -0.4594163 0.2940386 0.5158939 -0.6161143 0.3366248 0.4884403 -0.563597 0.3364808 0.5111346 -0.5132399 0.376214 0.4939686 -0.6186012 0.3638231 0.1147922 -0.5720935 0.3777817 0.09960412 -0.4799741 0.3733265 0.1038212 -0.5097537 0.340899 0.07911878 -0.6164059 0.2852333 0.09217053 -0.5849049 0.2929664 0.07580405 -0.6171813 0.291475 0.09280276 -0.5282579 0.2879573 0.06185406 -0.4613175 0.2876554 0.07489567 -0.6100443 0.2283259 0.08780026 -0.5468283 0.2128025 0.06415951 -0.6060441 0.2157641 0.09065699 -0.4516573 0.2136369 0.07157391 -0.5946052 0.1608617 0.0982356 -0.6068782 0.2156823 0.08914488 -0.5388019 0.141546 0.08084523 -0.5852004 0.131094 0.1076009 -0.5177447 0.2124163 0.06049966 -0.4820882 0.1224927 0.08562773 -0.4521692 0.213998 0.07349473 -0.4473895 0.1200416 0.09664899 -0.5774746 0.1072051 0.1178821 -0.4707378 0.4968064 -0.2915989 -0.5075808 0.4967072 -0.2915673 -0.468191 0.4941306 -0.09527891 -0.5048738 0.4940696 -0.09527748 0.4637505 0.3476062 -0.4197835 0.6791149 0.3925275 -0.4063943 0.6601013 0.2844655 -0.4192965 0.4751092 0.4416671 -0.3764435 0.6933905 0.4733177 -0.3418626 0.4818178 0.4993162 -0.2943922 0.6983284 0.5040404 -0.2726407 0.4824745 0.510533 -0.221357 0.6983714 0.5096768 -0.1981475 0.4796361 0.4958763 -0.144361 0.6898048 0.4731141 -0.1050262 0.4703298 0.4321697 -0.06186842 0.6738694 0.3940137 -0.03920751 0.4575843 0.3337771 -0.02244734 0.6546065 0.2872955 -0.02281981 0.4457842 0.2325743 -0.03902089 0.6392206 0.1927785 -0.06296205 0.4378808 0.155303 -0.1028794 0.6306294 0.1321738 -0.1438273 0.4355837 0.1254277 -0.170199 0.4360303 0.1197248 -0.2502419 0.6300838 0.1186733 -0.244689 0.4396992 0.1459735 -0.3214741 0.6355478 0.1453672 -0.3209081 0.4393761 0.1420275 -0.3245584 0.6436671 0.1906024 -0.3764732 0.6355478 0.1453672 -0.3209081 0.4513189 0.2429634 -0.4081115 0.6745998 0.3669666 -0.4133324 0.6762621 0.2959667 -0.4150584 0.6656385 0.3161835 -0.4201883 0.6829622 0.4141188 -0.3933972 0.6926661 0.4696236 -0.3463513 0.7077395 0.4706997 -0.3357672 0.6991116 0.5100129 -0.2494622 0.7131527 0.5051948 -0.2421396 0.6946571 0.4953247 -0.1436087 0.7083585 0.4888481 -0.1429665 0.6852278 0.4511389 -0.08102619 0.6771101 0.4103969 -0.04953098 0.6681683 0.3631727 -0.02973097 0.6771121 0.3335456 -0.02816444 0.659061 0.3126512 -0.02297198 0.6504129 0.2622351 -0.02971696 0.6427771 0.2153235 -0.04951393 0.636611 0.1750895 -0.08102595 0.6480351 0.1589463 -0.1064658 0.6322587 0.1442697 -0.1221221 0.6299389 0.1249791 -0.1700183 0.6297432 0.1185647 -0.2214591 0.6316513 0.1255056 -0.2729318 0.6479182 0.1394201 -0.3004012 0.6355478 0.1453672 -0.3209081 0.6412337 0.176819 -0.362096 0.6484199 0.21772 -0.393674 0.6567183 0.2652654 -0.4134864 0.571568 -0.560625 -0.5866417 0.5720034 -0.6098931 -0.5587869 0.4852913 -0.7157917 -0.4945096 0.5863582 -0.5571041 -0.5813807 0.5875334 -0.609744 -0.548846 0.6018521 -0.3644694 -0.5797592 0.6666408 -0.5544449 -0.1434518 0.6540333 -0.6074731 -0.1767105 0.568859 -0.1738478 -0.4502431 0.4164181 0.2047792 -0.1057063 0.4501307 0.4942556 -0.104293 0.4510374 0.4967263 -0.2804406 0.6183786 0.2066336 -0.1047563 0.6208066 0.2047235 -0.2843493 0.5663065 -0.1701803 -0.2679367 0.5995131 0.2013928 -0.09727877 0.3987283 -0.1738502 -0.2600337 0.5500529 -0.1705846 -0.2570253 0.4189848 0.2049424 -0.2850051 0.3836196 -0.1736474 -0.4509634 0.6028769 0.2038543 -0.2936102 0.4001675 -0.1749687 -0.4609527 0.6704986 -0.3775361 -0.1351098 0.4374231 -0.3594651 -0.136798 0.4767397 -0.551438 -0.1356775 0.6539024 -0.5550333 -0.1367376 0.441687 -0.3636787 -0.5883795 0.5851936 -0.3631675 -0.5870696 0.4814534 -0.5608723 -0.5860248 0.3827981 -0.1784622 -0.2694258 0.4215651 -0.3609526 -0.1456075 0.5552298 -0.1928505 -0.2525337 0.6680062 -0.3588196 -0.1376557 0.5704743 -0.193733 -0.2605577 0.6844269 -0.3578561 -0.146444 0.5512984 -0.1782264 -0.4621859 0.6480181 0.3795028 -0.2819288 0.5319492 0.5005176 -0.2753651 0.5295369 0.4979693 -0.1128045 0.6444013 0.3776313 -0.1043103 0.5008698 -0.7190552 -0.4734944 0.5785393 -0.6262689 -0.5334703 0.6421357 -0.6253758 -0.1947115 0.5403831 -0.7161184 -0.2519237 0.603096 0.2056525 -0.2928914 0.5997617 0.2033755 -0.09688001 0.4370006 0.2063544 -0.2935907 0.4343499 0.2043875 -0.09666335 0.3992275 -0.1799083 -0.2587342 0.3992754 -0.1593628 -0.2564069 0.477555 -0.5616025 -0.1388588 0.47442 -0.5369127 -0.1351343 0.4632129 -0.5539831 -0.1429907 0.5552298 -0.1928505 -0.2525337 0.668362 -0.3587405 -0.136913 0.480247 -0.5519108 -0.5878269 0.4826271 -0.5773615 -0.5787174 0.4673507 -0.5609098 -0.5801766 0.4258111 -0.3662902 -0.5799761 0.6401535 -0.62316 -0.1938729 0.5717466 -0.5604894 -0.5871138 0.6540166 -0.5556574 -0.1364048 0.5768366 -0.6230409 -0.5455569 0.5720034 -0.6098931 -0.5587869 0.6704986 -0.3775361 -0.1351098 0.644077 -0.6027074 -0.1628685 0.5806038 -0.6280015 -0.527849 0.438428 -0.3629848 -0.1367215 0.4422811 -0.3649283 -0.587465 0.4854317 -0.716105 -0.4944576 0.4770154 -0.7118141 -0.2368645 0.489286 -0.7131879 -0.2281106 0.5363579 -0.7158941 -0.2362399 0.5497891 -0.1705077 -0.2596086 0.4001596 -0.1755019 -0.4612315 0.5518035 -0.1786991 -0.4636129 0.5851214 -0.3614145 -0.5868471 0.6269964 0.3710933 -0.09527766 0.630245 0.3731687 -0.2915716 0.472844 -0.7144587 -0.4738587 0.5058757 0.4940696 -0.09527748 0.4691931 0.4941306 -0.09527891 0.4717398 0.4968064 -0.2915989 0.5085827 0.4967072 -0.2915673 0.644077 -0.6027074 -0.1628685 0.6151528 0.09825587 0.1654664 0.5714517 0.03879266 0.1898676 0.5632749 0.07019418 0.1402832 0.5693134 0.0448392 0.1795913 0.5216422 0.02693587 0.169707 0.5246943 0.07284235 0.11992 0.5627246 0.07181078 0.1407475 0.4509615 0.06196022 0.1319594 0.4398443 0.03145867 0.1747933 0.6278161 0.07821112 0.222017 0.4676674 0.004837214 0.2044029 0.5767908 0.01607096 0.2675708 0.573813 0.02527016 0.230046 0.5751453 0.01917243 0.2528087 0.5421909 0.00124073 0.2481952 0.4878942 -0.01386135 0.2532113 0.4286478 2.62648e-4 0.2540653 0.6224755 0.05662852 0.2962473 0.5742585 0.01920092 0.3389915 0.5743775 0.01908177 0.3389897 0.5194761 -0.01056802 0.3221357 0.4639716 -0.01012408 0.3456344 0.4287532 0.002150833 0.3489442 0.60675 0.05559229 0.3698775 0.5186583 0.006068527 0.3872014 0.5673397 0.04416775 0.4119153 0.5674241 0.04396265 0.4116288 0.4398573 0.03540486 0.4299163 0.6076092 0.1030888 0.441425 0.5187564 0.04813706 0.4505585 0.5612168 0.07012331 0.4536687 0.5600422 0.07111889 0.4516096 0.4488565 0.06181681 0.4617597 0.4906381 0.4449868 0.1637121 0.4944076 0.4182345 0.1311494 0.5770128 0.4312846 0.1417044 0.6432078 0.455822 0.2210602 0.615571 0.4098609 0.139142 0.6305666 0.4349843 0.1794505 0.6539288 0.3899699 0.158991 0.6146184 0.4085338 0.1405174 0.5892692 0.4727983 0.2049095 0.6698744 0.4233872 0.222154 0.4856106 0.4777231 0.2465385 0.5290601 0.4891259 0.2464354 0.6455006 0.459768 0.2524392 0.594595 0.488809 0.269925 0.6852365 0.4217412 0.2950571 0.4846802 0.4778549 0.3402276 0.528093 0.4847689 0.3640717 0.5944635 0.4882357 0.3211728 0.6438828 0.4580704 0.343621 0.6472811 0.4625356 0.3157458 0.590736 0.476695 0.3691555 0.641054 0.45276 0.36852 0.6816992 0.400095 0.3688799 0.4893427 0.4349258 0.4396537 0.5818237 0.4507744 0.4217839 0.6122558 0.4078999 0.452436 0.628083 0.4334009 0.4110014 0.646157 0.3929787 0.4331093 0.4915459 0.415439 0.4604635 0.5698249 0.4047864 0.4719779 0.611223 0.4061582 0.4508658 0.6615208 0.332261 0.1381048 0.6639732 0.2444407 0.1394793 0.6431693 0.1629858 0.1465889 0.6931009 0.3719457 0.2147192 0.700462 0.3147885 0.2061423 0.6961304 0.2418693 0.20253 0.6668279 0.146456 0.2090207 0.7118567 0.3546649 0.2900248 0.7118031 0.2471518 0.290509 0.6677995 0.1203187 0.2948336 0.692198 0.1874369 0.3448078 0.6981988 0.3333448 0.3817768 0.6877391 0.2405982 0.4056926 0.6451707 0.1077694 0.3775836 0.6520966 0.1582137 0.4230535 0.664575 0.3503005 0.4360079 0.664938 0.2774552 0.4500545 0.6317834 0.1940959 0.4720107 0.5757525 0.1106042 0.4750795 0.5290892 0.1017526 0.4928427 0.4462576 0.1070816 0.4892945 0.5874426 0.1478469 0.4894526 0.481435 0.1389535 0.5135452 0.5975691 0.1869701 0.4988119 0.5659025 0.1870176 0.516498 0.5121691 0.1914731 0.5305547 0.4479964 0.1919843 0.5178899 0.6081488 0.2386251 0.5037737 0.617384 0.3180941 0.4959307 0.5567232 0.2657429 0.5269002 0.4994381 0.2915033 0.526848 0.4604183 0.2940385 0.515894 0.6171163 0.3366248 0.4884403 0.564599 0.3364808 0.5111346 0.5142418 0.3762139 0.4939686 0.6196032 0.3638231 0.1147922 0.5730956 0.3777818 0.09960412 0.4809761 0.3733264 0.1038212 0.5107558 0.340899 0.07911878 0.6174078 0.2852333 0.09217053 0.6181833 0.2914749 0.09280276 0.585907 0.2929664 0.07580405 0.5292598 0.2879573 0.06185406 0.4623196 0.2876554 0.07489567 0.6110463 0.2283259 0.08780026 0.607046 0.2157641 0.09065699 0.5478304 0.2128025 0.06415951 0.4526593 0.2136369 0.07157391 0.5956073 0.1608617 0.0982356 0.5862024 0.131094 0.1076008 0.539804 0.141546 0.08084523 0.6078801 0.2156823 0.08914488 0.5187466 0.2124163 0.06049966 0.4830902 0.1224927 0.08562773 0.4483915 0.1200416 0.09664899 0.4531712 0.213998 0.07349473 0.5784766 0.1072051 0.1178821 0.4717398 0.4968064 -0.2915989 0.5085827 0.4967072 -0.2915673 0.5058757 0.4940696 -0.09527748 0.4691931 0.4941306 -0.09527891 0.1978982 -0.3158013 -0.5805544 0.3870789 -0.4035196 -0.7012826 0.3747935 -0.3934625 -0.6786838 0.2099148 -0.3356425 -0.5858134 0.3932585 -0.4116052 -0.6526067 0.2293764 -0.3120293 -0.4459049 0.4332543 -0.3621124 -0.3984295 0.4256674 -0.3596844 -0.4489102 0.2454184 -0.3201337 -0.5943753 0.2905327 -0.306709 -0.559101 0.3907444 -0.3466721 -0.7173213 0.3823541 -0.3628388 -0.701168 0.2443786 -0.2259474 -0.5611302 0.4001967 -0.1659119 -0.6736875 0.4018581 -0.2458062 -0.6923711 0.2230249 -0.3370827 -0.557598 0.2084957 -0.3381688 -0.5394442 -0.1564965 -0.1500446 -0.5343685 0.1805639 -0.1422082 -0.5373819 0.02627509 -0.05694901 -0.6210466 -0.2296187 -0.06028515 -0.6101326 0.2598389 -0.05795598 -0.613488 0.2595474 -0.05153959 -0.6337015 0.3137323 -0.06204313 -0.6421094 0.2300502 -0.1705557 -0.542232 0.352435 -0.08214968 -0.6430882 0.3829361 -0.1190134 -0.6547189 0.2177376 -0.308846 -0.5839556 0.188096 -0.3619185 -0.5833275 0.218326 -0.3280569 -0.4136339 0.4458321 -0.3906007 -0.3652141 0.4277296 -0.3907833 -0.4906018 0.3966469 -0.2377567 -0.7059673 -0.02127856 -0.1709537 -0.5346912 -0.02156996 -0.06290262 -0.6349156 0.3614543 -0.09733039 -0.6618344 0.1852567 -0.3502581 -0.5952227 0.3719276 -0.4516322 -0.711017 0.3621812 -0.4242084 -0.7384907 0.3857406 -0.4631912 -0.6702162 0.1937501 -0.3281517 -0.5952101 0.3583729 -0.3828195 -0.7512394 0.2161982 -0.2267057 -0.5600238 0.3685708 -0.2198811 -0.7206596 0.3651846 -0.1697096 -0.7012697 0.3598619 -0.3257396 -0.7488304 0.194257 -0.3660473 -0.5593956 0.4007322 -0.4600275 -0.619015 0.2026574 -0.3606083 -0.5216069 0.4164216 -0.445806 -0.5575157 0.07286137 -0.1839154 -0.5418558 0.02521222 -0.08813273 -0.6615557 0.2160553 -0.08417248 -0.6645792 0.1778486 -0.1762872 -0.5421366 0.2652503 -0.08590203 -0.6672611 0.3005258 -0.0922001 -0.670246 0.1993611 -0.1810098 -0.5427915 0.330401 -0.1062301 -0.6753098 0.2128311 -0.196923 -0.546533 0.3523193 -0.1309791 -0.6846433 -0.1968962 -0.3158013 -0.5805544 -0.3737915 -0.3934625 -0.6786838 -0.3860769 -0.4035196 -0.7012826 -0.2089127 -0.3356425 -0.5858134 -0.3922564 -0.4116052 -0.6526067 -0.2283744 -0.3120293 -0.4459049 -0.4322522 -0.3621124 -0.3984295 -0.4246653 -0.3596844 -0.4489102 -0.2444164 -0.3201337 -0.5943753 -0.2895306 -0.306709 -0.559101 -0.3813521 -0.3628388 -0.701168 -0.3897424 -0.3466721 -0.7173213 -0.2461379 -0.1905697 -0.5516421 -0.2361676 -0.2545316 -0.570616 -0.4008561 -0.2458061 -0.6923711 -0.3991948 -0.165912 -0.6736875 -0.2220229 -0.3370827 -0.5575981 -0.2074937 -0.3381688 -0.5394442 -0.1878479 -0.1312161 -0.5447201 -0.2520447 -0.05120551 -0.6286973 -0.337935 -0.07109469 -0.6389572 -0.2192063 -0.1623129 -0.5404711 -0.3819341 -0.1190134 -0.6547189 -0.2167356 -0.308846 -0.5839556 -0.187094 -0.3619185 -0.5833275 -0.217324 -0.3280569 -0.4136339 -0.4448301 -0.3906007 -0.3652141 -0.4267275 -0.3907833 -0.490602 -0.3956449 -0.2377566 -0.7059673 -0.288545 -0.0600925 -0.6464222 -0.3604522 -0.09733039 -0.6618344 -0.2118489 -0.1969635 -0.546396 -0.1842547 -0.3502581 -0.5952227 -0.3611792 -0.4242084 -0.7384907 -0.3709256 -0.4516322 -0.711017 -0.3847386 -0.4631912 -0.6702162 -0.1927481 -0.3281517 -0.5952101 -0.3573709 -0.3828195 -0.7512394 -0.2151961 -0.2267057 -0.5600238 -0.3641825 -0.1697096 -0.7012697 -0.3675687 -0.2198811 -0.7206596 -0.3588598 -0.3257396 -0.7488304 -0.193255 -0.3660473 -0.5593956 -0.3997302 -0.4600275 -0.619015 -0.2016554 -0.3606083 -0.5216069 -0.4154196 -0.445806 -0.5575157 -0.07795131 -0.18357 -0.541885 -0.2134194 -0.08430975 -0.6643136 -0.1768466 -0.1762872 -0.5421366 -0.2642483 -0.08590203 -0.6672611 -0.2995238 -0.0922001 -0.670246 -0.1983591 -0.1810098 -0.5427915 -0.3293989 -0.1062301 -0.6753098 -0.3513173 -0.1309791 -0.6846433 0.2220164 -0.6483744 -0.7566749 0.2098835 -0.8926952 -0.4256764 0.2062322 -0.9542893 -0.5740687 0.2353836 -0.4249605 -0.6570336 0.2246827 -0.5824182 -0.2881814 0.1922472 -0.9614374 -0.5741885 0.2062957 -0.9147333 -0.8118779 0.191505 -0.921391 -0.8066127 0.1745711 -0.9028052 -0.8297325 5.01038e-4 -0.05300158 0.8838716 -0.1794252 0.02151936 0.8848182 0.1783137 1 0.04266458 0.2215864 0.9711135 0.03971499 0.3393336 0.7752433 0.5722638 0.3361529 0.7459348 0.5960193 0.2077247 0.2786614 0.3548164 0.0747286 0.4020528 -0.03062754 0.09805089 0.4062845 -0.01984679 0.1224087 0.4299916 -0.02346491 0.3424894 0.8127657 0.5068747 0.3798289 0.7968612 0.5025135 0.1293354 -0.1141833 -0.5699883 0.0733357 0.2076703 -0.6732698 0.1084623 0.2120647 -0.6568683 0.1647163 -0.09784042 -0.3752068 0.1599692 -0.1245788 -0.2106738 0.1338819 -0.1356858 -0.202226 0.08070933 0.5396697 -0.6205736 0.1626236 0.8095105 -0.50828 -0.3184993 0.6263836 0.6141057 0.3198984 0.6277688 0.6147885 -0.3260448 0.659358 0.6197571 0.327391 0.6617006 0.6197652 0.1708439 0.8340316 -0.4775793 0.1655173 0.8178232 -0.5005977 0.1330163 -0.1343787 -0.5417633 0.1293913 -0.114578 -0.5701109 0.132876 -0.1341195 -0.5441229 0.3376365 0.7584506 0.592524 0.3228005 0.6356355 0.6202949 0.1712138 0.8357431 -0.4738636 0.1588685 0.798776 -0.5124568 0.09359633 0.2588903 -0.3165177 -0.1765795 0.9960114 0.04203891 0.1775814 0.9960023 0.0420345 0.07985234 0.5384918 -0.6173853 0.07333475 0.2076743 -0.6732962 -0.07885056 0.538499 -0.6173991 0.1338819 -0.1356858 -0.202226 5.01007e-4 -0.1368842 -0.2046576 0.34249 0.8128374 0.5069061 0.1542991 -0.8348379 -0.8597978 0.1428964 -0.8591807 -0.8551496 0.1940475 -0.9027092 -0.4260178 0.1588618 0.7987446 -0.5124492 -0.1578675 0.7987776 -0.5124572 0.2067153 0.2798489 0.3520076 -0.2057933 0.2800589 0.3522624 -0.1731777 0.2494035 0.853369 -0.01049566 -0.498213 0.7331904 -0.03325277 -0.4897625 0.7282783 -0.01472818 0.4956342 0.7454679 -0.01758682 0.4945198 0.7361612 -0.06237757 0.4830944 0.7430992 -0.1308845 0.4104309 0.7919901 -0.09767889 0.4601949 0.7660693 -0.1374335 0.4091747 0.7832836 -0.1599667 0.3356775 0.8241444 -0.1798679 0.2472424 0.8452295 -0.1829668 0.1480703 0.8743847 -0.1866379 0.04550564 0.8751911 -0.1711577 -0.09936451 0.8757011 -0.1601398 -0.2028396 0.8486783 -0.1477153 -0.2278144 0.8523682 -0.1198755 -0.3693518 0.792861 5.01007e-4 -0.4960703 0.7241947 -0.07233786 -0.4585632 0.7470259 -0.09646856 0.4625792 0.7548128 -0.1640356 0.3326249 0.8167423 -0.1864766 0.1492511 0.8658876 -0.1730101 -0.1095722 0.8659788 -0.180765 -0.03437566 0.8732059 -0.1411025 -0.2904603 0.823151 0.07230579 -0.4602926 0.74614 0.03425478 -0.4897625 0.7282783 0.1384354 0.4091747 0.7832836 0.04727917 0.4888436 0.7394923 0.09747064 0.4625792 0.7548128 0.1656441 0.3326292 0.8169124 0.1673088 0.2950508 0.8393944 0.1808699 0.2472424 0.8452295 0.1830811 0.1716955 0.8712686 0.1874786 0.1492511 0.8658876 0.1876399 0.04550564 0.8751911 0.1760056 -0.06111609 0.8798617 0.1740121 -0.1095722 0.8659788 0.181767 -0.03437566 0.8732059 0.1561693 -0.2089827 0.8565722 0.1421045 -0.2904603 0.823151 0.1611418 -0.2028395 0.8486783 0.120635 -0.3709342 0.7922595 0.1524457 0.374543 0.7992658 0.1446263 0.2712975 0.5510723 0.1811977 0.04622936 0.8838632 0.1732611 0.2942517 0.8306335 0.1648833 0.2142961 0.5732285 0.1202613 0.4375596 0.7685677 0.1010009 0.3307993 0.5217558 0.0347613 -0.4887017 0.7287309 7.41306e-4 -0.358596 0.4945173 0.08115249 -0.3265633 0.51406 0.07672846 -0.4540048 0.749567 0.07541155 0.4773725 0.7462972 0.01679128 0.3590854 0.5052208 -0.01693063 0.4960322 0.7351186 0.1080606 -0.3990871 0.7785605 0.1222996 -0.26494 0.544564 0.179656 -0.05876648 0.8717479 0.1688059 -0.07367235 0.5979678 0.1753006 0.002140462 0.6044421 0.1673192 -0.158508 0.8579065 0.1869477 0.04594814 0.8750187 0.1779904 0.07654929 0.6023674 0.1877993 0.1241768 0.8688822 0.1754027 0.1484774 0.5913906 0.1848331 0.2007195 0.8564522 0.1512779 -0.2496388 0.8360266 0.1434023 -0.2100462 0.5658149 0.158537 -0.1455667 0.5844185 0.1317849 -0.330532 0.8085336 5.01007e-4 -0.4955807 0.7243297 0.07679051 -0.4534869 0.7602127 0.1234647 -0.3413156 0.8137306 5.01171e-4 -0.1474159 0.8712243 0.1118496 0.4443057 0.7748982 0.07685381 0.47669 0.756267 5.01156e-4 0.1455938 0.8782387 5.01212e-4 0.04677587 0.8867371 0.1397658 0.38824 0.8038054 5.01032e-4 0.3196292 0.8333979 5.00905e-4 0.2390616 0.8591684 -0.1930268 -0.9269291 -0.794838 0.2070837 -0.5865635 -0.2792172 -0.2060956 -0.5862799 -0.2791248 0.1939927 -0.8983654 -0.4202197 -0.1385878 -0.625267 -0.828511 -0.1460119 -0.3941909 -0.7283688 0.1394377 -0.6302999 -0.829998 0.1346174 -0.8315401 -0.8637285 -0.1335795 -0.8310179 -0.8629615 -0.1929429 -0.8995456 -0.4218766 -0.1910229 -0.9613228 -0.573619 -0.2343816 -0.4249605 -0.6570336 -0.1474501 -0.3917266 -0.7335777 -0.1532971 -0.8348379 -0.8597978 -0.2111041 -0.893885 -0.8120154 -0.2210144 -0.6483745 -0.756675 -0.1631234 -0.6325196 -0.8237769 -0.1874601 -0.9195292 -0.8164209 -0.1418944 -0.8591807 -0.8551496 0.1429041 -0.8592227 -0.8551961 -0.1930454 -0.9027092 -0.4260178 -0.1937168 -0.8797631 -0.4092012 -0.2088814 -0.8926952 -0.4256764 -0.1912451 -0.9614374 -0.5741885 -0.2052302 -0.9542891 -0.5740684 -0.2052937 -0.9147333 -0.8118779 -0.1384783 -0.628611 -0.8295068 0.2121061 -0.893885 -0.8120154 0.1360336 -0.8382282 -0.8627882 0.1340166 -0.8158882 -0.8628875 -0.190503 -0.921391 -0.8066127 -0.2060956 -0.5862799 -0.2791248 -0.2236807 -0.5824181 -0.2881815 0.1641255 -0.6325196 -0.8237769 0.1920233 -0.9605755 -0.5755942 -0.1735691 -0.9028052 -0.8297325 -0.1418944 -0.8591807 -0.8551496 0.1394804 -0.628611 -0.8295068 -0.1330146 -0.8158882 -0.8628875 -0.1350316 -0.8382282 -0.8627882 -0.1075367 -0.3918395 0.7918065 -0.1359799 -0.2986521 0.8298979 0.1884585 -0.9199786 -0.8169152 0.1940285 -0.9267973 -0.794784 0.1484521 -0.3917266 -0.7335777 0.2070977 -0.5862799 -0.2791248 0.1947188 -0.8797631 -0.4092012 0.1470175 -0.3941277 -0.7282431 -0.07091987 -0.458159 0.7571583 -0.09259432 0.2588903 -0.3165177 -0.3723824 0.7498192 0.5744606 -0.131906 -0.1340302 -0.5453351 -0.1637143 -0.09784042 -0.3752068 -0.1589671 -0.1245788 -0.2106738 -0.07233369 0.2076703 -0.6732698 -0.1286624 -0.1160053 -0.5688375 -0.3414874 0.8127657 0.5068747 -0.2205843 0.9711136 0.03971493 -0.1214067 0.4299916 -0.02346491 -0.1328799 -0.1356858 -0.202226 -0.3371809 0.7651844 0.5864878 -0.1698861 0.8341878 -0.4770684 -0.1614236 -0.1127992 -0.54816 -0.3366345 0.7584506 0.592524 -0.3414874 0.8127657 0.5068747 -0.3788269 0.7968612 0.5025136 -0.07233369 0.2076703 -0.6732698 -0.1074603 0.2120647 -0.6568683 -0.07970732 0.5396697 -0.6205736 -0.1578598 0.7987446 -0.5124492 -0.1645181 0.8178052 -0.5005584 -0.1328799 -0.1356858 -0.202226 -0.1702117 0.8357431 -0.4738636 -0.1773117 1 0.04266458 -0.09704887 0.4062845 -0.01984679 -0.07372659 0.4020528 -0.03062754 -0.1616216 0.8095105 -0.50828 -0.1283333 -0.1141833 -0.5699883 -0.131874 -0.1341195 -0.5441229 -0.3217985 0.6356355 0.6202949 -0.2067227 0.2786614 0.3548163 -0.1298069 0.2952395 0.5399903 -0.1549986 0.2441529 0.5623654 -0.163101 0.3363234 0.8152669 -0.1369663 0.4084738 0.7834127 -0.09818565 0.4608343 0.7558317 -0.08015048 -0.3265633 0.51406 2.60708e-4 -0.358596 0.4945173 -0.03375929 -0.4887017 0.7287309 -0.07572644 -0.4540048 0.749567 -0.07934844 0.3441704 0.5141335 5.01007e-4 -0.4955807 0.7243297 -0.1424003 -0.2100462 0.5658149 -0.1212976 -0.26494 0.544564 -0.1307829 -0.330532 0.8085336 -0.1070586 -0.3990871 0.7785605 -0.157535 -0.1455667 0.5844185 -0.1502759 -0.2496388 0.8360266 -0.1663172 -0.158508 0.8579065 -0.1678039 -0.07367235 0.5979678 -0.1702903 0.1822711 0.5830582 -0.1791219 0.2488608 0.8445901 -0.1765277 0.112797 0.5979689 -0.1865078 0.1497809 0.8658055 -0.1765835 0.05781948 0.6034606 -0.1859457 0.04594814 0.8750187 -0.1742986 0.002140462 0.6044421 -0.178654 -0.05876648 0.8717479 -0.5251944 -0.3262847 0.1061389 -0.5672969 -0.2783278 0.1262891 -0.5366876 -0.2738046 0.1288912 -0.5761398 -0.3017267 0.125718 -0.5588403 -0.348592 0.1041706 0.13033 -0.3825971 0.6599045 -0.583647 -0.3628901 0.1594958 -0.5998261 -0.2723743 0.2061097 -0.5355232 -0.4131345 0.09528857 -0.5189616 -0.4149998 0.09913402 0.06828081 -0.4429206 0.6243012 3.74529e-4 -0.4639661 0.6101264 0.2215304 0.2364934 0.7294982 0.1713455 0.3777068 0.6728031 -0.04429751 -0.8199225 0.1364004 0.0453065 -0.8205399 0.137484 0.04577702 -0.8016704 0.150028 -0.1621382 -0.8388128 0.1709107 -0.1697667 -0.8198781 0.1563224 5.01007e-4 -0.801784 0.1521335 5.01024e-4 -0.8468101 0.1995727 0.07267975 0.44988 0.6316593 0.1301041 0.4200082 0.6494178 -0.01142847 0.4604842 0.6235002 -0.164041 -0.8429772 0.245456 -0.05467295 -0.797324 0.4059336 -0.3120145 -0.752969 0.4700903 -0.2902424 -0.7302318 0.4729579 5.01006e-4 -0.7128236 0.4693751 -0.2396404 -0.7141391 0.4679329 -0.2850442 -0.7754104 0.4502685 0.226631 0.06472909 0.7583546 0.2160568 -0.09141385 0.7530651 5.01001e-4 -0.7310732 0.4744654 0.1747898 -0.2934565 0.7028021 0.1478294 -0.3367795 0.6719964 0.1119186 -0.3933688 0.6429738 0.06642997 -0.43363 0.6188637 0.01397198 -0.4517251 0.6072795 0.1965566 0.307244 0.6937311 -0.2844426 -0.7980962 0.4094123 0.05403876 0.4438682 0.6232476 0.1161566 0.4166042 0.639668 -0.3003877 -0.7098271 0.467756 0.1634964 0.3710539 0.6644696 -0.3000137 -0.8461654 0.2471472 -0.3302477 -0.8378131 0.1592698 -0.2767915 -0.8021422 0.1489841 -0.3343975 -0.8501399 0.1915142 -0.4305005 -0.805872 0.1445692 -0.3900744 -0.8076615 0.1384627 -0.3890416 -0.7824202 0.1368005 -0.3396324 -0.7967188 0.1425842 -0.4141089 -0.8300683 0.1890773 -0.3982003 -0.8187846 0.2941111 -0.3918768 -0.7788255 0.4111635 -0.4481499 -0.6774175 0.4808075 -0.4167462 -0.674089 0.4793738 -0.3477512 -0.6994286 0.4681729 -0.3901741 -0.6792047 0.4701976 -0.3915826 -0.7462383 0.45983 -0.4600276 -0.3635365 0.6103515 -0.4358038 -0.3184102 0.5960572 -0.4288249 -0.3697541 0.6020932 -0.4444464 -0.2953404 0.5730936 -0.4807016 -0.2904248 0.5393162 -0.4608589 -0.2932338 0.5325932 -0.5845531 -0.2551845 0.3356272 -0.5490167 -0.3580515 0.4037484 -0.5295402 -0.3318966 0.38809 -0.5445848 -0.2859755 0.360361 -0.59631 -0.2645952 0.3258767 -0.6037334 -0.2633219 0.2952702 -0.5625647 -0.3946883 0.398789 -0.5904102 -0.3861967 0.2724117 -0.5166817 -0.3534655 0.4087671 -0.5682629 -0.518889 0.3583461 -0.5750753 -0.5716034 0.2442165 -0.565342 -0.5924496 0.1437507 -0.5501615 -0.6781812 0.1686947 -0.5500877 -0.6373555 0.324527 -0.5089429 -0.7206568 0.1271238 -0.5442168 -0.6012082 0.1144717 -0.5016751 -0.6946271 0.1155722 -0.5055862 -0.6104394 0.1126573 -0.4916911 -0.6676877 0.1179162 -0.5146188 -0.7456389 0.1701263 -0.5211216 -0.7213739 0.277369 -0.4677459 -0.717473 0.1240776 -0.4330146 -0.7562261 0.1305734 -0.4682724 -0.7964016 0.1773204 -0.5117056 -0.5508895 0.1083437 -0.5863395 -0.2414302 0.1922389 -0.5934535 -0.2341879 0.2871358 -0.5630971 -0.221763 0.2575058 -0.5578058 -0.2293438 0.1966434 -0.5597113 -0.2310458 0.3103323 -0.4759178 -0.7747829 0.2806607 -0.4704009 -0.7254646 0.4091461 -0.5135774 -0.6676882 0.405803 -0.4771109 -0.603832 0.4988442 -0.4616246 -0.5885021 0.5026521 -0.4227049 -0.6478106 0.4750522 -0.4431182 -0.6081985 0.4870069 -0.5047222 -0.568543 0.4966792 -0.4650991 -0.44402 0.584145 -0.4477625 -0.5185604 0.5337401 -0.4347512 -0.4445065 0.5771461 -0.5092266 -0.4935861 0.5143437 -0.4836969 -0.3756525 0.5906672 -0.5245582 -0.3663055 0.4659819 -0.5134629 -0.3575596 0.4504751 -0.4987728 -0.3574551 0.4445681 -0.5233541 -0.3843017 0.4945595 -0.5551412 -0.4839517 0.4168652 -0.53587 -0.585766 0.4254087 -0.4507503 -0.5640419 0.507803 -0.3391621 -0.1376451 -0.6508128 -0.3530067 -0.1792927 -0.6719666 -0.3226668 -0.117012 -0.6455056 -0.2941247 -0.1057624 -0.643572 -0.2541232 -0.101691 -0.6423496 -0.1087399 -0.1043161 -0.637746 -0.02278059 -0.7330492 -0.4360947 -0.0902363 -0.7245259 -0.4223514 5.02501e-4 -0.7321485 -0.4375758 -0.07873356 -0.73067 -0.4367591 0.05866098 -0.8032835 -0.1282471 -0.1010298 -0.8019033 -0.1278277 -0.03607583 -0.7910494 -0.1350658 0.1010813 -0.8013287 -0.1259952 -0.1374164 -0.8341187 -0.1277185 -0.01979225 -0.8041331 -0.1286696 5.01018e-4 -0.8206391 0.1375263 -0.5272282 -0.3305523 0.07246071 -0.528692 -0.3859315 0.08460438 -0.5411061 -0.5995135 0.08252763 -0.5243614 -0.544705 0.09413748 -0.2421417 -0.7509862 -0.3418509 -0.2226827 -0.7410088 -0.3801063 -0.2441186 -0.7508701 -0.340884 -0.2256096 -0.7402242 -0.3803125 -0.1940658 -0.7341668 -0.4067946 -0.1823156 -0.7270687 -0.4020367 -0.1963787 -0.7329465 -0.4080111 -0.486173 -0.2952932 -0.05254775 -0.5125173 -0.287515 0.0200895 -0.5213115 -0.2992314 0.05364906 -0.5436069 -0.3023257 0.03686624 -0.5231373 -0.2979627 0.05539029 -0.3899974 -0.4454621 -0.550611 -0.4035576 -0.4227494 -0.4770902 -0.376891 -0.4573691 -0.6058197 -0.3631485 -0.4595236 -0.652352 -0.3433479 -0.3352041 -0.7221963 -0.3506041 -0.2812756 -0.7098403 -0.3396707 -0.3829741 -0.7244156 -0.4154477 -0.1894498 -0.8137819 -0.3559407 -0.2270609 -0.6916403 -0.3421549 -0.4218955 -0.7136677 -0.463387 -0.3624022 -0.2690033 -0.4562492 -0.3263411 -0.1507476 -0.4329611 -0.3620028 -0.2664694 -0.110159 -0.7312088 -0.4326999 -0.1478308 -0.7298477 -0.4278512 -0.1377411 -0.7990639 -0.1290218 -0.1631025 -0.8198586 0.1373202 -0.2372878 -0.8589509 0.130584 -0.278865 -0.8205285 0.1352424 -0.1834603 -0.7945986 -0.142755 -0.2118157 -0.790012 -0.1649599 -0.2146056 -0.780957 -0.1767394 -0.1681429 -0.7859962 -0.1428524 -0.1834809 -0.7946153 -0.1407874 -0.2124387 -0.7900452 -0.16315 -0.1506538 -0.7979258 -0.1315632 -0.1589201 -0.7310202 -0.4229684 -0.2506086 -0.7626122 -0.2946337 -0.2431678 -0.7665833 -0.2553709 -0.2523025 -0.7626127 -0.2932893 -0.2475253 -0.773903 -0.2447028 -0.2488885 -0.7739635 -0.2430838 -0.233904 -0.7832383 -0.1995911 -0.2349019 -0.7833016 -0.1978602 -0.3908849 -0.7988806 0.1251484 -0.338542 -0.8141366 0.1305975 -0.5009563 -0.6748 0.1033502 -0.4750153 -0.7284615 0.110406 -0.4376053 -0.7706196 0.1180723 -0.5167203 -0.6145406 0.09877902 -0.350836 -0.4469863 -0.689599 -0.3500581 -0.4484587 -0.6902026 -0.01748174 -0.7570773 -0.3193408 0.007161438 -0.7805024 -0.2103816 -0.2300962 -0.74186 -0.3539339 -0.3587978 -0.05956107 -0.7663473 -0.3207685 -0.03906965 -0.7582125 -0.2378392 -0.05691617 -0.6969015 5.01448e-4 -0.8470637 -0.4984859 -0.003517568 -0.9478563 0.1231164 -0.6221612 -0.3325629 0.01702761 -0.6216747 -0.3929894 0.03390979 -0.5865162 -0.2943176 -0.08320701 -0.6082448 -0.2926412 -0.03330981 -0.6145637 -0.3040339 -0.002165675 -0.6206496 -0.3053019 -0.006442725 -0.4843751 -0.4606779 -0.6546053 -0.4580694 -0.4706339 -0.7298542 -0.4184589 -0.318883 -0.8419034 -0.4210533 -0.3804494 -0.8399457 -0.4286487 -0.4297192 -0.8221503 -0.1126294 -0.8446996 -0.4967568 -0.2981679 -0.9390409 0.1149317 -0.2005287 -0.9206461 -0.1639497 -0.13052 -0.9315132 -0.1349878 -0.1767554 -0.8467791 -0.482408 -0.2491505 -0.9057673 -0.2457273 -0.443437 -0.4630451 -0.7845839 -0.4076357 -0.4553223 -0.7457301 -0.3584985 -0.5319581 -0.9332719 -0.3855717 -0.5778094 -0.8911538 -0.3762798 -0.4279997 -0.9482082 -0.5387825 -0.5820555 -0.5263989 -0.3965579 -0.08927333 -0.829019 -0.4171606 -0.1419867 -0.837109 -0.4060801 -0.1341446 -0.7945774 -0.3732752 -0.07020902 -0.7705894 -0.3869537 -0.09062474 -0.77812 -0.4060801 -0.1341446 -0.7945774 -0.3570154 -0.06383454 -0.8309785 -0.3720583 -0.1311573 -0.8745897 -0.3431125 -0.03913813 -0.7997334 -0.2727813 -0.02665978 -0.7521187 -0.2947076 -0.07794868 -0.8562947 -0.2682953 -0.02765822 -0.7521477 -0.2621923 -0.0388174 -0.8238318 -0.2184822 -0.01765722 -0.7856994 -0.1219503 -0.02462983 -0.7420518 -0.1213627 -0.02500832 -0.7423375 5.00891e-4 -0.03567749 -0.8114712 5.00767e-4 -0.07752776 -0.8502016 -0.2331951 -0.1654444 -0.9113259 0.02270126 -0.01853835 -0.7774276 0.03244477 -0.02579677 -0.7411042 0.0326972 -0.02583569 -0.7411176 0.2547615 -0.1395356 -0.8948525 5.01263e-4 -0.2950935 -0.9738038 -0.08321636 -0.4744992 -0.9987553 -0.08200061 -0.640221 -0.9197639 0.1130031 -0.6394139 -0.9185975 -0.02827417 -0.8150874 -0.6874881 -0.06458818 -0.8732966 -0.530141 5.01007e-4 -0.8742707 -0.5305449 0.1535958 -0.8747764 -0.5596157 -0.06403517 -0.8736268 -0.5303111 -0.01945197 -0.9725077 -0.1224628 5.00882e-4 -0.9914186 -0.09082078 -0.06105756 -0.9715778 -0.1221642 5.01236e-4 -1 0.03616285 5.01143e-4 -0.985437 0.102845 5.01007e-4 -0.9977747 0.07478761 -0.1461673 -0.9943798 0.07432943 -0.64773 -0.3596957 1.81429e-4 -0.6487255 -0.3457275 -0.02912759 -0.648222 -0.4026693 -0.0213111 -0.6496024 -0.3458244 -0.02934402 -0.6487377 -0.4021431 -0.02138292 -0.6425053 -0.6105114 -0.01456636 -0.6063609 -0.578132 -0.1307857 -0.602003 -0.4450103 -0.1485945 -0.5867336 -0.6676232 -0.1702415 -0.5681352 -0.7517043 -0.1665569 -0.5294863 -0.8365802 -0.1587879 -0.4838101 -0.7791637 -0.4891724 -0.4434674 -0.881262 -0.3564726 -0.3875502 -0.9189561 -0.3540205 -0.4182052 -0.7967986 -0.598523 -0.3584942 -0.8421421 -0.5886599 -0.3253361 -0.9162127 -0.4362564 -0.2741351 -0.8598747 -0.59935 -0.2498592 -0.9036921 -0.4155631 -0.2266415 -0.889218 -0.4696172 -0.268177 -0.901039 -0.4863623 -0.229977 -0.8875223 -0.4705762 -0.2547978 -0.9020756 -0.4157843 -0.2639681 -0.8128157 -0.6904358 -0.1934278 -0.8771724 -0.5025028 -0.1551501 -0.8743544 -0.5561589 -0.1934278 -0.8771724 -0.5025028 -0.2504764 -0.754189 -0.7830197 -0.02047926 -0.7034408 -0.8562704 -0.1436372 -0.6383205 -0.9174568 -0.166828 -0.6361564 -0.9167162 -0.1856846 -0.5623161 -0.9638321 -0.1381835 -0.3809118 -0.993771 -0.2432947 -0.2897511 -0.9633319 -0.2468385 -0.6268429 -0.9158322 -0.2515344 -0.6943937 -0.8548991 -0.241725 -0.6275993 -0.9157226 -0.3359371 -0.7359288 -0.7747927 -0.5202321 -0.7035115 -0.4818543 -0.5719689 -0.5856072 -0.2885143 -0.6025438 -0.3527814 -0.1698263 -0.6298974 -0.3032267 -0.06126099 -0.6475245 -0.3240783 -0.03536295 -0.6418071 -0.3144065 -0.02487254 -0.646444 -0.324086 -0.03532177 -0.5317862 -0.4436911 -0.5681493 -0.5439144 -0.4693417 -0.5757148 -0.571247 -0.3953923 -0.3194411 -0.5263633 -0.5094419 -0.6688638 -0.4919624 -0.4916052 -0.7366316 -0.4563089 -0.6560027 -0.7364338 -0.3992761 -0.6630052 -0.8124709 -0.3855717 -0.5778094 -0.8911538 -0.3290324 -0.6068273 -0.9092957 -0.326125 -0.6053513 -0.9070447 -0.2943999 -0.4687786 -0.9728741 -0.3024892 -0.380056 -0.9741075 -0.3718959 -0.3066751 -0.9415261 -0.3642225 -0.2162433 -0.9175756 -0.4270925 -0.2689259 -0.8771766 -0.4181948 -0.3200685 -0.8421718 -0.4186223 -0.254421 -0.8314403 -0.4186223 -0.254421 -0.8314403 -0.4120352 -0.2004122 -0.8852995 -0.4151561 -0.344736 -0.9189354 -0.4361087 -0.4337282 -0.8705606 -0.4197706 -0.3814944 -0.8407253 -0.4160053 -0.1904085 -0.8138573 -0.4275026 -0.4320061 -0.8224446 -0.5688566 -0.3635643 -0.2665045 -0.5400123 -0.3592576 -0.2781656 -0.1398226 -0.8721255 -0.5235165 -0.1158779 -0.8719961 -0.5269128 -0.1009938 -0.9688972 -0.1224765 -0.1134088 -0.9679174 -0.1236241 -0.2183988 -0.9962518 0.071424 -0.265394 -0.9796817 0.09690737 -0.1791163 -0.9944142 0.07416176 -0.2807604 -0.9954147 0.06628066 -0.25389 -0.9881458 -0.07937151 -0.1749302 -0.9626561 -0.1365385 -0.2253356 -0.9564519 -0.176405 -0.1731686 -0.9814241 -0.1053549 -0.2743681 -0.9713205 -0.18616 -0.2253356 -0.9564519 -0.176405 -0.1883524 -0.9611842 -0.1448262 -0.1506443 -0.9647644 -0.1294758 -0.1547464 -0.8727046 -0.5192579 -0.261435 -0.9191952 -0.3523555 -0.2658465 -0.9179769 -0.3527384 -0.2640306 -0.932951 -0.2881235 -0.2640306 -0.932951 -0.2881235 -0.3272843 -0.9701368 -0.1815397 -0.2504358 -0.945907 -0.2275887 -0.2504358 -0.945907 -0.2275887 -0.4289288 -0.9655383 0.04455584 -0.3518596 -0.9879516 0.05742895 -0.4016301 -0.9573247 0.08099603 -0.3960033 -0.9228819 0.1012242 -0.4269279 -0.9611717 0.04451495 -0.349649 -0.9848359 0.05751866 -0.5868256 -0.7883475 0.03648412 -0.5660148 -0.7683979 0.06152683 -0.6109809 -0.7462134 -0.002437472 -0.56749 -0.8377085 0.01127642 -0.6139723 -0.7460907 -0.002996087 -0.5701323 -0.839915 0.0110141 -0.4988266 -0.8903362 0.06968623 -0.5034262 -0.9127172 0.02811253 -0.5061215 -0.9159135 0.02796512 -0.630751 -0.6162284 0.02408993 -0.6373057 -0.6319558 -0.01296877 -0.458022 -0.4839755 -0.8210259 -0.4427565 -0.4638717 -0.785026 -0.458022 -0.4839755 -0.8210259 -0.4427565 -0.4638717 -0.785026 0.1512578 -0.843096 0.2456551 0.1620777 -0.8389126 0.1710721 -0.1151546 0.4166042 0.639668 -0.1291021 0.4200081 0.6494178 -0.1624944 0.3710539 0.6644696 -0.07196307 0.4366185 0.6284019 -0.01753807 0.4498338 0.6194037 -0.1955546 0.307244 0.6937311 -0.1703435 0.3777068 0.6728031 -0.06542795 -0.43363 0.6188637 -0.06760317 -0.4423468 0.6243837 -0.0273295 -0.4489243 0.608756 -0.1109166 -0.3933688 0.6429738 -0.129328 -0.3825971 0.6599045 -0.1468274 -0.3367795 0.6719964 -0.1737878 -0.2934564 0.7028021 -0.2150548 -0.09141391 0.753065 -0.225629 0.06472903 0.7583546 -0.2205284 0.2364934 0.7294982 0.5102286 -0.4935861 0.5143436 -0.04479736 -0.801635 0.1504279 -0.05850774 -0.3662253 0.4897011 0.01504385 -0.3773312 0.4822989 5.01007e-4 -0.3570998 0.4954394 -0.02335715 -0.3544647 0.4971128 -0.04581755 -0.3468182 0.5018508 -0.06609189 -0.3347718 0.5090304 -0.1350814 -0.3040875 0.5263487 -0.08408987 -0.3190209 0.5179177 -0.106678 -0.2910403 0.5324782 -0.1317133 -0.241369 0.5543171 -0.1858842 -0.1924884 0.5718262 -0.1499997 -0.1818799 0.5747373 -0.1626986 -0.1139363 0.5913028 -0.2092947 -0.04348015 0.6010073 -0.1713551 -0.03754895 0.6020801 -0.1762709 0.04225528 0.6044166 -0.2165926 0.1204202 0.5965888 -0.1764169 0.1170112 0.5972461 -0.1698408 0.1856045 0.5820216 -0.1920512 0.2602532 0.5561326 -0.1539458 0.2474757 0.5609536 -0.1356416 0.285453 0.5445208 -0.1109493 0.3516187 0.5096906 -0.1201851 0.3075788 0.5337769 -0.1020993 0.3259069 0.5241919 -0.08112674 0.3402292 0.516263 -0.05666774 0.3504858 0.5103392 4.38542e-4 0.3775991 0.4935418 -0.02899867 0.3567851 0.5065984 5.01007e-4 0.3589153 0.5053119 -0.5163938 -0.003677248 0.1320128 -0.5361712 -0.03368949 0.150299 -0.4677045 0.03739976 0.464358 -0.5026363 0.01778984 0.3897515 -0.4480078 0.1296178 0.5322099 -0.4636153 0.1171221 0.5606021 -0.4664974 0.02718549 0.4844713 -0.4730029 0.04799246 0.5238401 -0.4929746 -0.008289039 0.4690988 -0.5204936 -0.05049186 0.3970919 -0.5306087 -0.02879261 0.259926 -0.5322667 0.2574257 0.4021069 -0.537652 0.3384257 0.07499253 -0.5632737 0.4106897 0.07807022 -0.563441 0.3691058 0.04086697 -0.594806 0.4399045 0.07848846 -0.5770761 0.2484294 0.2414817 -0.5690338 0.2868574 0.1709164 -0.6229882 0.4925723 0.286168 -0.5614349 0.1524446 0.2726917 -0.600654 0.4841624 0.3522792 -0.619982 0.5147508 0.3599211 -0.6479368 0.5310099 0.3456867 -0.5864149 0.4871866 0.4488628 -0.5651126 0.2557893 0.3313396 -0.5055168 0.1631307 0.04089242 -0.5153089 0.1583412 0.023216 -0.5439491 0.1942563 0.005208492 -0.5275964 0.2866138 0.03247696 -0.5594286 0.2779815 0.006918191 -0.6172581 0.4830143 0.2083196 -0.6404454 0.518239 0.2335159 -0.6634948 0.5330016 0.2356241 -0.4748958 0.3281908 0.5196498 -0.4738847 0.3298395 0.5463207 -0.5033833 0.3682175 0.55057 -0.5243319 0.4368949 0.4800666 -0.5418439 0.4396841 0.5065634 -0.520402 5.38208e-4 0.1681292 -0.5069569 0.1699281 0.06923425 -0.5381234 0.1176975 0.02165395 -0.5785692 0.4399768 0.120356 -0.6131002 0.4866511 0.139495 -0.6675222 0.5046643 0.1479738 -0.6455603 0.4767389 0.1078319 -0.4780797 0.2843265 0.5750354 -0.5175221 -0.0262466 0.3380242 -0.5331341 -0.06304216 0.3054378 -0.5477311 -0.06577366 0.2309885 -0.5047799 0.04468345 0.09654593 -0.5203623 0.02929711 0.07775676 -0.5430487 -0.07137858 0.314817 -0.4538004 0.197279 0.5648664 -0.4873226 0.1997421 0.5894792 -0.1305643 -0.3660926 0.6576533 -0.08867722 -0.4163494 0.6295069 -0.01125377 -0.4543443 0.6051698 2.7867e-4 0.4518808 0.6181764 -0.1209041 0.4158586 0.6402388 -0.1822334 0.3389889 0.6798802 -0.2072321 0.2671433 0.7088451 -0.2190628 0.1828366 0.7326738 -0.2211149 0.1134972 0.74406 -0.2195478 0.04326307 0.7495893 -0.2127777 -0.05195957 0.7465631 -0.2015085 -0.1436887 0.7337496 -0.1850055 -0.2280483 0.7131466 -0.1617921 -0.3028886 0.6867853 -0.5520492 -0.0101785 0.1102779 -0.5680866 -0.05807256 0.1975196 -0.4858129 0.1183782 0.5716267 -0.4949539 0.04898005 0.5353275 -0.5151737 -0.009684145 0.4793328 -0.5443922 -0.05529618 0.4015182 -0.6183804 0.4349907 0.06796115 -0.5856152 0.3635363 0.02911001 -0.6719291 0.5308939 0.3570497 -0.6866369 0.5366778 0.3120113 -0.6447471 0.5139364 0.4093177 -0.6930696 0.5358934 0.2663303 -0.690683 0.5292635 0.2218715 -0.5270423 0.3667474 0.5590475 -0.5544793 0.4187933 0.5283647 -0.5875154 0.4638012 0.4893248 -0.6801702 0.5169502 0.1802539 -0.5013675 0.2864242 0.5841929 -0.5709925 -0.07128059 0.2573875 -0.5410742 0.04704493 0.05699211 -0.5678836 -0.07427543 0.3033002 -0.5599947 -0.07024079 0.3476191 -0.1643374 -0.4256366 0.6352566 -0.216928 -0.3345818 0.6829146 -0.07417303 -0.4915879 0.5885629 -0.2652477 0.3330902 0.6905792 -0.219784 0.4089621 0.6528596 -0.04829585 0.4907662 0.6013443 -0.1522247 0.4593304 0.6223313 -0.2831867 0.243265 0.7232068 -0.2840855 0.1423542 0.7463223 -0.2789665 0.04295152 0.7556065 -0.2661408 -0.1135478 0.7468811 -0.2440055 -0.249387 0.7150235 0.02443206 -0.5043757 0.5795978 -0.2462465 -0.2585663 0.7238007 -0.2277224 -0.3229938 0.6985365 0.3139033 -0.7525914 0.4702292 -0.2105693 -0.3640469 0.6796482 -0.1899203 -0.4012941 0.6599205 0.5873416 -0.2414302 0.1922388 0.5588079 -0.2293438 0.1966434 -0.1659033 -0.4338369 0.6404286 -0.1386493 -0.4612466 0.6222969 0.6008281 -0.2723743 0.2061095 -0.1081402 -0.4833664 0.6064937 0.5682988 -0.2783278 0.1262891 0.5376897 -0.2738046 0.1288912 -0.07437545 -0.4999329 0.5939612 -0.03778153 -0.5103521 0.5857724 0.5771419 -0.3017266 0.125718 -0.2106286 0.4300574 0.650748 -0.2380643 0.3991421 0.6680216 -0.04876756 0.4995388 0.6071422 -0.09587991 0.4903985 0.6130702 0.5598422 -0.3485919 0.1041706 0.5261965 -0.3262847 0.1061389 -0.1391621 0.4755972 0.6226345 0.584649 -0.3628901 0.1594958 -0.1775677 0.4554726 0.6354047 0.5365253 -0.4131345 0.09528857 0.5199636 -0.4149998 0.09913402 -0.2745218 0.3209339 0.7055207 -0.2830489 0.2750002 0.7238243 -0.2859556 0.2258488 0.7398629 -0.2848783 0.1744257 0.7527048 0.1737965 -0.8197409 0.1561313 -0.2803515 0.09755581 0.7649008 -0.2728884 -0.01014971 0.7683601 5.01007e-4 0.5026471 0.6051391 -0.2657419 -0.1147463 0.7595728 -0.2585242 -0.1866166 0.7448179 0.2912444 -0.7302318 0.4729579 0.2406424 -0.7141391 0.4679329 5.01007e-4 -0.5139296 0.5829066 -0.2594427 0.3626705 0.6865846 0.2865365 -0.7750259 0.4522982 0.2854446 -0.7980963 0.4094122 -0.1740521 -0.2674643 0.700274 -0.1893247 -0.2078961 0.7186171 -0.2013767 -0.1443764 0.7336059 -0.2127427 -0.0523644 0.7465299 -0.22106 0.1380898 0.74106 -0.2195973 0.04350405 0.7495888 -0.2167122 0.2057063 0.7269182 -0.2105257 0.2486848 0.7146708 0.3013897 -0.7098271 0.467756 0.3010157 -0.8461654 0.2471472 0.3312498 -0.8378131 0.1592698 0.2777935 -0.8021422 0.1489841 0.3353995 -0.8501399 0.1915143 0.3910765 -0.8076615 0.1384627 0.4315025 -0.805872 0.1445692 0.3900436 -0.7824202 0.1368005 0.3406344 -0.7967188 0.1425842 0.415111 -0.8300683 0.1890773 0.3992024 -0.8187847 0.294111 0.3928789 -0.7788255 0.4111635 0.4491519 -0.6774176 0.4808075 0.4177482 -0.6740891 0.4793738 0.3487532 -0.6994286 0.4681729 0.3911761 -0.6792047 0.4701976 0.3925846 -0.7462382 0.4598301 0.4610297 -0.3635364 0.6103515 0.4368059 -0.3184102 0.5960572 0.4298269 -0.369754 0.6020932 0.484699 -0.3756524 0.5906673 0.4454484 -0.2953404 0.5730936 0.4817036 -0.2904248 0.5393162 0.4618609 -0.2932338 0.5325932 0.5305421 -0.3318966 0.38809 0.5500188 -0.3580515 0.4037484 0.5855551 -0.2551845 0.3356271 0.5455868 -0.2859755 0.360361 0.5973121 -0.2645952 0.3258766 0.6047354 -0.2633219 0.2952703 0.5635668 -0.3946883 0.398789 0.5914122 -0.3861967 0.2724117 0.5176838 -0.3534655 0.4087671 0.569265 -0.518889 0.3583461 0.5760772 -0.5716034 0.2442165 0.5663439 -0.5924496 0.1437508 0.5510898 -0.6373554 0.3245271 0.5511634 -0.6781812 0.1686947 0.5026772 -0.6946271 0.1155722 0.5452188 -0.6012082 0.1144717 0.5099448 -0.7206568 0.1271238 0.5065882 -0.6104394 0.1126573 0.4926931 -0.6676877 0.1179162 0.5221236 -0.7213739 0.277369 0.5156207 -0.745639 0.1701263 0.4687479 -0.717473 0.1240776 0.4340167 -0.7562261 0.1305734 0.4692744 -0.7964017 0.1773205 0.5127076 -0.5508895 0.1083437 0.5944555 -0.2341879 0.2871358 0.5640992 -0.221763 0.2575058 0.5607134 -0.2310458 0.3103323 0.4769198 -0.774783 0.2806607 0.5145794 -0.6676882 0.4058029 0.4714028 -0.7254647 0.4091461 0.4781129 -0.603832 0.4988442 0.4626266 -0.5885021 0.5026521 0.4237069 -0.6478106 0.4750522 0.4441202 -0.6081985 0.4870069 0.5057242 -0.568543 0.4966792 0.4661011 -0.44402 0.584145 0.4487645 -0.5185604 0.5337401 0.4357532 -0.4445066 0.5771461 0.5255602 -0.3663055 0.4659819 0.5144649 -0.3575596 0.4504751 0.4997748 -0.3574551 0.4445681 0.524356 -0.3843017 0.4945596 0.5561433 -0.4839517 0.4168651 0.5368719 -0.585766 0.4254086 0.4517523 -0.5640419 0.507803 0.2115277 0.2486848 0.7146708 0.2177143 0.2057063 0.7269182 0.222062 0.1380898 0.74106 0.2205993 0.04350405 0.7495888 0.2137447 -0.0523644 0.7465299 0.2023787 -0.1443763 0.7336059 0.1903268 -0.2078961 0.7186171 0.1750541 -0.2674643 0.700274 0.6193825 0.4349907 0.06796115 0.6465623 0.4767389 0.1078319 0.5530512 -0.0101785 0.1102778 0.5420761 0.04704493 0.05699211 0.4868149 0.1183781 0.5716267 0.4883246 0.199742 0.5894792 0.5023694 0.2864242 0.5841929 0.5609967 -0.07024079 0.3476191 0.5492944 -0.05911105 0.3891313 0.5688857 -0.07427543 0.3033002 0.5719946 -0.07128059 0.2573875 0.5391253 0.1176975 0.02165389 0.5690886 -0.05807256 0.1975196 0.5280442 0.3667474 0.5590475 0.691685 0.5292635 0.2218715 0.6811721 0.5169502 0.1802539 0.6685242 0.5046643 0.1479737 0.5866171 0.3635363 0.02911001 0.5604307 0.2779815 0.006918191 0.5449512 0.1942563 0.005208492 0.5885173 0.4638012 0.4893248 0.6457491 0.5139364 0.4093177 0.5554812 0.4187932 0.5283647 0.6876389 0.5366778 0.3120113 0.6940715 0.5358934 0.2663303 0.6729312 0.5308939 0.3570497 0.531342 -0.03646653 0.439978 0.4989596 0.0344159 0.5256602 0.2662497 0.3330903 0.6905792 0.2755239 0.3209339 0.7055207 0.2604447 0.3626705 0.6865846 0.2390663 0.3991421 0.6680216 0.220786 0.4089621 0.6528596 0.2032142 -0.370754 0.6666521 0.1669053 -0.4338369 0.6404286 0.1909223 -0.4012941 0.6599205 0.3540087 -0.1792927 -0.6719666 0.3401641 -0.1376451 -0.6508128 0.3236688 -0.117012 -0.6455056 0.03878355 -0.5103521 0.5857724 0.2951267 -0.1057624 -0.643572 0.2549666 -0.1012561 -0.6420619 0.2450075 -0.249387 0.7150235 0.2472485 -0.2585663 0.7238007 0.1169872 -0.104097 -0.6378616 0.2595263 -0.1866166 0.7448179 0.2671428 -0.1135478 0.7468811 0.2667439 -0.1147463 0.7595728 0.2738904 -0.01014971 0.7683601 0.2799685 0.0429514 0.7556065 0.06916797 -0.7321599 -0.4353083 4.99512e-4 -0.7321485 -0.4375758 0.07973557 -0.73067 -0.4367591 0.2782713 -0.8204205 0.1346119 0.1120006 0.479653 0.6092486 0.04976958 0.4995388 0.6071422 0.5296941 -0.3859315 0.08460438 0.5282302 -0.3305523 0.07246071 0.2850875 0.1423542 0.7463223 0.2813535 0.09755581 0.7649008 0.2858803 0.1744257 0.7527048 0.5253635 -0.544705 0.09413748 0.2236847 -0.7410088 -0.3801063 0.2431437 -0.7509862 -0.3418509 0.2266116 -0.7402242 -0.3803125 0.2451207 -0.7508701 -0.340884 0.1833176 -0.7270687 -0.4020367 0.1950678 -0.7341668 -0.4067946 0.1973807 -0.7329465 -0.4080111 0.487175 -0.2952932 -0.05254775 0.2869576 0.2258488 0.7398629 0.2841887 0.243265 0.7232068 0.5135193 -0.287515 0.0200895 0.5223135 -0.2992314 0.05364906 0.2840509 0.2750002 0.7238243 0.5241394 -0.2979627 0.05539029 0.5446088 -0.3023257 0.03686624 0.4045596 -0.4227494 -0.4770902 0.3909994 -0.4454621 -0.550611 0.377893 -0.4573691 -0.6058197 0.2116306 0.4300574 0.650748 0.1785697 0.4554726 0.6354047 0.3641505 -0.4595236 -0.652352 0.3443499 -0.3352041 -0.7221963 0.3516061 -0.2812756 -0.7098403 0.1401641 0.4755972 0.6226345 0.3406727 -0.3829741 -0.7244156 0.4164497 -0.1894498 -0.8137819 0.3569427 -0.2270609 -0.6916403 0.09688192 0.4903985 0.6130702 0.3431569 -0.4218955 -0.7136677 0.4572513 -0.3263411 -0.1507476 0.464389 -0.3624022 -0.2690034 0.4339631 -0.3620028 -0.2664694 0.1098698 -0.4745057 0.6020853 0.07537746 -0.4999329 0.5939612 0.1091423 -0.4833664 0.6064937 0.1211785 -0.7307654 -0.4312791 0.1488328 -0.7298477 -0.4278512 0.1396513 -0.4612466 0.6222969 0.1538709 -0.7879087 -0.1360227 0.1428379 -0.7992226 -0.1301733 0.2115713 -0.3640469 0.6796482 0.2287244 -0.3229938 0.6985365 0.1641045 -0.8198586 0.1373202 0.595808 0.4399045 0.07848846 0.5213643 0.02929711 0.07775676 0.5371733 -0.03368949 0.150299 0.4646173 0.1171221 0.5606021 0.4790817 0.2843266 0.5750353 0.5440508 -0.07137858 0.314817 0.5214956 -0.05049186 0.3970919 0.5487331 -0.06577366 0.2309885 0.5043852 0.3682175 0.55057 0.6644969 0.5330016 0.2356243 0.5644431 0.3691058 0.04086697 0.5874171 0.4871867 0.4488627 0.542846 0.4396841 0.5065634 0.6489389 0.5310099 0.3456867 0.4939767 -0.008289098 0.4690987 0.4740049 0.04799246 0.5238401 0.1119514 0.3516187 0.5096906 0.1219061 0.4158586 0.6402388 0.1360834 -0.3040875 0.5263487 0.1482959 -0.3360012 0.6723613 0.175324 -0.2668067 0.7005236 0.1868863 -0.1924884 0.5718262 0.1950045 -0.1869201 0.7243096 0.2087226 -0.09857833 0.7412475 5.63472e-4 0.3775991 0.4935418 7.23343e-4 0.4518808 0.6181764 0.2102967 -0.04348003 0.6010074 0.2177322 -0.004480719 0.7494252 0.2220727 0.09007018 0.746903 0.2175946 0.1204202 0.5965888 0.2200648 0.1828366 0.7326738 0.1930532 0.2602532 0.5561326 0.2082341 0.2671433 0.7088451 0.1832354 0.3389889 0.6798802 0.07098388 -0.3594859 0.4939646 0.06420153 -0.4348204 0.6179985 0.1122768 -0.3929366 0.6431884 0.5642758 0.4106897 0.07807022 0.5795713 0.4399769 0.120356 0.6141021 0.4866512 0.139495 0.4687066 0.03739976 0.464358 0.5173959 -0.003677189 0.1320127 0.4490099 0.1296178 0.5322099 0.4548025 0.197279 0.5648664 0.4758979 0.3281908 0.5196498 0.4748867 0.3298395 0.5463208 0.5332688 0.2574257 0.4021069 0.5036384 0.01778978 0.3897515 0.5185242 -0.02624666 0.3380241 0.5316106 -0.02879267 0.259926 0.5624368 0.1524445 0.2726917 0.5341361 -0.0630421 0.3054378 0.5214039 5.382e-4 0.1681292 0.5661146 0.2557893 0.3313396 0.6414474 0.518239 0.2335159 0.61826 0.4830142 0.2083196 0.5386541 0.3384259 0.07499265 0.5700358 0.2868576 0.1709163 0.5285984 0.2866138 0.03247696 0.5163108 0.1583412 0.023216 0.5065187 0.1631307 0.04089242 0.5079589 0.169928 0.06923425 0.5780783 0.2484298 0.2414817 0.5253339 0.4368949 0.4800666 0.620984 0.5147507 0.3599213 0.6239902 0.4925723 0.2861681 0.601656 0.4841623 0.3522791 0.4674994 0.02718544 0.4844713 0.03000068 0.3567851 0.5065984 5.01007e-4 0.3589153 0.5053119 0.05766975 0.3504858 0.5103392 0.08212876 0.3402292 0.516263 0.1031013 0.3259069 0.5241919 0.1211871 0.3075788 0.5337769 0.1366436 0.285453 0.5445208 0.1549478 0.2474758 0.5609536 0.1708428 0.1856045 0.5820216 0.177419 0.1170112 0.5972461 0.1772729 0.04225528 0.6044166 0.1723571 -0.03754889 0.6020801 0.1637006 -0.1139363 0.5913028 0.1510017 -0.1818799 0.5747373 0.1327153 -0.241369 0.5543171 0.10768 -0.2910403 0.5324782 0.08509188 -0.3190209 0.5179177 0.0670939 -0.3347718 0.5090304 0.04681956 -0.3468182 0.5018508 0.02435916 -0.3544647 0.4971128 0.4929644 -0.4916052 -0.7366316 0.459024 -0.4839755 -0.8210259 0.4590714 -0.4706339 -0.7298542 0.4437586 -0.4638717 -0.785026 0.4086377 -0.4553223 -0.7457301 0.459024 -0.4839755 -0.8210259 0.4371107 -0.4337282 -0.8705607 0.4444391 -0.4630451 -0.7845839 0.4296507 -0.4297192 -0.8221503 0.4437586 -0.4638717 -0.785026 0.4285047 -0.4320061 -0.8224446 0.3885521 -0.9189561 -0.3540205 0.4444695 -0.8812621 -0.3564725 0.5304884 -0.8365802 -0.1587876 0.5691372 -0.7517043 -0.1665564 0.6435073 -0.6105114 -0.01456636 0.6497398 -0.4021431 -0.02138292 0.6317531 -0.6162284 0.02408993 0.6383077 -0.6319558 -0.01296877 0.6492241 -0.4026693 -0.0213111 0.6226766 -0.3929894 0.03390979 0.6149743 -0.7460907 -0.002996087 0.5878276 -0.7883475 0.03648412 0.6119828 -0.7462134 -0.002437472 0.5019583 -0.6748 0.1033502 0.5670167 -0.768398 0.06152683 0.5421081 -0.5995134 0.08252763 0.607363 -0.5781322 -0.1307858 0.4299308 -0.9655383 0.04455584 0.5071234 -0.9159135 0.02796512 0.5711342 -0.839915 0.0110141 0.4026321 -0.9573247 0.08099603 0.4279299 -0.9611717 0.04451495 0.5044282 -0.9127172 0.02811253 0.5021418 -0.8974502 0.06037831 0.391887 -0.7988806 0.1251484 0.4626778 -0.8892461 0.08977353 0.4386073 -0.7706196 0.1180723 0.5684919 -0.8377085 0.01127642 0.4760172 -0.7284615 0.110406 0.2817624 -0.9954147 0.06628066 0.3528616 -0.9879516 0.05742895 0.2663961 -0.9796817 0.09690737 0.1801183 -0.9944142 0.07416176 0.350651 -0.9848359 0.05751866 0.2938813 -0.9434701 0.1154628 0.2548917 -0.9881458 -0.07937145 0.3282863 -0.9701368 -0.1815395 0.2753701 -0.9713205 -0.1861599 0.2514378 -0.945907 -0.2275887 0.2263376 -0.9564519 -0.176405 0.2501525 -0.9057673 -0.2457273 0.2151702 -0.9186987 -0.1799129 0.2514378 -0.945907 -0.2275887 0.2263376 -0.9564519 -0.176405 0.3263382 -0.9162127 -0.4362564 0.2650326 -0.932951 -0.2881235 0.2650326 -0.932951 -0.2881235 0.2691789 -0.901039 -0.4863624 0.2668485 -0.9179769 -0.3527384 0.262437 -0.9191952 -0.3523555 0.2557998 -0.9020756 -0.4157843 0.2508612 -0.9036921 -0.4155631 0.1168799 -0.8719961 -0.5269128 0.1557484 -0.8727046 -0.5192579 0.1136316 -0.8446996 -0.4967568 0.1777574 -0.8467791 -0.482408 0.1408246 -0.8721255 -0.5235167 0.1944298 -0.8771724 -0.5025028 0.1944298 -0.8771724 -0.5025028 0.1741704 -0.9814241 -0.1053548 0.1516463 -0.9647644 -0.1294758 0.09975516 -0.9695419 -0.1223749 0.1714496 -0.9246167 -0.1458625 0.1041132 -0.9321244 -0.1346936 0.1370799 -0.9661303 -0.1256067 0.1893544 -0.9611842 -0.1448262 0.1893544 -0.9611842 -0.1448262 0.1157463 -0.9976519 0.07468742 0.2019895 -0.9936367 0.07244986 0.06132251 -0.9712247 -0.1220503 0.07177096 -0.8730759 -0.530012 5.00566e-4 -0.8470636 -0.4984859 0.0655902 -0.8732966 -0.530141 0.1914546 -0.2070645 -0.9324839 0.5397846 -0.5820556 -0.5263987 0.5722491 -0.3953922 -0.3194408 0.5698586 -0.3635644 -0.2665045 0.5410143 -0.3592576 -0.2781656 0.6035458 -0.3527813 -0.1698264 0.5875182 -0.2943176 -0.08320701 0.6030051 -0.4450103 -0.1485946 0.5729709 -0.5856074 -0.2885143 0.521234 -0.7035117 -0.481854 0.4573109 -0.6560027 -0.7364337 0.4002781 -0.6630052 -0.8124709 0.3369391 -0.7359288 -0.7747927 0.2835482 -0.7716566 -0.7507475 0.3143341 -0.6720396 -0.8600886 0.2427271 -0.6275993 -0.9157226 0.3772819 -0.4279997 -0.9482082 0.4161581 -0.344736 -0.9189354 0.4220553 -0.3804494 -0.8399457 0.4207726 -0.3814944 -0.8407253 0.3652244 -0.2162436 -0.9175758 0.3730604 -0.1311573 -0.8745897 0.4130373 -0.2004122 -0.8852996 0.4181627 -0.1419867 -0.837109 0.4070821 -0.1341446 -0.7945774 0.4170073 -0.1904085 -0.8138573 0.4070821 -0.1341446 -0.7945774 0.4280945 -0.2689259 -0.8771766 0.4196243 -0.254421 -0.8314403 0.4196243 -0.254421 -0.8314403 0.3728978 -0.3066752 -0.9415262 0.4194609 -0.3188831 -0.8419034 0.4191968 -0.3200685 -0.8421718 0.2442968 -0.289751 -0.9633319 0.2957096 -0.07794874 -0.8562948 0.3034912 -0.3800559 -0.9741075 0.2954019 -0.4687786 -0.9728741 0.3595005 -0.5319581 -0.9332718 0.2516128 -0.5545136 -0.9560607 0.3063582 -0.6124453 -0.910008 0.199741 -0.6329014 -0.9155158 0.3658189 -0.590257 -0.8988516 0.3865737 -0.5778094 -0.8911538 0.5273652 -0.5094419 -0.6688638 0.4853771 -0.4606779 -0.6546052 0.5449165 -0.4693417 -0.5757148 0.5327882 -0.4436911 -0.5681493 0.6485266 -0.3240783 -0.03536295 0.6308993 -0.3032267 -0.06126099 0.6216517 -0.3053019 -0.006442725 0.6092469 -0.2926412 -0.03330981 0.6506044 -0.3458244 -0.02934402 0.648732 -0.3596957 1.81429e-4 0.6497275 -0.3457275 -0.02912759 0.647446 -0.324086 -0.03532177 0.6428092 -0.3144065 -0.02487254 0.6231632 -0.3325629 0.01702761 0.6155657 -0.3040339 -0.002165675 0.5877357 -0.6676231 -0.1702415 0.4848122 -0.7791637 -0.4891724 0.4192072 -0.7967985 -0.598523 0.3594962 -0.842142 -0.5886599 0.2696163 -0.8556736 -0.6097864 0.1938995 -0.7620221 -0.7758456 0.1974382 -0.7028946 -0.8509906 0.1775955 -0.6351632 -0.9164121 0.1171945 -0.6388323 -0.9178694 0.0890004 -0.5609031 -0.9715971 0.1058145 -0.4750002 -0.9968756 0.05634301 -0.3849028 -1 0.230979 -0.8875223 -0.4705762 0.2276436 -0.889218 -0.4696171 5.01007e-4 -0.8742707 -0.5305449 0.2391531 -0.05698859 -0.6968805 0.1376973 -0.02440434 -0.742693 0.1676417 -0.02353966 -0.7438589 0.2631942 -0.0388174 -0.8238319 0.2605873 -0.02008002 -0.789754 0.2692973 -0.02765822 -0.7521478 0.3072707 -0.03494966 -0.7566692 0.3580175 -0.06383454 -0.8309785 0.3559292 -0.04728531 -0.8025258 0.3217706 -0.03906965 -0.7582125 0.3597998 -0.05956107 -0.7663473 0.3742772 -0.07020908 -0.7705894 0.39756 -0.08927333 -0.829019 0.3879557 -0.09062474 -0.77812 0.3510601 -0.4484587 -0.6902026 0.3518381 -0.4469863 -0.689599 0.339544 -0.8141366 0.1305975 0.2359039 -0.7833016 -0.1978601 0.2134407 -0.7900452 -0.16315 0.2498905 -0.7739635 -0.2430838 0.2533045 -0.7626127 -0.2932893 0.1726829 -0.796096 -0.134486 0.2310982 -0.74186 -0.3539338 0.09549343 -0.7246891 -0.4224756 0.2441698 -0.7665833 -0.2553709 0.2156076 -0.780957 -0.1767393 0.5177223 -0.6145406 0.09877902 0.234906 -0.7832383 -0.1995911 0.2128177 -0.790012 -0.1649599 0.2485274 -0.773903 -0.2447028 0.2516106 -0.7626122 -0.2946337 0.1599221 -0.7310202 -0.4229684 0.1844623 -0.7945986 -0.142755 -0.4690796 -0.3037686 0.5154698 -0.4583436 -0.2949408 0.5456459 -0.5043451 -0.3567113 0.4333177 -0.4906963 -0.3435932 0.4630008 -0.4488168 -0.5301702 0.5299265 -0.450843 -0.5651682 0.5075603 -0.4428439 -0.6096529 0.4862002 -0.5160858 -0.3538044 0.4111965 -0.4283515 -0.3549648 0.6041156 -0.4234982 -0.4126215 0.5886986 -0.4361393 -0.4504357 0.5730537 -0.4227423 -0.6478682 0.4749988 -0.3876882 -0.6813615 0.4701964 -0.3880793 -0.7830901 0.1372013 -0.4336236 -0.7562002 0.1314061 -0.5584731 -0.235149 0.3174985 -0.5489282 -0.2435028 0.3314353 -0.5573665 -0.2207434 0.2800839 -0.5430578 -0.2914704 0.3626187 -0.5620092 -0.2232903 0.2294171 -0.5504156 -0.2319898 0.1899018 -0.518921 -0.4200913 0.1001148 -0.5152273 -0.4825751 0.1069227 -0.5053631 -0.6101985 0.1123235 -0.5092399 -0.5398423 0.1128696 -0.4682008 -0.7174189 0.1246354 -0.4920874 -0.6675149 0.1183007 -0.5277703 -0.3359321 0.3893606 -0.4479421 -0.2995351 0.5703567 -0.4370331 -0.3194808 0.5936478 -0.350295 -0.6988705 0.4683292 -0.2968755 -0.7102705 0.4678776 -0.3137247 -0.8005118 0.1430588 -0.210939 -0.801733 0.1485232 -0.243507 -0.7134984 0.4687629 -0.04479497 -0.8016567 0.1502296 -0.5246464 -0.3310238 0.1052143 -0.5166736 -0.3414568 0.1066483 -0.5387976 -0.2662947 0.133478 -0.5286098 -0.2709333 0.1318929 -0.5530447 -0.2376799 0.1774418 -0.2197195 -0.3448421 0.6891741 -0.2468027 -0.2561925 0.7244819 -0.2523888 -0.2928998 0.771237 -0.1800637 -0.4171697 0.6509332 -0.2048967 -0.4141463 0.7112803 -0.1258732 -0.472687 0.614352 -0.159242 -0.4948301 0.6828487 -0.09461265 -0.538865 0.6483242 -0.05746746 -0.5067999 0.5885964 -0.04114753 -0.5549981 0.6351763 -0.238392 0.3988569 0.6681439 -0.1972743 0.4428039 0.6432595 -0.2043337 0.4902112 0.6875346 -0.2630923 0.4242227 0.7283582 -0.119687 0.4840398 0.617196 -0.02447277 0.502526 0.60526 -0.07675856 0.5434793 0.6513653 -0.1425186 0.5238564 0.6649701 -0.282399 0.2750592 0.7238962 -0.2742944 0.3206989 0.7056788 -0.2881959 0.3226752 0.7601221 -0.2923219 0.2358942 0.7869089 -0.2859556 0.2258488 0.7398629 -0.2918883 0.2357437 0.7862262 -0.2848783 0.1744257 0.7527048 -0.2859556 0.2258488 0.7398629 -0.2720822 -0.01093655 0.7681809 -0.2798535 0.09823781 0.7647284 5.00875e-4 0.548628 0.6466048 -0.2567503 -0.1893074 0.7442454 -0.2739229 0.01102143 0.7946494 -0.2829874 -0.001522183 0.8231059 -0.2653828 -0.1151121 0.7595055 5.01008e-4 -0.5142967 0.5825698 0.02002698 -0.5586779 0.6319002 -0.2596876 0.3622274 0.6867903 -0.5635705 -0.04373687 0.1677376 -0.5521358 -0.009613037 0.1100171 -0.5628841 -0.02132904 0.1129325 -0.4855911 0.156988 0.5823262 -0.4904044 0.08143961 0.5541175 -0.491019 0.1478752 0.5918057 -0.5047485 0.01552438 0.5071984 -0.5075514 0.0173034 0.5161347 -0.5297046 -0.03524482 0.44193 -0.5346505 -0.04017698 0.4463075 -0.5482146 -0.05924379 0.3892955 -0.5725015 -0.1053901 0.3521395 -0.5856245 0.3636257 0.02904993 -0.6197084 0.4355548 0.06961905 -0.6088699 0.4038384 0.03860884 -0.6866511 0.5366823 0.3119541 -0.6719673 0.5312256 0.3569175 -0.6888039 0.5420888 0.3440229 -0.6756624 0.5545408 0.3992655 -0.650581 0.5181958 0.3988418 -0.6271274 0.4995676 0.4358987 -0.600386 0.4719105 0.4894817 -0.5446709 0.1957033 0.005719244 -0.5603763 0.2798947 0.007779479 -0.5730101 0.3068323 0.003082871 -0.6906576 0.5290907 0.2218825 -0.6930539 0.5357476 0.2663403 -0.709571 0.5388711 0.2453964 -0.5220525 0.3600685 0.5651796 -0.534509 0.3656296 0.5665923 -0.567223 0.4277883 0.5291152 -0.592276 0.4692175 0.4830909 -0.5394423 0.1180712 0.02290225 -0.6463832 0.4772867 0.1094686 -0.6645905 0.4988078 0.142567 -0.6574134 0.4812384 0.1031278 -0.6916505 0.5205854 0.158803 -0.6802938 0.5160973 0.1804482 -0.4895009 0.219528 0.5902892 -0.5084967 0.2833681 0.5929472 -0.5709908 -0.07117003 0.2574092 -0.5691419 -0.06122553 0.2117615 -0.582785 -0.07124763 0.2203736 -0.5410909 0.0507279 0.05503648 -0.5448805 0.06148296 0.03720396 -0.5678936 -0.07433807 0.3031731 -0.5602508 -0.06988501 0.3481509 -0.4964774 0.2192115 0.5960488 -0.4899502 0.2193617 0.5892359 -0.4961604 0.2188552 0.5994483 -0.6470006 0.4758999 0.1102183 -0.5003579 -0.3485093 0.4471952 -0.4256079 -0.408836 0.6009543 -0.5675044 -0.1850937 0.3168553 -0.5687015 -0.2000252 0.2645112 -0.5589454 -0.215583 0.1888158 -0.514266 -0.4915896 0.1078079 -0.3345453 -0.7042654 0.4828731 -0.2544522 -0.7127858 0.4810557 -0.04429644 -0.8198538 0.1362523 -0.5191778 -0.2822924 0.08251374 -0.4673441 0.2208256 0.6648512 -0.4320348 -0.2957823 0.6279681 -0.3985791 -0.04907977 0.7485232 -0.3773391 -0.231407 0.739902 -0.328484 -0.225869 0.795071 -0.3016638 -0.3667567 0.7608882 -0.3452612 -0.3277621 0.7454012 -0.289106 -0.2545818 0.8060643 -0.2330868 -0.3960548 0.7506299 -0.31116 -0.4941801 0.6842761 -0.2638914 -0.4631754 0.7223124 -0.2461078 -0.427529 0.7454246 -0.3667799 -0.4356758 0.6795976 -0.3993582 -0.3697253 0.6651752 -0.4158093 -0.4853321 0.6002686 -0.4209938 -0.390614 0.6205621 -0.4067957 -0.5478997 0.5788964 -0.3588379 -0.5643245 0.6083329 -0.4263693 -0.6429341 0.4905173 -0.4472172 -0.5944259 0.5040202 -0.3907482 -0.6796843 0.4837579 -0.5099844 -0.01021015 0.5102557 -0.344596 -0.1362602 -0.6494443 -0.3558247 -0.219468 -0.688844 -0.3613128 -0.1840968 -0.6438171 -0.3515083 -0.1186017 -0.6096045 -0.3235994 -0.1152275 -0.6446264 -0.293639 -0.1024593 -0.6257095 -0.2853405 -0.1009101 -0.6425103 -0.1222048 -0.1039495 -0.6379493 -0.1054586 -0.1073163 -0.6221514 -0.5282614 -0.3303471 0.07372832 -0.5293137 -0.3871404 0.08553504 -0.5243791 -0.5456438 0.094208 -0.4787673 -0.3019816 -0.07461059 -0.4981141 -0.2902327 -0.01645249 -0.5121548 -0.2864453 0.01866251 -0.5231373 -0.2979627 0.05539029 -0.4028754 -0.4239385 -0.4819375 -0.3907784 -0.4270305 -0.5084704 -0.3896952 -0.4443729 -0.5524914 -0.3766778 -0.4563833 -0.6071782 -0.3651089 -0.4541919 -0.6270018 -0.3630139 -0.4583088 -0.6535928 -0.3506041 -0.2812756 -0.7098403 -0.3440794 -0.3343929 -0.721753 -0.3523253 -0.2550081 -0.6865569 -0.3406667 -0.3822685 -0.7238984 -0.3379988 -0.4050157 -0.7083172 -0.3428968 -0.4208202 -0.7134387 -0.4327585 -0.3622235 -0.267961 -0.4571585 -0.3250083 -0.1475487 -0.4410322 -0.3266664 -0.1650035 -0.165215 -0.8198589 0.1373232 -0.2799611 -0.8205278 0.135275 -0.3915342 -0.7991936 0.1264649 -0.3391374 -0.8143579 0.1316211 -0.5018703 -0.6750014 0.104682 -0.4760213 -0.7286605 0.111871 -0.4385191 -0.7708921 0.119542 -0.5167203 -0.6145406 0.09877902 -0.3509086 -0.4467068 -0.6896577 -0.3509086 -0.4467068 -0.6896577 -0.348582 -0.4387391 -0.6794763 -0.512247 0.6440446 -0.4297282 -0.4641988 0.6824058 -0.4281179 -0.5132243 0.666548 -0.417204 -0.4841378 0.6884408 -0.4158501 -0.5144479 0.6672776 -0.4182073 -0.4853421 0.6895654 -0.416969 -0.5288968 0.6354489 -0.4179525 -0.5295551 0.6352995 -0.4183498 -0.3607017 -0.3568313 -0.6655772 -0.3595038 -0.4119075 -0.6556679 -0.3595338 -0.4119108 -0.6556795 -0.367729 -0.2971372 -0.6509823 -0.3596079 -0.3568395 -0.6651608 -0.668219 0.5729866 0.04585981 -0.716862 0.633553 0.1379455 -0.6832621 0.6449254 0.05093282 -0.682389 0.6446321 0.05125892 -0.6130408 0.5738102 -0.08760845 -0.6677111 0.5727863 0.04602068 -0.6595038 0.4915033 0.09636545 -0.5612928 0.3813191 -0.07277363 -0.5338565 0.3729771 -0.1645274 -0.484264 0.1366142 -0.2090229 -0.491506 0.2853425 -0.3355066 -0.4425879 -0.01840382 -0.3647533 -0.4461615 0.101162 -0.4022499 -0.3896443 -0.03808671 -0.5222625 -0.4043589 0.02535325 -0.4826663 -0.4033465 -0.03079819 -0.5025197 -0.413083 0.02109169 -0.4741227 -0.413492 0.02090013 -0.4744458 -0.4032006 -0.03492301 -0.5052101 -0.3593974 -0.05970042 -0.5519393 -0.3858289 -0.1346151 -0.5732154 -0.3861259 -0.1333132 -0.5725294 -0.5821029 -0.09234338 0.2959949 -0.4764775 -0.2811505 -0.04016792 -0.506703 0.008638441 -0.04685777 5.00585e-4 0.765015 0.3826179 -0.2797366 0.741949 0.4184975 5.00961e-4 0.8107481 0.274142 -0.4064152 0.817997 0.2513384 -0.4596908 0.8349154 0.1803389 -0.349895 0.8402562 0.1351608 -0.4552387 0.8384755 0.1197457 -0.54842 0.8034334 0.2507878 -0.3873635 0.8404825 0.1306143 -0.3932998 0.8404604 0.09063041 -0.4953783 0.835851 0.1118051 -0.5956056 0.8101358 0.08881694 -0.5764799 0.8147938 0.1809726 -0.5618788 0.8253293 0.09680831 -0.6172854 0.7969888 0.0820477 -0.514922 0.7387531 -0.3002046 -0.6592006 0.7559938 0.06823277 -0.5905243 0.7366625 -0.1267897 -0.6098523 0.6947481 -0.1215293 -0.60787 0.642169 -0.141748 -0.5858412 0.5765805 -0.1944815 -0.5230548 0.4241908 -0.3315194 -0.5210705 0.527151 -0.4172853 -0.4637866 0.2833437 -0.4231519 -0.4709472 0.374868 -0.4361141 -0.4481411 0.2078354 -0.4281542 -0.5048641 0.4686661 -0.4165056 -0.428316 0.1544452 -0.4457948 -0.4368821 0.1453154 -0.436386 -0.5187956 0.5733886 -0.431469 -0.5556926 0.5577561 -0.3483618 -0.5684428 0.6163067 -0.3307855 -0.5614694 0.6589112 -0.3453806 -0.549893 0.7030135 -0.3177655 -0.444013 0.831223 4.95993e-4 -0.2501974 0.8382494 0.1448497 4.99928e-4 0.8287535 0.2079796 -0.2496594 0.8383943 0.1448841 -0.1071333 0.8376004 0.1520336 0.06941771 0.8376752 0.1533095 -0.1066675 0.837706 0.1520511 0.06792366 0.8378618 0.1533417 -0.02784448 0.8339138 -0.001599788 -0.3556885 0.7966051 -0.1888691 0.1656314 0.6906093 -0.421401 -0.02789545 0.7088185 -0.3982205 -0.02892792 0.7087789 -0.3981975 -0.5313462 0.5871073 -0.4173735 -0.5334287 0.5952138 -0.4188951 -0.4779855 0.7636179 -0.268504 -0.4030136 0.7804345 -0.2488444 -0.3949309 0.7565153 -0.3165127 -0.4451046 0.7035788 -0.4154253 -0.390923 0.7093418 -0.4116004 -0.3769322 0.6930319 -0.4266589 -0.3936539 0.7076425 -0.4107863 -0.2922989 0.7091577 -0.4042058 -0.4431169 0.7015612 -0.4137158 -0.146947 0.6905046 -0.42096 -0.1801534 0.7259425 -0.3717734 -0.2874959 0.709321 -0.4041221 -0.4154862 0.07714134 -0.4614349 -0.4230666 0.07412743 -0.4533528 -0.4332118 0.1280076 -0.4397782 -0.4236015 0.07417857 -0.4536193 -0.6802189 0.7056221 0.05815404 -0.7075968 0.7100872 0.1462635 -0.6819275 0.7555899 0.1649938 -0.6704999 0.7351014 0.06376463 -0.7299066 0.6436833 0.2227956 -0.7077195 0.7070593 0.2411406 -0.7231804 0.5764628 0.2322397 -0.5505436 0.1969459 -0.005267739 -0.5175153 0.2081916 -0.1090056 -0.4640228 -0.06929898 -0.1691243 -0.4176715 -0.1020061 -0.4691113 -0.3665218 -0.2969357 -0.6505548 -0.3728599 -0.240751 -0.6313222 -0.37352 -0.2406491 -0.631482 -0.3792309 -0.1861749 -0.6051359 -0.3792309 -0.1861749 -0.6051359 -0.5932425 0.7114617 0.39778 -0.6299241 0.6794081 0.411036 -0.6704346 0.7355127 0.2772899 -0.6245093 0.7693982 0.2658271 -0.6620089 0.6587653 0.3987446 -0.7104571 0.6777113 0.2955728 -0.69911 0.6419573 0.3562629 -0.6644886 0.6181592 0.4161716 -0.716345 0.5740358 0.3163275 -0.7179352 0.609551 0.3284929 -0.4308955 0.7857481 0.3280547 -0.4630608 0.7308006 0.4194339 -0.5376266 0.7138603 0.4233554 -0.6301748 0.7936671 0.1793985 -0.4229241 -0.3521842 -0.2660285 -0.282886 -0.05992376 -0.5681467 -0.2995337 0.01171398 -0.5088508 -0.09389489 -0.05680102 -0.5557442 -0.02816629 -0.01813179 -0.5182836 -0.3259037 0.2061607 -0.4632418 -0.3548673 0.09767699 -0.4702012 -0.2701708 0.098266 -0.4748058 5.01003e-4 0.1246416 -0.4607359 5.01015e-4 0.07163816 -0.4722952 5.01032e-4 0.02329099 -0.4919818 -0.09954714 0.1948406 -0.4565608 0.08997619 0.1949277 -0.4562538 -0.4408983 0.5330889 -0.450389 -0.3458448 0.5417807 -0.4578666 -0.390297 0.6252624 -0.4465748 -0.1170299 0.5277581 -0.4530866 5.00991e-4 0.6291934 -0.437328 -0.313892 0.2434026 0.812334 -0.3014862 0.4448205 0.7368119 -0.3292836 0.3273401 0.7887054 -0.4072 0.5335186 0.6599933 -0.3993824 0.3979958 0.7350262 -0.2354846 -0.5319922 0.6810805 5.01222e-4 -0.7102729 0.4814252 -0.01076388 -0.6566241 0.5523396 -0.03914254 -0.6000091 0.6162433 0.07584029 -0.5719041 0.6374267 -0.2822417 -0.1882171 0.8171962 -0.3428013 -0.07786858 0.8158025 -0.4401497 0.2278245 0.720829 -0.504154 0.349395 0.6279758 -0.4792409 0.218689 0.6417269 -0.4339885 0.2292271 0.7286157 -0.3826053 0.1238999 0.7904111 -0.3005311 -0.01083618 0.8381965 -0.3146269 -0.07377815 0.8346003 0.05652725 0.567892 0.6470814 5.00584e-4 0.656027 0.5519351 -0.5259792 0.4612862 0.6121314 -0.4331356 0.3423362 0.7257108 -0.3617156 0.2441347 0.7993025 -0.3641828 0.2441589 0.7994485 -0.3341362 0.1138105 0.8324614 -0.3144994 0.2439811 0.814687 -0.1392655 0.552411 0.6588822 -0.1430945 0.5756145 0.6439433 -0.3359972 0.5950444 0.619624 -0.3303087 0.6756407 0.5182324 -0.4360659 0.5998782 0.5967354 -0.5373863 0.6430432 0.5061799 -0.6450205 0.573833 0.449164 -0.5277115 0.5320097 0.5972841 -0.4880522 0.5502943 0.6144363 -0.09020382 -0.5667346 0.6428827 -0.2131261 -0.6006134 0.6169932 -0.2645666 -0.6490301 0.5623217 -0.3293436 -0.612285 0.5827503 0.4593456 -0.2949408 0.545646 0.4700816 -0.3037686 0.5154698 0.4916983 -0.3435932 0.4630008 0.505347 -0.3567113 0.4333177 0.4518451 -0.5651682 0.5075603 0.4498189 -0.5301702 0.5299265 0.4438459 -0.6096529 0.4862002 0.5170877 -0.3538044 0.4111965 0.4245002 -0.4126216 0.5886986 0.4293535 -0.3549648 0.6041156 0.4371413 -0.4504357 0.5730537 0.3886902 -0.6813615 0.4701964 0.4237443 -0.6478682 0.4749989 0.4346256 -0.7562002 0.1314061 0.3890813 -0.7830901 0.1372013 0.5499301 -0.2435028 0.3314353 0.5594752 -0.235149 0.3174985 0.5583685 -0.2207434 0.2800838 0.5440598 -0.2914704 0.3626187 0.5630112 -0.2232903 0.2294171 0.5514176 -0.2319898 0.1899018 0.5162293 -0.4825751 0.1069227 0.519923 -0.4200913 0.1001148 0.510242 -0.5398424 0.1128696 0.5063652 -0.6101985 0.1123235 0.4692028 -0.7174189 0.1246354 0.4930894 -0.6675149 0.1183007 0.5287724 -0.3359321 0.3893606 0.4489441 -0.2995351 0.5703567 0.4380351 -0.3194808 0.5936478 0.2976701 -0.7103202 0.4678491 0.3512969 -0.6988705 0.4683292 0.3147267 -0.8005118 0.1430588 0.211941 -0.801733 0.1485232 0.2418856 -0.7140839 0.4678729 0.04579699 -0.8016567 0.1502296 0.5256485 -0.3310238 0.1052143 0.5176756 -0.3414568 0.1066483 0.5296117 -0.2709333 0.1318929 0.5397997 -0.2662947 0.133478 0.5540468 -0.2376799 0.1774418 0.2533908 -0.2928999 0.771237 0.2478047 -0.2561925 0.7244819 0.2207216 -0.3448421 0.6891741 0.2058987 -0.4141463 0.7112803 0.1810657 -0.4171697 0.6509332 0.160244 -0.4948301 0.6828486 0.1268752 -0.472687 0.614352 0.09561467 -0.538865 0.6483242 0.05846953 -0.5067999 0.5885964 0.2053357 0.4902112 0.6875346 0.2275055 0.4152456 0.6593686 0.2640943 0.4242228 0.7283582 0.07776057 0.5434793 0.6513653 0.07440906 0.4963729 0.6092035 0.1627876 0.4658117 0.6289235 0.1435208 0.5238564 0.6649702 0.2891979 0.3226754 0.7601221 0.2752964 0.3206989 0.7056788 0.283401 0.2750592 0.7238962 0.2933239 0.2358942 0.7869089 0.2869576 0.2258488 0.7398629 0.2928903 0.2357437 0.7862262 0.2858803 0.1744257 0.7527048 0.2869576 0.2258488 0.7398629 0.2749249 0.01102143 0.7946494 0.2730842 -0.01093655 0.7681809 0.2808555 0.09823781 0.7647284 0.2839894 -0.001522183 0.8231059 0.2577523 -0.1893074 0.7442454 0.2663848 -0.1151121 0.7595055 0.2606896 0.3622274 0.6867903 0.5638862 -0.0213291 0.1129326 0.5531378 -0.009613037 0.1100171 0.5645725 -0.04373687 0.1677376 0.4914065 0.08143961 0.5541175 0.4865931 0.156988 0.5823262 0.492021 0.1478753 0.5918057 0.5085535 0.0173034 0.5161347 0.5057504 0.01552438 0.5071984 0.5356524 -0.04017692 0.4463075 0.5307065 -0.03524482 0.44193 0.5492165 -0.05924379 0.3892955 0.5735036 -0.1053901 0.3521395 0.6207104 0.4355548 0.06961905 0.5866264 0.3636257 0.02904993 0.6098719 0.4038385 0.0386089 0.6898059 0.5420888 0.3440228 0.6729692 0.5312256 0.3569175 0.6876532 0.5366823 0.3119541 0.6766645 0.5545408 0.3992655 0.6281295 0.4995676 0.4358987 0.651583 0.5181958 0.3988418 0.6013881 0.4719105 0.4894817 0.5456729 0.1957033 0.005719244 0.5613784 0.2798947 0.007779479 0.5740121 0.3068323 0.003082871 0.7105731 0.5388711 0.2453965 0.6940559 0.5357476 0.2663403 0.6916596 0.5290907 0.2218825 0.5355109 0.3656295 0.5665924 0.5230546 0.3600685 0.5651796 0.568225 0.4277883 0.5291152 0.5932779 0.4692175 0.4830909 0.5404444 0.1180711 0.02290225 0.6655926 0.4988078 0.142567 0.6473851 0.4772867 0.1094686 0.6584154 0.4812384 0.1031278 0.6926526 0.5205854 0.1588029 0.6812958 0.5160973 0.1804482 0.5094987 0.2833681 0.5929472 0.4905029 0.219528 0.5902892 0.5701438 -0.06122553 0.2117615 0.5719928 -0.07117003 0.2574092 0.583787 -0.07124763 0.2203737 0.5458826 0.06148296 0.03720396 0.5420929 0.0507279 0.05503648 0.5688957 -0.07433807 0.3031731 0.5612528 -0.06988501 0.3481509 0.4974794 0.2192115 0.5960488 0.4909522 0.2193617 0.5892359 0.4971624 0.2188552 0.5994483 0.6480025 0.4758999 0.1102183 0.5013598 -0.3485093 0.4471952 0.4266099 -0.4088361 0.6009543 0.5685065 -0.1850937 0.3168553 0.5697035 -0.2000252 0.2645112 0.5599474 -0.215583 0.1888157 0.515268 -0.4915896 0.1078079 0.286244 -0.7123055 0.4814679 0.04529845 -0.8198538 0.1362523 0.5201799 -0.2822924 0.08251374 0.4330368 -0.2957823 0.627968 0.4683461 0.2208256 0.6648511 0.5109865 -0.01021003 0.5102558 0.3995811 -0.04907953 0.7485233 0.378341 -0.2314066 0.7399022 0.329486 -0.2258688 0.7950711 0.3026658 -0.3667567 0.7608882 0.3462631 -0.3277621 0.7454012 0.290108 -0.2545819 0.8060643 0.2340888 -0.3960548 0.7506299 0.2648935 -0.4631753 0.7223124 0.3121621 -0.4941801 0.6842761 0.2471098 -0.4275289 0.7454248 0.3677818 -0.4356759 0.6795976 0.4003603 -0.3697251 0.6651752 0.4168113 -0.4853321 0.6002687 0.4219957 -0.3906141 0.6205621 0.4077978 -0.5478998 0.5788963 0.3598399 -0.5643245 0.6083329 0.4273713 -0.6429341 0.4905173 0.4482192 -0.5944259 0.5040202 0.3766203 -0.6903724 0.4827349 0.3623148 -0.1840968 -0.6438171 0.3568267 -0.219468 -0.688844 0.345598 -0.1362602 -0.6494443 0.3525103 -0.1186017 -0.6096045 0.3246014 -0.1152275 -0.6446264 0.294641 -0.1024593 -0.6257095 0.2863425 -0.1009101 -0.6425103 0.1164062 -0.1042478 -0.6378547 0.0995475 -0.1077509 -0.6234951 0.5303156 -0.3871404 0.08553504 0.5292635 -0.3303471 0.07372832 0.5253811 -0.5456438 0.094208 0.4991161 -0.2902327 -0.01645249 0.4797694 -0.3019816 -0.07461059 0.5131568 -0.2864453 0.01866251 0.5241394 -0.2979627 0.05539029 0.3917804 -0.4270305 -0.5084704 0.4038774 -0.4239385 -0.4819375 0.3906973 -0.4443729 -0.5524914 0.3776798 -0.4563833 -0.6071782 0.3661109 -0.4541919 -0.6270018 0.3640159 -0.4583088 -0.6535928 0.3533273 -0.2550082 -0.6865569 0.3450814 -0.3343929 -0.721753 0.3516061 -0.2812756 -0.7098403 0.3390008 -0.4050156 -0.7083172 0.3416687 -0.3822685 -0.7238984 0.3438988 -0.4208202 -0.7134387 0.4420342 -0.3266664 -0.1650035 0.4581605 -0.3250083 -0.1475487 0.4337605 -0.3622235 -0.267961 0.166217 -0.8198589 0.1373232 0.2809631 -0.8205278 0.1352749 0.3401395 -0.8143579 0.1316211 0.3925362 -0.7991936 0.1264649 0.4770233 -0.7286605 0.111871 0.5028724 -0.6750014 0.104682 0.4395211 -0.7708921 0.119542 0.5177223 -0.6145406 0.09877902 0.3519107 -0.4467068 -0.6896577 0.3519107 -0.4467068 -0.6896577 0.349584 -0.4387391 -0.6794763 0.4652007 0.6824058 -0.4281179 0.513249 0.6440446 -0.4297282 0.4851398 0.6884408 -0.4158501 0.5142263 0.666548 -0.417204 0.486344 0.6895654 -0.416969 0.5154499 0.6672776 -0.4182073 0.5298989 0.6354489 -0.4179525 0.5305572 0.6352995 -0.4183498 0.3617038 -0.3568313 -0.6655772 0.3605058 -0.4119075 -0.6556679 0.3605359 -0.4119108 -0.6556795 0.368731 -0.2971372 -0.6509823 0.3606099 -0.3568395 -0.6651608 0.6692211 0.5729866 0.04585981 0.7178639 0.633553 0.1379455 0.6842642 0.6449254 0.05093282 0.6140429 0.5738102 -0.08760851 0.6833911 0.6446321 0.05125892 0.6687131 0.5727863 0.04602068 0.6605059 0.4915033 0.09636545 0.5622949 0.3813191 -0.07277357 0.5348586 0.3729772 -0.1645274 0.485266 0.1366142 -0.2090229 0.4925081 0.2853425 -0.3355065 0.4471635 0.1011621 -0.4022499 0.4053609 0.02535325 -0.4826663 0.393488 -0.02103304 -0.5116528 0.414085 0.02109169 -0.4741227 0.4043486 -0.03079819 -0.5025197 0.414494 0.02090013 -0.4744458 0.4042026 -0.03492301 -0.5052101 0.3803751 -0.09698152 -0.5679075 0.3603995 -0.05970042 -0.5519392 0.3868309 -0.1346151 -0.5732154 0.3871279 -0.1333132 -0.5725294 0.583105 -0.09234338 0.2959948 0.4774795 -0.2811505 -0.04016786 0.5077051 0.008638381 -0.04685783 0.2807387 0.741949 0.4184976 0.4074172 0.817997 0.2513384 0.4606928 0.8349154 0.1803387 0.4562407 0.8384755 0.1197457 0.350897 0.8402562 0.1351608 0.5494219 0.8034334 0.2507878 0.4963803 0.835851 0.1118051 0.4242553 0.8412304 0.1248034 0.577482 0.8147938 0.1809726 0.5966077 0.8101358 0.08881694 0.5628808 0.8253293 0.09680831 0.6182873 0.7969888 0.0820477 0.6602025 0.7559938 0.06823277 0.5915263 0.7366625 -0.1267899 0.6108544 0.6947481 -0.1215293 0.6088721 0.642169 -0.141748 0.5868434 0.5765807 -0.1944811 0.5566945 0.5577561 -0.3483618 0.5240569 0.4241911 -0.3315192 0.4719491 0.3748679 -0.4361141 0.4491431 0.2078353 -0.4281542 0.4647886 0.2833436 -0.4231519 0.429318 0.1544452 -0.4457948 0.4378842 0.1453154 -0.436386 0.5058662 0.4686661 -0.4165056 0.5220724 0.527151 -0.4172853 0.5694449 0.6163066 -0.3307854 0.5624714 0.6589112 -0.3453807 0.5508951 0.7030135 -0.3177654 0.445015 0.831223 4.96037e-4 0.2511994 0.8382495 0.1448497 0.350897 0.8402562 0.1351608 0.2506615 0.8383943 0.1448841 0.5197977 0.5733886 -0.431469 0.5323483 0.5871073 -0.4173735 0.5344306 0.5952138 -0.4188951 0.5159241 0.7387531 -0.3002045 0.4789876 0.7636178 -0.2685042 0.3975272 0.7877374 -0.2249776 0.396498 0.7570216 -0.3148151 0.4337807 0.7232663 -0.38642 0.3107461 0.7093449 -0.4054058 0.3946559 0.7076425 -0.4107863 0.3810674 0.7087064 -0.4098882 0.4441189 0.7015612 -0.4137158 0.4445017 0.7020038 -0.4140834 0.2116464 0.7091345 -0.4013293 0.143362 0.7083891 -0.3994874 0.4164882 0.07714134 -0.4614349 0.4342138 0.1280076 -0.4397782 0.4240686 0.07412743 -0.4533528 0.4246035 0.07417857 -0.4536193 0.6812209 0.7056221 0.05815404 0.671502 0.7351014 0.06376463 0.6829295 0.75559 0.1649938 0.7085989 0.7100872 0.1462636 0.7087215 0.7070593 0.2411406 0.7309086 0.6436833 0.2227955 0.7241825 0.5764628 0.2322397 0.5515456 0.1969459 -0.005267798 0.5185174 0.2081918 -0.1090057 0.4650248 -0.06929904 -0.1691243 0.4435899 -0.01840382 -0.3647532 0.4186735 -0.102006 -0.4691114 0.3738619 -0.240751 -0.6313222 0.3675239 -0.2969357 -0.6505548 0.374522 -0.2406491 -0.631482 0.3802329 -0.1861749 -0.6051359 0.3802329 -0.1861749 -0.6051359 0.630926 0.6794081 0.411036 0.5942445 0.7114617 0.39778 0.6714366 0.7355127 0.2772899 0.6630108 0.6587653 0.3987446 0.7114591 0.6777113 0.2955729 0.6654906 0.6181593 0.4161716 0.700112 0.6419574 0.3562629 0.7173469 0.5740358 0.3163275 0.7189372 0.609551 0.3284931 0.6255113 0.7693982 0.2658271 0.4318975 0.7857481 0.3280547 0.5386286 0.7138603 0.4233554 0.4576182 0.7378507 0.4090642 0.6311768 0.7936671 0.1793985 0.4239261 -0.3521842 -0.2660285 0.4470562 0.6019563 -0.4455059 0.2838881 -0.0599237 -0.5681467 0.2780962 0.01091498 -0.5094397 0.07936757 -0.06302618 -0.5612546 0.4520814 0.5113209 -0.447658 0.3267299 0.2054913 -0.4632919 0.3558694 0.09767699 -0.4702012 0.2711727 0.098266 -0.4748058 0.3717092 0.5474909 -0.4569419 0.2792437 0.4708251 -0.459182 0.3779342 0.6930319 -0.4266589 0.3502514 0.6332472 -0.4446102 0.1191147 0.5323749 -0.452538 0.3302856 0.32734 0.7887054 0.2826955 0.4598106 0.7257516 0.3252751 0.4973301 0.7047133 0.4003844 0.3979958 0.7350262 0.4082022 0.5335187 0.6599931 0.3223261 0.5671455 0.6460754 0.2173706 -0.59632 0.6214947 0.3075346 -0.5926485 0.6111893 0.2832437 -0.1882171 0.8171961 0.3438034 -0.0778684 0.8158025 0.5051559 0.349395 0.6279757 0.480243 0.218689 0.6417269 0.4349905 0.2292271 0.7286156 0.4411516 0.2278245 0.720829 0.3836073 0.1238999 0.7904111 0.3015331 -0.01083618 0.8381965 0.3156289 -0.07377821 0.8346003 0.6460224 0.5738329 0.4491639 0.5269812 0.4612864 0.6121314 0.4341375 0.3423362 0.7257109 0.3627176 0.2441347 0.7993025 0.3651847 0.2441589 0.7994486 0.3351383 0.113811 0.8324614 0.3155014 0.2439811 0.814687 0.314894 0.2434026 0.812334 0.08932685 0.5822977 0.6382141 0.3833538 0.642258 0.5606873 0.4370678 0.5998782 0.5967355 0.5383885 0.6430433 0.5061798 0.5287136 0.5320097 0.597284 0.4890542 0.5502943 0.6144363 0.3015651 0.6886622 0.4998251 0.1962395 -0.5500665 0.6655328 0.2664612 -0.6539136 0.5567452</float_array>
          <technique_common>
            <accessor source="#rfs_aimcore_v1-mesh-positions-array" count="3499" stride="3">
              <param name="X" type="float"/>
              <param name="Y" type="float"/>
              <param name="Z" type="float"/>
            </accessor>
          </technique_common>
        </source>
        <source id="rfs_aimcore_v1-mesh-normals">
          <float_array id="rfs_aimcore_v1-mesh-normals-array" count="10497">-0.2342789 0.9712855 -0.0414468 -0.6668401 0.7437866 -0.0458911 -0.2086768 0.7868111 0.5808462 0.3246423 -0.5929978 -0.736859 -0.06956493 -0.3881206 -0.9189795 0.2225385 -0.06057858 -0.9730401 0.5955583 -0.06805956 -0.8004239 0.8009019 -0.4201792 -0.4266211 0.9096361 0.01735681 -0.4150435 0.917221 -0.3962157 0.04145967 0.989246 -0.07421451 0.1260349 -0.1157007 0.07451868 -0.990485 0.1563932 0.3897916 -0.9075261 0.5502567 0.3904296 -0.7380937 0.7574737 0.50444 -0.4144564 0.8969354 0.423936 -0.12564 0.9049482 0.3450595 0.2490037 0.0363267 0.6815719 -0.7308489 0.4102804 0.759618 -0.5046292 0.4432987 0.8920849 -0.08758395 0.6451582 0.7307313 0.2231655 -0.6044163 0.6602655 0.445792 -0.883548 0.4128776 0.2210772 -0.8292747 0.1058347 0.5487283 -0.5270085 0.3591564 0.7702394 -0.9628736 0.2462971 -0.110509 -0.9789606 -0.1656423 0.1191588 -0.5743749 -0.08737343 0.8139161 -0.1441406 0.2453897 0.9586488 -0.1670553 -0.09101325 0.9817378 -0.8115053 -0.3684484 0.4535471 -0.5218247 -0.5327101 0.6662725 -0.1829714 -0.3888074 0.9029676 -0.8118183 -0.5135969 -0.2777939 -0.7028689 -0.691076 0.168491 -0.1336385 -0.7562705 0.6404653 0.2053524 -0.4982092 0.8423883 -0.2365851 -0.9201043 0.3121465 0.2749584 -0.875285 0.3978368 0.3915754 -0.01438009 0.9200338 0.268905 0.4074003 0.872763 0.5475319 -0.4312713 0.7170872 0.7115182 -0.6182116 0.3340004 0.8195952 -0.2009224 0.5365575 0.7358077 0.2502583 0.6292518 0.4578697 0.7311472 0.5057461 -0.2344703 0.6697632 0.7045857 -0.6598661 0.747933 -0.07192432 -0.0118218 0.8345937 0.5507391 -0.344688 0.9073227 0.2407402 0.1577619 0.9661633 0.2040584 -0.1849966 0.9748547 -0.1242371 -0.3813542 0.7009934 -0.6026419 0.06211668 0.9455448 -0.3195098 -0.8536306 -0.1225036 -0.5062686 -0.7870892 0.3566067 -0.5033115 -0.595167 -0.5466876 -0.5889899 -0.4404709 0.3288275 -0.835379 -0.5020577 -0.1531426 -0.8511672 -0.2065154 -0.670642 -0.712454 -0.4488562 -0.8882839 -0.09736603 -0.2523939 -0.9134489 -0.319231 -0.8245286 0.2717018 -0.496317 -0.5340399 0.6180833 -0.5768661 -0.4160503 0.3847019 -0.823958 -0.7312576 0.1903559 -0.6550015 -0.04087388 0.783213 -0.6204085 -0.04039186 0.5378986 -0.8420414 0.3516885 0.6418194 -0.6814566 0.3617251 0.8718998 -0.3300693 0.6953417 0.6576148 -0.2899013 0.6070511 0.7731356 0.183713 0.803741 0.5454321 0.2377063 0.4396927 0.5739199 0.6908591 0.6438406 0.3458753 0.6825245 0.06969666 0.3517932 0.9334795 0.3470572 0.1391047 0.9274704 -0.04091405 -0.04390186 0.9981978 -0.3683446 0.1666562 0.9146301 -0.5148796 -0.1882012 0.8363488 -0.8303594 0.09894984 0.5483723 -0.8705393 -0.2038093 0.4479098 -0.9637788 0.2616227 -0.05180805 -0.9909688 -0.1261437 0.04548346 -0.9397764 0.0057953 -0.341741 0.07814347 0.9528273 0.293281 -0.739111 0.6393521 0.212 -0.5037372 0.6058992 0.6157395 0.1035646 -0.9944319 0.01948595 0.1031006 -0.8781032 -0.4672315 0.436921 -0.8504963 -0.2928413 0.5997321 -0.7997781 -0.02600818 0.9799717 0.06576257 -0.1879648 0.681073 0.6391984 -0.3571625 0.7123537 0.4039478 -0.5739151 0.9580838 0.2597877 0.1207725 0.456775 0.5213777 -0.7207788 0.1888154 0.3803458 -0.905365 0.03797507 0.3224102 -0.945838 -0.1490762 0.0827229 -0.9853595 -0.6267915 -0.1286069 -0.7685003 -0.654321 0.04497939 -0.7548781 -0.8084228 -0.4617064 -0.3650751 -0.9646835 -0.2317542 -0.1252027 -0.8801065 -0.4702782 0.06520056 -0.6968144 -0.6338921 0.3356047 -0.7169246 -0.3710029 0.5902338 -0.47525 -0.5530155 0.6843328 -0.2027985 -0.413089 0.8878234 -0.05925178 -0.2873423 0.9559936 0.0584402 -0.1415951 0.9881982 0.412653 0.1045287 0.9048709 0.6471943 -0.01528263 0.762172 0.8950925 -0.1047768 0.4333951 0.7800093 0.5086222 0.3645397 -0.4158486 -0.3663186 0.8323945 -0.3582776 -0.3481276 0.8662819 -0.8919113 -0.3240813 0.315382 -0.9118834 -0.3249075 0.2508068 0.3267139 -0.1962612 0.9245213 0.3921161 -0.1592627 0.9060245 0.8766779 0.08569067 0.4733846 0.9052891 0.1231311 0.4065592 0.9156926 0.3133276 -0.2516604 0.8901804 0.3349906 -0.3088043 0.4236375 0.3561118 -0.832896 0.3659976 0.3610332 -0.85773 -0.3141762 0.1853424 -0.931097 -0.382305 0.1767789 -0.9069687 -0.8726649 -0.09660643 -0.4786683 -0.9025447 -0.1089427 -0.4165869 0.8805968 -0.3823723 -0.2798941 0.8382065 0.03921264 -0.5439416 0.7068931 0.6308848 -0.3198228 0.5429006 0.8266163 0.1482042 0.5781386 -0.3374427 -0.7428918 0.2686848 0.8935068 -0.3597974 0.2548674 0.007912218 -0.9669436 0.1441426 0.6172104 -0.7734819 0.04132008 -0.4364041 -0.8988016 -0.2683645 0.8029908 -0.5321525 -0.4340544 -0.2052899 -0.8771846 -0.551818 0.4173321 -0.7220324 -0.4290125 -0.6450475 -0.6323464 -0.747452 0.6012618 -0.2824888 -0.8192968 -0.4748926 -0.3212939 -0.9699214 0.1475046 -0.1936362 -0.5379906 -0.8378025 -0.09302157 -0.8793846 0.4084331 0.2446734 -0.6709539 -0.6418338 0.3713089 -0.8690327 -0.03026837 0.4938281 -0.2162358 -0.895323 0.3894085 -0.599372 0.3524529 0.7187004 -0.07841634 -0.6067109 0.7910455 -0.3062848 -0.01742875 0.9517804 0.3321325 -0.785501 0.5221841 -0.07032114 0.4230017 0.9033962 0.6064931 -0.3921331 0.691663 0.3895104 0.1824015 0.9027798 0.7780241 -0.5797232 0.2420732 0.4039797 0.6366597 0.6568598 0.9823052 -0.125166 0.13932 0.8133664 0.4500909 0.3685829 0.3258585 -0.9013584 -0.2852534 0.3253427 -0.8946674 -0.3061413 -0.1678941 0.954788 0.2453396 -0.168205 0.9475916 0.2716197 0.3221306 -0.892728 -0.3150693 -0.1894381 0.9555941 0.225728 0.29618 -0.8903387 -0.3457952 -0.2113532 0.9568439 0.1994479 0.2849074 -0.8889212 -0.3586739 -0.2436693 0.9493438 0.1984233 0.2299435 -0.9032527 -0.362299 -0.2804168 0.9398132 0.1952375 0.2065953 -0.9118893 -0.3546495 -0.3060978 0.9255298 0.2229322 0.1696029 -0.935325 -0.310487 -0.3281894 0.9114555 0.2480738 0.171997 -0.9463167 -0.273682 -0.3216715 0.9006458 0.2921722 0.1859282 -0.9572564 -0.2215648 -0.3139378 0.8934437 0.3212498 0.2299569 -0.9528139 -0.1981552 -0.2749845 0.895947 0.3488017 0.2652894 -0.9465963 -0.1832404 -0.2526614 0.8983058 0.3594564 0.3083913 -0.9289222 -0.2049354 -0.2117009 0.9118874 0.3516308 0.3260155 -0.9201093 -0.217055 -0.1926707 0.9184482 0.3454433 0.3324869 -0.9081714 -0.2543173 -0.1748818 0.9323465 0.3164591 0.3361196 -0.9029889 -0.267647 -0.1629823 0.9397654 0.3004629 -0.4288577 -0.9000949 0.07687836 -0.4170374 -0.7518076 0.5107497 -0.4701567 -0.8462154 -0.2507435 -0.2649691 -0.5926099 0.7606608 -0.1297097 -0.1993824 0.9712992 0.07042431 0.05377858 0.9960665 0.2151066 0.4793298 0.8508655 0.3808227 0.6602026 0.6473845 0.4170762 0.8807439 0.2243607 0.4841827 0.8710994 -0.08217722 0.3570851 0.7718631 -0.5260396 0.3196933 0.5628237 -0.7622504 0.0777781 0.2313585 -0.9697546 -0.01396131 -0.079988 -0.9966982 -0.2632244 -0.4350085 -0.8610927 -0.3239082 -0.6856421 -0.6519037 0.4445927 0.8605192 0.248685 0.3900137 0.7645523 -0.5131756 -0.2373949 0.9077502 -0.3458806 -0.2174692 0.943884 0.2485764 0.1036503 0.2112941 -0.9719113 -0.4627342 0.4807153 -0.7448422 -0.2445232 -0.4654848 -0.8506071 -0.7287421 -0.07339179 -0.680844 -0.4460371 -0.866207 -0.2252477 -0.901325 -0.389619 -0.1892362 -0.3858591 -0.7581086 0.5257226 -0.855102 -0.3246418 0.4042379 -0.1051668 -0.2167017 0.9705568 -0.6445067 0.0925042 0.7589824 0.2374504 0.4506102 0.8605626 -0.3872929 0.5956839 0.7036796 -0.8492229 0.527848 0.01404452 -0.8560382 0.515953 0.03148299 -0.8590634 0.5104832 -0.03764629 -0.8630452 0.5024324 -0.05210322 -0.8912611 0.447102 -0.07585167 -0.8972017 0.4369336 -0.06417226 -0.9230249 0.3831745 -0.03467381 -0.9188518 0.3943303 -0.01466405 -0.09194672 0.8505816 -0.5177422 -0.7128073 0.5677942 -0.4117228 -0.7664621 0.6404869 0.04808783 -0.2350702 0.9502858 0.2042033 -0.5496994 0.3106407 -0.7754566 0.1066412 0.224814 -0.9685487 -0.5041803 -0.1564201 -0.8493145 0.2063945 -0.517808 -0.8302266 -0.4037192 -0.5920968 -0.6974469 0.1963499 -0.9573493 -0.2119651 -0.4065849 -0.8916918 -0.1989335 0.07380622 -0.8421028 0.534243 -0.524128 -0.7687264 0.3665373 -0.1037774 -0.2333421 0.9668411 -0.6653241 -0.2841182 0.6903773 -0.231972 0.511034 0.8276675 -0.7700588 0.3093327 0.5579632 -0.986939 -0.0532211 -0.1520496 -0.9963946 -0.07006645 -0.04783821 -0.9803217 -0.1056956 -0.1667273 -0.9427419 -0.09290874 -0.3203213 -0.9325294 -0.09146839 -0.3493173 -0.9467896 -0.2320572 -0.223022 -0.9369367 -0.2670102 -0.2255111 -0.9277225 -0.3167034 -0.1975601 -0.9302499 -0.3199627 -0.1796084 -0.9382475 -0.3249779 -0.1186648 -0.9388415 -0.330783 -0.09570538 -0.9535226 -0.2973989 -0.04846215 -0.957662 -0.2876439 -0.01202178 -0.9755883 -0.2195993 0.001896083 -0.9833233 -0.1804926 0.02231115 -0.9940032 -0.1055995 -0.02839714 -0.5889104 -0.7614536 -0.2708748 -0.3501009 -0.6803562 -0.6438517 -0.4534253 -0.8871587 0.08576244 -0.4636304 -0.8717206 0.1585882 -0.2847268 -0.5842316 0.7600027 0.05913078 0.05221354 0.9968839 0.3737961 0.657118 0.654578 0.478742 0.8746734 -0.07584643 0.3001838 0.5705135 -0.7644633 -0.03853762 -0.06861227 -0.9968989 -0.3436612 -0.4037216 -0.8478833 -0.9104943 -0.09212994 -0.4031282 -0.8840491 -0.105937 -0.4552302 -0.8431701 -0.3624128 0.3971414 -0.9457508 -0.1527044 0.2867696 -0.6556748 -0.3352863 0.6765159 -0.06037199 -0.3257656 0.9435212 0.7822733 -0.4827781 0.3936669 0.7739671 -0.03068614 0.6324818 0.9189122 0.3269498 -0.2206903 0.9444341 -0.3239271 0.05581879 0.4925157 0.360328 -0.7922071 0.1686923 0.3005956 -0.9387147 -0.2850586 0.1858748 -0.940315 -0.2116136 0.3974751 -0.8928791 -0.5623558 0.1725736 -0.8086868 -0.935745 0.1020709 -0.3375838 -0.6827634 -0.2842047 0.6730987 -0.3989472 -0.5048784 0.7654666 0.002503156 -0.5938989 0.8045358 0.3993551 -0.6209312 0.6745073 0.9613334 -0.1236368 -0.2460734 0.8822172 0.1638651 -0.4414081 0.6148391 0.2743471 -0.7393961 -0.8890017 0.4464219 -0.1018988 -0.9628328 0.2051562 0.1756811 -0.8681541 -0.01178574 0.4961548 -0.6416472 0.4641866 -0.6105896 0.3208798 0.481567 -0.8155547 0.01457256 0.7259989 -0.6875415 -0.3014831 0.7884445 -0.5361561 -0.5943955 0.7819805 -0.1876187 -0.7660061 0.1131214 0.632802 -0.6083891 -0.26143 0.7493445 -0.3568197 -0.6156227 0.7026297 0.7551994 -0.620052 -0.2126253 0.7946666 -0.2363104 -0.5591621 0.6926362 0.2151185 -0.6884615 -0.734306 0.5811833 0.350743 -0.05389213 -0.7021095 0.7100267 0.2172862 -0.8829076 0.4162464 0.4335764 -0.8968105 0.08799123 0.2218493 0.5296277 -0.8187049 -0.01463782 0.781246 -0.6240517 -0.2820795 0.8892443 -0.3601053 -0.5099492 0.8601837 0.005990326 0.4803295 -0.808822 -0.3392503 0.5218758 -0.5938224 -0.6123893 0.5183603 -0.2094196 -0.8291237 0.3162425 0.1134834 -0.9418665 -0.4413722 0.8385283 0.3194696 -0.4930678 0.5940308 0.6356191 -0.4478911 0.2413463 0.8608981 -0.242909 -0.2589493 0.9348479 -0.1997452 0.3134675 0.9283534 0.3287339 -0.9167296 0.2270265 0.2567676 -0.3161582 -0.9132987 -0.3045566 0.9240296 -0.2311161 -0.2802985 0.922974 0.2637268 0.1019415 -0.542153 0.8340733 0.3647718 -0.7815271 -0.5061196 0.073565 0.2614891 -0.962399 -0.1416705 0.8173388 -0.5584684 0.2693151 -0.8242718 -0.4980416 0.1801785 -0.9615676 -0.20718 0.1770132 -0.5254656 -0.8321973 0.2111334 -0.2147716 -0.9535701 0.04778426 0.2195451 -0.9744315 0.04963123 0.5305822 -0.8461793 -0.1314879 0.8287758 -0.5439131 -0.1182734 0.9643183 -0.2368578 -0.2549716 0.9460962 0.1997292 -0.1941783 0.8370971 0.5114328 -0.2519457 0.5041834 0.8260282 -0.1339553 0.2219852 0.9658046 -0.1217306 -0.2423031 0.9625335 0.02765375 -0.5219223 0.8525447 0.05699497 -0.8457552 0.5305186 0.1933292 -0.9503055 0.2440155 -0.9239524 0.3805773 0.03838026 -0.9151499 0.4010238 0.0409975 -0.9047644 0.4193744 0.07434195 -0.9005591 0.4293169 0.06841462 -0.8883131 0.4530128 0.07536208 -0.8842018 0.4604357 0.07865357 -0.8630415 0.5006243 0.06733936 -0.8725793 0.4837598 0.06768888 -0.2632195 -0.0779044 -0.9615854 0.08487403 -0.3546 -0.931158 -0.3126055 -0.5897243 -0.7446497 -0.5827449 -0.07277375 -0.8093901 -0.7962263 -0.4250469 -0.4305335 -0.8382294 0.03082329 -0.544446 -0.9923014 -0.03643476 -0.1183662 -0.886294 -0.4629063 0.01416516 -0.1580451 0.3928933 -0.9059011 0.1151615 0.07240343 -0.9907047 -0.5646634 0.4200796 -0.7104143 -0.8621927 0.35776 -0.3586524 -0.952776 0.2150393 0.2144204 0.1788327 0.6797485 -0.7113092 -0.3424748 0.7337701 -0.5867644 -0.664997 0.6355328 -0.3922718 -0.8583303 0.5119178 0.03477817 -0.4513082 0.8882605 -0.08552312 -0.631931 0.7438867 0.217476 0.9620939 0.1632639 0.2184499 0.8574844 0.5083734 -0.07922798 0.6639991 0.6508976 0.3680185 0.812136 0.117718 0.5714697 0.4337403 0.3355877 0.8362119 0.5862034 -0.2604413 0.767161 0.1698549 -0.07248628 0.9827996 0.004636287 0.3181049 0.9480442 0.9558518 -0.2092203 -0.2063357 0.9813457 0.07850652 -0.1754919 0.8634459 -0.3642451 0.3489795 0.1313453 -0.408841 0.9031044 0.7875139 -0.5694019 -0.2358034 0.7060422 -0.6753724 0.2130178 0.3867287 -0.6672303 0.6365884 -0.1895462 -0.5238451 0.8304569 0.2358334 -0.9285305 0.2867292 -0.1048277 -0.8208256 0.5614771 -0.4131521 -0.01221692 0.9105801 -0.3794837 -0.862849 0.3338918 -0.5571886 -0.4250649 0.7133448 -0.3527785 0.4653414 0.8117911 -0.7147676 -0.6086688 0.3444266 -0.8738384 -0.181451 0.4510897 -0.7621363 0.2932788 0.5771793 -0.4451301 0.7447944 0.4971323 0.2316417 0.6800027 0.6956569 0.01681995 0.8294499 0.558328 0.3481646 0.9027268 0.2527172 0.6080716 0.7823693 -0.1347119 -0.1574373 0.9662143 0.2040675 0.1756426 0.9758225 -0.130078 0.4725775 0.7022546 -0.5324557 -0.05242401 0.9461403 -0.3194846 0.7961632 0.3415375 -0.4994761 0.7889087 -0.09581065 -0.6069955 0.6022775 -0.5442159 -0.58403 0.4413299 0.3255923 -0.8361923 0.4860194 -0.1616861 -0.8588614 0.2048609 -0.6644265 -0.7187277 0.4495673 -0.8874717 -0.1014057 0.2523292 -0.9131283 -0.3201979 0.4416648 0.3755078 -0.8148167 0.5163822 0.5961817 -0.6147494 0.9011341 0.3105276 -0.3025389 0.8169684 0.1349185 -0.5606781 0.04058372 0.5380793 -0.8419166 -0.01637446 0.8236531 -0.5668577 -0.3518314 0.6374238 -0.6854966 -0.4587212 0.7790174 -0.4274422 -0.6881229 0.6567395 -0.3085131 -0.5322316 0.845889 0.03466123 -0.8011265 0.5883018 0.1099879 -0.7411134 0.444968 0.5027468 -0.5514313 0.6581529 0.5125995 -0.4577028 0.2026591 0.8657006 -0.1839963 0.3993398 0.8981498 0.0175234 -0.03705531 0.9991596 0.3647896 0.1698375 0.9154692 0.5149031 -0.1884967 0.8362678 0.7408238 0.1030306 0.6637506 0.8781483 -0.2094513 0.4301 0.9685191 0.1546736 0.195056 0.9915542 -0.09336274 -0.09002113 0.6772137 0.7356209 0.01560235 0.3314967 0.9301851 -0.1576886 0.2776367 0.9408117 0.1944 0.4430555 0.8324355 0.332796 -0.06404614 0.9955939 0.06849104 -0.02612245 0.8724778 0.4879551 0.3264996 0.6666679 0.6700388 0.7010999 0.5926703 0.3964855 -0.09073173 -0.9956237 0.02239334 -0.103101 -0.8781029 -0.4672319 -0.4377744 -0.8489417 -0.2960603 -0.6102663 -0.7913199 -0.03725528 -0.7123532 0.4039476 -0.5739157 -0.6805939 0.6394282 -0.357664 -0.979667 0.06434094 -0.1900342 -0.9577304 0.2615181 0.119837 -0.4555687 0.5223401 -0.7208454 -0.03797578 0.3224098 -0.9458382 -0.1858636 0.3805162 -0.9059041 0.1561315 0.09500867 -0.9831564 0.6543215 0.04497718 -0.7548779 0.6252956 -0.1305055 -0.7693983 0.9651775 -0.2307994 -0.123142 0.811034 -0.461896 -0.3589929 0.8801488 -0.4701971 0.06521433 0.7120335 -0.3712781 0.595954 0.6973059 -0.6342023 0.3339939 0.4751753 -0.5524786 0.6848181 0.05925226 -0.2873431 0.9559933 0.2029579 -0.4132639 0.8877056 -0.05804294 -0.1432161 0.9879879 -0.647194 -0.01528197 0.7621721 -0.4145686 0.1113191 0.9031838 -0.8948825 -0.1027852 0.434305 -0.7793418 0.5136399 0.3588877 0.8918676 -0.3253702 0.3141759 0.3582773 -0.3481287 0.8662816 0.4158421 -0.3663423 0.8323873 0.9117838 -0.324696 0.2514418 -0.3920789 -0.1592767 0.9060381 -0.3296647 -0.1969348 0.9233298 -0.9022182 0.124123 0.4130328 -0.8767352 0.08563166 0.4732891 -0.8901835 0.3350145 -0.30877 -0.9156938 0.3133227 -0.2516621 -0.3660326 0.3610382 -0.8577131 -0.423598 0.3561234 -0.8329112 0.3823423 0.1767643 -0.9069558 0.3186334 0.1863621 -0.9293773 0.9025312 -0.108923 -0.4166215 0.8726818 -0.09661924 -0.4786348 -0.7096219 0.6310108 -0.313468 -0.8358517 0.03907811 -0.5475626 -0.8696883 -0.3902086 -0.3022906 -0.5669094 0.8126419 0.1350069 -0.2890462 0.896381 -0.3360856 -0.5609801 -0.3268612 -0.7605677 -0.1500688 0.619147 -0.7708024 -0.2511243 0.006543576 -0.9679328 0.2390304 0.8143921 -0.5288005 -0.01442778 -0.4334217 -0.9010758 0.5465196 0.4206501 -0.724134 0.4367792 -0.2073081 -0.8753556 0.7270327 0.6172792 -0.3006492 0.4513362 -0.646103 -0.6155052 0.9683325 0.1510576 -0.198781 0.819631 -0.4765019 -0.3180425 0.8804501 0.4215982 0.2169397 0.527171 -0.8471571 -0.06645077 0.8681077 -0.02936911 0.4955064 0.6687984 -0.6423614 0.3742735 0.6069649 0.3444281 0.7162144 0.2106848 -0.8979545 0.3863804 0.3047471 -0.01602518 0.9522985 0.07458233 -0.6059224 0.7920199 0.07245671 0.4311403 0.8993709 -0.3350209 -0.7881987 0.5162402 -0.3906522 0.1841162 0.901938 -0.6099082 -0.3906449 0.6894989 -0.4053146 0.6281764 0.6641646 -0.7914637 -0.5717384 0.2161034 -0.8149275 0.4475591 0.3682174 -0.9830186 -0.1241412 0.1351423 -0.3254282 -0.8946499 -0.3061015 -0.3259257 -0.9013559 -0.2851842 0.1682269 0.9475757 0.2716616 0.1678946 0.954788 0.2453394 -0.3221761 -0.8927125 -0.3150668 0.1894528 0.9556018 0.225683 -0.2962216 -0.8903189 -0.3458105 0.2113533 0.9568438 0.199449 -0.2849072 -0.8889212 -0.3586741 0.2437105 0.9493378 0.1984007 -0.2299441 -0.9032523 -0.3622998 0.2803243 0.9398375 0.1952535 -0.2065967 -0.9118885 -0.3546509 0.3059244 0.9255976 0.2228891 -0.1696245 -0.935335 -0.310445 0.3281891 0.9114556 0.2480737 -0.1719973 -0.9463163 -0.2736836 0.321672 0.9006454 0.2921729 -0.1859719 -0.9572525 -0.2215447 0.313932 0.8934779 0.3211602 -0.2299567 -0.9528145 -0.1981528 0.2749679 0.8959347 0.3488463 -0.2652897 -0.9465966 -0.1832382 0.252631 0.8982994 0.359494 -0.3083925 -0.9289224 -0.2049326 0.2117016 0.9118866 0.3516322 -0.3260169 -0.9201091 -0.2170541 0.1926704 0.9184483 0.3454433 -0.3324861 -0.9081715 -0.2543178 0.1745225 0.9324471 0.3163608 -0.3361178 -0.9029894 -0.2676473 0.1629821 0.9397655 0.3004626 0.4701403 -0.8462134 -0.250781 0.4170363 -0.7518081 0.5107498 0.4288581 -0.9000948 0.07687824 0.2649741 -0.5926429 0.7606335 0.1326553 -0.201542 0.9704552 -0.07043057 0.0538156 0.996064 -0.21511 0.4792937 0.8508851 -0.3808195 0.6601725 0.647417 -0.4170764 0.8807437 0.2243613 -0.484182 0.8711 -0.08217495 -0.3570854 0.7718634 -0.526039 -0.3196697 0.5628036 -0.7622752 -0.07781976 0.2351111 -0.9688483 0.01390427 -0.07992339 -0.9967041 0.2632237 -0.4350094 -0.8610924 0.323907 -0.6856406 -0.6519058 0.2403442 0.9063646 -0.3474738 -0.3900141 0.7645518 -0.5131759 -0.44457 0.8605165 0.248735 0.1956108 0.9462682 0.2575131 0.4518253 0.4951862 -0.7420543 -0.1035259 0.2135275 -0.9714363 0.7283871 -0.04700535 -0.6835517 0.2445139 -0.4655334 -0.8505832 0.8997383 -0.3939384 -0.1878393 0.4460368 -0.8662072 -0.2252476 0.864089 -0.3194945 0.3889389 0.3858571 -0.7581086 0.5257241 0.6509699 0.0885179 0.7539251 0.1072445 -0.2178575 0.9700706 0.3868405 0.6050524 0.6958923 -0.2374074 0.4505882 0.8605859 0.8560255 0.515976 0.03145259 0.8492226 0.5278483 0.01404404 0.8590303 0.510548 -0.03752273 0.8630437 0.5024346 -0.05210644 0.891281 0.4470395 -0.0759862 0.8972026 0.4369328 -0.06416738 0.9230037 0.383226 -0.03466874 0.9188523 0.3943292 -0.01466345 0.752102 0.6566507 0.05614739 0.7252508 0.5601254 -0.4003385 0.09194731 0.8505797 -0.5177451 0.2350361 0.9502773 0.2042818 0.5499024 0.3111038 -0.7751269 -0.1066315 0.2248114 -0.9685503 0.5234759 -0.1489361 -0.8389226 0.42041 -0.5792793 -0.6983488 -0.2063723 -0.5178601 -0.8301997 0.4216076 -0.8818622 -0.211107 -0.1963372 -0.9573628 -0.2119153 0.5216259 -0.7707529 0.3658505 -0.0737968 -0.8420447 0.534336 0.6630635 -0.2861013 0.6917318 0.1037646 -0.23334 0.9668431 0.7684218 0.3029966 0.5636674 0.2319418 0.5109922 0.8277016 0.9963948 -0.07006621 -0.04783618 0.9869379 -0.0531342 -0.1520868 0.9803255 -0.1057217 -0.1666886 0.9427459 -0.09291952 -0.3203065 0.9325441 -0.09144854 -0.3492833 0.9468196 -0.2319837 -0.2229715 0.9369376 -0.2670105 -0.2255071 0.9277386 -0.3165966 -0.1976559 0.930373 -0.3197221 -0.1793993 0.9382358 -0.3250182 -0.1186453 0.9388378 -0.3308048 -0.09566503 0.9535182 -0.297405 -0.04851281 0.9576643 -0.2876362 -0.01203227 0.975587 -0.2196057 0.001877009 0.9833147 -0.1805403 0.02230578 0.9939962 -0.1056833 -0.0283305 0.4534276 -0.8871576 0.08576083 0.3501003 -0.6803542 -0.6438541 0.5869635 -0.7631038 -0.2704563 0.4707308 -0.8668818 0.1640997 0.2847285 -0.5842331 0.760001 -0.05914866 0.05225706 0.9968805 -0.3737933 0.657117 0.6545807 -0.4787412 0.8746739 -0.07584553 -0.300206 0.5705497 -0.7644275 0.03853601 -0.06860989 -0.9968991 0.342934 -0.4033245 -0.8483665 0.8431441 -0.3624197 0.3971902 0.8837269 -0.1062765 -0.4557765 0.9085468 -0.0943138 -0.4069986 0.9453477 -0.1545352 0.2871178 0.6541088 -0.3319236 0.6796827 0.06367194 -0.3243574 0.9437893 -0.9188966 0.3269583 -0.2207427 -0.7713757 -0.02927881 0.6357061 -0.7826343 -0.4832898 0.3923197 -0.94441 -0.3240166 0.05570459 -0.4990469 0.3610873 -0.7877616 0.2850593 0.1858732 -0.9403151 -0.1782423 0.2978236 -0.9378331 0.2045256 0.4022877 -0.8923755 0.5592502 0.1690827 -0.8115727 0.9349234 0.09890836 -0.3407866 0.6812101 -0.2884407 0.6728706 0.3986997 -0.5033947 0.7665719 -0.003121733 -0.5899314 0.8074473 -0.399554 -0.6199477 0.6752938 -0.9613479 -0.1235849 -0.246043 -0.8822165 0.1638432 -0.4414175 -0.6210941 0.2794492 -0.7322229 0.8889505 0.4466613 -0.101295 0.9626997 0.2055562 0.1759434 0.8681537 -0.01178658 0.4961555 0.6397165 0.4721964 -0.6064597 -0.3305469 0.4797616 -0.8127532 -0.01384294 0.7290057 -0.6843677 0.2975645 0.792057 -0.5330115 0.588886 0.7874613 -0.181984 0.7651022 0.1153355 0.6334953 0.6086206 -0.2614126 0.7491625 0.3570441 -0.615752 0.7024023 -0.7551472 -0.6211971 -0.2094444 -0.7957022 -0.2370273 -0.5573834 -0.6927706 0.2152071 -0.6882985 0.7343974 0.5848165 0.3444564 0.05449527 -0.7051759 0.7069351 -0.2182506 -0.8822371 0.4171622 -0.4362266 -0.8953494 0.08975499 -0.2253021 0.5301681 -0.8174111 0.01401674 0.7817038 -0.6234925 0.2736083 0.8899068 -0.3649719 0.5030426 0.8642616 -2.37201e-4 -0.4831261 -0.8085518 -0.3359067 -0.5257247 -0.594591 -0.6083381 -0.5184111 -0.209361 -0.8291066 -0.3185818 0.1129801 -0.9411382 0.44191 0.8387861 0.318046 0.4866714 0.5956613 0.6390138 0.4435058 0.2429937 0.8627031 0.24257 -0.258841 0.9349659 0.1973143 0.3091747 0.9303107 -0.3287355 -0.9167282 0.2270298 -0.260528 -0.3115314 -0.9138235 0.3046478 0.9236359 -0.2325655 0.2802988 0.922975 0.263723 -0.1019556 -0.5421459 0.8340761 -0.3647599 -0.781527 -0.5061284 -0.07359725 0.2615008 -0.9623933 0.1416838 0.8173364 -0.5584684 -0.1804258 -0.9615514 -0.2070394 -0.2692838 -0.8242632 -0.4980729 -0.1770097 -0.5254683 -0.8321963 -0.2111468 -0.2147718 -0.9535672 -0.04780006 0.2195482 -0.97443 -0.04965442 0.5305858 -0.8461756 0.1314921 0.8287989 -0.5438771 0.1182716 0.9643172 -0.2368631 0.2549708 0.9460977 0.1997224 0.1941742 0.8370792 0.5114634 0.2478957 0.4992198 0.8302574 0.1339685 0.2219401 0.9658132 0.1217507 -0.2422653 0.9625405 -0.02766674 -0.5219557 0.8525239 -0.05702304 -0.84575 0.5305238 -0.193396 -0.9502815 0.2440558 0.9239431 0.3806037 0.03834277 0.915151 0.4010164 0.04104644 0.9046857 0.4194887 0.07465267 0.9006206 0.4291422 0.06869804 0.8882379 0.4531184 0.07561212 0.8842216 0.4604018 0.07862901 0.8630416 0.5006243 0.06734031 0.872573 0.4837713 0.06768822 -0.7963932 0.1175938 -0.5932366 -0.7718684 -0.3591206 0.5246443 -0.959708 0.2610535 -0.1039785 -0.8064022 0.2391883 0.5408368 -0.741553 -0.6681762 0.06033021 -0.7672279 -0.4575425 -0.4494624 0.1910096 -0.2670484 0.9445636 -0.08785963 -0.5700457 0.8169019 0.1999935 -0.4977805 0.8439297 -0.1783601 0.1705263 -0.9690762 -0.211337 0.06917238 -0.9749625 0.1507247 0.2247982 -0.9626775 -0.1971896 -0.2246106 0.9542884 0.1750258 -0.1844559 0.9671308 -0.2073916 0.05560868 0.9766762 0.761548 -0.3517589 0.544344 0.8039914 0.09227657 -0.5874375 0.9594403 0.2636146 -0.09990912 0.7993774 0.2497554 0.5464594 0.7376552 -0.6679963 0.09821331 0.7443276 -0.4842247 -0.4598945 0.0878579 -0.5700465 0.8169015 -0.1910109 -0.2670424 0.9445651 -0.1999941 -0.497773 0.8439338 0.2113357 0.06917601 -0.9749625 0.178358 0.1705115 -0.9690791 -0.1507241 0.2248138 -0.9626739 -0.1750289 -0.1844742 0.9671268 0.1971926 -0.2245945 0.9542916 0.2073926 0.05560523 0.9766762 0.9877604 -0.1539124 -0.02530944 0.829033 -0.2134252 0.5168694 0.9678027 -0.1579213 0.1960073 -0.5505502 -0.172329 0.8168215 0.8783364 -0.0221576 -0.4775292 0.9312318 0.2047992 -0.3014379 -0.9877545 -0.1539402 -0.02537125 -0.9296351 0.2089587 -0.3035042 -0.8861892 -0.01684564 -0.4630174 -0.2350111 -0.4285153 0.8724359 -0.7717285 -0.1467657 0.6187852 -0.9697629 -0.08855193 0.2274174 -0.2193531 0.3573659 -0.9078402 0.02072054 0.1526245 -0.9880671 -0.2176567 -0.1753102 -0.960152 0.02072072 0.6374588 -0.7702057 -0.2105537 0.7673935 -0.605619 0.003979861 0.9321342 -0.3620911 -0.1899313 0.9533738 -0.2345302 -0.1957724 0.9707549 0.1389539 -0.003248751 0.9999756 0.006191909 0.01499408 0.9122017 0.4094673 -0.2136918 0.7808999 0.5869678 0.02183341 0.5994388 0.8001229 -0.2154535 0.3790419 0.8999484 0.02354693 0.1039388 0.994305 -0.2148268 -0.1461292 0.9656583 0.02498197 -0.4172861 0.9084318 -0.2103053 -0.616797 0.7585071 0.01943206 -0.7993668 0.6005291 -0.2052702 -0.909842 0.3606271 0.01072669 -0.9713679 0.2373381 -0.193665 -0.9760034 -0.09955459 0.005642712 -0.9904322 -0.1378858 -0.1826666 -0.8833832 -0.4315868 0.001535356 -0.8856881 -0.4642783 -0.2032849 -0.618521 -0.7590172 0.09891295 -0.6670264 -0.738439 -0.2029793 -0.8434838 -0.4973275 0.02786719 -0.3935407 -0.9188848 -0.6956578 -0.2238788 -0.6825969 -0.3230484 0.1514692 -0.9341825 -0.2497059 0.03359383 -0.9677389 -0.3569109 0.511166 -0.7818721 -0.7681911 0.5081931 -0.3893872 -0.2390387 0.7117477 -0.6605118 -0.66898 0.7432581 0.005762815 -0.1971729 0.9658005 -0.168381 -0.8016742 0.5106588 0.310719 -0.1933131 0.9106822 0.3650864 -0.2862823 0.6969541 0.6574933 -0.3504406 0.369551 0.8605949 -0.6903486 -0.05738866 0.7211972 -0.3530948 0.2614575 0.8983117 -0.2592805 -0.1030359 0.9602903 -0.3027098 -0.2461809 0.9207398 -0.3294887 -0.5569873 0.7623664 -0.6557016 -0.651638 0.3813441 -0.3345666 -0.6502813 0.6820554 -0.2448642 -0.8788618 0.4094429 -0.2838654 -0.9170283 0.2801421 -0.3059797 -0.9504417 -0.05510944 -0.6701495 -0.6938306 -0.2636263 -0.3329837 -0.9270971 -0.1720837 -0.241959 -0.8184679 -0.52112 -0.2955325 -0.7322216 -0.6136059 -0.3148582 -0.4618732 -0.8291789 -0.3524931 -0.3514425 -0.867316 -0.2694923 -0.8659963 -0.4212177 -0.3188557 -0.5731332 -0.7548838 -0.1855172 -0.2635346 -0.9466431 0.2256996 -0.2747429 -0.9346529 -0.8619366 -0.2388293 0.4472427 -0.8520648 0.3121001 0.4202134 -0.7390834 0.1816141 -0.6486696 -0.7252391 -0.191874 -0.6612206 -0.7889507 -0.4137724 -0.454257 -0.7905629 -0.5716614 0.2195757 0.8535657 0.1042806 -0.5104422 0.844868 0.09785127 0.5259499 0.8258296 -0.05304509 0.5614196 0.8675035 0.1825892 -0.4627083 -0.8422786 0.2890617 -0.4549837 -0.8786925 -0.04654771 -0.4751136 -0.785031 -0.2256271 0.5769046 -0.8355963 0.2544648 0.486854 -0.8862357 -0.02229696 0.4626979 -0.8055734 0.3222802 -0.4971791 0.1748069 0.05612474 0.9830018 -0.1827272 -0.0990132 0.9781653 0.87603 0.1562132 -0.4562554 0.9250981 9.53656e-4 0.3797271 -0.1801224 0.4815008 -0.8577372 0.1892764 0.4620224 -0.8664351 0.2161043 0.2811377 0.935019 -0.2303632 0.05980604 0.9712652 -0.2295215 -0.275301 0.9335574 -0.2058272 0.2962517 -0.9326683 0.2169129 0.2686681 -0.9384916 0.7988414 0.02375346 -0.6010727 0.804696 0.04849767 0.5917028 -0.1785867 0.4627082 0.8683363 -0.2056628 0.3935652 0.8959963 -0.7493583 0.5258439 0.4024306 -0.6396903 0.6489863 0.4118411 -0.6470872 0.6478135 -0.4020148 -0.6676229 -0.7099832 0.2240615 -0.6717881 -0.6490139 -0.3570461 -0.6238085 -0.72211 -0.299032 -0.660958 -0.7502515 0.01604032 0.1474373 -0.3097024 0.9393332 0.3383253 0.2305977 0.9123381 0.768289 -0.2629711 0.5835909 0.2367089 -0.08357745 0.9679793 0.2300776 -0.3880854 0.8924428 -0.25984 0.3925558 0.8822602 -0.2338612 0.4911856 0.8390743 0.7637133 -0.2543428 -0.5933398 0.2429866 -0.4572929 -0.855477 0.2019059 -0.1603155 -0.9661952 -0.3390944 -0.5179713 -0.7853157 -0.513899 -0.6657425 -0.5410128 -0.211453 0.3147682 -0.9253154 -0.2148356 -0.2795464 -0.9357882 -0.2569785 -0.2834108 0.9239267 -0.4534688 -0.006263434 0.8912501 -0.326331 -0.6324445 0.7025112 -0.7631185 -0.609806 -0.213979 -0.6797173 -0.7281159 0.08849692 0.245723 0.1961411 0.9492887 0.1960926 0.2369344 -0.9515302 0.5643671 -0.2894595 -0.7731125 0.8819881 -0.295248 0.3673225 0.3673119 -0.4921925 0.789195 -0.4592229 -0.7725843 0.4384382 -0.2769975 0.1824095 -0.9433977 -0.3169812 0.4963598 -0.8081769 -0.2768753 -0.05162709 0.959518 -0.2335202 -0.2530514 0.9388468 0.2574792 0.4521108 -0.8539909 0.253669 0.217129 -0.9426066 0.2359376 -0.1566267 0.9590629 0.9594857 -0.1866514 -0.2110652 -0.2719402 0.08189272 0.9588234 -0.3544602 0.3792409 0.854713 0.2697522 0.02731645 0.9625423 -0.2892084 0.1086841 -0.9510763 0.317794 0.04785794 -0.9469513 -0.35815 0.3495755 -0.8657515 -0.3327273 -0.6045109 0.7237811 -0.6550362 -0.5117887 -0.5558778 -0.6470204 -0.6747564 -0.3550612 -0.6925138 -0.5391443 -0.4793205 -0.630778 -0.5814381 -0.513857 -0.1785656 -0.6334867 -0.7528672 -0.2010813 -0.8188577 -0.5376228 -0.4625333 -0.7638962 -0.4500284 -0.4196555 -0.6585201 -0.6246925 0.06805467 -0.6908727 -0.7197663 -0.7523543 -0.6129729 -0.2413035 0.1399003 -0.8904502 -0.4330431 0.1891956 -0.8073124 -0.558974 -0.6934229 -0.7143471 -0.09419596 -0.9422596 -0.2978571 -0.1530626 -0.3848257 -0.8985964 -0.2107937 -0.5489433 -0.8187929 -0.1680458 -0.01236563 -0.9840098 -0.177685 0.272595 -0.9471713 -0.1689926 -0.7477322 -0.6638278 0.0151385 -0.572241 -0.8020936 0.1708394 -0.2549442 -0.9618378 0.09935581 -0.5265874 -0.8339521 0.1650142 0.1401407 -0.9672931 0.2114347 0.3015149 -0.9257479 0.2282096 -0.6842261 -0.6719759 0.2833427 -0.2014638 -0.8923358 0.4039172 -0.5470904 -0.71874 0.4290747 -0.4682171 -0.7557393 0.4578546 0.07153761 -0.832885 0.548803 -0.6572323 -0.5210309 0.5445848 -0.1743487 -0.7390128 0.6507402 -0.5569328 -0.5603659 0.6130383 -0.4173916 -0.6319788 0.6529832 0.03853428 -0.6656309 0.7452856 -0.1664242 0.7313352 -0.6614015 0.06543165 0.8415448 -0.5362102 0.03614515 0.6614178 -0.7491463 -0.4778417 0.5656002 -0.6721338 -0.528436 0.7897195 -0.3116064 -0.6963651 0.4273004 -0.5766196 -0.5566627 0.6631897 -0.500306 -0.4873299 0.5548139 -0.6743081 -0.2015848 0.8788561 -0.4324068 -0.768334 0.5553641 -0.3181727 0.1045766 0.975353 -0.1942941 0.2502195 0.9482988 -0.195243 -0.6286232 0.7548043 -0.1873592 -0.2794708 0.9574902 -0.07147574 -0.8544431 0.5193637 0.01373356 0.1090903 0.9492881 0.2948753 0.2499941 0.9547868 0.1608887 -0.2568277 0.962622 0.08601528 -0.6002439 0.7675354 0.2249376 -0.7335468 0.677486 0.05405408 -0.2810082 0.8864195 0.3678245 -0.8413169 0.432293 0.3245128 -0.7444816 0.5833185 0.3247871 0.05060201 0.787889 0.613735 -0.2352251 0.7936573 0.5610502 -0.4729077 0.5550546 0.6843046 -0.6538693 0.4580509 0.6021996 -0.5670356 0.6410558 0.5172215 -0.1743319 0.6001587 0.7806523 -0.4716184 0.5264197 0.7074308 -0.9013148 0.2985322 -0.3138636 -0.7595252 0.1643884 -0.6293632 -0.9502885 0.04498928 -0.3081036 -0.8009003 -0.1173976 -0.5871769 -0.939341 -0.1643099 -0.3010664 -0.7572394 -0.3622784 -0.5434547 -0.8733127 -0.4019933 -0.275184 -0.9833144 0.1819139 -4.45755e-4 -0.9899766 -0.1408229 -0.01074153 -0.8819152 -0.4713736 -0.005699813 -0.9365676 -0.3083267 0.1666607 -0.9388137 0.1251613 0.3208795 -0.9137118 -0.1455922 0.379386 -0.811446 -0.5155363 0.2752776 -0.815143 -0.3668116 0.4483203 -0.7742992 0.2393769 0.5857982 -0.7884037 -0.004975676 0.6151382 -0.7063817 -0.2578059 0.6592125 -0.2014265 -0.5180922 0.8312689 -0.4602307 -0.4839453 0.7443015 -0.540136 -0.376076 0.7528744 0.1197777 -0.3655781 0.9230417 0.1660248 -0.477124 0.8630113 -0.3700318 -0.2333503 0.8992353 -0.5451204 -0.2360209 0.8044489 -0.0243557 -0.1594139 0.9869114 0.2311094 -0.1153324 0.9660679 -0.6940464 -0.07297754 0.7162221 -0.2590563 0.04216885 0.9649413 -0.4779334 0.2131405 0.8521448 0.1136685 0.1987211 0.9734421 0.2717138 0.2400223 0.9319663 -0.6814284 0.2032412 0.7030991 -0.2047765 0.3432326 0.916656 0.1376278 0.5055748 0.8517351 -0.1541942 0.7079066 0.6892696 -0.5106553 0.3460758 -0.7870596 -0.2281011 0.4560331 -0.8602347 0.1106162 0.3901277 -0.9140921 0.1634304 0.5081446 -0.8456238 -0.6299394 0.04848426 -0.7751294 -0.3572244 0.1426658 -0.9230586 -0.5625616 0.1229714 -0.8175589 -0.02596986 0.1462464 -0.9889073 0.2124071 0.1866573 -0.9591884 -0.7160877 -0.1525067 -0.6811462 -0.1773018 -0.1374766 -0.9745073 -0.5037095 -0.1544576 -0.8499527 0.1925258 -0.06753182 -0.9789654 -0.6796921 -0.3574854 -0.6404864 -0.4114935 -0.1561923 -0.8979294 -0.2236491 -0.3624842 -0.9047576 -0.4602145 -0.4371159 -0.7727434 -0.04457962 -0.1053755 -0.9934328 0.1059607 -0.3963117 -0.9119811 0.2162393 -0.1011422 -0.9710875 0.2593465 -0.3885349 -0.8841834 0.1745045 0.02459573 -0.9843491 -0.1250587 0.1232377 -0.9844658 0.1812914 0.01888519 0.9832481 -0.1224681 0.1205648 0.9851222 -0.02071976 0.1526244 -0.988067 0.2193484 0.3573474 -0.9078486 0.2176527 -0.1753264 -0.96015 -0.02072095 0.6374588 -0.7702058 0.2105505 0.7673804 -0.6056368 -0.003971755 0.9321905 -0.3619461 0.1899311 0.953373 -0.2345337 0.003248751 0.9999756 0.006192147 0.1957737 0.9707579 0.1389314 -0.01502913 0.9122014 0.4094665 0.2136922 0.7809016 0.5869653 -0.02183419 0.5994388 0.8001228 0.2154583 0.3790596 0.8999397 -0.02354788 0.1039386 0.994305 0.2148306 -0.1461131 0.9656598 -0.02498322 -0.417334 0.9084097 0.2103046 -0.6168 0.7585049 -0.01945453 -0.7993658 0.6005297 0.2052699 -0.9098436 0.3606232 -0.01072168 -0.9713559 0.2373876 -0.00379914 -0.9900599 -0.140596 0.1936646 -0.976005 -0.09954077 -0.001540362 -0.8856879 -0.4642788 0.1826715 -0.8833858 -0.4315792 -0.09891295 -0.6670241 -0.7384411 0.203282 -0.6185331 -0.7590082 0.2029649 -0.8434955 -0.4973136 -0.02786618 -0.3935406 -0.9188848 0.3230497 0.1514745 -0.9341812 0.6845263 -0.2187603 -0.6953904 0.2497008 0.03359889 -0.9677401 0.3569135 0.5111717 -0.7818673 0.2390392 0.7117643 -0.6604937 0.7688896 0.501421 -0.3967188 0.1971685 0.9658057 -0.1683562 0.6708265 0.741611 -0.002241492 0.1933106 0.9106806 0.3650918 0.8025158 0.5111706 0.30769 0.2862826 0.6969505 0.6574969 0.3504434 0.3695452 0.8605961 0.3530911 0.2614527 0.8983146 0.7089749 -0.0473929 0.7036395 0.2592752 -0.1030409 0.9602912 0.302708 -0.2461866 0.9207388 0.3294875 -0.5569927 0.7623629 0.3345673 -0.6502856 0.6820508 0.6695158 -0.6344977 0.3862142 0.244867 -0.8788709 0.4094217 0.2838644 -0.9170358 0.2801188 0.3059768 -0.9504413 -0.05513334 0.3329898 -0.9270904 -0.1721082 0.6770529 -0.6942306 -0.2442197 0.2419667 -0.8184618 -0.521126 0.2955318 -0.7322186 -0.6136097 0.3148603 -0.4618672 -0.8291814 0.3524947 -0.3514355 -0.8673181 0.1855174 -0.2635307 -0.946644 0.3188535 -0.5731413 -0.7548784 0.1672853 -0.5900775 -0.7898255 -0.2256981 -0.2747514 -0.9346508 0.7499688 0.1655495 -0.6404219 0.8524064 0.3255527 0.4091687 0.8548028 -0.2402514 0.4599908 0.7440009 -0.1908153 -0.6403533 0.7899475 -0.5687142 0.229232 0.7885747 -0.4032709 -0.4642442 -0.825622 -0.05278813 0.5617489 -0.8448792 0.09777182 0.5259466 -0.8385646 0.085648 -0.5380278 -0.8591533 0.1940419 -0.4735013 0.7932726 -0.2126675 0.5705184 0.8793408 -0.0467118 -0.4738963 0.8367648 0.2783977 -0.4715079 0.839941 0.2570655 0.4779295 0.8826569 -0.01224607 0.4698584 0.8172551 0.3005865 -0.4916725 -0.1748058 0.05609762 0.9830035 0.1827273 -0.09900355 0.9781662 -0.8817262 0.1457136 -0.4486945 -0.9401214 -0.05046248 0.3370835 0.180122 0.4815075 -0.8577334 -0.1892771 0.4620299 -0.8664309 0.2303633 0.05981546 0.9712647 -0.2161038 0.2811356 0.9350198 0.2295269 -0.2752732 0.9335643 -0.2169184 0.2686907 -0.9384838 0.2058298 0.2962239 -0.9326765 -0.8041904 0.02217954 -0.593958 -0.8030889 0.05145615 0.5936334 0.1785823 0.4627287 0.8683262 0.2056601 0.3935709 0.8959944 0.7473146 0.5173812 0.4169384 0.6471361 0.6477707 -0.4020049 0.6419126 0.5984914 0.4793292 0.6238084 -0.7221099 -0.2990329 0.6717875 -0.6490174 -0.3570408 0.66762 -0.7099876 0.2240561 0.6609561 -0.7502533 0.01604181 -0.338325 0.230614 0.9123341 -0.1474353 -0.3097293 0.9393246 -0.2300786 -0.3880758 0.8924466 -0.236713 -0.08354741 0.9679808 -0.772495 -0.2484864 0.5843852 0.2338676 0.4911617 0.8390865 0.2598471 0.3925433 0.8822637 -0.2018973 -0.1603676 -0.9661883 -0.2429866 -0.4572994 -0.8554735 -0.7587704 -0.2862371 -0.5850948 0.5138989 -0.6657496 -0.5410041 0.3390977 -0.517965 -0.7853185 0.2114491 0.3147907 -0.9253087 0.2148364 -0.2794966 -0.9358029 0.2569764 -0.2834199 0.9239245 0.4534701 -0.006258547 0.8912497 0.3263304 -0.6324542 0.7025028 0.763118 -0.6098085 -0.2139735 0.6797064 -0.7281283 0.08847892 -0.2457329 0.196173 0.9492795 -0.1960882 0.2369239 -0.9515337 -0.5643438 -0.289519 -0.7731074 -0.8819878 -0.2952466 0.367324 -0.3673109 -0.4921973 0.7891924 0.4592277 -0.7726066 0.4383938 0.2769976 0.182404 -0.9433987 0.3169783 0.496367 -0.8081737 0.276877 -0.05164361 0.9595166 0.2335145 -0.2530787 0.9388409 -0.2574791 0.4521033 -0.8539949 -0.2536698 0.2171197 -0.9426084 -0.235934 -0.1565964 0.9590687 -0.9594857 -0.1866531 -0.2110638 0.2719516 0.08185511 0.9588233 0.3544551 0.3792421 0.8547147 -0.2697523 0.02732354 0.9625421 0.2891978 0.1087235 -0.9510751 -0.3177953 0.04785096 -0.9469512 0.3581526 0.3495718 -0.8657519 0.3327326 -0.6044981 0.7237895 0.6885467 -0.5368448 -0.4875461 0.6481105 -0.6550673 -0.3883811 0.6507894 -0.5182449 -0.5548833 0.630781 -0.5814356 -0.5138561 0.4625329 -0.7639008 -0.4500212 0.2009386 -0.8188195 -0.5377346 0.1734718 -0.6340157 -0.7536124 0.4196549 -0.6585265 -0.6246861 -0.06682586 -0.6933498 -0.7174959 0.7497491 -0.6085655 -0.2598544 -0.14043 -0.8901409 -0.4335073 -0.1891952 -0.8073124 -0.5589739 0.692341 -0.7123931 -0.1147179 0.9422264 -0.2979533 -0.153079 0.5489438 -0.8187922 -0.168048 0.3852279 -0.8984442 -0.2107074 0.01419723 -0.9842293 -0.1763268 -0.272596 -0.9471711 -0.1689928 0.7508468 -0.6603336 0.01373738 0.5722402 -0.8020964 0.1708293 0.5265879 -0.8339521 0.1650127 0.2549091 -0.9618573 0.09925717 -0.1392053 -0.9671041 0.2129121 -0.3024985 -0.9277908 0.2184007 0.6836835 -0.6724669 0.2834877 0.2072823 -0.8906944 0.4045956 0.5470905 -0.7187447 0.4290665 0.4682165 -0.7557362 0.4578605 -0.07232308 -0.8363813 0.5433561 0.6595572 -0.5195693 0.5431686 0.1780607 -0.7355857 0.6536116 0.5427899 -0.6475439 0.5348517 0.4173874 -0.6319837 0.6529812 -0.03857409 -0.6617833 0.7487022 -0.06507563 0.8406453 -0.5376623 0.1686514 0.7281178 -0.6643804 -0.03822422 0.6591469 -0.7510421 0.5284337 0.7897165 -0.3116177 0.4778411 0.5655927 -0.6721405 0.5566235 0.6632205 -0.5003089 0.7017044 0.4289613 -0.5688614 0.4873295 0.5548125 -0.6743094 0.2018077 0.8784549 -0.4331176 0.7637093 0.57143 -0.3003599 -0.2490806 0.9501238 -0.1876797 -0.1039693 0.9753973 -0.1943978 0.6286264 0.7548049 -0.1873464 0.2791417 0.9576199 -0.07102292 0.848195 0.5294063 0.01715826 -0.2499272 0.9547906 0.1609703 -0.1139692 0.949039 0.29383 0.2572285 0.9626642 0.08432859 0.6002442 0.7675384 0.2249262 0.7289561 0.6659644 0.1584756 0.2807567 0.8863962 0.3680729 0.7442568 0.5831782 0.3255536 0.8415531 0.4320358 0.3242433 -0.05078411 0.780758 0.6227663 0.2328471 0.7938082 0.5618281 0.4729067 0.5550556 0.6843045 0.5670345 0.6410564 0.5172221 0.6670659 0.4494289 0.594169 0.1610319 0.5930237 0.788918 0.4716202 0.5264207 0.7074289 0.9007015 0.2973222 -0.3167594 0.7576692 0.1659736 -0.6311815 0.9498312 0.04384768 -0.3096743 0.9393277 -0.1643895 -0.3010641 0.8008217 -0.1142711 -0.5879002 0.8736197 -0.4019108 -0.2743289 0.7568519 -0.3614227 -0.5445632 0.9833611 0.181657 -0.001358509 0.9900069 -0.1406146 -0.01067095 0.882054 -0.4711207 -0.005114197 0.9364032 -0.3087595 0.1667838 0.938162 0.1264631 0.3222718 0.9137563 -0.1448801 0.3795513 0.8118041 -0.5140422 0.2770104 0.8152036 -0.3650401 0.4496541 0.774566 0.2511719 0.5804828 0.7923523 0.006643116 0.6100277 0.7094247 -0.2586944 0.6555867 0.4602301 -0.4839463 0.7443012 0.2011848 -0.5181868 0.8312683 0.5401709 -0.3760943 0.7528403 -0.1207944 -0.3655772 0.9229096 -0.1660274 -0.4771226 0.8630116 0.5451231 -0.2360135 0.8044493 0.3701653 -0.2333159 0.8991894 0.02539563 -0.157846 0.9871371 -0.2311099 -0.1153323 0.9660677 0.6870156 -0.121909 0.7163434 0.4779345 0.2131493 0.8521421 0.2595558 0.04380995 0.964734 -0.1124233 0.1997421 0.9733777 -0.2717112 0.2400221 0.931967 0.6789109 0.1842656 0.7107223 0.2051069 0.3435145 0.9164764 -0.1349877 0.5060982 0.8518468 0.1542046 0.7079068 0.6892669 0.5106547 0.3460767 -0.7870596 0.2251958 0.4571946 -0.8603838 -0.1112241 0.3905445 -0.9138404 -0.1634312 0.5081448 -0.8456235 0.6299377 0.04848933 -0.7751306 0.5625626 0.122971 -0.8175582 0.3575624 0.1424331 -0.9229637 0.02544569 0.1468385 -0.9888331 -0.2124061 0.1866571 -0.9591886 0.7157081 -0.1549845 -0.680986 0.5036988 -0.1544699 -0.8499569 0.1773013 -0.1374768 -0.9745073 -0.1925289 -0.06752926 -0.9789651 0.6797145 -0.3587436 -0.6397588 0.4602127 -0.4371218 -0.7727411 0.226476 -0.364246 -0.9033457 0.4114941 -0.1561918 -0.8979291 0.04459083 -0.1053742 -0.9934324 -0.1046273 -0.3975011 -0.9116172 -0.259347 -0.3885346 -0.8841833 -0.2162438 -0.101142 -0.9710865 -0.1745027 0.02461367 -0.984349 0.1250678 0.1232283 -0.9844658 0.122459 0.1205741 0.9851222 -0.1812906 0.01889216 0.9832482 0.9736075 -0.04566007 -0.2236151 0.7350434 0.640086 0.2236096 0.8763741 0.4575647 -0.1503434 -0.01021993 -0.8215375 -0.5700629 0.1790865 -0.9477989 0.2638282 -0.711889 -0.2105093 -0.67 0.9661948 -0.114806 -0.2308403 0.6681015 0.1270049 0.7331509 -0.56273 0.7195243 0.4069642 0.3665192 -0.2330797 0.9007428 0.9660419 -0.08363068 0.2444772 -0.6840404 0.7294351 -0.0036363 0.09292751 0.9903703 -0.1026217 0.6850073 0.01220214 0.7284341 -0.2641223 0.956817 0.1214116 -0.01632994 0.9994104 -0.03020334 -0.1141726 0.7567318 0.6436783 0.2078336 0.7638544 0.6110087 0.0684933 0.9711372 -0.2284758 0.304891 0.9436374 -0.1288027 0.6497081 0.7074903 0.2780951 -0.6645112 0.6252058 0.4093197 0.6086117 0.7221596 0.3287513 -0.2742195 0.891056 0.3616945 0.718981 0.6433552 0.2629837 0.6585533 0.7358173 -0.1577359 0.9634689 0.1819443 -0.1965303 0.9757026 0.2176743 0.02494841 0.7910388 0.1467865 -0.5938951 0.09915667 0.3083905 0.9460778 -0.03768694 0.1208549 0.9919546 9.25405e-4 -0.2362156 0.9717003 0.3519802 0.02611404 0.9356431 0.01406675 0.815101 -0.5791481 0.4927621 0.6467807 -0.5821171 0.8955522 0.3759732 0.2379716 0.9196285 -0.1933308 -0.3419165 0.8456199 -0.1463641 -0.513327 -0.7403206 0.4704961 0.4801656 0.9556722 -0.06569796 -0.2870097 0.9580091 0.111814 -0.2640382 -0.7794532 0.3160241 0.5409082 0.7897047 -0.1042559 -0.6045636 0.5609133 0.2649921 -0.7843185 0.5358263 0.3843562 -0.7517716 0.0636183 -0.3212625 0.9448509 0.6919274 0.04003489 -0.7208562 -0.923698 0.2903823 0.2499204 0.9749724 -0.01707834 -0.2216693 -0.9444975 0.3157981 0.09053236 -0.02531641 0.7046555 -0.7090979 -0.01624548 0.7120355 -0.7019556 0.02876949 -0.3185682 0.9474633 0.009441018 -0.02031558 0.9997491 0.01042062 0.6975984 -0.7164133 0.1042448 0.6564439 -0.7471375 0.02602422 -0.1214953 0.9922509 0.1801297 0.577677 -0.7961425 0.1727795 -0.2983891 0.9386752 0.4159144 0.4451913 -0.7929816 -0.6600513 0.5227944 0.5394612 -0.9922939 0.01890939 -0.1224554 -0.8869351 0.4288152 -0.1716501 -0.3557364 -0.3185232 0.8786323 -0.3143891 -0.5260282 -0.7902238 0.9801164 0.1310189 -0.1490167 -0.718005 0.1194975 0.6857035 -0.9723114 -0.07819694 -0.2202177 -0.4217975 -0.1031335 0.9008054 -0.1147962 -0.326895 0.9380627 0.7541229 0.4989874 0.4269779 -0.9666059 -0.09301614 0.2387908 -0.1370851 0.9846538 -0.1080037 0.6846909 0.7288336 -2.20295e-4 -0.5582678 0.8136686 0.1621133 0.2345429 0.9688389 0.07963079 -0.1488986 0.4866777 0.8607985 -0.1120005 0.9892805 0.09370285 -0.5631688 0.7957618 0.2227201 -0.2732019 0.09474438 0.9572796 0.7968565 0.5732535 0.1907886 0.2657998 0.8918824 0.3659187 -0.5503066 0.8211123 0.1514507 -0.6606172 0.6814945 0.3148811 -0.6615387 0.7323787 -0.161208 -0.9638274 0.1788333 -0.1976248 -0.7916698 0.1431735 -0.5939365 -0.9749757 0.2220288 0.01120746 -0.1496674 0.8610927 -0.4859209 -0.5186887 0.6551198 -0.5493451 -0.1780679 -0.2375582 0.9549126 -0.9024434 0.3775827 0.2074308 -0.8456205 -0.1463665 -0.5133255 -0.91963 -0.1933304 -0.3419126 0.740323 0.4704935 0.4801644 -0.9556726 -0.06569713 -0.2870084 -0.9598796 0.1220984 -0.2524349 0.7793813 0.3190569 0.5392287 -0.7897043 -0.1042571 -0.604564 -0.5358254 0.3843574 -0.7517718 -0.5609108 0.2649917 -0.7843204 0.0857439 -0.3963074 0.9141052 -0.691927 0.04003345 -0.7208567 0.9237045 0.2903424 0.2499431 -0.9749726 -0.01707804 -0.2216684 0.9443717 0.3170129 0.08754962 -0.03011602 -0.393098 0.9190034 0.03889405 0.6722924 -0.7392634 -0.03730225 -0.2137207 0.9761824 0.007500827 0.6357583 -0.7718519 -0.1168425 0.623298 -0.7732059 -0.02644407 -0.150219 0.9882991 -0.1800901 0.5774041 -0.7963492 -0.4159144 0.4451912 -0.7929818 0.8836558 -0.1091224 -0.4552416 0.928241 0.06230515 -0.3667244 0.7937792 -0.4334941 0.4266119 0.7767109 -0.6225013 0.09598064 0.931414 0.1221732 -0.3428437 0.852989 -0.2445746 0.4610783 0.6465891 -0.5696442 -0.5073738 0.04700684 -0.9370718 -0.3459578 0.2199716 -0.474476 -0.8523409 0.577277 0.8160783 -0.027704 0.8732032 0.4853385 -0.04430431 0.4453384 0.6004255 -0.6642011 0.7160393 -0.6845455 -0.1366946 -0.387986 -0.6797164 0.622457 0.4240929 -0.7937391 0.4360315 0.7959027 -0.6051332 0.01878273 0.9740386 -0.220992 -0.04910719 0.2781623 0.8854003 0.3724139 0.8873956 0.4510835 0.09514558 0.4903138 -0.6828505 -0.5415788 0.156265 -0.4352552 -0.886642 0.3126654 -0.05550009 -0.9482406 0.8026566 0.04429888 -0.5947941 0.9088242 -0.3114172 -0.2775934 0.9997927 0.01847714 -0.008559405 0.7552045 -0.5205603 0.3983507 0.05467236 -0.9443815 0.3242755 0.5782921 0.131531 -0.805157 0.1959171 0.4595587 -0.8662692 0.509629 -0.202277 0.8362789 0.091439 -0.3002395 0.9494711 0.8484162 -0.4039238 0.3421049 -0.01665979 0.04321449 0.9989269 -2.64388e-4 -0.3631888 0.9317156 0.09500396 -0.3928896 0.914665 0.0250585 0.124513 0.9919016 0.05763727 -0.6394689 -0.7666536 0.07501941 -0.9713258 -0.2256067 -0.02454382 -0.9217607 -0.3869817 -0.01143258 -0.5465873 -0.8373242 0.217386 -0.9578111 -0.1879928 0.4247882 0.5588554 0.7122048 0.8779538 0.1499614 0.4546521 0.1238441 0.9227449 -0.3649721 0.143355 0.5131123 0.8462655 0.9979879 0.06087261 -0.01773762 -2.29542e-4 0.901569 -0.4326353 -0.02042722 0.9955493 0.09200251 0.106216 0.9941624 0.0189566 0.1116227 0.2547203 -0.960551 -1.38997e-4 -0.08178424 -0.99665 -0.01749241 0.3026674 -0.9529358 -0.1039746 -0.944285 0.3122742 -3.01324e-4 -0.9999848 -0.005530774 0.4306657 -0.04690814 -0.9012917 0.1616078 -0.362787 -0.9177519 0.001634001 0.9092454 0.4162576 0.09513318 0.4201796 -0.9024405 -0.06932866 0.4212727 -0.9042803 0.2097948 -0.8526682 0.4784801 1.85909e-4 -0.603052 0.797702 0.002348065 0.03203517 0.999484 -4.42871e-4 0.1402193 0.9901204 -0.5540804 0.1356237 0.8213412 -0.517828 -0.04141247 0.8544818 -0.002202212 0.2528615 0.9675 -0.004476308 0.3505216 0.936544 -0.5318732 0.4212666 0.7346056 -0.438383 0.2864484 0.85192 -0.1354755 -0.9553616 0.2625469 -0.4705403 -0.6788394 0.5637101 -0.3599029 -0.8782121 0.3149816 -0.04559409 0.9151349 0.4005613 -0.1763718 0.9785578 -0.1063845 -0.276073 0.8655588 0.417842 -0.4025739 0.5489993 0.7324849 -0.4346472 0.7213125 0.5392497 -0.6970455 0.5547456 0.4542961 -0.7652006 0.2473063 0.5943969 -0.7677285 -0.007884919 0.6407268 -0.5737956 -0.1625284 0.8027099 -0.4192606 -0.3003123 0.8567574 -0.7024257 -0.2769761 0.6556541 -0.5407956 -0.3989199 0.7405424 -0.5560546 -0.5609815 0.6132725 -0.7575644 -0.4789723 0.4434884 0.1208263 -0.9865298 -0.1102725 -0.7119264 -0.702203 -0.008473753 -0.6007592 0.7987991 -0.03175759 -0.9209792 0.3328315 0.2025357 -0.9601792 0.08194136 0.2670985 -0.954589 -0.1660689 0.2473478 -0.7522559 -0.07004672 0.6551372 -0.9365 -0.2908083 0.1959547 0.607804 0.5991077 0.5211951 0.4974997 0.6741716 0.5458818 0.4261038 0.4927545 0.7587019 0.6145933 0.7861433 0.06522202 0.6269149 0.4277861 0.6511352 0.6680747 0.2694767 0.6935839 0.5833693 0.175788 0.7929558 0.9335525 0.04224216 0.3559431 0.4874145 0.3456327 0.8018511 0.7859023 -0.01898258 0.6180595 0.5769093 -0.132199 0.8060392 0.9054175 -0.1860697 0.3815723 0.8009264 -0.2108461 0.5604115 0.9417221 -0.0775206 0.3273378 0.08689749 0.9464166 0.3110379 0.5356416 -0.290552 0.7928856 0.380451 -0.4255955 0.8210515 0.5867742 -0.4953826 0.6405405 0.3498534 0.8698937 0.3476888 0.9754266 0.216336 0.04173511 0.9791176 0.1827732 -0.08900946 0.9265248 0.3368963 -0.1674895 0.9273546 0.3718047 -0.04212749 0.4530366 0.01561743 0.8913551 0.6991678 0.6185084 -0.3586249 0.8039006 0.575998 -0.1482235 0.4427458 -0.8336457 -0.3301685 0.4469949 -0.7569388 -0.4766962 0.7550749 -0.5736758 -0.3174241 0.7748267 -0.6057202 -0.1809606 0.4586685 0.8391487 -0.2923231 0.1143262 0.8444277 -0.5233274 -0.1028265 0.9316484 -0.3485084 0.9029659 -0.4243484 -0.06768327 0.9320659 -0.3369379 -0.1331394 0.9906327 -0.1003502 0.09261095 0.9925929 -0.115376 -0.03805011 0.9972845 -0.0640909 -0.03627914 0.9832866 -0.1617255 0.08362102 0.9948132 -0.03660726 0.0949046 0.9992168 -0.003661513 -0.03940296 0.9954416 0.02562606 0.09186512 0.9955545 0.07827311 -0.05238956 0.9915719 0.1024582 0.07929468 0.9717202 -0.22806 0.06122642 0.9684058 -0.2383487 -0.07334905 0.9835972 -0.1730708 -0.05082637 0.950985 -0.3088275 0.01591134 0.05680429 -0.9158221 -0.3975466 0.5083794 -0.4148716 0.7546072 0.5514013 -0.6463534 0.5274316 -0.001456439 -0.4132118 0.9106338 -0.2205519 -0.4125127 0.8838497 -0.129388 -0.7621213 0.6343736 0.1344779 -0.661374 0.7379025 0.03860825 0.2433648 -0.9691662 -0.001393914 -0.08323651 -0.9965289 -0.1066347 -0.04394006 -0.9933269 -0.04049158 0.3233723 -0.9454051 -0.526381 0.2104562 -0.8237909 -0.927867 0.06608289 -0.3670095 -0.9303839 0.113797 -0.3484767 -0.688142 0.2438837 -0.6833604 -0.4251629 -0.03492474 -0.9044429 -0.8780819 -0.1228174 -0.4624805 0.05172109 -0.8188751 -0.5716369 -0.116433 -0.3699595 -0.921723 -0.001079142 -0.447848 -0.8941091 -0.2453785 -0.7919047 0.5591747 -0.2722156 -0.4574898 0.8465234 -0.7941805 -0.4333381 0.426023 0.09045767 -0.1661477 -0.9819433 0.149407 0.1150867 -0.9820553 -0.2155939 -0.9717088 0.09644365 -0.7758856 -0.6291778 0.04622828 -0.6296401 -0.5832719 -0.5131739 -0.04700422 -0.9370697 -0.3459638 -0.2952676 -0.3987251 0.868237 -0.8604235 -0.2408537 0.4490669 -0.2199255 -0.4745015 -0.8523386 -0.1616141 -0.3627896 -0.9177498 -0.1494079 0.1150825 -0.9820557 -0.09041172 -0.1661586 -0.9819455 -0.1516562 0.2697448 -0.9509145 0.002368271 -0.08114397 0.9966996 0.001203298 -0.177724 0.9840797 0.2240318 -0.8080701 0.5448235 0.1803926 -0.7625338 -0.6212896 0.2144851 -0.9469308 -0.2394122 -2.04786e-4 -0.9726276 -0.2323697 0.5340123 0.2195602 -0.8164706 0.1516569 0.2697464 -0.9509139 0.6773722 0.3461546 -0.6491101 0.6672981 -0.7197308 0.1915746 0.2952659 -0.3987193 0.8682402 0.2722144 -0.4574959 0.8465204 0.2453752 -0.7919242 0.5591486 0.2155883 -0.9717109 0.09643471 0.001556336 -0.9932203 0.1162378 0.2268699 -0.9679807 0.107441 0.001348078 0.3967385 -0.9179307 0.1083319 0.3901549 -0.9143542 -0.9979944 0.06070739 -0.01794117 -0.8298165 -0.3710666 0.4167905 -0.8980387 0.135214 0.4186211 -0.8868336 0.4583133 0.05895203 -0.8198891 -0.5723742 0.01303315 -0.8091036 -0.009659767 -0.5875868 -0.999796 0.01750677 -0.01007968 -0.8192517 -0.4707509 0.3274453 -0.1245216 -0.0619716 -0.9902798 -0.1090516 0.8977059 0.4268862 -0.9042003 0.4134493 -0.1071524 -0.929021 -0.3049722 -0.2095519 -0.1157872 0.6165832 0.7787287 0.002056598 0.7677469 0.64075 0.1039246 -0.9445918 0.311362 6.96311e-4 0.4670879 0.8842107 -0.09516829 0.8935754 -0.4387094 -0.9071539 -0.3055797 -0.2892972 -0.1433565 0.5131167 0.8462625 -0.4672996 0.5361383 0.7029842 -0.4474853 -0.1878372 0.8743422 -0.09143882 -0.300236 0.9494722 -0.278163 0.8853983 0.3724184 -0.3126658 -0.05550426 -0.9482402 -0.5690538 0.1196767 -0.8135449 -0.09518736 0.4202352 -0.9024088 -0.09044903 0.6675419 -0.7390581 -3.09937e-4 0.7096393 -0.7045652 0.05205649 0.4672771 -0.8825771 -0.05467325 -0.9443819 0.3242741 -0.2173861 -0.957812 -0.1879882 -0.1238502 0.9227449 -0.3649699 -0.4074122 0.6444843 -0.6470358 -0.5752904 0.8054633 -0.142373 -0.4308244 -0.7930683 0.4306192 0.3879891 -0.6797131 0.6224586 -0.1959657 0.4595316 -0.8662727 -0.505451 -0.6677659 -0.5464503 -0.1562663 -0.4352702 -0.8866345 -0.7085924 -0.6878595 -0.1573092 -0.8762839 0.4276343 -0.2219358 -0.9615345 0.2470127 -0.1201505 -0.9579495 0.2867842 0.009364426 -0.8767413 0.470768 -0.09849971 -0.5560283 0.7166078 -0.4210771 -0.6451001 0.7277725 -0.2327942 -0.7550746 -0.5736813 -0.3174152 -0.446995 -0.7569387 -0.4766962 -0.4427566 -0.833642 -0.3301634 -0.7748274 -0.6057196 -0.1809599 -0.05682075 -0.9158309 -0.3975241 -0.9684059 -0.2383487 -0.07334852 -0.9320659 -0.3369385 -0.1331382 -0.9509885 -0.3088162 0.01591801 -0.9029708 -0.4243392 -0.06767511 -0.9835513 -0.1746647 -0.04603523 -0.9717206 -0.2280577 0.06122732 -0.9832888 -0.161711 0.0836237 -0.9925929 -0.1153759 -0.03804975 -0.9896768 0.1268969 -0.06661278 -0.9984796 0.03624868 -0.0415287 -0.9948265 0.04919177 0.08888477 -0.9858785 0.1543846 0.06487631 -0.9991584 -0.02079761 -0.03535598 -0.994975 -0.03317737 0.09446763 -0.9971631 -0.06613117 -0.03595137 -0.9906342 -0.1003347 0.09261202 -0.07160931 0.2421104 -0.9676025 -0.4307786 0.5094776 -0.7448909 0.02109938 0.6352297 -0.7720351 -0.8026552 0.1382341 -0.5802035 -0.4878243 0.06635886 -0.870416 -0.1238911 -0.01427143 -0.9921933 0.4326576 0.01888197 -0.9013606 0.00160706 -0.6010242 0.7992293 -0.01090258 -0.4337682 0.9009585 -0.0128526 -0.5631551 0.8262513 0.01756453 -0.4658079 -0.8847116 0.08529567 0.2021757 -0.9756278 -5.29362e-4 -0.09976613 -0.9950108 0.009767591 0.06180542 0.9980405 -9.57464e-6 0.4294704 0.9030811 -0.006917953 0.3982372 0.9172564 -0.07614552 -0.4791288 0.8744356 3.0889e-4 0.03672569 0.9993254 -0.3791571 -0.2413876 0.8932929 -0.9113524 0.4097542 -0.03922456 -0.747159 0.5218585 0.4116035 -0.2314342 -0.1865901 0.9547892 -0.5198165 0.5250689 0.6738647 -0.01216375 -0.2512172 0.9678544 -0.2742651 0.6560893 0.7030829 -0.4082327 0.187475 0.89342 -0.3364402 0.2426472 0.9099069 -0.904771 -0.3988195 -0.1494405 -0.07463818 -0.9200344 0.3846632 -0.001152634 -0.9378844 0.3469461 -0.05727332 -0.7881071 0.6128678 -0.1432231 0.2055288 0.9681143 -0.2095152 -0.6826393 0.7000765 -0.5275923 -0.4812744 0.7000153 -0.003545582 0.1718358 0.9851192 -0.1974061 0.2609953 0.9449404 0.05903989 0.3886067 0.9195103 -0.7442744 -0.2727023 0.6096631 -0.05898171 -0.980419 0.1878824 0.01290023 -0.983124 0.1824848 0.01619756 -0.8009311 -0.5985375 -0.03851574 -0.7804746 -0.624 -0.04076528 -0.4171822 -0.9079082 -0.1276894 -0.9847334 -0.1183038 5.78633e-4 -0.9954677 -0.09509903 -0.3181667 -0.6853504 -0.6550304 0.04455101 -0.3201766 -0.9463098 0.002859413 -0.3136646 -0.9495296 -0.3639169 -0.925845 -0.1018609 -0.3323113 -0.9051926 0.2649446 -0.3492692 -0.8429234 0.4092571 -0.3844055 -0.4004441 0.8317914 0.2347801 0.09071344 0.9678065 0.380454 0.8718923 0.3083156 0.4087135 0.7255148 0.553698 -0.3107988 -0.6310896 0.710725 -0.537589 0.4729099 0.6981077 -0.1531503 -0.05568861 0.9866326 0.07438164 0.4503926 0.8897269 0.4037584 -0.09062391 0.9103662 -0.09502387 0.917556 0.3860846 -0.7770407 0.5755607 0.2548288 -0.3019911 0.9437337 -0.1347898 0.3164393 0.8758254 -0.364412 -0.4423417 0.6160616 0.6517685 -0.6198479 0.4907122 0.6123645 -0.1095352 0.5538161 0.8254028 -0.1596113 0.4994686 0.8515019 -0.8757947 0.3170272 0.3639746 -0.9210894 0.07635557 0.3817911 -0.9776228 0.1665179 0.1285511 -0.1685757 0.8919394 0.419555 -0.9703441 -0.1329141 0.2019065 -0.9949164 -0.1006008 0.004573166 -0.9871352 -0.1572936 0.02868318 -0.9175238 -0.3437549 -0.1999568 -0.9320478 -0.3139682 0.1808615 -0.9310439 -0.1569091 -0.3294494 -0.5527225 -0.4344026 -0.7111908 -0.5667875 -0.1611443 -0.8079507 -0.115638 -0.1527439 -0.9814771 0.7127612 0.03986805 -0.7002729 0.4203183 0.04543089 -0.9062388 -0.7873874 -0.5880414 -0.1850093 -0.8375815 -0.5219779 0.1612335 0.411593 0.184223 -0.8925543 0.278027 0.1132156 -0.9538781 -0.6285502 -0.7583921 -0.1725286 0.6878768 0.02124226 -0.7255166 -0.9744586 -0.07169389 -0.2128155 -0.9781695 0.1210043 -0.1689451 -0.6742267 0.6561939 -0.3388629 -0.6821458 0.7157828 0.1494395 -0.3273172 0.9442848 -0.03449463 -0.1850973 0.9233543 -0.3363866 -0.2552551 0.8526564 0.455875 -0.6459295 -0.7344735 0.2081439 -0.6409847 -0.6452339 0.4157066 -0.8075898 -0.4460763 0.3857653 -0.2643525 -0.3645552 0.8928704 0.3077293 -0.3430607 0.8874752 0.7471961 0.2983493 0.5938736 0.8694884 0.2687261 0.4144592 -0.7398052 -0.2992131 0.6026275 -0.2460405 -0.3729423 0.8946385 0.3499526 -0.4576905 0.8173449 0.2874817 -0.4115282 0.8648692 -0.7684629 -0.1100339 0.630363 -0.8664281 -0.1348828 0.4807381 -0.8450617 0.5176319 0.1338958 -0.3368729 0.9350402 -0.1105284 -0.0373916 0.9510465 -0.3067777 -0.9436664 0.08601373 0.319524 -0.9395654 -0.07999485 0.332893 -0.9028769 -0.2438927 0.3540194 0.7295278 -0.3474861 0.5891033 -0.001043856 -0.2665636 -0.9638168 0.02819383 -0.428039 -0.9033204 -0.00533092 -0.8354218 -0.5495837 -0.06109696 0.05680614 -0.996514 0.1646638 0.03727728 -0.9856452 0.02184683 -0.344384 -0.9385747 -0.5000306 0.1126971 0.8586435 -0.5503962 -0.0257073 0.8345079 -0.7255125 0.01327776 0.688081 0.7468206 -0.6647452 0.01931238 0.5839055 -0.7756704 0.239562 0.4078444 -0.9107415 -0.06490755 0.504409 -0.7110787 0.4898355 0.1671291 -0.9844472 0.05414575 -0.1622201 0.9788753 0.1244502 -0.3747768 0.7720236 0.5133438 -0.7561878 0.616271 0.2199778 0.09358495 0.9677504 -0.2338823 0.04623883 0.9596888 -0.2772353 -0.3836978 0.8619074 -0.3314992 -0.891332 -0.1046746 0.4411014 -0.8665847 -0.1194708 0.4845181 -0.9554477 -0.1825454 0.2319416 -0.9605223 -0.1267108 0.247672 -0.9149045 0.03271043 0.4023431 -0.1398361 0.9351704 -0.3254263 -0.1870744 0.9325839 -0.3086917 0.06159913 0.9794185 -0.192211 0.08356052 -0.7751048 0.6262829 0.005503475 -0.7243897 0.6893689 0.009543716 -0.9900689 0.1402595 0.1083026 -0.286073 -0.9520677 -0.03474557 -0.1519238 0.9877814 0.009615063 -0.3700056 0.9289799 -0.003043234 -0.2915251 0.9565584 -0.08036994 -0.3260594 0.9419267 0.4563227 -0.3935001 -0.7980772 0.5973783 -0.4241188 -0.680634 0.3567571 -0.8418109 -0.4050666 0.1121444 -0.8218973 -0.5584877 0.0964865 -0.4279492 -0.8986378 0.4729409 -0.01412522 -0.880981 0.1809871 -0.8314581 0.525282 0.6773863 -0.7255825 -0.1211524 0.3830588 -0.8938588 -0.2329859 0.771291 -0.5668373 -0.2894923 0.7127183 -0.5831519 -0.389829 -0.1257716 -0.1736356 0.9767457 -0.6837988 -0.09084457 0.7239935 -0.534347 -0.05013245 0.8437774 -0.013004 -0.9903717 0.1378223 -0.002817869 -0.9677608 -0.2518559 0.003896653 -0.9850057 -0.1724781 -0.6770229 0.5607523 0.4766517 -0.8429581 0.3346546 0.4212221 -0.5664659 0.6627161 0.4898203 -0.365804 0.7681351 0.5255054 -0.2439991 0.7973718 0.5519626 -0.08966839 0.8201737 0.565044 -0.05537736 0.7815418 0.6213902 -0.5908299 0.4082608 0.6958758 -0.6307011 0.08951878 0.7708454 -0.489319 0.3493818 0.7990616 0.9504496 -0.1671307 0.2621315 0.825667 -0.2915157 0.4830039 0.9574193 -0.158069 0.2415838 -0.1351338 0.9600167 -0.245167 -0.2964617 0.9514578 0.08269602 -0.4658181 0.7617685 0.4502471 -0.1901758 0.7089056 0.6791804 -0.546043 0.7066425 0.4499927 -0.1236409 0.9598596 -0.2517592 0.01700586 0.9890121 -0.1468538 -0.3388856 0.9360114 -0.0950753 -0.1481531 0.9886153 0.02627879 -0.8394066 -0.03572553 0.5423287 -0.7954618 0.1708021 0.5814355 -0.8277946 0.08789205 0.554104 -0.6904034 0.4984218 0.5243272 -0.7134213 0.4801701 0.5103595 0.09643793 -0.6327182 0.7683537 -0.004235625 -0.6281709 0.778064 0.001280128 -0.4688712 0.8832656 0.06131869 -0.4664293 0.8824306 0.6430665 -0.1018515 -0.7590072 0.7575101 0.06926137 -0.649139 0.1715721 -0.1038764 -0.97968 0.5434871 -0.4240804 0.7244154 0.3906133 -0.5582839 0.7319428 0.226384 -0.4583169 0.8594742 0.9926701 -0.1150584 0.03698265 0.9982923 -0.05569481 0.01762551 0.9492669 -0.09536206 -0.2996641 0.9855203 -1.04307e-4 -0.1695579 0.904425 0.04684305 -0.4240535 -0.2468508 -0.1939653 0.9494432 -0.1190749 -0.3377168 0.9336855 -0.3584762 0.8399465 0.4074122 -0.6461681 0.7344316 0.2075499 -0.398715 0.8737168 0.2786495 -0.500528 0.8407722 0.2063342 -0.4343155 -0.3318352 -0.83741 -0.5718519 -0.4273161 -0.700276 -0.8120293 -0.1842045 -0.5537844 -0.7555145 -0.2240534 -0.6156282 -0.4963738 -0.07496654 -0.864866 -0.7476994 0.5971613 -0.2904204 -0.9473756 0.2821074 -0.1513107 -0.9195125 0.204294 0.3357986 -0.728648 0.5934844 0.3418312 -0.8456184 0.4079334 0.3442674 -0.9345086 0.1704186 0.3124919 -0.3473476 0.7157553 -0.6058416 -0.3447086 0.4787295 -0.8074616 -0.4024394 0.9105355 -0.09469866 -0.2012195 0.9314438 0.3031887 -0.0864377 0.5904546 -0.8024289 -0.04527425 0.4614874 -0.8859907 -0.1661605 0.9176889 0.3608846 -0.061912 0.7965155 -0.60144 -0.03474593 0.9877021 -0.1524377 -0.001814663 0.9185135 0.3953855 -0.009444952 0.9277611 0.373055 0.001598894 0.7981271 -0.6024871 -0.001384377 0.6247099 -0.7808557 -0.004949629 0.9914377 -0.1304864 -0.004348099 0.9206379 0.3903936 -8.9118e-4 0.9163631 0.4003472 0.0423969 -0.4198845 -0.9065868 -0.1162849 -0.4036084 -0.907512 -0.05138105 -0.1566343 -0.9863194 -0.02481657 -0.6154001 -0.7878242 -0.004452288 -0.7550929 -0.6556028 -0.03808796 -0.6210244 -0.7828652 0.03022265 -0.6250241 -0.7800202 -0.006463408 -0.923641 0.3832046 -0.0020563 -0.929539 0.3687181 -0.004361808 -0.6014887 -0.7988694 -0.05990934 -0.1303814 -0.9896523 2.21705e-4 -0.9999909 0.004267454 -0.02097201 -0.9991537 -0.03538721 0.009964644 -0.923327 0.3838855 -0.9073361 0.1477012 0.393606 -0.9931591 0.06435334 -0.09743684 -0.9960416 -0.05476111 -0.07001811 -0.9650576 -0.03727698 -0.2593731 -0.9487867 -0.1125225 -0.295199 -0.9415158 -0.05203831 -0.3329265 -0.9620996 -0.042212 -0.2694115 -0.9865767 -0.02873384 -0.1607509 -0.9601471 -0.1666565 -0.2243732 -0.9192388 -0.3291786 -0.2159667 -0.9218749 -0.3165589 -0.2234665 -0.8012244 -0.5316374 -0.2745926 -0.8181979 -0.5387742 -0.2006857 -0.6482076 -0.7236196 -0.2370686 -0.6203249 -0.6776307 -0.3949859 -0.3873748 -0.8254928 -0.4104905 -0.4105516 -0.8830658 -0.2272497 -0.1808963 -0.9394134 -0.2911685 -0.1096258 -0.9032017 -0.4149807 0.7771822 -0.2920613 0.557394 0.1197587 -0.9679469 -0.2207641 0.5485198 -0.7979947 0.2496613 0.7412489 -0.6708897 0.02137988 0.4238129 -0.8539891 0.3018033 0.04432392 -0.9874261 -0.1517407 0.4380619 -0.7960661 0.4175891 -8.95402e-4 -0.869634 -0.4936964 -0.1351876 -0.8542997 -0.5018928 -0.1181612 -0.8020188 -0.5854945 0.03944212 -0.825104 -0.5636026 -0.06095421 -0.629222 -0.7748318 -0.07559823 0.1301536 -0.9886076 0.03341931 0.1343955 -0.9903641 -0.005933761 0.3468993 -0.9378836 -0.1021102 0.2993025 -0.9486788 0.04023307 0.4282437 -0.9027673 0.05563592 0.479015 -0.876042 -0.2218001 0.08418881 -0.971451 -0.2238124 -0.1688764 -0.95989 -0.1841669 -0.5519945 -0.8132557 -0.1574516 -0.7159345 -0.6801815 -0.1425538 -0.5803389 -0.8018012 -0.3660966 -0.7402121 -0.5639677 -0.5787364 -0.5812865 -0.571988 -0.7805523 -0.4762827 -0.4048371 -0.9751715 -0.150212 -0.1627181 -0.954286 0.2209205 -0.2013271 -0.9445576 0.1159769 -0.3071813 -0.865244 0.4789179 -0.1482921 -0.6611961 0.7224728 -0.2021211 -0.9460386 -0.03116363 -0.3225522 -0.8368018 0.5101944 0.1986568 -0.9716984 0.2280975 -0.06143271 -0.9517874 0.2047711 -0.2284065 -0.5635565 0.7667492 -0.3074082 -0.7657033 0.5149365 -0.3854078 -0.9527586 0.0764259 -0.2939563 -0.9069734 -0.1495243 -0.3937534 -0.7966349 -0.29219 -0.5291484 -0.5519748 -0.4549097 -0.6988427 -0.3590034 -0.626531 -0.6917915 -0.2994264 -0.5052899 -0.8093369 -0.4203304 0.2029267 -0.8843886 -0.3149217 0.3323345 -0.8890321 -0.9876716 0.06804376 -0.1409788 -0.9157379 -0.007169127 0.4017124 -0.9502911 -0.04129219 0.3086127 -0.7369029 0.2759167 -0.6171257 -0.7650292 0.08629471 -0.6381878 -0.974664 0.08859211 -0.2053815 -0.8798235 0.1029018 0.4640278 -0.9668509 -0.01910698 0.2546259 -0.9573692 -0.03340148 0.2869298 -0.8185341 0.4858731 0.3064788 -0.5339038 0.7744669 -0.3393341 -0.09065997 0.9507333 -0.2964576 0.124749 -0.9061821 0.4040689 0.005467057 -0.9326453 0.3607532 0.0261321 -0.9151661 0.402229 -0.03195297 -0.9840949 -0.1747468 0.003988921 -0.9507874 -0.3098183 0.05501687 -0.9190553 -0.3902698 0.03635281 -0.5742695 -0.8178588 -0.02937805 -0.6607632 -0.7500193 0.00635606 -0.5959967 -0.8029617 -0.01266223 -0.9992555 -0.03644657 -0.02881264 -0.9658187 0.2576125 9.80473e-6 -0.9760537 0.2175297 0.001360833 -0.7329546 0.6802762 -0.09320497 -0.7462683 0.6590876 -0.001719951 -0.2963138 0.9550892 -0.04480487 -0.9939121 -0.1006551 0.2708463 -0.5918006 -0.7592196 0.5941392 -0.601974 -0.5335035 0.1416796 -0.9593037 -0.2442612 0.600951 -0.5221518 -0.6051574 0.4194428 -0.5475319 -0.7240695 -0.05391252 -0.9966874 -0.06089061 0.1367194 -0.6100316 -0.780493 0.1705982 -0.9224197 0.3464651 0.9971739 -0.07383 0.01391136 0.7413812 -0.6543444 -0.1489543 0.9036609 -0.3972088 -0.1600699 -0.1899589 -0.968945 -0.1583074 0.7297098 -0.5596535 -0.3928251 0.6844024 -0.628153 -0.3701585 -0.3904934 -0.9107537 -0.1343236 -0.1816143 -0.9794701 -0.08749073 -0.2784309 -0.3165007 0.9068096 -0.4858328 -0.8438001 0.2279649 -0.1990274 -0.9389863 0.2805225 -0.3508335 -0.6858717 0.6375703 -0.5706753 -0.1595764 0.8055216 -0.4177254 -0.1467186 0.896649 -0.9576654 -0.2487176 0.1449709 -0.8186747 -0.5478957 0.1719944 -0.815049 -0.3321669 0.4747213 -0.5550253 -0.4446243 0.7030336 -0.3475298 -0.1999334 0.9161058 -0.665653 -0.7107592 0.2274368 -0.9125863 -0.3300296 -0.2413851 -0.8052992 -0.5559628 -0.2059094 -0.6218792 -0.7635926 -0.1737602 -0.8326225 -0.08241713 0.5476744 -0.9868625 -0.1542375 0.04809737 -0.9019311 0.36065 -0.2375965 -0.6226307 0.7720376 0.1276281 -0.896445 0.3828808 -0.2231336 -0.6467254 0.7556511 0.1036232 -0.008574604 -0.9824501 0.1863282 -0.01421141 -0.805053 -0.5930328 0.5086999 -0.5427874 0.6682862 0.2505995 0.2351638 0.9390943 0.7442795 -0.2726944 0.6096605 0.3794952 -0.8392536 0.3894059 0.1483886 -0.5989037 0.7869532 0.9047747 -0.3988075 -0.1494506 0.3320764 0.2320961 0.914252 0.3990857 0.1893546 0.8971485 0.5232934 0.5462441 0.6540501 0.2365535 -0.1626315 0.957911 0.3790823 0.875222 0.3004717 0.7468898 0.5232698 0.4102979 0.3660131 -0.2211432 0.9039525 0.9113491 0.4097621 -0.0392183 -0.01601654 -0.464302 -0.8855322 0.3632724 0.1988789 0.9102091 -0.1030698 0.2552555 0.9613643 0.00182712 -0.542805 0.8398568 5.7702e-4 -0.533859 0.8455734 -0.004852712 -0.5305996 0.8476088 -0.01563674 -0.5284428 0.848825 0.6314007 0.05474615 0.773522 0.003377616 -0.4906139 0.8713706 0.00214678 -0.4380189 0.8989633 -0.04835379 -0.3974775 0.9163371 0.7045196 -0.01652681 0.7094921 0.002822458 -0.2814912 0.9595597 -0.08237117 -0.2045012 0.9753945 0.7032069 0.009819805 0.7109175 -0.0154013 -0.08322823 0.9964116 -0.1148555 0.0243467 0.9930838 0.7107915 0.07198011 0.6997101 -0.002931952 0.1558119 0.9877824 -0.07889592 0.2896231 0.9538836 0.6733582 -0.008183717 0.7392712 0.005910217 0.3598662 0.9329853 -0.02200007 0.4600765 0.8876068 0.4167748 -0.2106339 0.8842694 -0.09011977 0.4932962 0.8651806 -0.01455634 0.4854911 0.8741205 0.002124845 0.4955288 0.868589 0.002387046 0.5217272 0.8531091 0.1656097 -0.3115252 0.9356952 -0.00663793 0.5384591 0.8426256 2.13705e-4 0.5321673 0.8466392 -0.9830487 -0.06755667 -0.1704449 -0.9804045 0.1648565 0.1078396 -0.8751787 0.4539117 0.1674113 -0.9412312 -0.2224802 0.2541388 -0.9523424 0.06777733 0.297406 -0.997747 0.0634337 -0.02184402 -0.888314 0.4370325 -0.141071 -0.6377022 0.5208149 -0.5675277 -0.6767835 0.3012481 -0.6717244 -0.5561128 0.7559139 -0.3454459 -0.8181927 0.5683448 0.08686131 -0.5668004 0.8077301 -0.1622022 -0.8830012 -0.1867215 0.4306322 -0.9602142 0.01800125 0.2786836 -0.9596326 -0.2601124 -0.1069909 -0.899295 -0.427609 -0.0917567 -0.8147284 -0.5066092 0.2820724 -0.4118704 -0.6865525 0.5991733 -0.5647435 -0.4521263 0.690396 -0.9419015 -0.3101518 0.1289474 -0.9768021 -0.1755578 -0.1226257 -0.9809349 -0.1665686 0.1001079 -0.6501786 -0.7579725 0.05239951 -0.3715757 -0.8848756 -0.2809392 -0.3021401 -0.9503935 -0.07391721 -0.8662219 -0.3971725 0.3031728 -0.9309511 -0.1655031 0.3254825 -0.9747294 -0.1236963 -0.1860164 -0.9389185 -0.1731644 -0.2973992 -0.8567057 -0.2347503 0.4592904 -0.9667811 -0.02857887 0.2540029 -0.6941483 0.1030853 0.7124125 -0.5653135 -0.21469 0.7964478 -0.598264 -0.07839262 0.7974553 -0.9250981 -0.3527381 -0.1406034 -0.6939126 -0.7179043 0.05566626 -0.2524755 -0.9543137 0.1598175 -0.8260787 -0.5628362 0.02845489 -0.8778868 -0.3584475 -0.3175378 -0.5362234 -0.5386204 -0.6498866 -0.4153274 -0.735154 -0.5357722 -0.8778499 -0.1419263 0.4574238 -0.9950243 -0.09527003 -0.02916145 -0.5653657 0.3010384 0.7679437 -0.5503984 -0.7972268 0.2479742 -0.2208548 -0.9065324 0.3597531 -0.2296328 -0.8154424 0.5313405 -0.6379982 -0.2308614 -0.7346165 -0.4212636 0.8263006 0.3738505 -0.4298074 0.8846653 0.1806464 -0.565579 0.5445111 0.6193771 -0.3858509 0.9223535 -0.01958036 -0.9006072 -0.04231458 -0.4325692 -0.5591949 0.01367592 -0.8289234 0.8503053 0.3937612 0.3491892 0.6497609 0.5865173 0.4835371 0.09916299 0.7739518 0.6254323 0.4368755 -0.7018414 0.5626352 0.5824896 -0.6024695 0.5456523 0.8604018 -0.3306944 0.3877501 0.9472979 -0.1272546 0.2939951 0.9667898 -0.03325456 0.2534002 0.9725719 0.02717757 0.2310097 0.9712924 0.05019927 0.2325321 0.9719092 0.07378613 0.2234906 0.9678045 0.1088553 0.2269473 0.9579912 0.1749586 0.2272498 0.9191738 0.2727439 0.2841308 -0.2506017 0.7697542 0.5870922 -0.1241456 0.9340552 0.3348566 -0.3510525 0.5867828 -0.7296905 -0.4068194 0.3170311 -0.8567317 -0.288788 0.799843 -0.5261678 -0.2379205 0.9251872 -0.2956733 -0.1995311 -0.641183 0.7409937 -0.3276276 -0.4468211 0.832473 -0.07390153 -0.9757726 -0.2059282 -0.117363 -0.9929499 -0.0166316 -0.2213863 -0.9358443 -0.2741963 -0.03113609 -0.9976494 0.06104415 0.01374506 -0.9684747 0.2487327 -0.2674847 -0.5000014 -0.8236811 -0.2376652 -0.625892 -0.7428152 -0.1844945 -0.8253852 -0.5335739 -0.5144286 -0.848447 0.1245031 -0.3654641 -0.2600545 -0.8937604 -0.1029943 0.9890981 0.1052477 -0.3648728 0.4943645 0.7889688 -0.1246992 0.9918651 0.02556896 -0.2150529 0.9670287 -0.1364099 0.3902325 -0.1871595 0.9014933 0.4690323 -0.1356675 0.8726988 0.5198413 -0.1730687 0.8365479 0.2506957 -0.04814839 0.9668679 0.5378053 0.1675469 0.8262527 0.3988153 0.1530123 0.9041757 0.08669084 0.004808425 0.9962237 0.2685562 0.09191215 0.958869 0.6428669 0.1878248 0.7425928 0.7426403 0.1411257 0.6546518 0.4651585 0.05969065 0.8832128 0.4454943 -0.06781321 0.8927128 0.7769121 0.08269977 0.6241542 0.724321 -0.05869811 0.6869598 0.6080421 -0.09121221 0.7886477 -0.08305573 -0.03157806 0.9960445 0.9503815 0.1411732 0.2772099 0.8950438 0.09911453 0.4348254 0.07601308 -0.4537505 0.8878809 0.8331238 0.1732778 0.5252423 0.7905754 0.1313771 0.5981059 0.7881016 0.3700222 0.4919142 0.579632 0.1852412 0.7935442 0.5485348 0.2211771 0.8063438 0.1850973 0.9233539 -0.3363878 0.670454 0.6667031 -0.3255741 0.4449188 0.5156857 -0.7321991 -0.02109783 0.6352348 -0.772031 0.4272606 0.6361073 0.6425074 0.1479548 0.279231 0.9487568 0.979071 0.1213338 -0.1633953 0.7951029 0.1331285 -0.5916826 0.9776466 -0.07000702 -0.1982579 0.6112608 -0.280279 0.7401378 0.7481741 -0.1477608 0.6468403 0.1417964 -0.6509115 0.7457937 0.2665225 -0.3210964 0.90877 0.4956771 0.07747358 -0.8650446 0.06050777 0.263609 -0.9627301 0.3613437 -0.4173606 0.8338112 0.5365381 -0.278644 0.7965454 0.1220874 -0.009051084 -0.9924781 -0.4326579 0.01888126 -0.9013605 0.9113214 -0.03892403 0.4098516 0.9509308 -0.0230543 0.3085434 0.9839078 0.0369749 0.1748097 0.9986535 0.04035854 0.03259581 -0.08535301 0.1997915 -0.9761139 0.9984435 0.05559909 -0.004407703 0.9969774 0.07690632 0.01102656 -0.04608672 -0.2542347 0.966044 0.9972584 0.06999838 0.02400106 0.9692823 0.09305179 0.2276693 -0.01442986 0.07289206 0.9972355 0.006902396 0.3982384 0.917256 0.0620957 0.376648 0.924273 0.8028789 -0.1248967 0.582912 0.9101268 0.1507752 0.3859227 0.9719275 0.1648054 0.1679171 0.9515481 0.09958708 0.2909271 0.9336737 0.06044745 0.3529868 0.9686329 0.01601594 0.2479794 0.9530741 0.04591947 0.2992343 0.9294447 3.82297e-4 0.3689614 0.9192197 -0.08358782 0.3847705 0.05820441 -0.781419 0.6212862 0.07248204 -0.9246053 0.3739673 -0.05903559 0.388607 0.9195106 0.05852198 -0.9798895 0.1907669 0.0475462 -0.4299177 -0.9016153 0.05078357 -0.7752339 -0.6296296 0.129666 -0.984463 -0.118403 0.3493122 -0.6700883 -0.6549525 -0.04459208 -0.3201846 -0.9463052 -0.002874553 -0.3136703 -0.9495277 0.3641787 -0.9255378 -0.1037001 0.3307108 -0.9055359 0.2657727 0.3506938 -0.8431453 0.4075784 0.3755696 -0.3901344 0.84068 -0.2246421 0.09895092 0.9694043 -0.3804169 0.8719057 0.3083237 -0.4087045 0.7255176 0.5537011 0.3100217 -0.6406391 0.7024729 0.153178 -0.05595809 0.986613 0.5389159 0.4432759 0.7162934 -0.07364052 0.4559043 0.8869771 -0.4037596 -0.09062898 0.9103651 0.03160274 0.835065 0.5492429 0.7767813 0.5768604 0.2526717 0.3064817 0.9431774 -0.1283962 -0.3164358 0.8758243 -0.3644176 0.111451 0.555337 0.8241235 0.571184 0.5072199 0.6453502 0.473778 0.582416 0.6605499 0.1596131 0.4994658 0.8515031 0.8844156 0.2681497 0.3819748 0.9186156 0.07500469 0.3879686 0.9778509 0.1662308 0.1271805 0.1685755 0.8919387 0.4195566 0.9680483 -0.1336292 0.2121925 0.9942637 -0.1069567 1.54585e-4 0.9862549 -0.163 0.02706044 0.9326171 -0.3091517 0.186147 0.9174486 -0.3438264 -0.2001785 0.9300531 -0.1596969 -0.3309051 0.1126151 -0.1667418 -0.9795485 0.5713518 -0.1581104 -0.8053312 0.5506476 -0.4388839 -0.710048 -0.7127746 0.03984272 -0.7002607 -0.4203195 0.04542362 -0.9062385 0.8385764 -0.520406 0.161144 0.7863183 -0.5888891 -0.186851 -0.4115955 0.1842161 -0.8925547 -0.2780308 0.1132092 -0.9538777 0.6238348 -0.7634881 -0.1670815 -0.6878734 0.02123731 -0.72552 0.3273185 0.9442842 -0.03449523 0.6845511 0.7139877 0.147008 0.2552557 0.8526569 0.4558735 0.6453765 -0.7355209 0.206151 0.8076444 -0.4460577 0.3856723 0.6484858 -0.6354807 0.419083 0.2646944 -0.3639633 0.8930104 -0.3137165 -0.3431279 0.8853504 -0.7471975 0.2983514 0.5938708 -0.8694754 0.2687637 0.4144618 0.7421702 -0.2981334 0.6002499 -0.349955 -0.4576907 0.8173437 0.2492332 -0.373008 0.893727 -0.2874824 -0.4115371 0.8648648 0.768737 -0.110378 0.6299685 0.8667231 -0.1405043 0.4785915 0.8390598 0.5298806 0.1233103 0.3366783 0.9351413 -0.1102656 0.03738796 0.9510499 -0.3067673 0.9414741 0.09093886 0.3245869 0.9382029 -0.07944542 0.3368439 0.002198517 -0.6078585 0.7940424 0.8973687 -0.2418473 0.369106 -0.7295285 -0.3474683 0.5891129 -0.9192253 -0.08356463 0.3847621 -0.929445 3.87471e-4 0.3689604 -0.9686346 0.0160216 0.2479724 -0.4628366 0.06052553 0.884375 -0.9530697 0.04592686 0.2992473 -0.9336764 0.06045359 0.3529787 -0.4412601 -0.06810408 0.8947914 -0.9515421 0.09960925 0.2909392 -0.9719257 0.164824 0.1679095 -0.3851349 -0.1927696 0.9025027 -0.9101304 0.1507668 0.3859172 -0.5333598 0.1672258 0.8291941 -0.911324 -0.03892797 0.4098455 -0.8028755 -0.1249023 0.5829156 -0.7481639 -0.1477792 0.6468479 -0.3855322 0.1472437 0.9108701 -0.5533645 -0.1101049 0.82563 -0.6522073 0.102367 0.7510971 -0.8176275 0.2658641 0.5106875 -0.2743528 0.5074402 0.8168445 -0.6117854 -0.0890026 0.7860007 -0.9466927 0.1455832 0.2873649 -0.9692814 0.09305238 0.2276728 -0.7228235 -0.04890489 0.6893 -0.9972582 0.07000029 0.02400195 -0.004513978 0.9294613 0.3688924 0.06475222 0.7865941 0.6140659 -0.996977 0.07691037 0.01102566 -0.7588148 0.07560235 0.6469037 0.002776563 0.941042 0.3382786 -0.009003221 -0.7448914 0.6671251 -0.1131716 -0.7463775 -0.6558299 0.04802983 -0.1461544 0.9880952 -0.2266204 -0.1214877 0.9663767 -0.06509065 -0.1918077 0.9792717 -0.7406086 0.1533185 0.6542114 -0.9984433 0.05560219 -0.004408478 -0.9986535 0.04035949 0.03259545 0.7255135 0.01326119 0.6880803 0.5492284 -0.02812969 0.8351988 0.4992817 0.1189685 0.8582333 -0.372956 -0.9248533 -0.07450056 -0.583912 -0.7756691 0.2395505 -0.7468252 -0.6647403 0.0193032 -0.1631594 -0.9815948 0.09925144 -0.504417 -0.7110775 0.489829 -0.9839077 0.03697508 0.1748104 -0.642342 0.1875626 0.7431131 -0.9509307 -0.02304929 0.3085445 0.7561845 0.6162682 0.2199972 0.3747911 0.7720218 0.513336 0.1627466 0.9793803 0.1196998 0.3836968 0.8619096 -0.3314945 -0.04686462 0.9597437 -0.2769399 -0.0930987 0.9676564 -0.234465 -0.6112459 -0.2802944 0.7401443 -0.4507855 -0.1512972 0.8797168 -0.4724716 -0.4925237 0.7308837 0.9554452 -0.1825646 0.2319369 0.8664941 -0.1180768 0.4850214 0.8857086 -0.08143836 0.4570428 0.960522 -0.126715 0.2476708 -0.2476561 -0.7136729 0.6552385 0.9139017 0.03646445 0.4042948 0.1398353 0.9351696 -0.3254288 0.1870738 0.9325831 -0.3086945 -0.06241118 0.9790118 -0.1940126 -0.3507454 -0.07635879 0.9333527 -0.3506718 0.2901376 0.8904211 -0.5790573 0.5484318 0.6032539 -0.1010366 -0.7968653 0.5956487 -0.6565635 0.1969463 0.7281048 -0.08942413 -0.1684083 -0.9816527 -0.9096326 0.2373039 0.3409625 -0.8309378 0.02591055 0.5557618 0.002839326 -0.9634722 0.2677936 0.2310702 -0.8145026 0.532158 0.4088473 -0.6898748 0.597425 0.1990787 -0.642065 0.7403514 0.2505793 0.7697212 0.587145 0.5629611 0.5489655 0.6178283 0.4217532 0.8223845 0.3818483 0.3648721 0.4933202 0.7896226 0.4050151 0.3260273 -0.8542067 0.6729241 0.3057799 -0.6735518 0.5591201 0.01205372 -0.8289991 0.6380217 -0.227979 -0.7354957 0.3655378 -0.2585815 -0.8941577 0.2066554 0.967817 -0.1436106 0.384971 0.922667 -0.02197909 0.5625829 0.8122295 -0.1542201 0.2236057 0.9448256 -0.2393851 0.1264564 0.9916919 0.02358198 0.1062971 0.9894682 0.09825396 0.4236251 0.8882328 0.17772 0.5640476 0.3028768 0.7681901 0.1241436 0.9340487 0.3348756 0.5367103 -0.5369921 -0.6508315 0.2675427 -0.5001423 -0.8235768 -0.007609367 -0.966044 0.258266 0.2408592 -0.9571682 0.1606734 0.219072 -0.9097918 0.3525426 0.5125902 -0.8502819 0.1194661 0.3276454 -0.444429 0.8337454 0.5640941 -0.4516966 0.6912077 0.5658168 -0.2118749 0.796844 0.184821 -0.8243471 -0.5350638 0.3720219 -0.8853373 -0.2788863 0.2206516 -0.9363241 -0.2731487 0.4168606 -0.7339431 -0.5362413 0.2377413 -0.629 -0.7401609 0.1159913 -0.99313 -0.01545047 0.2961271 -0.9525001 -0.07108032 0.03288757 -0.9981718 0.05070942 0.06141537 -0.9825149 -0.1757633 0.298843 0.8664211 -0.4000092 0.5140702 0.7706107 -0.3766843 0.3649188 0.6510385 -0.6655699 0.6425487 0.4995894 -0.5809834 -0.6305335 0.1252452 0.7659904 -0.8965966 0.3063551 0.319783 -0.9358096 0.2298531 0.2672603 -0.7154547 -0.01689404 0.6984549 -0.9650008 0.1313874 0.2269603 -0.9691675 0.09319037 0.228101 -0.7047068 0.005273461 0.7094792 -0.9716619 0.05756062 0.2292593 -0.971983 0.03796672 0.2319648 -0.7147177 0.05846178 0.6969655 -0.9672004 -0.03161305 0.2520399 -0.9473035 -0.1272299 0.2939875 -0.6669377 -0.01759791 0.7449058 -0.8604038 -0.3306908 0.3877487 -0.5824909 -0.6024684 0.545652 -0.4114329 -0.2115459 0.8865503 -0.4368746 -0.7018412 0.5626363 -0.1765533 -0.3280893 0.9280013 -0.5041452 0.6521044 0.5662133 -0.3753598 0.2107192 0.9026086 -0.7682602 0.4785217 0.425198 0.5574752 -0.7883169 0.2603424 0.8017714 -0.5216702 0.2915871 0.8950884 -0.4376909 -0.08510839 0.8693503 0.4630017 0.1727991 0.9756172 0.179744 0.1259493 0.9967487 0.07291769 -0.03428024 0.9002679 -0.0464971 -0.4328461 0.8810585 -0.346662 -0.32181 0.9413015 -0.2224934 0.2538667 0.9526215 0.06886297 0.2962604 0.8777504 -0.1419754 0.4575996 0.8826336 -0.1879372 0.4308567 0.9948406 -0.09470486 -0.03637427 0.9809626 -0.1663467 0.1002061 0.959376 0.01570427 0.2816933 0.8049988 0.5871257 0.08520847 0.6943404 0.1027015 0.7122808 0.9665201 -0.01721054 0.2560133 0.9752142 -0.1239058 -0.1833158 0.9833758 -0.06799358 -0.1683714 0.9310206 -0.1641314 0.325978 0.6757608 -0.733897 0.06886649 0.9247071 -0.356217 -0.134262 0.939058 -0.1724863 -0.2973529 0.9599797 -0.2576256 -0.1098549 0.8574949 -0.239296 0.4554558 0.597911 -0.07755279 0.797802 0.9772274 -0.1743853 -0.1208984 0.8695589 -0.3923816 0.2998403 0.823563 -0.5657418 0.04099047 0.6496256 -0.7584694 0.05206608 0.9398279 -0.3189585 0.1224302 0.8883927 0.4365407 -0.1420936 0.00667262 0.5384863 0.8426079 -1.71468e-4 0.5321865 0.8466272 -0.002387106 0.5217285 0.8531084 -0.00208038 0.4955425 0.8685813 0.01455634 0.4854913 0.8741204 0.09011989 0.4932982 0.8651794 0.02200013 0.4600769 0.8876065 -0.005910873 0.3598661 0.9329853 0.07892757 0.2895856 0.9538924 0.003030538 0.1536297 0.988124 0.1148549 0.02434694 0.993084 0.01519149 -0.08355289 0.9963876 0.08237349 -0.2045014 0.9753941 -0.002837777 -0.2814466 0.9595727 0.04835337 -0.3974776 0.9163371 -0.00214678 -0.4380187 0.8989633 -0.00337702 -0.4906132 0.8713709 0.01010656 -0.5214778 0.8532051 0.001172482 -0.5279339 0.8492847 -0.001088798 -0.5420032 0.8403757 0.7683517 0.560596 -0.3088169 0.9102011 -0.1516649 -0.3853983 0.8237862 -0.2529391 -0.5073441 0.8964463 0.3828793 -0.2231312 0.3417954 0.9361633 -0.08230626 0.6467214 0.7556541 0.103626 0.3987131 0.873717 0.2786515 0.9019319 0.3606382 -0.2376111 0.8120288 -0.1842038 -0.5537853 0.7595721 -0.1827915 -0.6242095 0.979005 0.140994 -0.1472067 0.622631 0.7720377 0.1276271 0.8185324 0.4858784 0.3064754 0.8272124 -0.07962 0.5562196 0.9868633 -0.1542336 0.04809451 0.9960424 -0.05474776 -0.07001614 0.9100816 0.1390104 0.3904198 0.6300315 0.09148156 0.7711625 0.8107684 -0.3465994 0.4717239 0.9576667 -0.2487131 0.1449702 0.5315133 -0.07125389 0.8440477 0.5659852 -0.1742072 0.8057995 0.9596576 -0.1687352 -0.2249133 0.9626719 -0.0442245 -0.2670336 0.9488223 -0.1126233 -0.2950461 0.9136911 -0.3264393 -0.2420868 0.91925 -0.3291539 -0.2159568 0.3904524 -0.9107674 -0.1343487 0.4067547 -0.8842533 -0.2294492 0.649169 -0.7225298 -0.2377613 0.6206396 -0.7643966 -0.1746554 0.8164788 -0.5410441 -0.2015786 0.8052698 -0.55597 -0.2060053 0.3346486 -0.6679682 0.6647021 0.4858555 -0.8437886 0.2279592 0.6606343 -0.729813 0.1758845 0.6141381 -0.5144168 0.5985065 0.2157668 -0.1863645 0.9584951 0.3956198 -0.3155517 0.8625035 0.3468431 -0.1643201 0.923417 0.8234798 -0.5451293 0.1572107 0.4186602 -0.1482535 0.8959602 0.09208655 -0.7622546 0.6406936 0.02882719 -0.9658166 0.257619 0.1990302 -0.9389852 0.2805241 0.1264836 -0.3525428 0.9272084 0.1805126 -0.9797139 -0.08704054 0.05724757 -0.9971522 -0.0490936 0.03814125 -0.993165 -0.1103106 0.1935762 -0.9677394 -0.1612726 -0.1438323 -0.9552516 -0.2584702 -0.6844078 -0.6281553 -0.3701445 -0.6009591 -0.5221551 -0.6051466 -0.953966 -0.09330511 -0.2850317 -0.7297123 -0.559655 -0.3928185 -0.5823882 -0.6009072 -0.5474804 -0.7542833 -0.1001456 -0.6488664 0.1714724 -0.939287 -0.2972158 -0.903664 -0.3972183 -0.1600286 -0.7413829 -0.6543521 -0.148912 -0.1201204 -0.9659832 -0.2290142 -0.9971738 -0.07382851 0.01391947 -0.9927111 -0.1151589 0.03554177 -0.7412397 -0.6708986 0.02141839 -0.03318697 -0.9170849 0.3973085 -0.1763874 -0.9169014 0.3580214 -0.09844589 -0.6309359 0.7695637 -0.1246771 -0.9061861 0.4040823 -0.3871979 -0.5548874 0.7363272 -0.4389646 -0.7906936 0.4267479 -0.4238041 -0.853992 0.3018076 -0.05069375 -0.9162505 -0.3973856 -0.1252085 -0.6061543 -0.7854298 -0.0252428 -0.5792637 -0.8147493 -0.3916917 -0.09404426 -0.9152777 -0.09376639 -0.5991862 -0.7950999 -0.4194812 -0.5475301 -0.7240486 -0.3794737 -0.5753705 -0.7245334 0.05367022 -0.4287459 0.9018296 0.01461219 -0.6113983 -0.7911881 0.003226995 -0.6313146 0.7755202 0.006499409 -0.9236399 0.3832065 -0.003694713 -0.9215929 0.3881404 0.5352012 0.7741065 -0.3381109 0.9538232 0.2215863 -0.2027829 0.5667455 0.7637872 -0.3089153 0.09133774 0.9512693 -0.2945239 0.1226395 0.9602259 -0.2508505 0.6650518 0.7196016 -0.1996991 0.9457107 0.1148039 -0.304058 0.1325649 0.9609818 -0.2427771 0.9650164 -0.03722131 -0.2595342 0.9864865 -0.02851986 -0.1613413 0.9751435 -0.1527516 -0.1605061 0.9478701 0.2161384 -0.2341505 0.9564916 0.1075993 -0.2711943 0.9204306 -0.3226046 -0.2207574 0.8023573 -0.5306118 -0.2732657 0.780992 -0.4791017 -0.4006412 0.6176948 -0.6815475 -0.3923597 0.5884248 -0.5728807 -0.5705823 0.3732833 -0.741526 -0.5574934 0.1807703 -0.8151898 -0.5502614 0.2834497 -0.660833 -0.6949505 0.08137357 -0.7405165 -0.6670935 0.1529699 -0.5717651 -0.8060304 0.4964451 -0.07531118 -0.8647952 0.7728402 0.07633817 -0.6299926 0.8798256 0.1028951 0.4640254 0.7385606 0.2650218 -0.6199128 0.3384085 0.4735997 -0.8131317 0.7901046 0.5502857 -0.2700378 0.9492728 0.2810672 -0.1410057 0.9345076 0.1704219 0.3124932 0.9668508 -0.01910471 0.2546266 0.9195119 0.2042957 0.3357995 0.3114058 0.3300879 -0.8911052 0.9848887 0.06172108 -0.1618174 0.8390813 -0.03704708 0.5427431 0.9573664 -0.0333836 0.2869409 0.9502912 -0.04128819 0.308613 0.414178 0.2058026 -0.8866239 0.9157384 -0.00716412 0.4017112 0.1086696 0.2962195 -0.9489179 0.219106 0.08634406 -0.9718731 0.4461956 -0.3273397 -0.8329216 0.2250515 -0.155862 -0.9617998 0.2721635 -0.5587273 -0.7834226 0.1061741 -0.6100811 -0.7851931 0.163459 -0.3835453 -0.9089412 0.4536477 -0.4718397 -0.7560232 0.5599707 -0.4378901 -0.7033385 0.5460698 0.7066359 0.4499708 0.9484484 0.264482 -0.1746283 0.290564 0.9531182 0.08448976 0.9931594 0.06434589 -0.09743738 0.9716968 0.2281044 -0.06143194 0.8368093 0.5101848 0.1986501 0.5904709 0.3932711 0.7047567 0.4657875 0.7617762 0.4502654 0.9450899 -0.03819471 -0.3245712 0.9415671 -0.05064362 -0.3329966 0.3879204 -0.8254508 -0.4100594 0.1113435 -0.8975127 -0.4267008 0.0703817 -0.6018972 -0.7954661 0.04089736 -0.6384532 -0.7685733 0.07177674 -0.1520322 -0.9857659 -0.5484929 -0.798004 0.2496905 -0.5445963 -0.4243881 0.7234015 -0.7631999 -0.2999529 0.5723236 -0.8261027 -0.2914872 0.4822753 -0.9513637 -0.1664968 0.2592027 0.002061605 -0.9295392 0.3687179 0.09269505 0.8205649 0.5639866 0.003325521 0.9203677 0.3910401 0.02784413 0.945211 0.3252705 0.08839941 0.5927096 -0.8005505 0.06085932 0.7845007 -0.6171346 0.1098502 0.9848599 -0.1341044 0.1675998 0.9171704 0.3615366 0.3051717 0.8905555 0.3373147 0.33394 0.7172386 -0.6115987 0.4602029 0.8797993 -0.1190237 0.3612059 0.7696004 0.5265411 0.7381689 0.5846906 0.3365169 0.8457785 0.3302628 0.4190289 0.8456166 0.4079359 0.3442689 0.5916143 0.6238297 0.5107143 0.1478616 0.9886755 0.02564752 0.5005298 0.8407738 0.2063239 0.6461691 0.7344309 0.2075492 0.3584752 0.8399452 0.4074159 0.6905639 0.4941217 0.5281717 0.7111499 0.4829547 0.5109018 0.1239635 -0.1631091 0.9787893 -0.9059867 0.03583538 -0.4217866 -0.7332176 0.06606036 -0.6767777 -0.9853945 8.17368e-4 -0.1702851 -0.9982423 -0.05555117 0.02065461 -0.9571779 -0.1591485 0.2418311 -0.06042402 -0.4665558 0.8824255 -0.2273583 -0.4582172 0.8592702 -0.3788539 0.07345056 -0.9225372 -9.23301e-4 -0.4687492 0.8833309 0.7962464 0.1716745 0.580103 0.8265788 0.09040844 0.5555123 -0.01670587 0.9889315 -0.1474298 0.4917652 0.3507171 0.796972 0.1901831 0.7089132 0.6791706 0.2456548 0.7983748 0.5497739 0.5588712 0.6652067 0.4951397 -0.3574729 -0.9011895 -0.245093 -0.3516895 -0.8298943 -0.4331167 0.6837977 -0.09084838 0.723994 -0.7127141 -0.5831498 -0.3898397 -0.5973704 -0.4241172 -0.6806418 -0.77129 -0.5668328 -0.2895039 -0.6773865 -0.7255762 -0.121189 -0.1855534 -0.8305922 0.5250586 -0.4146209 -0.4862021 -0.7692186 -0.9431653 -0.3219797 -0.08227032 0.402341 -0.4790222 0.7801663 -0.8916444 -0.04933267 0.4500407 -0.8005998 -0.2368721 0.5503922 0.1103765 0.9057034 0.4092902 -0.9565931 0.007397353 0.2913334 -0.9979541 -0.04650229 0.04387962 0.1912727 0.5632166 0.8038668 0.2196845 0.9711245 -0.09303689 -0.9282399 0.228712 -0.2933624 -0.7688124 0.04853481 0.63763 -0.9639019 -0.05530303 0.2604512 0.6309809 0.1666995 -0.7576771 0.5186158 0.0823301 0.8510344 -0.9102123 -0.08532738 0.4052566 0.4562823 0.2994984 -0.8379184 -0.6992627 0.1913706 -0.6887736 0.194975 0.7241999 -0.6614524 -0.6963813 0.2126859 -0.6854326 0.09803545 0.8757814 -0.472648 0.932012 0.2611578 0.2512972 0.9673245 0.1285673 0.2185261 0.9382656 0.1216363 0.3238247 0.8450897 0.3628221 0.3926621 0.8714851 0.2918787 0.3941074 0.6568271 0.5183278 0.5476445 0.7245812 0.3645118 0.5849046 0.460886 0.2538263 0.850386 0.3391495 0.6745256 0.6557384 0.158757 0.5099433 0.8454314 0.8038107 -0.339578 0.4884417 0.6463886 -0.4620276 0.607217 0.5763428 -0.2658743 0.7727483 0.6431865 0.02668255 0.7652446 0.3749305 -0.5861261 0.7182502 0.06562358 -0.6521692 0.7552277 0.1543923 -0.4228919 0.8929309 0.3527984 -0.2001224 0.9140484 0.9819388 -0.02366685 0.1877129 0.9557914 -0.1247781 0.266258 0.9629117 -0.1148295 0.2441622 0.9108658 0.1001705 0.4003617 0.9886193 -0.002532541 0.1504181 0.9207008 0.08684861 0.3804833 0.9969118 0.05768114 0.05328971 0.9885467 0.02113729 0.149428 0.9805157 0.06581699 0.1850867 0.9931287 0.06945484 -0.09418845 0.9965819 0.06759423 -0.04749256 0.8192049 0.0587573 0.5704832 0.02380222 -0.4488061 0.8933122 0.9861841 0.07299607 0.1487032 0.8060146 0.2098845 -0.5534338 0.007247269 0.7278499 0.6856983 -0.05201393 0.5998584 0.7984138 0.9019755 -0.2051962 0.3799142 -0.3426395 0.8891366 0.3033719 -0.4347831 0.6997042 0.5669018 -0.954881 0.2967608 -0.01163774 -0.9148824 0.4033519 0.01724666 -0.8916027 0.06070673 -0.4487308 -0.4196105 0.4140593 -0.8077637 -0.9994447 0.01105916 0.03143203 -0.5512707 0.6960881 -0.4599587 -0.9635658 0.2578729 0.07101076 -0.607155 0.7571005 -0.2411674 -0.9185869 0.3747189 0.1256346 0.8644009 0.3705684 -0.3398385 -0.4071503 -0.4491394 0.7953003 -0.6590902 -0.6349942 0.4029673 -0.9036728 -0.4269233 -0.03334611 -0.4353948 -0.898867 0.04969751 -0.334527 -0.9402276 -0.06374931 -0.74777 -0.6272758 0.2176356 0.6539021 -0.4280053 -0.623878 0.1811869 -0.8471512 -0.4995061 -0.8089454 -0.5622545 0.1716893 -0.8643727 -0.2309665 0.4466704 -0.8784214 -0.06216156 0.4738267 -0.6146507 -0.08508807 0.7841967 -0.9607722 -0.276471 0.02192372 -0.9891788 -0.1409419 0.04075318 -0.08489549 -0.965815 0.2449375 -0.1887015 -0.9779316 0.08967435 -0.730296 -0.6796729 0.06864774 -0.2594783 -0.4338794 -0.8627975 -0.8318734 -0.5068458 -0.2260398 -0.8829296 -0.4526136 0.1248059 -0.431131 -0.8207805 -0.3747608 -0.4630855 0.2578848 0.8479665 -0.3642998 -0.8223256 0.4371114 -0.5141552 -0.8191242 0.254323 -0.7295256 -0.6821393 0.04978251 -0.8170327 -0.5690636 -0.09286743 -0.5119331 -0.8454074 0.1523513 -0.5900185 -0.2675071 -0.7617861 -0.9746024 -0.2182865 0.05001074 -0.160405 0.9821159 0.09858357 -0.3414002 0.8993157 0.2732717 -0.6003542 0.5528511 0.5778673 -0.9986402 0.04324495 -0.0291177 0.9817962 -0.08645069 -0.1691235 -0.9303671 0.3383461 0.1412056 -0.9799385 0.1708863 0.1025598 -0.9641172 0.04767394 0.2611616 -0.9552977 -0.1464792 -0.256808 -0.7648017 -0.05203258 -0.6421613 -0.9923341 -0.1175011 -0.03829586 -0.8554965 -0.2737504 0.4395298 -0.7872888 -0.2909122 0.543642 -0.7666031 -0.3805988 0.5171695 -0.8964458 -0.1127768 0.4285632 -0.9092921 -0.3111633 0.276343 -0.8589615 -0.4956462 0.1285301 -0.9037808 -0.1053025 0.4148394 -0.8438809 -0.3485699 0.4078776 -0.9972383 0.07101887 0.0217294 -0.776106 -0.6287306 0.04855149 -0.5446833 -0.8376167 0.04145634 -0.5276252 -0.7890122 0.3147563 -0.7542566 -0.5622475 0.3390797 -0.9740167 -0.1947886 0.1155378 -0.954142 -0.2993478 -0.002015411 -0.954454 -0.2634086 -0.1401205 -0.8889972 0.06133037 0.4537872 -0.2910673 -0.953898 0.07320159 -0.1171433 -0.9873132 0.1071924 -0.2365779 -0.9204189 0.3112234 -0.01946556 -0.9691368 0.2457537 -0.008174121 -0.6079206 0.7939558 -0.01552146 -0.5371407 0.84335 -0.006919205 -0.6010351 0.7991928 -0.9967406 0.005003809 -0.08051925 0.004515945 0.2701241 0.9628149 0.1490567 -0.9887065 0.01554578 0.007977485 -0.9998983 0.0118311 -0.891856 -0.1495704 0.4268745 -0.9027965 -0.1412398 0.406214 -0.8694908 -0.4189926 0.2615933 -0.9569304 -0.1402344 0.2542021 -0.9278263 -0.0494191 0.3697245 -0.9017041 -0.09629881 0.4214928 -0.3559071 -0.3744236 0.8562344 -0.5661367 -0.1979685 0.800186 -0.6610645 -0.2566038 0.7050874 0.08902329 -0.3936647 0.9149334 -0.0311774 -0.2461209 0.9687376 0.5836046 -0.1250206 0.8023562 -0.3884072 -0.5229881 0.7586984 -0.1974099 -0.5136217 0.8349983 -0.6318985 -0.3523125 0.6903479 -0.815834 -0.1860244 0.5475491 -0.7986476 -0.1537683 0.5818225 -0.8393439 -0.09531944 0.5351786 -0.7852618 -0.2489044 0.5669309 -0.9132879 -0.1029877 0.3940797 -0.6689814 -0.3922543 0.6313483 -0.4556948 -0.5274864 0.717008 -0.8650949 0.5001384 -0.03837281 -0.9959782 -0.05219709 0.07282048 -0.8991196 0.2084197 -0.3848963 -0.5764283 0.593835 -0.5613293 -0.4924669 0.863489 0.1089181 -0.2063413 0.9225186 -0.3261636 -0.1527253 0.9533891 0.2602386 0.01108169 0.9309785 0.3649058 0.01393371 0.9747022 -0.2230729 -0.01242983 0.9806872 -0.1951873 -0.01140421 0.9221146 0.3867489 -0.7778421 0.2921679 0.5564168 -0.5078707 0.1604616 0.8463566 -0.6789152 -0.01952022 0.7339572 0.7130528 0.6938829 0.1004104 -0.5991351 0.7175357 -0.3552177 -0.7931801 0.5097782 -0.3331542 -0.7578613 0.5941203 0.2695689 0.246178 0.9659997 0.07900112 -0.3738566 0.8786454 -0.2970077 -0.2414634 0.9236704 -0.2975373 -0.8562695 0.4327055 -0.2820788 -0.4238898 0.8670652 -0.2617545 -0.8234614 0.5033212 -0.2618765 -0.7138713 0.6915856 -0.1099873 -0.9597715 -0.1610103 0.2300316 -0.9815735 -0.1004383 0.1625593 -0.9886019 -0.04204851 -0.1445626 -0.9606025 -0.001321554 0.2779228 -0.9960862 0.07623964 -0.04471826 -0.8991566 0.3788484 0.2190694 -0.4088698 0.8584391 -0.3096904 -0.1366285 0.9303005 -0.3404023 0.002702057 -0.3990798 0.9169123 -0.05966341 -0.3515173 0.9342783 -0.1169304 -0.4827278 0.8679292 -0.2628415 -0.3641954 0.893463 -0.1731573 -0.296015 0.9393571 -0.2995839 -0.4881514 0.8197303 -0.6557444 -0.1521365 0.7394956 -0.5727623 -0.2589836 0.7777345 -0.6595368 -0.3188665 0.6806874 -0.7445387 -0.1863298 0.6410486 -0.4311735 -0.346906 0.832914 -0.5046849 -0.4375318 0.7442172 -0.6593262 -0.0524913 0.7500224 -0.8295311 0.5581501 -0.01861649 -0.9660427 0.1774371 -0.1878235 -0.8830521 0.4658859 0.05629706 -0.9721727 0.1846655 -0.1441494 -0.4738069 0.4765079 -0.7405723 -0.3233536 0.6252209 -0.7103108 -0.1596943 0.4737246 -0.8660733 -0.4089623 0.2326315 -0.8824016 -0.6891693 0.115973 -0.7152594 -0.8962216 0.2577757 -0.3610241 -0.6832707 0.5670659 -0.4599756 -0.8664914 0.220424 -0.4478906 -0.9723229 -0.04457283 -0.2293504 -0.9499011 -0.06410306 -0.3059064 -0.9353394 -0.04916024 -0.3503193 -0.9049621 -0.2426561 -0.3495162 -0.9654546 -0.04632347 -0.2564204 -0.9263558 0.007342338 -0.3765783 -0.9272518 -0.03111267 -0.3731439 -0.9221038 -0.2274856 -0.3130095 -0.900229 -0.2294467 -0.3700565 -0.8823599 -0.4316363 -0.187433 -0.7885316 -0.6148953 0.01103496 -0.9537634 -0.2230809 -0.201421 -0.9609478 -0.1754692 -0.2139862 -0.9745442 -0.1467903 -0.1694588 -0.9824452 -0.09974056 -0.1576492 -0.9689576 -0.02309507 -0.2461465 -0.9401046 -0.09663707 -0.3269014 -0.81729 0.1761709 -0.5486355 -0.7967534 0.1270915 -0.5907891 -0.4944094 0.2921783 -0.8186521 -0.5280967 0.434545 -0.7295783 -0.9143826 0.009621858 -0.4047369 -0.7392312 0.2760568 -0.6142719 -0.943789 0.02790069 -0.3293693 -0.2360187 0.6751673 -0.698888 -0.9595243 -0.1344199 -0.2474763 -0.9456412 -0.1241375 -0.3005871 -0.9142155 0.1954203 -0.3549945 6.6505e-5 0.8850755 0.4654476 -0.08383953 0.8974018 0.4331756 -0.02095746 0.86199 0.506492 0 0.9450097 0.3270425 -0.03490066 0.9496194 0.3114564 -0.1004509 0.9824547 0.1571383 0.005865931 0.9985079 0.05429315 -0.1138871 0.9934547 -0.008810698 -0.2248851 0.9125896 0.3414777 -0.009095847 0.9981104 0.06077122 -0.01959371 0.998892 -0.04278969 -0.1005445 0.9916525 -0.08072334 -0.4255975 0.8961399 -0.1256986 -0.2759904 0.9510422 0.1390973 -0.1047491 0.9818132 -0.1583371 -0.2790484 0.9400808 -0.1959084 -0.4415116 0.82502 -0.3527172 -0.502546 0.8239939 -0.2616901 -0.8177355 0.4860025 -0.3083999 -0.7416533 0.5883043 -0.3222553 -0.9194611 0.2378978 -0.3130432 -0.9570382 -0.2130169 -0.1967278 -0.963058 -0.04564315 -0.2653979 -0.9638721 -0.04056179 -0.2632591 -0.9486278 -0.2329006 -0.2141553 -0.9433065 -0.1932388 -0.2698734 -0.9148409 -0.2203085 -0.3384233 -0.9396491 -0.1644123 -0.300047 -0.8527341 -0.1362268 -0.5042686 -0.8423029 -0.1911982 -0.5039534 -0.5553309 -0.07908803 -0.8278603 -0.4939826 0.02003234 -0.8692411 -0.9077479 -0.1210069 -0.4016855 -0.5684649 -0.05205726 -0.821059 -0.7257846 0.5929352 -0.3488047 -0.247061 0.9211207 -0.3008283 -1.87302e-4 0.9959424 0.08999425 -7.27994e-5 0.9771131 0.2127206 0.005943 0.9972384 0.07402962 -0.001707732 0.9944137 0.1055391 0.002177298 0.9939265 0.1100251 -0.001359283 0.9946338 0.1034496 -0.004468023 0.9922168 0.1244431 0.04534024 0.9254634 -0.3761143 -0.06090861 0.9181169 -0.3916013 -0.07774901 0.9568564 -0.2799661 0.007292211 0.8735928 -0.4866031 -1.2634e-4 0.7939765 -0.6079486 -0.02049738 0.5568812 -0.8303392 0.01736509 0.535786 -0.8441753 -0.0131433 0.8757756 -0.4825395 -0.007105886 0.8042674 -0.5942254 -0.9207657 -0.05329394 -0.3864589 -0.7900707 -0.01914268 -0.6127169 -0.02401322 0.97522 -0.2199305 0.001722872 0.9912728 -0.1318157 -0.1833999 0.884245 -0.429506 -0.0261802 0.8928476 -0.4495973 -0.4140678 0.7955234 -0.4423691 -0.0218414 0.7637582 -0.6451328 0.0240969 0.7867442 -0.6168088 0.006716787 0.5332537 -0.8459287 -0.09424906 0.7217488 -0.6857083 0.03861129 0.8141968 -0.5793038 -0.8033044 0.03863489 -0.5943142 -0.8226551 -0.01195776 -0.568415 -0.5145285 0.1575748 -0.8428704 -0.9226126 -0.03584116 -0.3840593 -0.9265373 -0.2272906 -0.2997794 -0.8982581 0.274141 -0.343481 -0.9261509 0.3268653 -0.1881588 -0.7426573 0.6695724 -0.01153403 -0.8161616 0.485852 -0.3127749 -0.9961653 0.08748787 -7.46384e-4 -0.8499135 0.5094236 0.1346652 -0.9722048 -0.2303791 -0.04175502 -0.9520692 -0.1582302 -0.2617775 -0.9736513 -0.1102939 -0.1995959 -0.9428051 -0.005078256 -0.3333057 -0.9345136 0.05637246 -0.3514351 -0.965919 -0.005271971 -0.2587912 -0.9034734 -0.02162778 -0.4280982 -0.9157195 0.1103017 -0.3863825 -0.8926513 0.1474091 -0.4259626 -0.9730055 0.02307188 -0.229626 -0.3592135 0.7756339 0.5189968 -0.6127723 0.7210702 0.3233698 -0.516502 0.625877 0.5843833 -0.4291124 0.8366262 0.3404691 -0.8604353 0.4240421 0.2825592 -0.6782299 0.4750574 0.5606467 -0.8385246 0.292869 0.4594609 -0.7824118 0.1750801 0.5976443 -0.9443633 0.02532565 0.3279277 -0.9345981 -0.2812071 0.2178283 -0.2300124 0.7998702 0.5543482 -0.1220204 0.8373823 0.5328244 -0.4894387 0.8636718 0.1205032 -0.9356839 0.2749231 -0.2211633 -0.9448045 -0.07227849 -0.3195629 -0.03820091 0.186746 -0.9816653 -0.07358878 0.4926149 -0.8671305 -0.03932797 0.7326145 -0.6795067 0.007286012 0.610086 -0.7923017 0.02372133 0.7327053 -0.6801325 -0.02208757 0.7340889 -0.6786941 -0.1639394 0.02574926 -0.9861344 -0.07049846 0.04659259 -0.9964231 -0.155469 0.2166587 -0.9637886 0.00531274 0.2390573 -0.970991 2.03827e-4 0.145657 -0.9893352 -9.08456e-4 0.2990688 -0.9542311 -0.005539834 0.4575803 -0.8891512 0.02197241 0.05612999 -0.9981817 -0.02065896 0.05495715 -0.998275 -0.01711779 0.07613158 -0.9969509 0.01588821 0.07315278 -0.9971942 -7.54912e-4 0.2056182 -0.978632 -0.02037006 0.07375884 -0.9970681 0.3366639 0.2352788 0.9117573 0.06574094 0.4372402 0.8969388 -0.03129249 0.3336476 0.9421784 -0.2352913 0.550497 0.8009939 -0.4231419 0.3306198 0.8435885 -0.06606745 0.7014948 0.7096056 -0.08393168 -0.6011433 0.7947216 0.1514364 -0.3617565 0.9198909 -0.2375118 0.1880363 0.9530113 0.00481218 -0.6893765 0.7243872 0.4536728 -0.09918981 0.8856311 -0.209765 -0.1134446 0.9711483 -0.6608552 -0.119146 0.7409958 -0.8362141 -0.04785567 0.5463113 -0.8816706 -0.1316695 0.4531226 -0.9000693 -0.1268969 0.4168605 -0.7778943 -0.02099162 0.6280446 -0.7302474 -0.01817429 0.682941 -0.2554847 0.05576479 0.9652035 0.2685723 0.001769065 0.9632579 -0.004042863 0.3235433 0.9462048 0.08594137 0.3861979 0.9184037 0.00957483 0.6326979 0.7743397 -1.4359e-4 0.8004611 0.5993849 -0.004371762 0.6607457 0.7505972 -0.8060366 0.02601987 0.5912936 -0.7758615 0.02597206 0.6303684 -0.6668592 0.1106475 0.7369233 -0.4735324 0.1549896 0.8670325 -0.5630146 0.1224377 0.8173271 0.2666238 0.1695608 0.9487681 -0.2186387 0.6950586 0.6849021 -0.05473136 0.8086483 0.5857409 -0.382516 0.6424289 0.6640532 -0.639006 0.2979802 0.7091398 -0.4241418 0.490113 0.7615069 -0.0334475 -0.7107301 0.7026692 0.001039624 -0.7744395 0.6326471 -0.09070253 -0.7431262 0.6629756 0.001187086 -0.4814053 0.8764973 -0.2782149 -0.6559601 0.7016501 0.8940484 0.001886248 0.4479664 -0.4023017 -0.479027 0.7801838 0.9753694 -0.195993 -0.1011996 0.8000376 -0.2459179 0.5472333 0.9670827 -0.02741825 0.252981 -0.1103749 0.9057032 0.4092912 0.995179 -0.03130567 0.09294581 -0.1912811 0.5632146 0.8038662 -0.2196826 0.9711237 -0.0930503 0.9023736 0.3062895 -0.3031644 -0.6313347 0.1669784 -0.7573209 0.9491085 -0.134548 0.2847633 0.7905745 -0.1630535 0.5902589 -0.5128805 0.08343017 0.8543962 0.912681 -0.08407539 0.399931 0.007983982 -0.1247872 0.9921515 0.7119386 0.1266403 -0.6907284 -0.4562834 0.2994879 -0.8379215 0.6788616 0.172294 -0.713766 -0.1949743 0.7241985 -0.6614542 -0.09803402 0.8757772 -0.4726561 -0.9387839 0.1175628 0.3238269 -0.9671198 0.1298931 0.2186481 -0.9318532 0.2614234 0.2516098 -0.869488 0.2874036 0.4017335 -0.8445158 0.3635721 0.3932027 -0.7393066 0.4672716 0.4848536 -0.6565347 0.5182507 0.5480681 -0.494109 0.2878808 0.8203542 -0.3433748 0.678673 0.6492279 -0.5678292 -0.2697654 0.7776867 -0.7642974 -0.3735113 0.5256794 -0.6667197 0.01992535 0.7450422 -0.2048282 -0.3056 0.9298678 -0.2275447 -0.6365084 0.73694 -0.5065944 -0.5358957 0.6754094 -0.3222422 -0.1603094 0.932985 -0.9627557 -0.1138757 0.2452217 -0.9534285 -0.131859 0.2712699 -0.9822264 -0.0227648 0.1863144 -0.9108654 0.1001699 0.4003627 -0.9886197 -0.002530515 0.1504151 -0.9969118 0.05767953 0.05329078 -0.9189883 0.08698421 0.3845701 -0.9885461 0.02114158 0.1494315 -0.9931285 0.069458 -0.09418839 -0.9804081 0.06471389 0.1860437 -0.9965823 0.06758892 -0.04749184 -0.814194 0.04668086 0.5787133 -0.9859035 0.07366156 0.1502277 -0.8060062 0.2098843 -0.5534462 -0.8973476 -0.2103402 0.3879747 0.9576367 0.2874649 -0.0172038 0.4347783 0.6997084 0.5669005 0.3688299 0.8546109 0.36552 0.9158614 0.4010466 0.01895868 0.3917503 0.5001733 -0.7722426 0.8905693 0.06503599 -0.4501742 0.9995939 0.01301211 0.02535045 0.9624181 0.2606472 0.0762521 0.5512595 0.6960909 -0.459968 0.9182159 0.3751789 0.1269661 0.6071604 0.7570891 -0.2411894 -0.8643804 0.3706038 -0.3398523 0.6595297 -0.6404455 0.3935102 0.4071508 -0.4491367 0.7953014 0.9033258 -0.4274333 -0.03610336 0.7566007 -0.6215767 0.2029725 0.3345226 -0.9402299 -0.06373804 0.4353938 -0.898867 0.04970526 -0.178331 -0.8005622 -0.5720999 -0.6538891 -0.4279871 -0.6239041 0.8074641 -0.5644323 0.1715172 0.8700707 -0.2133529 0.4443622 0.9607508 -0.2765427 0.02195996 0.6447222 -0.2225487 0.7313039 0.8784285 -0.06264096 0.4737504 0.988726 -0.1445729 0.03898525 0.7284138 -0.6826671 0.05812889 0.188698 -0.9779319 0.08967965 0.08489322 -0.9658142 0.2449414 0.8344724 -0.5004705 -0.2306192 0.2594892 -0.4338678 -0.8628002 0.884697 -0.4484738 0.1272108 0.4311296 -0.8207773 -0.374769 0.4646819 0.2558724 0.8477029 0.5112229 -0.819808 0.2580045 0.3642932 -0.8223278 0.4371128 0.7769476 -0.6295627 -0.001807451 0.8174715 -0.5685378 -0.09222412 0.5431233 -0.8353087 0.085303 0.9749904 -0.2167615 0.04907268 0.5900169 -0.2675055 -0.7617881 0.3413987 0.8993176 0.2732669 0.1604012 0.9821184 0.09856402 0.6003548 0.5528541 0.5778638 0.9992231 0.03016489 -0.02536344 -0.9817929 -0.08646523 -0.1691349 0.918753 0.3380481 0.2040013 0.9775069 0.1757243 0.1166247 0.9620068 0.05881392 0.2666155 0.9552984 -0.1464784 -0.2568061 0.7647965 -0.05201679 -0.6421687 0.9923341 -0.1175007 -0.03829842 0.7797335 -0.385671 0.4932277 0.7952259 -0.324178 0.5123716 0.8393698 -0.2853312 0.4626495 0.9096847 -0.3113294 0.2748596 0.884992 -0.247506 0.3943729 0.8592765 -0.507191 0.0663414 0.9021127 -0.1083109 0.4176859 0.8419881 -0.3244536 0.431029 0.9968494 0.07622849 0.02191847 0.4320766 -0.8562931 0.2829701 0.6096253 -0.7874869 0.09067165 0.7348548 -0.6749447 0.06662005 0.7384589 -0.5800927 0.34376 0.9740139 -0.1947891 0.1155604 0.9536232 -0.3009974 -0.001869559 0.9505614 -0.2711668 -0.1513329 0.8793229 -0.08829003 0.4679703 0.07979327 -0.9560655 0.2820851 0.3091954 -0.9370434 0.1623209 0.00665456 -0.6008722 0.7993174 0.01406538 -0.5379868 0.8428359 0.008168399 -0.6079198 0.7939565 0.9941064 0.008500099 -0.1080749 0.8908767 -0.1564725 0.4264445 -0.02088654 -0.9996489 0.016303 0.8678216 -0.417393 0.2695717 0.9050825 -0.1355468 0.4030542 0.9475194 -0.1693271 0.2711741 0.9282575 -0.04858171 0.3687519 0.9014655 -0.09642946 0.4219733 0.5643912 -0.1961604 0.8018627 0.3555161 -0.373637 0.8567403 0.6634803 -0.2675085 0.6987369 -0.08752387 -0.4047223 0.9102414 0.02901905 -0.2480143 0.9683217 -0.5818161 -0.1157845 0.8050366 0.1733171 -0.5245531 0.8335498 0.3966071 -0.5105712 0.7629023 0.6295582 -0.3515564 0.692867 0.8076876 -0.1961616 0.5560229 0.7957914 -0.1558995 0.5851593 0.844356 -0.09286016 0.5276743 0.7903025 -0.2426542 0.5626198 0.9103231 -0.1276849 0.3937114 0.6708775 -0.3901477 0.6306412 0.4656547 -0.5288934 0.7095333 0.9164633 0.2060785 -0.3429674 0.9959785 -0.0521897 0.07282334 0.8650934 0.5001412 -0.03837287 0.5900638 0.5938397 -0.5469728 0.4924226 0.8635132 0.1089271 0.1770604 0.9171544 -0.3570398 0.1519806 0.9534016 0.2606288 0.5078718 0.1604739 0.8463536 0.7778729 0.2921659 0.5563747 0.6789178 -0.01952207 0.7339548 0.612571 0.7079594 -0.3514971 -0.7130575 0.6938797 0.1003994 0.8001973 0.4990357 -0.332638 0.7578617 0.5941141 0.2695814 -0.246163 0.9660013 0.07902717 0.8552432 0.4303591 -0.2887046 0.241465 0.9236708 -0.2975347 0.3738576 0.8786468 -0.2970022 0.4238972 0.8670712 -0.2617231 0.8370737 0.4803788 -0.2618093 0.7138709 0.6915844 -0.1099975 0.9859041 -0.03425639 -0.1637668 0.9815729 -0.1004449 0.1625596 0.9597708 -0.1610136 0.2300317 0.9977958 0.06635802 3.26758e-4 0.9606019 -0.001328825 0.2779247 0.899153 0.3788678 0.2190505 0.1366242 0.9302941 -0.3404213 0.4088686 0.8584384 -0.3096939 -0.002688348 -0.3990802 0.9169121 0.05967229 -0.3515176 0.9342777 0.1197192 -0.4820578 0.8679215 0.1731527 -0.2960144 0.9393581 0.2628467 -0.3641925 0.8934627 0.2931228 -0.4931836 0.8190537 0.6589799 -0.3167778 0.6822004 0.5727673 -0.2589793 0.7777323 0.6557368 -0.1521517 0.7394993 0.7443504 -0.1850903 0.6416261 0.5042637 -0.4351208 0.7459142 0.431179 -0.3469027 0.8329125 0.6593286 -0.05249649 0.75002 0.9609895 0.1048351 -0.2559468 0.829532 0.5581501 -0.01858389 0.883059 0.4658728 0.0562973 0.9720751 0.178551 -0.1522814 0.1587267 0.4684766 -0.8691004 0.32335 0.6252232 -0.7103105 0.4738085 0.4765056 -0.7405727 0.4185149 0.2216292 -0.880753 0.6891679 0.1159791 -0.7152597 0.683462 0.56602 -0.4609784 0.8968773 0.2594704 -0.3581706 0.8662631 0.219803 -0.4486369 0.9499016 -0.06410151 -0.3059051 0.9723097 -0.04507267 -0.2293087 0.935339 -0.0491625 -0.3503198 0.9049623 -0.2426563 -0.3495156 0.9619274 -0.03911423 -0.2704915 0.926356 0.007341802 -0.3765777 0.9219703 -0.2300615 -0.3115167 0.9257482 -0.03680396 -0.3763454 0.8992658 -0.2391278 -0.36625 0.8815096 -0.435167 -0.1832236 0.7885305 -0.6148968 0.01103615 0.9608651 -0.1758512 -0.2140435 0.9540635 -0.2210869 -0.2021964 0.9746127 -0.1466597 -0.1691779 0.9826765 -0.1002549 -0.1558722 0.9687545 -0.02331793 -0.2469229 0.9395924 -0.098275 -0.3278845 0.4826322 0.2908012 -0.8261361 0.7967519 0.1270908 -0.5907913 0.8058993 0.2016865 -0.5566408 0.4884232 0.4246175 -0.7623273 0.9143605 0.00876969 -0.4048062 0.7217054 0.386547 -0.5742149 0.2488659 0.6213106 -0.7429932 0.8709567 0.1682144 -0.4616691 0.9436952 0.0278719 -0.32964 0.9522404 -0.1583184 -0.2611008 0.9158082 0.1906625 -0.3534732 0.9454764 -0.1242161 -0.3010729 0.02122694 0.8622863 0.5059761 0.08357435 0.8977059 0.4325965 0.03443861 0.9491506 0.3129335 0.113888 0.9934546 -0.008809208 -0.005865216 0.9985077 0.05429613 0.1006778 0.9824628 0.1569426 0.2231559 0.9112017 0.3462848 0.2750808 0.9511691 0.1400283 0.425598 0.8961396 -0.1256988 0.2782844 0.9403029 -0.1959297 0.1016662 0.9820961 -0.1585914 0.1027236 0.9906012 -0.09031707 0.4478962 0.8226752 -0.350135 0.5024369 0.8245478 -0.2601504 0.7410457 0.5894414 -0.3215748 0.8164422 0.4869537 -0.3103196 0.9219559 0.2357734 -0.3072595 0.9627215 -0.04553103 -0.2666352 0.9568533 -0.2143613 -0.196166 0.9637499 -0.04392039 -0.2631679 0.9483803 -0.234076 -0.2139703 0.9431794 -0.1935675 -0.2700819 0.9395487 -0.1645607 -0.30028 0.9149103 -0.2201666 -0.3383281 0.5689221 -0.08913445 -0.8175469 0.8423007 -0.1912031 -0.5039554 0.8527334 -0.1362279 -0.5042695 0.4952948 0.01806741 -0.8685371 0.9075847 -0.1212537 -0.4019799 0.563847 -0.05020248 -0.824352 0.7283934 0.5910462 -0.3465653 0.2495909 0.922024 -0.295933 0.02550399 0.9973624 -0.06795585 0.01065289 0.9637608 0.2665551 -0.03672182 0.994781 -0.09519654 -0.005748331 0.9972138 0.07437533 0.9207333 -0.05311197 -0.3865612 0.7900701 -0.01914626 -0.6127175 0.07021456 0.963991 -0.2564983 0.126362 0.8684975 -0.4793171 0.4031466 0.7923731 -0.4578405 -6.80413e-4 0.5374152 -0.8433175 -0.02479231 0.7779725 -0.627809 0.02325427 0.7630093 -0.6459692 0.09424388 0.7217503 -0.6857075 -0.01087045 0.8324639 -0.5539727 0.1488973 0.8109886 -0.5657979 -0.009039938 0.7876266 -0.6160866 0.8226548 -0.01195996 -0.5684154 0.8033037 0.03863334 -0.5943152 0.5195206 0.1621423 -0.8389328 0.92268 -0.03602176 -0.3838804 0.9278576 -0.225782 -0.2968214 0.8982582 0.2741417 -0.3434802 0.8161608 0.4858533 -0.3127749 0.7250689 0.6886671 0.003573656 0.9151228 0.363492 -0.174425 0.8511395 0.5079164 0.1325997 0.9961046 0.08817863 4.28466e-4 0.974281 -0.2190469 -0.05286681 0.9519327 -0.1590151 -0.2617983 0.9736794 -0.1105188 -0.1993342 0.9345136 0.05637305 -0.351435 0.9428055 -0.0050776 -0.3333049 0.9661164 -0.002772212 -0.2580919 0.9053879 -0.03939986 -0.4227536 0.9150468 0.1121575 -0.3874403 0.8926528 0.1474072 -0.4259603 0.9730046 0.02306872 -0.2296302 0.5114352 0.6271907 0.5874231 0.6138004 0.7200152 0.3237701 0.3605383 0.7762399 0.5171689 0.4292219 0.8365831 0.3404368 0.6742891 0.4799319 0.5612484 0.8581506 0.4156967 0.3012869 0.779936 0.1820473 0.5987977 0.8381096 0.2860874 0.4644633 0.9452918 0.01584804 0.3258409 0.9359256 -0.2885102 0.202003 0.2312349 0.800376 0.5531083 0.1161342 0.849308 0.514965 0.4884262 0.8638842 0.1230605 0.9357832 0.2747688 -0.2209348 0.9448042 -0.07227748 -0.319564 0.1212126 0.1091972 -0.9866021 0.05543524 0.7312718 -0.6798298 0.1938784 -0.004394054 -0.9810158 0.153634 0.2098569 -0.9655862 0.07147079 0.04621613 -0.9963715 -0.001672506 0.2410601 -0.9705088 0.04846668 0.5015978 -0.8637422 0.0462439 0.07208067 -0.9963263 -0.01495563 0.02790278 -0.9994988 9.05048e-5 0.2147753 -0.9766635 -0.3279568 0.2328004 0.915559 0.05534648 0.3312424 0.9419211 -0.1551095 0.4108569 0.8984085 0.1017311 0.5378046 0.8369092 0.4212081 0.3262672 0.8462468 0.2549558 0.5539126 0.7925772 0.06661814 0.6851098 0.7253873 1.36618e-4 -0.6019605 0.7985259 0.0499159 -0.7010446 0.7113685 0.2363435 -0.6528379 0.7196835 -0.4541571 -0.101073 0.8851698 0.2121905 -0.1097037 0.9710512 0.660805 -0.1199504 0.7409107 0.8310961 -0.04703086 0.5541368 0.8839847 -0.1299414 0.449095 0.9000691 -0.1268962 0.4168611 0.7890927 -0.02795302 0.613638 0.7383752 -0.01772111 0.6741573 0.265475 0.06195616 0.962125 -0.2626011 -2.82357e-4 0.9649046 0.8075557 0.01597607 0.589575 0.7798255 0.03419554 0.6250624 0.670855 0.1236584 0.731206 0.4735344 0.1549903 0.8670313 0.5208604 0.111614 0.8463136 -0.2734901 0.1636297 0.9478547 0.09482085 0.7747685 0.6250944 0.2300084 0.6809278 0.6952938 0.3797625 0.6392567 0.6686789 0.6327239 0.3050581 0.7117584 0.4385212 0.4878107 0.7548112 0.02817302 0.8258211 0.5632281 0.09325778 -0.7507742 0.6539428</float_array>
          <technique_common>
            <accessor source="#rfs_aimcore_v1-mesh-normals-array" count="3499" stride="3">
              <param name="X" type="float"/>
              <param name="Y" type="float"/>
              <param name="Z" type="float"/>
            </accessor>
          </technique_common>
        </source>
        <source id="rfs_aimcore_v1-mesh-map-0">
          <float_array id="rfs_aimcore_v1-mesh-map-0-array" count="30000">0.7028048 0.3938983 0.6962218 0.3885624 0.6912242 0.4038855 0.4784348 0.4697144 0.4784348 0.4697144 0.4784348 0.4697144 0.4784348 0.4697144 0.4784348 0.4697144 0.4784348 0.4697144 0.4784348 0.4697144 0.4784348 0.4697144 0.4784348 0.4697144 0.4784348 0.4697144 0.4784348 0.4697144 0.4784348 0.4697144 0.4784348 0.4697144 0.4784348 0.4697144 0.4784348 0.4697144 0.4784348 0.4697144 0.4784348 0.4697144 0.4784348 0.4697144 0.4784348 0.4697144 0.4784348 0.4697144 0.4784348 0.4697144 0.4784348 0.4697144 0.4784348 0.4697144 0.4784348 0.4697144 0.4784348 0.4697144 0.4784348 0.4697144 0.4784348 0.4697144 0.4784348 0.4697144 0.4784348 0.4697144 0.4784348 0.4697144 0.4784348 0.4697144 0.4784348 0.4697144 0.4784348 0.4697144 0.4784348 0.4697144 0.4784348 0.4697144 0.4784348 0.4697144 0.4784348 0.4697144 0.4784348 0.4697144 0.4784348 0.4697144 0.4784348 0.4697144 0.4784348 0.4697144 0.4784348 0.4697144 0.4784348 0.4697144 0.4784348 0.4697144 0.4784348 0.4697144 0.4784348 0.4697144 0.4784348 0.4697144 0.4784348 0.4697144 0.4784348 0.4697144 0.4784348 0.4697144 0.4784348 0.4697144 0.4784348 0.4697144 0.4784348 0.4697144 0.4784348 0.4697144 0.4784348 0.4697144 0.4784348 0.4697144 0.4784348 0.4697144 0.4784348 0.4697144 0.4784348 0.4697144 0.4784348 0.4697144 0.4784348 0.4697144 0.4784348 0.4697144 0.4784348 0.4697144 0.4784348 0.4697144 0.4784348 0.4697144 0.4784348 0.4697144 0.4784348 0.4697144 0.4784348 0.4697144 0.4784348 0.4697144 0.4784348 0.4697144 0.4784348 0.4697144 0.4784348 0.4697144 0.4784348 0.4697144 0.4784348 0.4697144 0.4784348 0.4697144 0.4784348 0.4697144 0.4784348 0.4697144 0.4784348 0.4697144 0.4784348 0.4697144 0.4784348 0.4697144 0.4784348 0.4697144 0.4784348 0.4697144 0.4784348 0.4697144 0.4784348 0.4697144 0.4784348 0.4697144 0.4784348 0.4697144 0.4784348 0.4697144 0.4784348 0.4697144 0.4784348 0.4697144 0.4784348 0.4697144 0.4784348 0.4697144 0.4784348 0.4697144 0.4784348 0.4697144 0.4784348 0.4697144 0.4784348 0.4697144 0.4784348 0.4697144 0.4784348 0.4697144 0.4784348 0.4697144 0.4784348 0.4697144 0.4784348 0.4697144 0.4784348 0.4697144 0.4784348 0.4697144 0.4784348 0.4697144 0.4784348 0.4697144 0.4784348 0.4697144 0.4784348 0.4697144 0.4784348 0.4697144 0.4784348 0.4697144 0.4784348 0.4697144 0.4784348 0.4697144 0.4784348 0.4697144 0.4784348 0.4697144 0.4784348 0.4697144 0.4784348 0.4697144 0.4784348 0.4697144 0.4784348 0.4697144 0.4784348 0.4697144 0.4784348 0.4697144 0.4784348 0.4697144 0.4784348 0.4697144 0.4784348 0.4697144 0.4784348 0.4697144 0.4784348 0.4697144 0.4784348 0.4697144 0.4784348 0.4697144 0.4784348 0.4697144 0.4784348 0.4697144 0.4784348 0.4697144 0.4784348 0.4697144 0.4784348 0.4697144 0.4784348 0.4697144 0.4784348 0.4697144 0.4784348 0.4697144 0.4784348 0.4697144 0.4784348 0.4697144 0.4784348 0.4697144 0.4784348 0.4697144 0.4784348 0.4697144 0.4784348 0.4697144 0.4784348 0.4697144 0.4784348 0.4697144 0.4784348 0.4697144 0.4784348 0.4697144 0.4784348 0.4697144 0.4784348 0.4697144 0.4784348 0.4697144 0.4784348 0.4697144 0.4784348 0.4697144 0.4784348 0.4697144 0.4784348 0.4697144 0.4784348 0.4697144 0.4784348 0.4697144 0.4784348 0.4697144 0.4784348 0.4697144 0.4784348 0.4697144 0.4784348 0.4697144 0.4784348 0.4697144 0.4784348 0.4697144 0.4784348 0.4697144 0.4784348 0.4697144 0.4784348 0.4697144 0.4784348 0.4697144 0.4784348 0.4697144 0.4784348 0.4697144 0.4784348 0.4697144 0.4784348 0.4697144 0.4784348 0.4697144 0.4784348 0.4697144 0.4784348 0.4697144 0.4784348 0.4697144 0.4784348 0.4697144 0.4784348 0.4697144 0.4784348 0.4697144 0.4784348 0.4697144 0.4784348 0.4697144 0.4784348 0.4697144 0.4784348 0.4697144 0.4784348 0.4697144 0.4784348 0.4697144 0.4784348 0.4697144 0.4784348 0.4697144 0.4784348 0.4697144 0.4784348 0.4697144 0.4784348 0.4697144 0.4784348 0.4697144 0.4784348 0.4697144 0.4784348 0.4697144 0.4784348 0.4697144 0.4784348 0.4697144 0.4784348 0.4697144 0.4784348 0.4697144 0.4784348 0.4697144 0.4784348 0.4697144 0.4784348 0.4697144 0.4784348 0.4697144 0.4784348 0.4697144 0.4784348 0.4697144 0.4784348 0.4697144 0.4784348 0.4697144 0.4784348 0.4697144 0.4784348 0.4697144 0.4784348 0.4697144 0.4784348 0.4697144 0.4784348 0.4697144 0.4784348 0.4697144 0.4784348 0.4697144 0.4784348 0.4697144 0.4784348 0.4697144 0.4784348 0.4697144 0.4784348 0.4697144 0.4784348 0.4697144 0.4784348 0.4697144 0.4784348 0.4697144 0.4784348 0.4697144 0.4784348 0.4697144 0.4784348 0.4697144 0.4784348 0.4697144 0.4784348 0.4697144 0.4784348 0.4697143 0.4784348 0.4697144 0.4784348 0.4697144 0.4784348 0.4697144 0.4784348 0.4697144 0.4784348 0.4697144 0.4784348 0.4697144 0.4784348 0.4697144 0.4784348 0.4697144 0.4784348 0.4697144 0.4784348 0.4697144 0.4784348 0.4697144 0.4784348 0.4697144 0.4784348 0.4697143 0.4784348 0.4697144 0.4784348 0.4697144 0.4784348 0.4697144 0.4784348 0.4697144 0.4784348 0.4697144 0.4784348 0.4697144 0.4784348 0.4697144 0.4784348 0.4697144 0.4784348 0.4697143 0.4784348 0.4697144 0.4784348 0.4697144 0.4784348 0.4697144 0.4784348 0.4697144 0.4784348 0.4697144 0.4784348 0.4697144 0.4784348 0.4697144 0.4784348 0.4697144 0.4784348 0.4697144 0.4784348 0.4697144 0.4784348 0.4697144 0.4784348 0.4697144 0.4784348 0.4697144 0.4784348 0.4697144 0.4784348 0.4697144 0.4784348 0.4697144 0.4784348 0.4697144 0.4784348 0.4697144 0.4784348 0.4697144 0.4784348 0.4697144 0.4784348 0.4697144 0.4784348 0.4697144 0.4784348 0.4697143 0.4784348 0.4697144 0.4784348 0.4697143 0.4784348 0.4697144 0.4784348 0.4697144 0.4784348 0.4697144 0.4784348 0.4697144 0.4784348 0.4697144 0.4784348 0.4697144 0.4784348 0.4697144 0.4784348 0.4697144 0.4784348 0.4697144 0.4784348 0.4697144 0.4784348 0.4697144 0.4784348 0.4697144 0.4784348 0.4697144 0.4784348 0.4697144 0.4784348 0.4697144 0.4784348 0.4697144 0.4784348 0.4697144 0.4784348 0.4697144 0.4784348 0.4697144 0.4784348 0.4697144 0.4784348 0.4697144 0.4784348 0.4697144 0.4784348 0.4697144 0.4784348 0.4697143 0.4784348 0.4697144 0.4784348 0.4697144 0.4784348 0.4697144 0.4784348 0.4697144 0.4784348 0.4697144 0.4784348 0.4697144 0.4784348 0.4697144 0.4784348 0.4697144 0.4784348 0.4697144 0.4784348 0.4697144 0.4784348 0.4697144 0.4784348 0.4697144 0.4784348 0.4697144 0.4784348 0.4697144 0.4784348 0.4697144 0.4784348 0.4697144 0.4784348 0.4697144 0.4784348 0.4697144 0.4784348 0.4697144 0.4784348 0.4697144 0.4784348 0.4697144 0.4784348 0.4697144 0.4784348 0.4697144 0.4784348 0.4697144 0.4784348 0.4697144 0.6955118 0.3735823 0.7034805 0.3809477 0.7966073 0.2419887 0.6955118 0.3735823 0.7966073 0.2419887 0.7245945 0.2115638 0.7034805 0.3809477 0.7119503 0.3892655 0.853173 0.2979674 0.7034805 0.3809477 0.853173 0.2979674 0.7966073 0.2419887 0.7119503 0.3892655 0.8783459 0.3715323 0.853173 0.2979674 0.7119503 0.3892655 0.7131462 0.399469 0.8783459 0.3715323 0.7131462 0.399469 0.8628717 0.4743549 0.8783459 0.3715323 0.7131462 0.399469 0.7065855 0.4101852 0.8628717 0.4743549 0.7065855 0.4101852 0.794628 0.5534986 0.8628717 0.4743549 0.7065855 0.4101852 0.694784 0.414518 0.6934304 0.5834066 0.7065855 0.4101852 0.6934304 0.5834066 0.794628 0.5534986 0.694784 0.414518 0.6851732 0.4114738 0.613336 0.567452 0.694784 0.414518 0.613336 0.567452 0.6934304 0.5834066 0.6851732 0.4114738 0.5524337 0.5163047 0.613336 0.567452 0.6851732 0.4114738 0.6785025 0.4038272 0.5524337 0.5163047 0.6785025 0.4038272 0.511788 0.4198585 0.5524337 0.5163047 0.6785025 0.4038272 0.6777681 0.3903651 0.511788 0.4198585 0.6777681 0.3903651 0.5286327 0.3176047 0.511788 0.4198585 0.6777681 0.3903651 0.6874539 0.380497 0.5758048 0.2539671 0.6777681 0.3903651 0.5758048 0.2539671 0.5286327 0.3176047 0.6874539 0.380497 0.644962 0.2187005 0.5758048 0.2539671 0.6874539 0.380497 0.6955118 0.3735823 0.644962 0.2187005 0.6955118 0.3735823 0.7245945 0.2115638 0.644962 0.2187005 0.6912242 0.4038855 0.7012289 0.4044547 0.7028048 0.3938983 0.6962218 0.3885624 0.6890502 0.3885042 0.6848208 0.3989966 0.6962218 0.3885624 0.6848208 0.3989966 0.6912242 0.4038855 0.7034805 0.3809477 0.6962218 0.3885624 0.7028048 0.3938983 0.7119503 0.3892655 0.7034805 0.3809477 0.7028048 0.3938983 0.7131462 0.399469 0.7119503 0.3892655 0.7028048 0.3938983 0.7131462 0.399469 0.7028048 0.3938983 0.7012289 0.4044547 0.7065855 0.4101852 0.7131462 0.399469 0.7012289 0.4044547 0.694784 0.414518 0.7065855 0.4101852 0.7012289 0.4044547 0.694784 0.414518 0.7012289 0.4044547 0.6912242 0.4038855 0.6851732 0.4114738 0.694784 0.414518 0.6912242 0.4038855 0.6785025 0.4038272 0.6851732 0.4114738 0.6912242 0.4038855 0.6785025 0.4038272 0.6912242 0.4038855 0.6848208 0.3989966 0.6777681 0.3903651 0.6785025 0.4038272 0.6848208 0.3989966 0.6777681 0.3903651 0.6848208 0.3989966 0.6890502 0.3885042 0.6874539 0.380497 0.6777681 0.3903651 0.6890502 0.3885042 0.7034805 0.3809477 0.6874539 0.380497 0.6890502 0.3885042 0.7034805 0.3809477 0.6890502 0.3885042 0.6962218 0.3885624 0.6955118 0.3735823 0.6874539 0.380497 0.7034805 0.3809477 0.4784348 0.4697144 0.4784348 0.4697144 0.4784348 0.4697144 0.4784348 0.4697144 0.4784348 0.4697144 0.4784348 0.4697144 0.4784348 0.4697144 0.4784348 0.4697144 0.4784348 0.4697144 0.4784348 0.4697144 0.4784348 0.4697144 0.4784348 0.4697144 0.4784348 0.4697144 0.4784348 0.4697144 0.4784348 0.4697144 0.4784348 0.4697144 0.4784348 0.4697144 0.4784348 0.4697144 0.4784348 0.4697144 0.4784348 0.4697144 0.4784348 0.4697144 0.4784348 0.4697144 0.4784348 0.4697144 0.4784348 0.4697144 0.4784348 0.4697144 0.4784348 0.4697144 0.4784348 0.4697144 0.4784348 0.4697144 0.4784348 0.4697144 0.4784348 0.4697144 0.4784348 0.4697144 0.4784348 0.4697144 0.4784348 0.4697144 0.4784348 0.4697144 0.4784348 0.4697144 0.4784348 0.4697144 0.4784348 0.4697144 0.4784348 0.4697144 0.4784348 0.4697144 0.4784348 0.4697144 0.4784348 0.4697144 0.4784348 0.4697144 0.4784348 0.4697144 0.4784348 0.4697144 0.4784348 0.4697144 0.4784348 0.4697144 0.4784348 0.4697144 0.4784348 0.4697144 0.4784348 0.4697144 0.4784348 0.4697144 0.4784348 0.4697144 0.1655775 0.339307 0.1662645 0.3385827 0.1645866 0.3372011 0.1655775 0.339307 0.1645866 0.3372011 0.1648704 0.3376807 0.1662645 0.3385827 0.1664891 0.3373498 0.1645866 0.3372011 0.1664891 0.3373498 0.1669217 0.3361282 0.1644533 0.3362219 0.1664891 0.3373498 0.1644533 0.3362219 0.1645866 0.3372011 0.1669217 0.3361282 0.1675085 0.3347005 0.1644533 0.3362219 0.1675085 0.3347005 0.1657019 0.3341987 0.1645777 0.335334 0.1675085 0.3347005 0.1645777 0.335334 0.1644533 0.3362219 0.1657019 0.3341987 0.1650612 0.3335568 0.164884 0.3350121 0.1657019 0.3341987 0.164884 0.3350121 0.1645777 0.335334 0.1650612 0.3335568 0.1645551 0.3339264 0.164884 0.3350121 0.1645551 0.3339264 0.163915 0.3337005 0.1651734 0.3354046 0.1645551 0.3339264 0.1651734 0.3354046 0.164884 0.3350121 0.163915 0.3337005 0.1632258 0.3341419 0.1651734 0.3354046 0.1632258 0.3341419 0.1622734 0.3350908 0.1652812 0.3363515 0.1632258 0.3341419 0.1652812 0.3363515 0.1651734 0.3354046 0.1622734 0.3350908 0.1615772 0.3372569 0.1652812 0.3363515 0.1615772 0.3372569 0.1626944 0.3390371 0.1651523 0.3373358 0.1615772 0.3372569 0.1651523 0.3373358 0.1652812 0.3363515 0.1626944 0.3390371 0.1639072 0.3392979 0.1651523 0.3373358 0.1639072 0.3392979 0.1648899 0.3400069 0.1648704 0.3376807 0.1639072 0.3392979 0.1648704 0.3376807 0.1651523 0.3373358 0.1648899 0.3400069 0.1655775 0.339307 0.1648704 0.3376807 0.4355436 0.2736924 0.4767714 0.3258965 0.4877571 0.2669637 0.4355436 0.2736924 0.4877571 0.2669637 0.4356236 0.2631216 0.4353967 0.2800205 0.4445086 0.3816038 0.4767714 0.3258965 0.4353967 0.2800205 0.4767714 0.3258965 0.4355436 0.2736924 0.4352795 0.2781857 0.3921588 0.4272865 0.4445086 0.3816038 0.4352795 0.2781857 0.4445086 0.3816038 0.4353967 0.2800205 0.435104 0.2644726 0.3442502 0.2377569 0.3921588 0.4272865 0.435104 0.2644726 0.3921588 0.4272865 0.4352795 0.2781857 0.4350075 0.2493542 0.3971349 0.1056758 0.3442502 0.2377569 0.4350075 0.2493542 0.3442502 0.2377569 0.435104 0.2644726 0.4351621 0.2466367 0.4485607 0.1530348 0.3971349 0.1056758 0.4351621 0.2466367 0.3971349 0.1056758 0.4350075 0.2493542 0.4354555 0.2526063 0.4784995 0.2083607 0.4485607 0.1530348 0.4354555 0.2526063 0.4485607 0.1530348 0.4351621 0.2466367 0.4356236 0.2631216 0.4877571 0.2669637 0.4784995 0.2083607 0.4356236 0.2631216 0.4784995 0.2083607 0.4354555 0.2526063 0.5079308 0.6251468 0.4914008 0.6155762 0.4680253 0.6709527 0.5079308 0.6251468 0.4680253 0.6709527 0.4702491 0.6744742 0.4914008 0.6155762 0.460245 0.5940639 0.4656964 0.6711414 0.4914008 0.6155762 0.4656964 0.6711414 0.4680253 0.6709527 0.460245 0.5940639 0.4373967 0.6004336 0.4618607 0.6721473 0.460245 0.5940639 0.4618607 0.6721473 0.4656964 0.6711414 0.4373967 0.6004336 0.3876576 0.6157812 0.4605025 0.675432 0.4373967 0.6004336 0.4605025 0.675432 0.4618607 0.6721473 0.3876576 0.6157812 0.3788436 0.6527282 0.4574204 0.681274 0.3876576 0.6157812 0.4574204 0.681274 0.4605025 0.675432 0.3788436 0.6527282 0.3747651 0.7361798 0.458289 0.6857505 0.3788436 0.6527282 0.458289 0.6857505 0.4574204 0.681274 0.3747651 0.7361798 0.4019674 0.7537757 0.4583896 0.6924358 0.3747651 0.7361798 0.4583896 0.6924358 0.458289 0.6857505 0.4019674 0.7537757 0.4419478 0.7764212 0.4606986 0.6946652 0.4019674 0.7537757 0.4606986 0.6946652 0.4583896 0.6924358 0.4419478 0.7764212 0.4629432 0.7666757 0.4635245 0.6975373 0.4419478 0.7764212 0.4635245 0.6975373 0.4606986 0.6946652 0.4629432 0.7666757 0.4959385 0.7553597 0.4656768 0.6965867 0.4629432 0.7666757 0.4656768 0.6965867 0.4635245 0.6975373 0.4959385 0.7553597 0.5048241 0.7386282 0.4691398 0.6946235 0.4959385 0.7553597 0.4691398 0.6946235 0.4656768 0.6965867 0.5048241 0.7386282 0.5227393 0.7145259 0.4699748 0.6915316 0.5048241 0.7386282 0.4699748 0.6915316 0.4691398 0.6946235 0.5227393 0.7145259 0.5224725 0.6974447 0.4723548 0.6863731 0.5227393 0.7145259 0.4723548 0.6863731 0.4699748 0.6915316 0.5224725 0.6974447 0.5265828 0.6692776 0.471742 0.682731 0.5224725 0.6974447 0.471742 0.682731 0.4723548 0.6863731 0.5265828 0.6692776 0.5186275 0.6542559 0.4720772 0.6769826 0.5265828 0.6692776 0.4720772 0.6769826 0.471742 0.682731 0.5186275 0.6542559 0.5079308 0.6251468 0.4702491 0.6744742 0.5186275 0.6542559 0.4702491 0.6744742 0.4720772 0.6769826 0.5560666 0.606491 0.5337882 0.5714603 0.5079308 0.6251468 0.4663465 0.6733639 0.4663785 0.6748914 0.4702491 0.6744742 0.4663465 0.6733639 0.4702491 0.6744742 0.4656964 0.6711414 0.5337882 0.5714603 0.5000761 0.5319873 0.460245 0.5940639 0.5337882 0.5714603 0.460245 0.5940639 0.5079308 0.6251468 0.4662037 0.6734175 0.4663465 0.6733639 0.4656964 0.6711414 0.5000761 0.5319873 0.4411053 0.5035246 0.460245 0.5940639 0.4658779 0.674904 0.4662037 0.6734175 0.4656964 0.6711414 0.4658779 0.674904 0.4656964 0.6711414 0.4605025 0.675432 0.4411053 0.5035246 0.3490114 0.4866815 0.3876576 0.6157812 0.4411053 0.5035246 0.3876576 0.6157812 0.460245 0.5940639 0.4658384 0.6782203 0.4658779 0.674904 0.4605025 0.675432 0.3490114 0.4866815 0.2236579 0.5294943 0.3876576 0.6157812 0.4651187 0.6824268 0.4658384 0.6782203 0.4605025 0.675432 0.4651187 0.6824268 0.4605025 0.675432 0.458289 0.6857505 0.2236579 0.5294943 0.2236579 0.830395 0.3747651 0.7361798 0.2236579 0.5294943 0.3747651 0.7361798 0.3876576 0.6157812 0.4650874 0.6870589 0.4651187 0.6824268 0.458289 0.6857505 0.2236579 0.830395 0.3480991 0.8679637 0.3747651 0.7361798 0.4643318 0.6911472 0.4650874 0.6870589 0.458289 0.6857505 0.4643318 0.6911472 0.458289 0.6857505 0.4606986 0.6946652 0.3480991 0.8679637 0.4332879 0.8642717 0.4419478 0.7764212 0.3480991 0.8679637 0.4419478 0.7764212 0.3747651 0.7361798 0.4642429 0.6938126 0.4643318 0.6911472 0.4606986 0.6946652 0.4332879 0.8642717 0.4896131 0.833777 0.4419478 0.7764212 0.4642714 0.6948971 0.4642429 0.6938126 0.4606986 0.6946652 0.4642714 0.6948971 0.4606986 0.6946652 0.4656768 0.6965867 0.4896131 0.833777 0.5273087 0.8029204 0.4959385 0.7553597 0.4896131 0.833777 0.4959385 0.7553597 0.4419478 0.7764212 0.4644133 0.6942935 0.4642714 0.6948971 0.4656768 0.6965867 0.5273087 0.8029204 0.5474857 0.7676182 0.4959385 0.7553597 0.4648386 0.6924429 0.4644133 0.6942935 0.4656768 0.6965867 0.4648386 0.6924429 0.4656768 0.6965867 0.4699748 0.6915316 0.5474857 0.7676182 0.5626161 0.736211 0.5227393 0.7145259 0.5474857 0.7676182 0.5227393 0.7145259 0.4959385 0.7553597 0.4649314 0.6892132 0.4648386 0.6924429 0.4699748 0.6915316 0.5626161 0.736211 0.5676725 0.7041683 0.5227393 0.7145259 0.4656295 0.685446 0.4649314 0.6892132 0.4699748 0.6915316 0.4656295 0.685446 0.4699748 0.6915316 0.471742 0.682731 0.5676725 0.7041683 0.5680351 0.6732824 0.5265828 0.6692776 0.5676725 0.7041683 0.5265828 0.6692776 0.5227393 0.7145259 0.4656719 0.681387 0.4656295 0.685446 0.471742 0.682731 0.5680351 0.6732824 0.5635417 0.6420409 0.5265828 0.6692776 0.466332 0.6776652 0.4656719 0.681387 0.471742 0.682731 0.466332 0.6776652 0.471742 0.682731 0.4702491 0.6744742 0.5635417 0.6420409 0.5560666 0.606491 0.5079308 0.6251468 0.5635417 0.6420409 0.5079308 0.6251468 0.5265828 0.6692776 0.4663785 0.6748914 0.466332 0.6776652 0.4702491 0.6744742 0.4702491 0.6744742 0.4680253 0.6709527 0.4656964 0.6711414 0.460245 0.5940639 0.4914008 0.6155762 0.5079308 0.6251468 0.4656964 0.6711414 0.4618607 0.6721473 0.4605025 0.675432 0.3876576 0.6157812 0.4373967 0.6004336 0.460245 0.5940639 0.06450408 0.6949311 0.109856 0.7182703 0.1100059 0.6991546 0.0631231 0.7369896 0.109856 0.7182703 0.06450408 0.6949311 0.0631231 0.7369896 0.1098848 0.7372016 0.109856 0.7182703 0.08037614 0.7757965 0.1098848 0.7372016 0.0631231 0.7369896 0.08037614 0.7757965 0.1100133 0.7479676 0.1098848 0.7372016 0.1159225 0.803476 0.1100133 0.7479676 0.08037614 0.7757965 0.1159225 0.803476 0.1099793 0.7426952 0.1100133 0.7479676 0.1696692 0.8129568 0.1099793 0.7426952 0.1159225 0.803476 0.1696692 0.8129568 0.1097994 0.7150796 0.1099793 0.7426952 0.1760647 0.6246497 0.1097994 0.7150796 0.1696692 0.8129568 0.1760647 0.6246497 0.109807 0.690843 0.1097994 0.7150796 0.121307 0.6319156 0.109807 0.690843 0.1760647 0.6246497 0.121307 0.6319156 0.1100249 0.6875981 0.109807 0.690843 0.08421528 0.6574061 0.1100249 0.6875981 0.121307 0.6319156 0.08421528 0.6574061 0.1100059 0.6991546 0.1100249 0.6875981 0.06450408 0.6949311 0.1100059 0.6991546 0.08421528 0.6574061 0.9770632 0.1443748 0.9760492 0.09040105 0.9198183 0.1079997 0.9770632 0.1443748 0.9198183 0.1079997 0.9198455 0.1320225 0.9760492 0.09040105 0.9480504 0.04439544 0.9160462 0.08831548 0.9760492 0.09040105 0.9160462 0.08831548 0.9198183 0.1079997 0.9480504 0.04439544 0.896427 0.02187478 0.9107059 0.08286559 0.9480504 0.04439544 0.9107059 0.08286559 0.9160462 0.08831548 0.896427 0.02187478 0.8281055 0.03582155 0.9084132 0.100295 0.896427 0.02187478 0.9084132 0.100295 0.9107059 0.08286559 0.8281055 0.03582155 0.8355521 0.2056412 0.9107797 0.1370511 0.8281055 0.03582155 0.9107797 0.1370511 0.9084132 0.100295 0.8355521 0.2056412 0.9017217 0.2152221 0.912095 0.1551102 0.8355521 0.2056412 0.912095 0.1551102 0.9107797 0.1370511 0.9017217 0.2152221 0.9509956 0.1910574 0.9163891 0.1508684 0.9017217 0.2152221 0.9163891 0.1508684 0.912095 0.1551102 0.9509956 0.1910574 0.9770632 0.1443748 0.9198455 0.1320225 0.9509956 0.1910574 0.9198455 0.1320225 0.9163891 0.1508684 0.913976 0.114012 0.9140279 0.1259784 0.9198455 0.1320225 0.913976 0.114012 0.9198455 0.1320225 0.9198183 0.1079997 0.9135512 0.1024804 0.913976 0.114012 0.9198183 0.1079997 0.9128355 0.0926122 0.9135512 0.1024804 0.9198183 0.1079997 0.9128355 0.0926122 0.9198183 0.1079997 0.9160462 0.08831548 0.9119191 0.08560889 0.9128355 0.0926122 0.9160462 0.08831548 0.9116664 0.08232957 0.9119191 0.08560889 0.9160462 0.08831548 0.9116664 0.08232957 0.9160462 0.08831548 0.9107059 0.08286559 0.9125542 0.08422571 0.9116664 0.08232957 0.9107059 0.08286559 0.9149572 0.09256601 0.9125542 0.08422571 0.9107059 0.08286559 0.9149572 0.09256601 0.9107059 0.08286559 0.9084132 0.100295 0.5491533 0.1866433 0.5572965 0.1448998 0.5464584 0.1323519 0.5491533 0.1866433 0.5464584 0.1323519 0.5085774 0.1559291 0.5491533 0.1866433 0.567413 0.1458914 0.5572965 0.1448998 0.6052786 0.1820555 0.567413 0.1458914 0.5491533 0.1866433 0.6052786 0.1820555 0.5761683 0.1338514 0.567413 0.1458914 0.6504237 0.1108489 0.5816572 0.1032587 0.5761683 0.1338514 0.6504237 0.1108489 0.5761683 0.1338514 0.6052786 0.1820555 0.6092036 0.02793765 0.5760794 0.06663507 0.5816572 0.1032587 0.6092036 0.02793765 0.5816572 0.1032587 0.6504237 0.1108489 0.5505376 0.02114683 0.5594774 0.06007224 0.5760794 0.06663507 0.5505376 0.02114683 0.5760794 0.06663507 0.6092036 0.02793765 0.5078884 0.05372947 0.5453225 0.07746028 0.5594774 0.06007224 0.5078884 0.05372947 0.5594774 0.06007224 0.5505376 0.02114683 0.4931221 0.1056426 0.540203 0.1062879 0.5453225 0.07746028 0.4931221 0.1056426 0.5453225 0.07746028 0.5078884 0.05372947 0.5085774 0.1559291 0.5464584 0.1323519 0.540203 0.1062879 0.5085774 0.1559291 0.540203 0.1062879 0.4931221 0.1056426 0.5549796 0.1338026 0.5515313 0.1239562 0.5464584 0.1323519 0.5590415 0.1407334 0.5549796 0.1338026 0.5464584 0.1323519 0.5590415 0.1407334 0.5464584 0.1323519 0.5572965 0.1448998 0.5630597 0.1434679 0.5590415 0.1407334 0.5572965 0.1448998 0.5660645 0.1407553 0.5630597 0.1434679 0.5572965 0.1448998 0.5660645 0.1407553 0.5572965 0.1448998 0.5761683 0.1338514 0.5672424 0.1308414 0.5660645 0.1407553 0.5761683 0.1338514 0.5676817 0.1134704 0.5672424 0.1308414 0.5761683 0.1338514 0.5676817 0.1134704 0.5761683 0.1338514 0.5816572 0.1032587 0.5693069 0.09149843 0.5676817 0.1134704 0.5816572 0.1032587 0.5700618 0.07443106 0.5693069 0.09149843 0.5816572 0.1032587 0.5700618 0.07443106 0.5816572 0.1032587 0.5760794 0.06663507 0.5680595 0.06512296 0.5700618 0.07443106 0.5760794 0.06663507 0.5640704 0.06271362 0.5680595 0.06512296 0.5760794 0.06663507 0.5640704 0.06271362 0.5760794 0.06663507 0.5594774 0.06007224 0.5591431 0.06634449 0.5640704 0.06271362 0.5594774 0.06007224 0.5545405 0.0744971 0.5591431 0.06634449 0.5594774 0.06007224 0.5545405 0.0744971 0.5594774 0.06007224 0.5453225 0.07746028 0.5513897 0.08590984 0.5545405 0.0744971 0.5453225 0.07746028 0.5496136 0.0988267 0.5513897 0.08590984 0.5453225 0.07746028 0.5496136 0.0988267 0.5453225 0.07746028 0.540203 0.1062879 0.5497235 0.1119158 0.5496136 0.0988267 0.540203 0.1062879 0.5515313 0.1239562 0.5497235 0.1119158 0.540203 0.1062879 0.5515313 0.1239562 0.540203 0.1062879 0.5464584 0.1323519 0.5572965 0.1448998 0.567413 0.1458914 0.5761683 0.1338514 0.4605025 0.675432 0.4574204 0.681274 0.458289 0.6857505 0.3747651 0.7361798 0.3788436 0.6527282 0.3876576 0.6157812 0.458289 0.6857505 0.4583896 0.6924358 0.4606986 0.6946652 0.4419478 0.7764212 0.4019674 0.7537757 0.3747651 0.7361798 0.4606986 0.6946652 0.4635245 0.6975373 0.4656768 0.6965867 0.4959385 0.7553597 0.4629432 0.7666757 0.4419478 0.7764212 0.4656768 0.6965867 0.4691398 0.6946235 0.4699748 0.6915316 0.5227393 0.7145259 0.5048241 0.7386282 0.4959385 0.7553597 0.4699748 0.6915316 0.4723548 0.6863731 0.471742 0.682731 0.5265828 0.6692776 0.5224725 0.6974447 0.5227393 0.7145259 0.471742 0.682731 0.4720772 0.6769826 0.4702491 0.6744742 0.5079308 0.6251468 0.5186275 0.6542559 0.5265828 0.6692776 0.1651291 0.3302581 0.2124433 0.2063828 0.1570283 0.1272179 0.1651291 0.3302581 0.1570283 0.1272179 0.1620623 0.3241693 0.1620623 0.3241693 0.1570283 0.1272179 0.07452422 0.06101983 0.1620623 0.3241693 0.07452422 0.06101983 0.1632258 0.3341419 0.1632258 0.3341419 0.07452422 0.06101983 0.1622734 0.3350908 0.1622734 0.3350908 0.07452422 0.06101983 0.06505525 0.6072431 0.1622734 0.3350908 0.06505525 0.6072431 0.1615772 0.3372569 0.1615772 0.3372569 0.06505525 0.6072431 0.1626944 0.3390371 0.1626944 0.3390371 0.06505525 0.6072431 0.1490729 0.5424565 0.1626944 0.3390371 0.1490729 0.5424565 0.1648899 0.3400069 0.1648899 0.3400069 0.1490729 0.5424565 0.2067779 0.4646808 0.1648899 0.3400069 0.2067779 0.4646808 0.1662645 0.3385827 0.1662645 0.3385827 0.2067779 0.4646808 0.2368167 0.3798906 0.1662645 0.3385827 0.2368167 0.3798906 0.1664891 0.3373498 0.1664891 0.3373498 0.2368167 0.3798906 0.1669217 0.3361282 0.1669217 0.3361282 0.2368167 0.3798906 0.2388925 0.292304 0.1669217 0.3361282 0.2388925 0.292304 0.1675085 0.3347005 0.1675085 0.3347005 0.2388925 0.292304 0.1678515 0.3314859 0.1678515 0.3314859 0.2388925 0.292304 0.2124433 0.2063828 0.1678515 0.3314859 0.2124433 0.2063828 0.1651291 0.3302581 0.1651291 0.3302581 0.1620623 0.3241693 0.163915 0.3337005 0.163915 0.3337005 0.1620623 0.3241693 0.1632258 0.3341419 0.1639072 0.3392979 0.1626944 0.3390371 0.1648899 0.3400069 0.1655775 0.339307 0.1648899 0.3400069 0.1662645 0.3385827 0.1678515 0.3314859 0.1651291 0.3302581 0.1650612 0.3335568 0.1675085 0.3347005 0.1678515 0.3314859 0.1657019 0.3341987 0.1657019 0.3341987 0.1678515 0.3314859 0.1650612 0.3335568 0.1650612 0.3335568 0.1651291 0.3302581 0.1645551 0.3339264 0.1645551 0.3339264 0.1651291 0.3302581 0.163915 0.3337005 0.7458441 0.7700725 0.7457651 0.7700358 0.7457515 0.7700597 0.7458441 0.7700725 0.7457515 0.7700597 0.7459221 0.7703958 0.7459221 0.7703958 0.7457515 0.7700597 0.7457496 0.7701498 0.7457496 0.7701498 0.7457515 0.7700597 0.7457357 0.7700534 0.7447896 0.7698702 0.7457332 0.7700217 0.7457451 0.7699895 0.7447896 0.7698702 0.7457451 0.7699895 0.7451126 0.7695206 0.7451126 0.7695206 0.7457451 0.7699895 0.7457588 0.7699864 0.7461842 0.7695797 0.7457588 0.7699864 0.7457668 0.7700072 0.7461842 0.7695797 0.7457668 0.7700072 0.7464346 0.7696965 0.7464346 0.7696965 0.7457668 0.7700072 0.7460828 0.7699912 0.7460828 0.7699912 0.7457668 0.7700072 0.7457651 0.7700358 0.7460828 0.7699912 0.7457651 0.7700358 0.7458441 0.7700725 0.7461475 0.7702185 0.7458441 0.7700725 0.7459221 0.7703958 0.7459221 0.7703958 0.7457496 0.7701498 0.7456977 0.7712128 0.7456977 0.7712128 0.7457496 0.7701498 0.7457357 0.7700534 0.7456977 0.7712128 0.7457357 0.7700534 0.745312 0.7710558 0.745312 0.7710558 0.7457357 0.7700534 0.7449423 0.7708289 0.7449423 0.7708289 0.7457357 0.7700534 0.7457332 0.7700217 0.7449423 0.7708289 0.7457332 0.7700217 0.7447975 0.7703652 0.7447975 0.7703652 0.7457332 0.7700217 0.7447896 0.7698702 0.7453824 0.7692219 0.7451126 0.7695206 0.7457588 0.7699864 0.7453824 0.7692219 0.7457588 0.7699864 0.7457516 0.7691697 0.7457516 0.7691697 0.7457588 0.7699864 0.7461563 0.7690553 0.7461563 0.7690553 0.7457588 0.7699864 0.7461842 0.7695797 0.7460828 0.7699912 0.7458441 0.7700725 0.7461475 0.7702185 0.7466992 0.7706036 0.7461475 0.7702185 0.7459221 0.7703958 0.7466992 0.7706036 0.7459221 0.7703958 0.7464239 0.7708579 0.7464239 0.7708579 0.7459221 0.7703958 0.7461166 0.7711028 0.7461166 0.7711028 0.7459221 0.7703958 0.7456977 0.7712128 0.7464346 0.7696965 0.7460828 0.7699912 0.7465661 0.7700676 0.7465661 0.7700676 0.7460828 0.7699912 0.7461475 0.7702185 0.7465661 0.7700676 0.7461475 0.7702185 0.7466992 0.7706036 0.7461563 0.7690553 0.7461842 0.7695797 0.74657 0.7691562 0.74657 0.7691562 0.7461842 0.7695797 0.7464346 0.7696965 0.74657 0.7691562 0.7464346 0.7696965 0.7469962 0.7693752 0.7469962 0.7693752 0.7464346 0.7696965 0.7465661 0.7700676 0.7469962 0.7693752 0.7465661 0.7700676 0.7471872 0.7698209 0.7471872 0.7698209 0.7465661 0.7700676 0.7474592 0.7704315 0.7474592 0.7704315 0.7465661 0.7700676 0.7466992 0.7706036 0.7464239 0.7708579 0.7461166 0.7711028 0.7472856 0.7801188 0.7472856 0.7801188 0.7461166 0.7711028 0.7456977 0.7712128 0.7472856 0.7801188 0.7456977 0.7712128 0.7442627 0.7802814 0.7442627 0.7802814 0.7456977 0.7712128 0.745312 0.7710558 0.7442627 0.7802814 0.745312 0.7710558 0.7411723 0.77954 0.7411723 0.77954 0.745312 0.7710558 0.7449423 0.7708289 0.7447896 0.7698702 0.7451126 0.7695206 0.7392125 0.7666098 0.7392125 0.7666098 0.7451126 0.7695206 0.7453824 0.7692219 0.7453824 0.7692219 0.7457516 0.7691697 0.7419623 0.7610315 0.7419623 0.7610315 0.7457516 0.7691697 0.7461563 0.7690553 0.7419623 0.7610315 0.7461563 0.7690553 0.7485496 0.7597236 0.7485496 0.7597236 0.7461563 0.7690553 0.74657 0.7691562 0.7519543 0.7790052 0.7466992 0.7706036 0.7464239 0.7708579 0.7519543 0.7790052 0.7464239 0.7708579 0.7472856 0.7801188 0.7411723 0.77954 0.7449423 0.7708289 0.7314437 0.7845556 0.7314437 0.7845556 0.7449423 0.7708289 0.7447975 0.7703652 0.7314437 0.7845556 0.7447975 0.7703652 0.7278363 0.7783726 0.7278363 0.7783726 0.7447975 0.7703652 0.7447896 0.7698702 0.7278363 0.7783726 0.7447896 0.7698702 0.7276704 0.770414 0.7276704 0.770414 0.7447896 0.7698702 0.7392125 0.7666098 0.7392125 0.7666098 0.7453824 0.7692219 0.7419623 0.7610315 0.7485496 0.7597236 0.74657 0.7691562 0.7590157 0.7540988 0.7590157 0.7540988 0.74657 0.7691562 0.7469962 0.7693752 0.7590157 0.7540988 0.7469962 0.7693752 0.7638794 0.7621815 0.7638794 0.7621815 0.7469962 0.7693752 0.7471872 0.7698209 0.7638794 0.7621815 0.7471872 0.7698209 0.7656583 0.7710838 0.7656583 0.7710838 0.7471872 0.7698209 0.7474592 0.7704315 0.7474592 0.7704315 0.7466992 0.7706036 0.7519543 0.7790052 0.7656583 0.7710838 0.7474592 0.7704315 0.7647052 0.7796069 0.7647052 0.7796069 0.7474592 0.7704315 0.7519543 0.7790052 0.7276704 0.770414 0.7392125 0.7666098 0.7187532 0.7568442 0.7187532 0.7568442 0.7392125 0.7666098 0.7419623 0.7610315 0.7187532 0.7568442 0.7419623 0.7610315 0.7289927 0.7489931 0.7289927 0.7489931 0.7419623 0.7610315 0.7407636 0.7472758 0.7407636 0.7472758 0.7419623 0.7610315 0.7485496 0.7597236 0.7407636 0.7472758 0.7485496 0.7597236 0.7514973 0.745949 0.7514973 0.745949 0.7485496 0.7597236 0.7590157 0.7540988 0.7751768 0.8008146 0.7519543 0.7790052 0.7616441 0.8048763 0.7616441 0.8048763 0.7519543 0.7790052 0.7472856 0.7801188 0.7616441 0.8048763 0.7472856 0.7801188 0.7500814 0.804793 0.7500814 0.804793 0.7472856 0.7801188 0.7442627 0.7802814 0.7500814 0.804793 0.7442627 0.7802814 0.7366182 0.7969532 0.7366182 0.7969532 0.7442627 0.7802814 0.7411723 0.77954 0.7366182 0.7969532 0.7411723 0.77954 0.7314437 0.7845556 0.7647052 0.7796069 0.7519543 0.7790052 0.7751768 0.8008146 0.7500814 0.804793 0.7366182 0.7969532 0.7293007 0.9359968 0.7314437 0.7845556 0.7278363 0.7783726 0.6223213 0.7691377 0.6223213 0.7691377 0.7278363 0.7783726 0.7276704 0.770414 0.6223213 0.7691377 0.7276704 0.770414 0.7187532 0.7568442 0.7289927 0.7489931 0.7407636 0.7472758 0.7056168 0.6398648 0.7056168 0.6398648 0.7407636 0.7472758 0.7514973 0.745949 0.7638794 0.7621815 0.7656583 0.7710838 0.8133525 0.7786096 0.8133525 0.7786096 0.7656583 0.7710838 0.7647052 0.7796069 0.8133525 0.7786096 0.7647052 0.7796069 0.7751768 0.8008146 0.9152721 0.9278274 0.7751768 0.8008146 0.7616441 0.8048763 0.9152721 0.9278274 0.7616441 0.8048763 0.7293007 0.9359968 0.7293007 0.9359968 0.7616441 0.8048763 0.7500814 0.804793 0.7293007 0.9359968 0.7366182 0.7969532 0.6394677 0.8606436 0.6394677 0.8606436 0.7366182 0.7969532 0.7314437 0.7845556 0.6394677 0.8606436 0.7314437 0.7845556 0.6223213 0.7691377 0.6223213 0.7691377 0.7187532 0.7568442 0.6559758 0.6859565 0.6559758 0.6859565 0.7187532 0.7568442 0.7289927 0.7489931 0.6559758 0.6859565 0.7289927 0.7489931 0.7056168 0.6398648 0.7056168 0.6398648 0.7514973 0.745949 0.7896828 0.6147122 0.7896828 0.6147122 0.7514973 0.745949 0.7590157 0.7540988 0.7896828 0.6147122 0.7590157 0.7540988 0.7638794 0.7621815 0.7896828 0.6147122 0.7638794 0.7621815 0.9289364 0.6433275 0.9289364 0.6433275 0.7638794 0.7621815 0.8133525 0.7786096 0.9289364 0.6433275 0.8133525 0.7786096 0.9152721 0.9278274 0.9152721 0.9278274 0.8133525 0.7786096 0.7751768 0.8008146 0.08714264 0.9401592 0.03283625 0.9764196 0.07880908 0.9801637 0.0873478 0.9471407 0.08714264 0.9401592 0.07880908 0.9801637 0.0873478 0.9471407 0.07880908 0.9801637 0.1102845 0.9609326 0.08787322 0.9346703 0.0873478 0.9471407 0.1102845 0.9609326 0.08787322 0.9346703 0.1102845 0.9609326 0.1255932 0.9272387 0.08805984 0.9111791 0.08787322 0.9346703 0.1255932 0.9272387 0.08805984 0.9111791 0.1255932 0.9272387 0.1247546 0.8891157 0.08745634 0.8869504 0.08805984 0.9111791 0.1247546 0.8891157 0.08745634 0.8869504 0.1247546 0.8891157 0.1079798 0.8561505 0.08663052 0.8724651 0.08745634 0.8869504 0.1079798 0.8561505 0.08663052 0.8724651 0.1079798 0.8561505 0.07532626 0.8384938 0.08650034 0.8771017 0.08663052 0.8724651 0.07532626 0.8384938 0.08650034 0.8771017 0.07532626 0.8384938 0.02819418 0.8447467 0.08699983 0.907553 0.08650034 0.8771017 0.02819418 0.8447467 0.08699983 0.907553 0.02819418 0.8447467 0.03283625 0.9764196 0.08714264 0.9401592 0.08699983 0.907553 0.03283625 0.9764196 0.9181857 0.1081615 0.9149572 0.09256601 0.9084132 0.100295 0.9199368 0.1288369 0.9181857 0.1081615 0.9084132 0.100295 0.9199368 0.1288369 0.9084132 0.100295 0.9107797 0.1370511 0.9174291 0.1450501 0.9199368 0.1288369 0.9107797 0.1370511 0.9145838 0.153792 0.9174291 0.1450501 0.9107797 0.1370511 0.9145838 0.153792 0.9107797 0.1370511 0.912095 0.1551102 0.913088 0.1562324 0.9145838 0.153792 0.912095 0.1551102 0.9128051 0.1534292 0.913088 0.1562324 0.912095 0.1551102 0.9128051 0.1534292 0.912095 0.1551102 0.9163891 0.1508684 0.9140279 0.1259784 0.913698 0.137255 0.9198455 0.1320225 0.913186 0.1467562 0.9128051 0.1534292 0.9163891 0.1508684 0.913698 0.137255 0.913186 0.1467562 0.9163891 0.1508684 0.913698 0.137255 0.9163891 0.1508684 0.9198455 0.1320225 0.4784348 0.4697144 0.4784348 0.4697144 0.4784348 0.4697144 0.4784348 0.4697144 0.4784348 0.4697144 0.4784348 0.4697144 0.4784348 0.4697144 0.4784348 0.4697144 0.4784348 0.4697144 0.4784348 0.4697144 0.4784348 0.4697144 0.4784348 0.4697144 0.4784348 0.4697144 0.4784348 0.4697144 0.4784348 0.4697144 0.4784348 0.4697144 0.4784348 0.4697144 0.4784348 0.4697144 0.4784348 0.4697144 0.4784348 0.4697144 0.4784348 0.4697144 0.4784348 0.4697144 0.4784348 0.4697144 0.4784348 0.4697144 0.4784348 0.4697144 0.4784348 0.4697144 0.4784348 0.4697144 0.4784348 0.4697144 0.4784348 0.4697144 0.4784348 0.4697144 0.4784348 0.4697144 0.4784348 0.4697144 0.4784348 0.4697144 0.4784348 0.4697144 0.4784348 0.4697144 0.4784348 0.4697144 0.4784348 0.4697144 0.4784348 0.4697144 0.4784348 0.4697144 0.4784348 0.4697144 0.4784348 0.4697144 0.4784348 0.4697144 0.4784348 0.4697144 0.4784348 0.4697144 0.4784348 0.4697144 0.4784348 0.4697144 0.4784348 0.4697144 0.4784348 0.4697144 0.4784348 0.4697144 0.4784348 0.4697144 0.4784348 0.4697144 0.4784348 0.4697144 0.4784348 0.4697144 0.4784348 0.4697144 0.4784348 0.4697144 0.4784348 0.4697144 0.4784348 0.4697144 0.4784348 0.4697144 0.4784348 0.4697144 0.4784348 0.4697144 0.4784348 0.4697144 0.4784348 0.4697144 0.4784348 0.4697144 0.4784348 0.4697144 0.4784348 0.4697144 0.4784348 0.4697144 0.4784348 0.4697144 0.4784348 0.4697144 0.4784348 0.4697144 0.4784348 0.4697144 0.4784348 0.4697144 0.4784348 0.4697144 0.4784348 0.4697144 0.4784348 0.4697144 0.4784348 0.4697144 0.4784348 0.4697144 0.4784348 0.4697144 0.4784348 0.4697144 0.4784348 0.4697144 0.4784348 0.4697144 0.4784348 0.4697144 0.4784348 0.4697144 0.4784348 0.4697144 0.4784348 0.4697144 0.4784348 0.4697144 0.4784348 0.4697144 0.4784348 0.4697144 0.4784348 0.4697144 0.4784348 0.4697144 0.4784348 0.4697144 0.4784348 0.4697144 0.4784348 0.4697144 0.4784348 0.4697144 0.4784348 0.4697144 0.4784348 0.4697144 0.4784348 0.4697144 0.4784348 0.4697144 0.4784348 0.4697144 0.4784348 0.4697144 0.4784348 0.4697144 0.4784348 0.4697144 0.4784348 0.4697144 0.4784348 0.4697144 0.4784348 0.4697144 0.4784348 0.4697144 0.4784348 0.4697144 0.4784348 0.4697144 0.4784348 0.4697144 0.4784348 0.4697144 0.4784348 0.4697144 0.4784348 0.4697144 0.4784348 0.4697144 0.4784348 0.4697144 0.4784348 0.4697144 0.4784348 0.4697144 0.4784348 0.4697144 0.4784348 0.4697144 0.4784348 0.4697144 0.4784348 0.4697144 0.4784348 0.4697144 0.4784348 0.4697144 0.4784348 0.4697144 0.4784348 0.4697144 0.4784348 0.4697144 0.4784348 0.4697144 0.4784348 0.4697144 0.4784348 0.4697144 0.4784348 0.4697144 0.4784348 0.4697144 0.4784348 0.4697144 0.4784348 0.4697144 0.4784348 0.4697144 0.4784348 0.4697144 0.4784348 0.4697144 0.4784348 0.4697144 0.4784348 0.4697144 0.4784348 0.4697144 0.4784348 0.4697144 0.4784348 0.4697144 0.4784348 0.4697144 0.4784348 0.4697144 0.4784348 0.4697144 0.4784348 0.4697144 0.4784348 0.4697144 0.4784348 0.4697144 0.4784348 0.4697144 0.4784348 0.4697144 0.4784348 0.4697144 0.4784348 0.4697144 0.4784348 0.4697144 0.4784348 0.4697144 0.4784348 0.4697144 0.4784348 0.4697144 0.4784348 0.4697144 0.4784348 0.4697144 0.4784348 0.4697144 0.4784348 0.4697144 0.4784348 0.4697144 0.4784348 0.4697144 0.4784348 0.4697144 0.4784348 0.4697144 0.4784348 0.4697144 0.4784348 0.4697144 0.4784348 0.4697144 0.4784348 0.4697144 0.4784348 0.4697144 0.4784348 0.4697144 0.4784348 0.4697144 0.4784348 0.4697144 0.4784348 0.4697144 0.4784348 0.4697144 0.4784348 0.4697144 0.4784348 0.4697144 0.4784348 0.4697144 0.4784348 0.4697144 0.4784348 0.4697144 0.4784348 0.4697144 0.4784348 0.4697144 0.4784348 0.4697144 0.4784348 0.4697144 0.4784348 0.4697144 0.4784348 0.4697144 0.4784348 0.4697144 0.4784348 0.4697144 0.4784348 0.4697144 0.4784348 0.4697144 0.4784348 0.4697144 0.4784348 0.4697144 0.4784348 0.4697144 0.4784348 0.4697144 0.4784348 0.4697144 0.4784348 0.4697144 0.4784348 0.4697144 0.4784348 0.4697144 0.4784348 0.4697144 0.4784348 0.4697144 0.4784348 0.4697144 0.4784348 0.4697144 0.4784348 0.4697144 0.4784348 0.4697144 0.4784348 0.4697144 0.4784348 0.4697144 0.4784348 0.4697144 0.4784348 0.4697144 0.4784348 0.4697144 0.4784348 0.4697144 0.4784348 0.4697144 0.4784348 0.4697144 0.4784348 0.4697144 0.4784348 0.4697144 0.4784348 0.4697144 0.4784348 0.4697144 0.4784348 0.4697144 0.4784348 0.4697144 0.4784348 0.4697144 0.4784348 0.4697144 0.4784348 0.4697144 0.4784348 0.4697144 0.4784348 0.4697144 0.4784348 0.4697144 0.4784348 0.4697144 0.4784348 0.4697144 0.4784348 0.4697144 0.4784348 0.4697144 0.4784348 0.4697144 0.4784348 0.4697144 0.4784348 0.4697144 0.4784348 0.4697144 0.4784348 0.4697144 0.4784348 0.4697144 0.4784348 0.4697144 0.4784348 0.4697144 0.4784348 0.4697144 0.4784348 0.4697144 0.4784348 0.4697144 0.4784348 0.4697144 0.4784348 0.4697144 0.4784348 0.4697144 0.4784348 0.4697144 0.4784348 0.4697144 0.4784348 0.4697144 0.4784348 0.4697144 0.4784348 0.4697144 0.4784348 0.4697144 0.4784348 0.4697144 0.4784348 0.4697144 0.4784348 0.4697144 0.4784348 0.4697144 0.4784348 0.4697144 0.4784348 0.4697144 0.4784348 0.4697144 0.4784348 0.4697144 0.4784348 0.4697144 0.4784348 0.4697144 0.4784348 0.4697144 0.4784348 0.4697144 0.4784348 0.4697144 0.4784348 0.4697144 0.4784348 0.4697144 0.4784348 0.4697144 0.4784348 0.4697144 0.4784348 0.4697144 0.4784348 0.4697144 0.4784348 0.4697144 0.4784348 0.4697144 0.4784348 0.4697144 0.4784348 0.4697144 0.4784348 0.4697144 0.4784348 0.4697144 0.4784348 0.4697144 0.4784348 0.4697144 0.4784348 0.4697144 0.4784348 0.4697144 0.4784348 0.4697144 0.4784348 0.4697144 0.4784348 0.4697144 0.4784348 0.4697144 0.4784348 0.4697144 0.4784348 0.4697144 0.4784348 0.4697144 0.4784348 0.4697144 0.4784348 0.4697144 0.4784348 0.4697144 0.4784348 0.4697144 0.4784348 0.4697144 0.4784348 0.4697144 0.4784348 0.4697144 0.4784348 0.4697144 0.4784348 0.4697144 0.4784348 0.4697144 0.4784348 0.4697144 0.4784348 0.4697144 0.4784348 0.4697144 0.4784348 0.4697144 0.4784348 0.4697144 0.4784348 0.4697144 0.4784348 0.4697144 0.4784348 0.4697144 0.4784348 0.4697144 0.4784348 0.4697144 0.4784348 0.4697144 0.4784348 0.4697144 0.4784348 0.4697144 0.4784348 0.4697144 0.4784348 0.4697144 0.4784348 0.4697144 0.4784348 0.4697144 0.4784348 0.4697144 0.4784348 0.4697144 0.4784348 0.4697144 0.4784348 0.4697144 0.4784348 0.4697144 0.4784348 0.4697144 0.4784348 0.4697144 0.4784348 0.4697144 0.4784348 0.4697144 0.4784348 0.4697144 0.4784348 0.4697144 0.4784348 0.4697144 0.4784348 0.4697144 0.4784348 0.4697144 0.4784348 0.4697144 0.4784348 0.4697144 0.4784348 0.4697144 0.7966073 0.2419887 0.7034805 0.3809477 0.6920208 0.3771224 0.7966073 0.2419887 0.6920208 0.3771224 0.6971362 0.2117254 0.853173 0.2979674 0.7121279 0.3912153 0.7034805 0.3809477 0.853173 0.2979674 0.7034805 0.3809477 0.7966073 0.2419887 0.8783459 0.3715328 0.7121279 0.3912153 0.853173 0.2979674 0.8783459 0.3715328 0.7177755 0.4001131 0.7121279 0.3912153 0.8628718 0.4743548 0.7177755 0.4001131 0.8783459 0.3715328 0.8628718 0.4743548 0.7093582 0.4069523 0.7177755 0.4001131 0.8162785 0.539344 0.7093582 0.4069523 0.8628718 0.4743548 0.7463851 0.576205 0.6998667 0.4139093 0.7093582 0.4069523 0.7463851 0.576205 0.7093582 0.4069523 0.8162785 0.539344 0.640289 0.5752251 0.687588 0.4124711 0.6998667 0.4139093 0.640289 0.5752251 0.6998667 0.4139093 0.7463851 0.576205 0.5524341 0.5163051 0.687588 0.4124711 0.640289 0.5752251 0.5524341 0.5163051 0.6785025 0.4038271 0.687588 0.4124711 0.511788 0.4198585 0.6785025 0.4038271 0.5524341 0.5163051 0.511788 0.4198585 0.6770655 0.3936263 0.6785025 0.4038271 0.5286327 0.3176048 0.6770655 0.3936263 0.511788 0.4198585 0.5286327 0.3176048 0.6815372 0.3842835 0.6770655 0.3936263 0.5972186 0.2400214 0.6815372 0.3842835 0.5286327 0.3176048 0.5972186 0.2400214 0.6920208 0.3771224 0.6815372 0.3842835 0.6971362 0.2117254 0.6920208 0.3771224 0.5972186 0.2400214 0.6941455 0.3858809 0.7033886 0.3901228 0.6986235 0.3973797 0.6941455 0.3858809 0.6986235 0.3973797 0.6916815 0.395609 0.7033886 0.3901228 0.7043509 0.4013339 0.6986235 0.3973797 0.7043509 0.4013339 0.696161 0.4070288 0.6986235 0.3973797 0.696161 0.4070288 0.6869953 0.402853 0.6916815 0.395609 0.696161 0.4070288 0.6916815 0.395609 0.6986235 0.3973797 0.6869953 0.402853 0.6859275 0.3916677 0.6916815 0.395609 0.6859275 0.3916677 0.6941455 0.3858809 0.6916815 0.395609 0.6941455 0.3858809 0.7034805 0.3809477 0.7033886 0.3901228 0.7033886 0.3901228 0.7034805 0.3809477 0.7121279 0.3912153 0.7033886 0.3901228 0.7121279 0.3912153 0.7043509 0.4013339 0.7043509 0.4013339 0.7121279 0.3912153 0.7093582 0.4069523 0.7121279 0.3912153 0.7177755 0.4001131 0.7093582 0.4069523 0.7043509 0.4013339 0.7093582 0.4069523 0.6998667 0.4139093 0.7043509 0.4013339 0.6998667 0.4139093 0.696161 0.4070288 0.696161 0.4070288 0.6998667 0.4139093 0.687588 0.4124711 0.696161 0.4070288 0.687588 0.4124711 0.6869953 0.402853 0.6869953 0.402853 0.687588 0.4124711 0.6785025 0.4038271 0.6869953 0.402853 0.6785025 0.4038271 0.6770655 0.3936263 0.6869953 0.402853 0.6770655 0.3936263 0.6859275 0.3916677 0.6859275 0.3916677 0.6770655 0.3936263 0.6815372 0.3842835 0.6859275 0.3916677 0.6815372 0.3842835 0.6920208 0.3771224 0.6859275 0.3916677 0.6920208 0.3771224 0.6941455 0.3858809 0.6941455 0.3858809 0.6920208 0.3771224 0.7034805 0.3809477 0.4784348 0.4697144 0.4784348 0.4697144 0.4784348 0.4697144 0.4784348 0.4697144 0.4784348 0.4697144 0.4784348 0.4697144 0.4784348 0.4697144 0.4784348 0.4697144 0.4784348 0.4697144 0.4784348 0.4697144 0.4784348 0.4697144 0.4784348 0.4697144 0.4784348 0.4697144 0.4784348 0.4697144 0.4784348 0.4697144 0.4784348 0.4697144 0.4784348 0.4697144 0.4784348 0.4697144 0.4784348 0.4697144 0.4784348 0.4697144 0.4784348 0.4697144 0.4784348 0.4697144 0.4784348 0.4697144 0.4784348 0.4697144 0.4784348 0.4697144 0.4784348 0.4697144 0.4784348 0.4697144 0.4784348 0.4697144 0.4784348 0.4697144 0.4784348 0.4697144 0.4784348 0.4697144 0.4784348 0.4697144 0.4784348 0.4697144 0.4784348 0.4697144 0.4784348 0.4697144 0.4784348 0.4697144 0.4784348 0.4697144 0.4784348 0.4697144 0.4784348 0.4697144 0.4784348 0.4697144 0.4784348 0.4697144 0.4784348 0.4697144 0.4784348 0.4697144 0.4784348 0.4697144 0.4784348 0.4697144 0.4784348 0.4697144 0.4784348 0.4697144 0.4784348 0.4697144 0.4784348 0.4697144 0.4784348 0.4697144 0.4784348 0.4697144 0.4784348 0.4697144 0.4784348 0.4697144 0.4784348 0.4697144 0.1645866 0.3372011 0.1662645 0.3385828 0.1655775 0.339307 0.1645866 0.3372011 0.1655775 0.339307 0.1648704 0.3376808 0.1645866 0.3372011 0.1664891 0.3373498 0.1662645 0.3385828 0.1644533 0.3362219 0.1669217 0.3361282 0.1664891 0.3373498 0.1644533 0.3362219 0.1664891 0.3373498 0.1645866 0.3372011 0.1644533 0.3362219 0.1675085 0.3347005 0.1669217 0.3361282 0.1645777 0.335334 0.165702 0.3341987 0.1675085 0.3347005 0.1645777 0.335334 0.1675085 0.3347005 0.1644533 0.3362219 0.164884 0.3350121 0.1650611 0.3335568 0.165702 0.3341987 0.164884 0.3350121 0.165702 0.3341987 0.1645777 0.335334 0.164884 0.3350121 0.1645551 0.3339264 0.1650611 0.3335568 0.1651734 0.3354046 0.163915 0.3337005 0.1645551 0.3339264 0.1651734 0.3354046 0.1645551 0.3339264 0.164884 0.3350121 0.1651734 0.3354046 0.1632258 0.3341419 0.163915 0.3337005 0.1652812 0.3363515 0.1622734 0.3350908 0.1632258 0.3341419 0.1652812 0.3363515 0.1632258 0.3341419 0.1651734 0.3354046 0.1652812 0.3363515 0.1615772 0.3372569 0.1622734 0.3350908 0.1651523 0.3373358 0.1626944 0.3390372 0.1615772 0.3372569 0.1651523 0.3373358 0.1615772 0.3372569 0.1652812 0.3363515 0.1651523 0.3373358 0.1639072 0.3392978 0.1626944 0.3390372 0.1648704 0.3376808 0.1648899 0.340007 0.1639072 0.3392978 0.1648704 0.3376808 0.1639072 0.3392978 0.1651523 0.3373358 0.1648704 0.3376808 0.1655775 0.339307 0.1648899 0.340007 0.4877571 0.2669637 0.4767714 0.3258964 0.4355436 0.2736924 0.4877571 0.2669637 0.4355436 0.2736924 0.4356236 0.2631216 0.4767714 0.3258964 0.4445084 0.3816039 0.4353967 0.2800205 0.4767714 0.3258964 0.4353967 0.2800205 0.4355436 0.2736924 0.4445084 0.3816039 0.3921589 0.4272864 0.4352795 0.2781857 0.4445084 0.3816039 0.4352795 0.2781857 0.4353967 0.2800205 0.3921589 0.4272864 0.3442502 0.2377574 0.435104 0.2644725 0.3921589 0.4272864 0.435104 0.2644725 0.4352795 0.2781857 0.3442502 0.2377574 0.3971349 0.1056758 0.4350076 0.2493542 0.3442502 0.2377574 0.4350076 0.2493542 0.435104 0.2644725 0.3971349 0.1056758 0.4485607 0.1530349 0.4351621 0.2466367 0.3971349 0.1056758 0.4351621 0.2466367 0.4350076 0.2493542 0.4485607 0.1530349 0.4784995 0.2083607 0.4354555 0.2526063 0.4485607 0.1530349 0.4354555 0.2526063 0.4351621 0.2466367 0.4784995 0.2083607 0.4877571 0.2669637 0.4356236 0.2631216 0.4784995 0.2083607 0.4356236 0.2631216 0.4354555 0.2526063 0.4680253 0.6709527 0.4914008 0.6155762 0.5079308 0.6251466 0.4680253 0.6709527 0.5079308 0.6251466 0.4702492 0.6744742 0.4656965 0.6711414 0.4602449 0.5940639 0.4914008 0.6155762 0.4656965 0.6711414 0.4914008 0.6155762 0.4680253 0.6709527 0.4618607 0.6721473 0.4373967 0.6004336 0.4602449 0.5940639 0.4618607 0.6721473 0.4602449 0.5940639 0.4656965 0.6711414 0.4605025 0.675432 0.3876577 0.6157811 0.4373967 0.6004336 0.4605025 0.675432 0.4373967 0.6004336 0.4618607 0.6721473 0.4574204 0.681274 0.3788437 0.6527283 0.3876577 0.6157811 0.4574204 0.681274 0.3876577 0.6157811 0.4605025 0.675432 0.458289 0.6857506 0.374765 0.7361796 0.3788437 0.6527283 0.458289 0.6857506 0.3788437 0.6527283 0.4574204 0.681274 0.4583896 0.6924358 0.4019675 0.7537756 0.374765 0.7361796 0.4583896 0.6924358 0.374765 0.7361796 0.458289 0.6857506 0.4606986 0.6946652 0.441948 0.7764211 0.4019675 0.7537756 0.4606986 0.6946652 0.4019675 0.7537756 0.4583896 0.6924358 0.4635245 0.6975372 0.4629432 0.7666758 0.441948 0.7764211 0.4635245 0.6975372 0.441948 0.7764211 0.4606986 0.6946652 0.4656769 0.6965867 0.4959385 0.7553595 0.4629432 0.7666758 0.4656769 0.6965867 0.4629432 0.7666758 0.4635245 0.6975372 0.4691398 0.6946235 0.5048241 0.7386281 0.4959385 0.7553595 0.4691398 0.6946235 0.4959385 0.7553595 0.4656769 0.6965867 0.4699748 0.6915317 0.5227392 0.7145258 0.5048241 0.7386281 0.4699748 0.6915317 0.5048241 0.7386281 0.4691398 0.6946235 0.4723548 0.6863731 0.5224724 0.6974446 0.5227392 0.7145258 0.4723548 0.6863731 0.5227392 0.7145258 0.4699748 0.6915317 0.4717421 0.682731 0.5265828 0.6692776 0.5224724 0.6974446 0.4717421 0.682731 0.5224724 0.6974446 0.4723548 0.6863731 0.4720773 0.6769826 0.5186275 0.6542559 0.5265828 0.6692776 0.4720773 0.6769826 0.5265828 0.6692776 0.4717421 0.682731 0.4702492 0.6744742 0.5079308 0.6251466 0.5186275 0.6542559 0.4702492 0.6744742 0.5186275 0.6542559 0.4720773 0.6769826 0.5079308 0.6251466 0.5337882 0.5714603 0.5560666 0.606491 0.4702492 0.6744742 0.4663785 0.6748914 0.4663465 0.6733639 0.4702492 0.6744742 0.4663465 0.6733639 0.4656965 0.6711414 0.4602449 0.5940639 0.5000761 0.5319873 0.5337882 0.5714603 0.4602449 0.5940639 0.5337882 0.5714603 0.5079308 0.6251466 0.4656965 0.6711414 0.4663465 0.6733639 0.4662037 0.6734175 0.4602449 0.5940639 0.4411053 0.5035246 0.5000761 0.5319873 0.4656965 0.6711414 0.4662037 0.6734175 0.4658779 0.674904 0.4656965 0.6711414 0.4658779 0.674904 0.4605025 0.675432 0.3876577 0.6157811 0.3490114 0.4866815 0.4411053 0.5035246 0.3876577 0.6157811 0.4411053 0.5035246 0.4602449 0.5940639 0.4605025 0.675432 0.4658779 0.674904 0.4658384 0.6782203 0.3876577 0.6157811 0.2236579 0.5294943 0.3490114 0.4866815 0.4605025 0.675432 0.4658384 0.6782203 0.4651187 0.6824268 0.4605025 0.675432 0.4651187 0.6824268 0.458289 0.6857506 0.374765 0.7361796 0.2236579 0.830395 0.2236579 0.5294943 0.374765 0.7361796 0.2236579 0.5294943 0.3876577 0.6157811 0.458289 0.6857506 0.4651187 0.6824268 0.4650874 0.6870589 0.374765 0.7361796 0.3480991 0.8679637 0.2236579 0.830395 0.458289 0.6857506 0.4650874 0.6870589 0.4643318 0.6911472 0.458289 0.6857506 0.4643318 0.6911472 0.4606986 0.6946652 0.441948 0.7764211 0.4332879 0.8642717 0.3480991 0.8679637 0.441948 0.7764211 0.3480991 0.8679637 0.374765 0.7361796 0.4606986 0.6946652 0.4643318 0.6911472 0.4642429 0.6938126 0.441948 0.7764211 0.4896131 0.833777 0.4332879 0.8642717 0.4606986 0.6946652 0.4642429 0.6938126 0.4642714 0.6948971 0.4606986 0.6946652 0.4642714 0.6948971 0.4656769 0.6965867 0.4959385 0.7553595 0.5273087 0.8029204 0.4896131 0.833777 0.4959385 0.7553595 0.4896131 0.833777 0.441948 0.7764211 0.4656769 0.6965867 0.4642714 0.6948971 0.4644133 0.6942935 0.4959385 0.7553595 0.5474857 0.7676182 0.5273087 0.8029204 0.4656769 0.6965867 0.4644133 0.6942935 0.4648386 0.6924429 0.4656769 0.6965867 0.4648386 0.6924429 0.4699748 0.6915317 0.5227392 0.7145258 0.5626161 0.736211 0.5474857 0.7676182 0.5227392 0.7145258 0.5474857 0.7676182 0.4959385 0.7553595 0.4699748 0.6915317 0.4648386 0.6924429 0.4649314 0.6892132 0.5227392 0.7145258 0.5676725 0.7041683 0.5626161 0.736211 0.4699748 0.6915317 0.4649314 0.6892132 0.4656295 0.685446 0.4699748 0.6915317 0.4656295 0.685446 0.4717421 0.682731 0.5265828 0.6692776 0.5680351 0.6732824 0.5676725 0.7041683 0.5265828 0.6692776 0.5676725 0.7041683 0.5227392 0.7145258 0.4717421 0.682731 0.4656295 0.685446 0.4656719 0.681387 0.5265828 0.6692776 0.5635417 0.6420409 0.5680351 0.6732824 0.4717421 0.682731 0.4656719 0.681387 0.466332 0.6776652 0.4717421 0.682731 0.466332 0.6776652 0.4702492 0.6744742 0.5079308 0.6251466 0.5560666 0.606491 0.5635417 0.6420409 0.5079308 0.6251466 0.5635417 0.6420409 0.5265828 0.6692776 0.4702492 0.6744742 0.466332 0.6776652 0.4663785 0.6748914 0.4656965 0.6711414 0.4680253 0.6709527 0.4702492 0.6744742 0.5079308 0.6251466 0.4914008 0.6155762 0.4602449 0.5940639 0.4605025 0.675432 0.4618607 0.6721473 0.4656965 0.6711414 0.4602449 0.5940639 0.4373967 0.6004336 0.3876577 0.6157811 0.1100059 0.6991546 0.109856 0.7182704 0.06450402 0.6949312 0.109856 0.7182704 0.0631231 0.7369894 0.06450402 0.6949312 0.109856 0.7182704 0.1098848 0.7372016 0.0631231 0.7369894 0.1098848 0.7372016 0.08037602 0.7757964 0.0631231 0.7369894 0.1098848 0.7372016 0.1100133 0.7479676 0.08037602 0.7757964 0.1100133 0.7479676 0.1159222 0.803476 0.08037602 0.7757964 0.1100133 0.7479676 0.1099793 0.7426951 0.1159222 0.803476 0.1099793 0.7426951 0.1696691 0.8129568 0.1159222 0.803476 0.1099793 0.7426951 0.1097994 0.7150796 0.1696691 0.8129568 0.1097994 0.7150796 0.1760647 0.6246497 0.1696691 0.8129568 0.1097994 0.7150796 0.109807 0.690843 0.1760647 0.6246497 0.109807 0.690843 0.1213076 0.6319153 0.1760647 0.6246497 0.109807 0.690843 0.1100249 0.6875981 0.1213076 0.6319153 0.1100249 0.6875981 0.08421528 0.657406 0.1213076 0.6319153 0.1100249 0.6875981 0.1100059 0.6991546 0.08421528 0.657406 0.1100059 0.6991546 0.06450402 0.6949312 0.08421528 0.657406 0.9198182 0.1079996 0.9760492 0.09040099 0.9770632 0.1443748 0.9198182 0.1079996 0.9770632 0.1443748 0.9198455 0.1320225 0.9160462 0.08831548 0.9480503 0.04439538 0.9760492 0.09040099 0.9160462 0.08831548 0.9760492 0.09040099 0.9198182 0.1079996 0.9107059 0.08286559 0.8964272 0.02187478 0.9480503 0.04439538 0.9107059 0.08286559 0.9480503 0.04439538 0.9160462 0.08831548 0.9084132 0.100295 0.8281055 0.03582155 0.8964272 0.02187478 0.9084132 0.100295 0.8964272 0.02187478 0.9107059 0.08286559 0.9107796 0.1370511 0.8355523 0.2056413 0.8281055 0.03582155 0.9107796 0.1370511 0.8281055 0.03582155 0.9084132 0.100295 0.912095 0.1551102 0.9017219 0.2152221 0.8355523 0.2056413 0.912095 0.1551102 0.8355523 0.2056413 0.9107796 0.1370511 0.9163891 0.1508684 0.9509957 0.1910573 0.9017219 0.2152221 0.9163891 0.1508684 0.9017219 0.2152221 0.912095 0.1551102 0.9198455 0.1320225 0.9770632 0.1443748 0.9509957 0.1910573 0.9198455 0.1320225 0.9509957 0.1910573 0.9163891 0.1508684 0.9198455 0.1320225 0.9140279 0.1259784 0.913976 0.114012 0.9198455 0.1320225 0.913976 0.114012 0.9198182 0.1079996 0.9198182 0.1079996 0.913976 0.114012 0.9135512 0.1024804 0.9198182 0.1079996 0.9135512 0.1024804 0.9128355 0.0926122 0.9198182 0.1079996 0.9128355 0.0926122 0.9160462 0.08831548 0.9160462 0.08831548 0.9128355 0.0926122 0.9119191 0.08560889 0.9160462 0.08831548 0.9119191 0.08560889 0.9116664 0.08232957 0.9160462 0.08831548 0.9116664 0.08232957 0.9107059 0.08286559 0.9107059 0.08286559 0.9116664 0.08232957 0.9125542 0.08422571 0.9107059 0.08286559 0.9125542 0.08422571 0.9149572 0.09256601 0.9107059 0.08286559 0.9149572 0.09256601 0.9084132 0.100295 0.5464584 0.1323519 0.5572965 0.1448998 0.5491536 0.1866434 0.5464584 0.1323519 0.5491536 0.1866434 0.5085775 0.1559292 0.5572965 0.1448998 0.5674129 0.1458914 0.5491536 0.1866434 0.5674129 0.1458914 0.6052786 0.1820555 0.5491536 0.1866434 0.5674129 0.1458914 0.5761683 0.1338514 0.6052786 0.1820555 0.5761683 0.1338514 0.5816573 0.1032587 0.6504237 0.1108484 0.5761683 0.1338514 0.6504237 0.1108484 0.6052786 0.1820555 0.5816573 0.1032587 0.5760795 0.06663507 0.6092038 0.02793776 0.5816573 0.1032587 0.6092038 0.02793776 0.6504237 0.1108484 0.5760795 0.06663507 0.5594773 0.06007224 0.5505377 0.02114677 0.5760795 0.06663507 0.5505377 0.02114677 0.6092038 0.02793776 0.5594773 0.06007224 0.5453224 0.07746028 0.5078884 0.05372953 0.5594773 0.06007224 0.5078884 0.05372953 0.5505377 0.02114677 0.5453224 0.07746028 0.540203 0.106288 0.4931221 0.1056426 0.5453224 0.07746028 0.4931221 0.1056426 0.5078884 0.05372953 0.540203 0.106288 0.5464584 0.1323519 0.5085775 0.1559292 0.540203 0.106288 0.5085775 0.1559292 0.4931221 0.1056426 0.5464584 0.1323519 0.5515313 0.1239562 0.5549796 0.1338026 0.5464584 0.1323519 0.5549796 0.1338026 0.5590415 0.1407334 0.5464584 0.1323519 0.5590415 0.1407334 0.5572965 0.1448998 0.5572965 0.1448998 0.5590415 0.1407334 0.5630597 0.1434679 0.5572965 0.1448998 0.5630597 0.1434679 0.5660645 0.1407553 0.5572965 0.1448998 0.5660645 0.1407553 0.5761683 0.1338514 0.5761683 0.1338514 0.5660645 0.1407553 0.5672424 0.1308414 0.5761683 0.1338514 0.5672424 0.1308414 0.5676817 0.1134704 0.5761683 0.1338514 0.5676817 0.1134704 0.5816573 0.1032587 0.5816573 0.1032587 0.5676817 0.1134704 0.5693069 0.09149843 0.5816573 0.1032587 0.5693069 0.09149843 0.5700618 0.07443106 0.5816573 0.1032587 0.5700618 0.07443106 0.5760795 0.06663507 0.5760795 0.06663507 0.5700618 0.07443106 0.5680595 0.06512296 0.5760795 0.06663507 0.5680595 0.06512296 0.5640704 0.06271362 0.5760795 0.06663507 0.5640704 0.06271362 0.5594773 0.06007224 0.5594773 0.06007224 0.5640704 0.06271362 0.5591431 0.06634449 0.5594773 0.06007224 0.5591431 0.06634449 0.5545405 0.0744971 0.5594773 0.06007224 0.5545405 0.0744971 0.5453224 0.07746028 0.5453224 0.07746028 0.5545405 0.0744971 0.5513897 0.08590984 0.5453224 0.07746028 0.5513897 0.08590984 0.5496136 0.0988267 0.5453224 0.07746028 0.5496136 0.0988267 0.540203 0.106288 0.540203 0.106288 0.5496136 0.0988267 0.5497235 0.1119158 0.540203 0.106288 0.5497235 0.1119158 0.5515313 0.1239562 0.540203 0.106288 0.5515313 0.1239562 0.5464584 0.1323519 0.5674129 0.1458914 0.5572965 0.1448998 0.5761683 0.1338514 0.458289 0.6857506 0.4574204 0.681274 0.4605025 0.675432 0.3876577 0.6157811 0.3788437 0.6527283 0.374765 0.7361796 0.4606986 0.6946652 0.4583896 0.6924358 0.458289 0.6857506 0.374765 0.7361796 0.4019675 0.7537756 0.441948 0.7764211 0.4656769 0.6965867 0.4635245 0.6975372 0.4606986 0.6946652 0.441948 0.7764211 0.4629432 0.7666758 0.4959385 0.7553595 0.4699748 0.6915317 0.4691398 0.6946235 0.4656769 0.6965867 0.4959385 0.7553595 0.5048241 0.7386281 0.5227392 0.7145258 0.4717421 0.682731 0.4723548 0.6863731 0.4699748 0.6915317 0.5227392 0.7145258 0.5224724 0.6974446 0.5265828 0.6692776 0.4702492 0.6744742 0.4720773 0.6769826 0.4717421 0.682731 0.5265828 0.6692776 0.5186275 0.6542559 0.5079308 0.6251466 0.1570283 0.127218 0.2124435 0.2063832 0.1651291 0.3302581 0.1570283 0.127218 0.1651291 0.3302581 0.1620623 0.3241693 0.0745244 0.06101995 0.1570283 0.127218 0.1620623 0.3241693 0.0745244 0.06101995 0.1620623 0.3241693 0.1632258 0.3341419 0.0745244 0.06101995 0.1632258 0.3341419 0.1622734 0.3350908 0.06505399 0.6072438 0.0745244 0.06101995 0.1622734 0.3350908 0.06505399 0.6072438 0.1622734 0.3350908 0.1615772 0.3372569 0.06505399 0.6072438 0.1615772 0.3372569 0.1626944 0.3390372 0.1490728 0.5424566 0.06505399 0.6072438 0.1626944 0.3390372 0.1490728 0.5424566 0.1626944 0.3390372 0.1648899 0.340007 0.206778 0.4646807 0.1490728 0.5424566 0.1648899 0.340007 0.206778 0.4646807 0.1648899 0.340007 0.1662645 0.3385828 0.2368166 0.3798913 0.206778 0.4646807 0.1662645 0.3385828 0.2368166 0.3798913 0.1662645 0.3385828 0.1664891 0.3373498 0.2368166 0.3798913 0.1664891 0.3373498 0.1669217 0.3361282 0.2388925 0.2923042 0.2368166 0.3798913 0.1669217 0.3361282 0.2388925 0.2923042 0.1669217 0.3361282 0.1675085 0.3347005 0.2388925 0.2923042 0.1675085 0.3347005 0.1678515 0.3314859 0.2124435 0.2063832 0.2388925 0.2923042 0.1678515 0.3314859 0.2124435 0.2063832 0.1678515 0.3314859 0.1651291 0.3302581 0.1620623 0.3241693 0.1651291 0.3302581 0.163915 0.3337005 0.1632258 0.3341419 0.1620623 0.3241693 0.163915 0.3337005 0.1648899 0.340007 0.1626944 0.3390372 0.1639072 0.3392978 0.1662645 0.3385828 0.1648899 0.340007 0.1655775 0.339307 0.1651291 0.3302581 0.1678515 0.3314859 0.1650611 0.3335568 0.1678515 0.3314859 0.1675085 0.3347005 0.165702 0.3341987 0.1650611 0.3335568 0.1678515 0.3314859 0.165702 0.3341987 0.1651291 0.3302581 0.1650611 0.3335568 0.1645551 0.3339264 0.163915 0.3337005 0.1651291 0.3302581 0.1645551 0.3339264 0.7457515 0.7700597 0.7457651 0.7700358 0.7458441 0.7700725 0.7457515 0.7700597 0.7458441 0.7700725 0.7459221 0.7703958 0.7457515 0.7700597 0.7459221 0.7703958 0.7457496 0.7701498 0.7457357 0.7700534 0.7457515 0.7700597 0.7457496 0.7701498 0.7457451 0.7699895 0.7457332 0.7700217 0.7447896 0.7698702 0.7457451 0.7699895 0.7447896 0.7698702 0.7451125 0.7695208 0.7457451 0.7699895 0.7451125 0.7695208 0.7457588 0.7699864 0.7457668 0.7700072 0.7457588 0.7699864 0.7461843 0.7695797 0.7457668 0.7700072 0.7461843 0.7695797 0.7464346 0.7696964 0.7457668 0.7700072 0.7464346 0.7696964 0.7460828 0.7699912 0.7457651 0.7700358 0.7457668 0.7700072 0.7460828 0.7699912 0.7457651 0.7700358 0.7460828 0.7699912 0.7458441 0.7700725 0.7459221 0.7703958 0.7458441 0.7700725 0.7461475 0.7702185 0.7457496 0.7701498 0.7459221 0.7703958 0.7456977 0.7712127 0.7457357 0.7700534 0.7457496 0.7701498 0.7456977 0.7712127 0.7457357 0.7700534 0.7456977 0.7712127 0.745312 0.7710557 0.7457357 0.7700534 0.745312 0.7710557 0.7449424 0.7708289 0.7457332 0.7700217 0.7457357 0.7700534 0.7449424 0.7708289 0.7457332 0.7700217 0.7449424 0.7708289 0.7447975 0.7703652 0.7447896 0.7698702 0.7457332 0.7700217 0.7447975 0.7703652 0.7457588 0.7699864 0.7451125 0.7695208 0.7453824 0.7692219 0.7457588 0.7699864 0.7453824 0.7692219 0.7457517 0.7691698 0.7457588 0.7699864 0.7457517 0.7691698 0.7461563 0.7690553 0.7461843 0.7695797 0.7457588 0.7699864 0.7461563 0.7690553 0.7458441 0.7700725 0.7460828 0.7699912 0.7461475 0.7702185 0.7459221 0.7703958 0.7461475 0.7702185 0.7466992 0.7706035 0.7459221 0.7703958 0.7466992 0.7706035 0.7464239 0.7708578 0.7459221 0.7703958 0.7464239 0.7708578 0.7461166 0.7711029 0.7456977 0.7712127 0.7459221 0.7703958 0.7461166 0.7711029 0.7460828 0.7699912 0.7464346 0.7696964 0.7465661 0.7700676 0.7461475 0.7702185 0.7460828 0.7699912 0.7465661 0.7700676 0.7461475 0.7702185 0.7465661 0.7700676 0.7466992 0.7706035 0.7461843 0.7695797 0.7461563 0.7690553 0.7465701 0.7691563 0.7464346 0.7696964 0.7461843 0.7695797 0.7465701 0.7691563 0.7464346 0.7696964 0.7465701 0.7691563 0.7469961 0.7693752 0.7465661 0.7700676 0.7464346 0.7696964 0.7469961 0.7693752 0.7465661 0.7700676 0.7469961 0.7693752 0.7471871 0.7698209 0.7465661 0.7700676 0.7471871 0.7698209 0.7474593 0.7704315 0.7466992 0.7706035 0.7465661 0.7700676 0.7474593 0.7704315 0.7461166 0.7711029 0.7464239 0.7708578 0.7472855 0.7801188 0.7456977 0.7712127 0.7461166 0.7711029 0.7472855 0.7801188 0.7456977 0.7712127 0.7472855 0.7801188 0.7442627 0.7802814 0.745312 0.7710557 0.7456977 0.7712127 0.7442627 0.7802814 0.745312 0.7710557 0.7442627 0.7802814 0.7411724 0.7795399 0.7449424 0.7708289 0.745312 0.7710557 0.7411724 0.7795399 0.7451125 0.7695208 0.7447896 0.7698702 0.7392124 0.7666098 0.7453824 0.7692219 0.7451125 0.7695208 0.7392124 0.7666098 0.7457517 0.7691698 0.7453824 0.7692219 0.7419622 0.7610314 0.7461563 0.7690553 0.7457517 0.7691698 0.7419622 0.7610314 0.7461563 0.7690553 0.7419622 0.7610314 0.7485496 0.7597236 0.7465701 0.7691563 0.7461563 0.7690553 0.7485496 0.7597236 0.7464239 0.7708578 0.7466992 0.7706035 0.7519544 0.7790052 0.7472855 0.7801188 0.7464239 0.7708578 0.7519544 0.7790052 0.7449424 0.7708289 0.7411724 0.7795399 0.7314437 0.7845556 0.7447975 0.7703652 0.7449424 0.7708289 0.7314437 0.7845556 0.7447975 0.7703652 0.7314437 0.7845556 0.7278363 0.7783725 0.7447896 0.7698702 0.7447975 0.7703652 0.7278363 0.7783725 0.7447896 0.7698702 0.7278363 0.7783725 0.7276703 0.770414 0.7392124 0.7666098 0.7447896 0.7698702 0.7276703 0.770414 0.7453824 0.7692219 0.7392124 0.7666098 0.7419622 0.7610314 0.7465701 0.7691563 0.7485496 0.7597236 0.7590157 0.7540988 0.7469961 0.7693752 0.7465701 0.7691563 0.7590157 0.7540988 0.7469961 0.7693752 0.7590157 0.7540988 0.7638794 0.7621815 0.7471871 0.7698209 0.7469961 0.7693752 0.7638794 0.7621815 0.7471871 0.7698209 0.7638794 0.7621815 0.7656584 0.7710837 0.7474593 0.7704315 0.7471871 0.7698209 0.7656584 0.7710837 0.7466992 0.7706035 0.7474593 0.7704315 0.7519544 0.7790052 0.7474593 0.7704315 0.7656584 0.7710837 0.7647053 0.7796069 0.7519544 0.7790052 0.7474593 0.7704315 0.7647053 0.7796069 0.7392124 0.7666098 0.7276703 0.770414 0.718753 0.7568441 0.7419622 0.7610314 0.7392124 0.7666098 0.718753 0.7568441 0.7419622 0.7610314 0.718753 0.7568441 0.7289926 0.7489931 0.7419622 0.7610314 0.7289926 0.7489931 0.7407636 0.7472757 0.7485496 0.7597236 0.7419622 0.7610314 0.7407636 0.7472757 0.7485496 0.7597236 0.7407636 0.7472757 0.7514972 0.7459491 0.7590157 0.7540988 0.7485496 0.7597236 0.7514972 0.7459491 0.7519544 0.7790052 0.7751769 0.8008147 0.7616441 0.8048765 0.7472855 0.7801188 0.7519544 0.7790052 0.7616441 0.8048765 0.7472855 0.7801188 0.7616441 0.8048765 0.7500814 0.804793 0.7442627 0.7802814 0.7472855 0.7801188 0.7500814 0.804793 0.7442627 0.7802814 0.7500814 0.804793 0.7366182 0.7969531 0.7411724 0.7795399 0.7442627 0.7802814 0.7366182 0.7969531 0.7314437 0.7845556 0.7411724 0.7795399 0.7366182 0.7969531 0.7519544 0.7790052 0.7647053 0.7796069 0.7751769 0.8008147 0.7366182 0.7969531 0.7500814 0.804793 0.7293009 0.9359966 0.7278363 0.7783725 0.7314437 0.7845556 0.6223214 0.769137 0.7276703 0.770414 0.7278363 0.7783725 0.6223214 0.769137 0.718753 0.7568441 0.7276703 0.770414 0.6223214 0.769137 0.7407636 0.7472757 0.7289926 0.7489931 0.7056168 0.6398648 0.7514972 0.7459491 0.7407636 0.7472757 0.7056168 0.6398648 0.7656584 0.7710837 0.7638794 0.7621815 0.8133523 0.7786098 0.7647053 0.7796069 0.7656584 0.7710837 0.8133523 0.7786098 0.7751769 0.8008147 0.7647053 0.7796069 0.8133523 0.7786098 0.7616441 0.8048765 0.7751769 0.8008147 0.9152734 0.9278268 0.7616441 0.8048765 0.9152734 0.9278268 0.7293009 0.9359966 0.7500814 0.804793 0.7616441 0.8048765 0.7293009 0.9359966 0.7366182 0.7969531 0.7293009 0.9359966 0.6394678 0.860644 0.7314437 0.7845556 0.7366182 0.7969531 0.6394678 0.860644 0.6223214 0.769137 0.7314437 0.7845556 0.6394678 0.860644 0.718753 0.7568441 0.6223214 0.769137 0.6559762 0.6859558 0.7289926 0.7489931 0.718753 0.7568441 0.6559762 0.6859558 0.7056168 0.6398648 0.7289926 0.7489931 0.6559762 0.6859558 0.7514972 0.7459491 0.7056168 0.6398648 0.7896831 0.6147122 0.7590157 0.7540988 0.7514972 0.7459491 0.7896831 0.6147122 0.7638794 0.7621815 0.7590157 0.7540988 0.7896831 0.6147122 0.7638794 0.7621815 0.7896831 0.6147122 0.9289368 0.6433277 0.8133523 0.7786098 0.7638794 0.7621815 0.9289368 0.6433277 0.8133523 0.7786098 0.9289368 0.6433277 0.9152734 0.9278268 0.7751769 0.8008147 0.8133523 0.7786098 0.9152734 0.9278268 0.03283601 0.9764195 0.08714264 0.9401589 0.0788089 0.9801638 0.0788089 0.9801638 0.08714264 0.9401589 0.0873478 0.9471407 0.0788089 0.9801638 0.0873478 0.9471407 0.1102845 0.9609326 0.1102845 0.9609326 0.0873478 0.9471407 0.08787322 0.9346703 0.1102845 0.9609326 0.08787322 0.9346703 0.1255933 0.9272385 0.1255933 0.9272385 0.08787322 0.9346703 0.08805984 0.9111793 0.1255933 0.9272385 0.08805984 0.9111793 0.1247547 0.8891162 0.1247547 0.8891162 0.08805984 0.9111793 0.08745634 0.8869504 0.1247547 0.8891162 0.08745634 0.8869504 0.10798 0.8561506 0.10798 0.8561506 0.08745634 0.8869504 0.08663052 0.8724651 0.10798 0.8561506 0.08663052 0.8724651 0.07532626 0.8384938 0.07532626 0.8384938 0.08663052 0.8724651 0.08650034 0.8771017 0.07532626 0.8384938 0.08650034 0.8771017 0.02819436 0.8447466 0.02819436 0.8447466 0.08650034 0.8771017 0.08699983 0.9075529 0.02819436 0.8447466 0.08699983 0.9075529 0.03283601 0.9764195 0.03283601 0.9764195 0.08699983 0.9075529 0.08714264 0.9401589 0.9084132 0.100295 0.9149572 0.09256601 0.9181857 0.1081615 0.9084132 0.100295 0.9181857 0.1081615 0.9199368 0.1288369 0.9084132 0.100295 0.9199368 0.1288369 0.9107796 0.1370511 0.9107796 0.1370511 0.9199368 0.1288369 0.9174291 0.1450501 0.9107796 0.1370511 0.9174291 0.1450501 0.9145838 0.153792 0.9107796 0.1370511 0.9145838 0.153792 0.912095 0.1551102 0.912095 0.1551102 0.9145838 0.153792 0.913088 0.1562324 0.912095 0.1551102 0.913088 0.1562324 0.9128051 0.1534292 0.912095 0.1551102 0.9128051 0.1534292 0.9163891 0.1508684 0.9198455 0.1320225 0.913698 0.137255 0.9140279 0.1259784 0.9163891 0.1508684 0.9128051 0.1534292 0.913186 0.1467562 0.9163891 0.1508684 0.913186 0.1467562 0.913698 0.137255 0.9163891 0.1508684 0.913698 0.137255 0.9198455 0.1320225 0.3083472 0.1010183 0.2748053 0.137283 0.3130124 0.1238017 0.3130124 0.1238017 0.2748053 0.137283 0.2979164 0.1429826 0.2683131 0.1122542 0.2748053 0.137283 0.2853944 0.09396868 0.2853944 0.09396868 0.2748053 0.137283 0.3083472 0.1010183 0.8646761 0.6703959 0.8696914 0.6931082 0.8744558 0.6913089 0.7927187 0.8469185 0.7830564 0.8682473 0.8078207 0.8595107 0.7948886 0.5677725 0.8084034 0.5540764 0.7846676 0.5464232 0.2748053 0.137283 0.3083472 0.1010183 0.3130124 0.1238017 0.2748053 0.137283 0.3130124 0.1238017 0.2979164 0.1429826 0.2748053 0.137283 0.2683131 0.1122542 0.2853944 0.09396868 0.2748053 0.137283 0.2853944 0.09396868 0.3083472 0.1010183 0.8696914 0.6931082 0.8646761 0.6703959 0.8744558 0.6913089 0.7830564 0.8682473 0.7927187 0.8469185 0.8078207 0.8595107 0.8084034 0.5540764 0.7948886 0.5677725 0.7846676 0.5464232 0.762251 0.4102016 0.7492515 0.4558522 0.75473 0.4557769 0.7503963 0.4590077 0.75473 0.4557769 0.7492515 0.4558522 0.762251 0.4102016 0.8026894 0.3896099 0.7699506 0.3764077 0.2581699 0.5324077 0.2920033 0.5248842 0.2789717 0.4920772 0.2093031 0.5440078 0.2124525 0.5451688 0.2125566 0.5396911 0.2581699 0.5324077 0.2125566 0.5396911 0.2124525 0.5451688 0.09891891 0.9455658 0.09037899 0.9217248 0.08376443 0.9496536 0.09891891 0.9455658 0.1055426 0.9185508 0.09037899 0.9217248 0.1139384 0.9432179 0.1055426 0.9185508 0.09891891 0.9455658 0.1139384 0.9432179 0.1208159 0.9170624 0.1055426 0.9185508 0.1250966 0.942472 0.1208159 0.9170624 0.1139384 0.9432179 0.136049 0.9426866 0.1320855 0.9169176 0.1208159 0.9170624 0.136049 0.9426866 0.1208159 0.9170624 0.1250966 0.942472 0.136049 0.9426866 0.1437917 0.9177927 0.1320855 0.9169176 0.1504428 0.9442004 0.1437917 0.9177927 0.136049 0.9426866 0.1504428 0.9442004 0.1587821 0.9203571 0.1437917 0.9177927 0.1648343 0.9472073 0.1587821 0.9203571 0.1504428 0.9442004 0.1648343 0.9472073 0.1733593 0.9246055 0.1587821 0.9203571 0.1798388 0.9515321 0.1733593 0.9246055 0.1648343 0.9472073 0.1798388 0.9515321 0.1877515 0.9297052 0.1733593 0.9246055 0.1947718 0.9556633 0.1877515 0.9297052 0.1798388 0.9515321 0.1947718 0.9556633 0.203679 0.9339392 0.1877515 0.9297052 0.2104969 0.9581671 0.203679 0.9339392 0.1947718 0.9556633 0.2104969 0.9581671 0.2164407 0.9353988 0.203679 0.9339392 0.2265154 0.9581504 0.2300638 0.9346069 0.2164407 0.9353988 0.2265154 0.9581504 0.2164407 0.9353988 0.2104969 0.9581671 0.2386659 0.9566895 0.2418766 0.9325781 0.2300638 0.9346069 0.2386659 0.9566895 0.2300638 0.9346069 0.2265154 0.9581504 0.06994736 0.9546801 0.05868631 0.9341503 0.06029129 0.9584254 0.06994736 0.9546801 0.07602155 0.9265372 0.05868631 0.9341503 0.08376443 0.9496536 0.07602155 0.9265372 0.06994736 0.9546801 0.08376443 0.9496536 0.09037899 0.9217248 0.07602155 0.9265372 0.2987735 0.09312254 0.3083472 0.1010183 0.3082817 0.09622007 0.2987735 0.09312254 0.3082817 0.09622007 0.3023337 0.09232366 0.3083472 0.1010183 0.3130682 0.1015611 0.3082817 0.09622007 0.3083472 0.1010183 0.3155324 0.1125444 0.3170995 0.1109294 0.3083472 0.1010183 0.3170995 0.1109294 0.3130682 0.1015611 0.3155324 0.1125444 0.3151823 0.1259356 0.317236 0.1254757 0.3155324 0.1125444 0.317236 0.1254757 0.3170995 0.1109294 0.3151823 0.1259356 0.3086923 0.1376067 0.3104657 0.1384751 0.3151823 0.1259356 0.3104657 0.1384751 0.317236 0.1254757 0.3086923 0.1376067 0.2979164 0.1429826 0.302224 0.144972 0.3086923 0.1376067 0.302224 0.144972 0.3104657 0.1384751 0.2979164 0.1429826 0.2954951 0.1471935 0.302224 0.144972 0.2979164 0.1429826 0.2845234 0.1446839 0.2884422 0.1474735 0.2979164 0.1429826 0.2884422 0.1474735 0.2954951 0.1471935 0.2845234 0.1446839 0.2815741 0.1457775 0.2884422 0.1474735 0.2845234 0.1446839 0.2748053 0.137283 0.2753711 0.1421854 0.2845234 0.1446839 0.2753711 0.1421854 0.2815741 0.1457775 0.2748053 0.137283 0.2702744 0.1369166 0.2753711 0.1421854 0.2748053 0.137283 0.2669702 0.1254284 0.2666509 0.1303209 0.2748053 0.137283 0.2666509 0.1303209 0.2702744 0.1369166 0.2669702 0.1254284 0.2647673 0.1228573 0.2666509 0.1303209 0.2669702 0.1254284 0.2683131 0.1122542 0.2647673 0.1150499 0.2669702 0.1254284 0.2647673 0.1150499 0.2647673 0.1228573 0.2683131 0.1122542 0.2666702 0.1075106 0.2647673 0.1150499 0.2683131 0.1122542 0.2742141 0.09903246 0.2703161 0.1008264 0.2683131 0.1122542 0.2703161 0.1008264 0.2666702 0.1075106 0.2742141 0.09903246 0.2754327 0.09545612 0.2703161 0.1008264 0.2742141 0.09903246 0.2853944 0.09396868 0.2816517 0.09175848 0.2742141 0.09903246 0.2816517 0.09175848 0.2754327 0.09545612 0.2853944 0.09396868 0.2885336 0.08996355 0.2816517 0.09175848 0.2853944 0.09396868 0.2987735 0.09312254 0.2955979 0.09016185 0.2853944 0.09396868 0.2955979 0.09016185 0.2885336 0.08996355 0.2987735 0.09312254 0.3023337 0.09232366 0.2955979 0.09016185 0.3155324 0.1125444 0.3083472 0.1010183 0.3130124 0.1238017 0.3155324 0.1125444 0.3130124 0.1238017 0.3151823 0.1259356 0.3151823 0.1259356 0.3130124 0.1238017 0.3086923 0.1376067 0.3086923 0.1376067 0.3130124 0.1238017 0.2979164 0.1429826 0.2845234 0.1446839 0.2979164 0.1429826 0.2748053 0.137283 0.2669702 0.1254284 0.2748053 0.137283 0.2683131 0.1122542 0.2742141 0.09903246 0.2683131 0.1122542 0.2853944 0.09396868 0.2987735 0.09312254 0.2853944 0.09396868 0.3083472 0.1010183 0.8757547 0.730466 0.8577128 0.7403116 0.854654 0.747318 0.8757547 0.730466 0.854654 0.747318 0.866157 0.7530484 0.7539245 0.9430717 0.7477958 0.9198435 0.6927369 0.92984 0.7539245 0.9430717 0.6927369 0.92984 0.6978685 0.9533024 0.7034515 0.9589143 0.7511278 0.9500904 0.7539245 0.9430717 0.7034515 0.9589143 0.7539245 0.9430717 0.6978685 0.9533024 0.1250779 0.4322541 0.1013091 0.4307032 0.1006316 0.4665863 0.1250779 0.4322541 0.1006316 0.4665863 0.1277542 0.469716 0.6984386 0.818447 0.702938 0.8406987 0.7265337 0.8317404 0.6984386 0.818447 0.7265337 0.8317404 0.719217 0.8112328 0.7246543 0.8932374 0.7265337 0.8317404 0.702938 0.8406987 0.7246543 0.8932374 0.702938 0.8406987 0.6987546 0.9012331 0.8453642 0.6121491 0.8084034 0.5540764 0.7948886 0.5677725 0.8453642 0.6121491 0.7948886 0.5677725 0.8288791 0.6200061 0.147211 0.5301272 0.1277542 0.469716 0.1006316 0.4665863 0.147211 0.5301272 0.1006316 0.4665863 0.1214871 0.5304751 0.8276343 0.7956119 0.7927187 0.8469185 0.8078207 0.8595107 0.8276343 0.7956119 0.8078207 0.8595107 0.8448044 0.8052551 0.8646761 0.6703959 0.8562313 0.6465245 0.8296931 0.6589486 0.8646761 0.6703959 0.8296931 0.6589486 0.8421527 0.679245 0.854654 0.747318 0.8410106 0.7696064 0.8582343 0.7786482 0.854654 0.747318 0.8582343 0.7786482 0.866157 0.7530484 0.1581184 0.5551128 0.147211 0.5301272 0.1214871 0.5304751 0.1581184 0.5551128 0.1214871 0.5304751 0.1019162 0.5578612 0.8562313 0.6465245 0.8453642 0.6121491 0.8299612 0.6235161 0.8562313 0.6465245 0.8299612 0.6235161 0.8288712 0.6564927 0.7477958 0.9198435 0.7266966 0.8964027 0.6987546 0.9012331 0.7477958 0.9198435 0.6987546 0.9012331 0.6927369 0.92984 0.8410106 0.7696064 0.8276343 0.7956119 0.8448044 0.8052551 0.8410106 0.7696064 0.8448044 0.8052551 0.8582343 0.7786482 0.7127289 0.7893615 0.690223 0.7967841 0.6984386 0.818447 0.7127289 0.7893615 0.6984386 0.818447 0.719217 0.8112328 0.848621 0.6897877 0.8578941 0.7358967 0.8739756 0.7270012 0.848621 0.6897877 0.8739756 0.7270012 0.8679977 0.6967933 0.1214871 0.5304751 0.1188749 0.5275481 0.1189361 0.5306183 0.09980273 0.5808321 0.0976758 0.5788455 0.0981971 0.5817694 0.7477958 0.9198435 0.74982 0.919005 0.7283294 0.8953396 0.7477958 0.9198435 0.7283294 0.8953396 0.7266966 0.8964027 0.1558392 0.5791265 0.1564013 0.5819149 0.1577333 0.5786473 0.7034515 0.9589143 0.7011944 0.9600494 0.7037001 0.9609983 0.6978685 0.9533024 0.6927369 0.92984 0.690308 0.929821 0.6978685 0.9533024 0.690308 0.929821 0.6962115 0.9543381 0.7477958 0.9198435 0.7539245 0.9430717 0.7554789 0.9434449 0.7477958 0.9198435 0.7554789 0.9434449 0.7507763 0.9214182 0.7539245 0.9430717 0.7511278 0.9500904 0.7533829 0.9501447 0.7539245 0.9430717 0.7533829 0.9501447 0.7554789 0.9434449 0.7511278 0.9500904 0.7034515 0.9589143 0.7062361 0.9611461 0.7511278 0.9500904 0.7062361 0.9611461 0.7493279 0.9530457 0.7034515 0.9589143 0.6978685 0.9533024 0.6962115 0.9543381 0.7034515 0.9589143 0.6962115 0.9543381 0.7011944 0.9600494 0.09980273 0.5808321 0.1019162 0.5578612 0.09959471 0.5576628 0.09980273 0.5808321 0.09959471 0.5576628 0.0976758 0.5788455 0.1581184 0.5551128 0.1558392 0.5791265 0.1577333 0.5786473 0.1581184 0.5551128 0.1577333 0.5786473 0.1601103 0.5551092 0.1558392 0.5791265 0.1442752 0.5987437 0.1564013 0.5819149 0.8288712 0.6564927 0.8296931 0.6589486 0.8562313 0.6465245 0.1104393 0.5990403 0.09980273 0.5808321 0.0981971 0.5817694 0.1104393 0.5990403 0.0981971 0.5817694 0.1082131 0.5995665 0.8683634 0.6946439 0.848621 0.6897877 0.8679977 0.6967933 0.8578941 0.7358967 0.8757547 0.730466 0.8739756 0.7270012 0.6987546 0.9012331 0.702938 0.8406987 0.70043 0.8406413 0.6987546 0.9012331 0.70043 0.8406413 0.6956359 0.9021717 0.7265337 0.8317404 0.7246543 0.8932374 0.7266958 0.8924436 0.7265337 0.8317404 0.7266958 0.8924436 0.7286078 0.831067 0.7246543 0.8932374 0.6987546 0.9012331 0.7266966 0.8964027 0.8453642 0.6121491 0.8288791 0.6200061 0.8299612 0.6235161 0.1277542 0.469716 0.147211 0.5301272 0.1493998 0.5295066 0.1277542 0.469716 0.1493998 0.5295066 0.129952 0.4698362 0.1019162 0.5578612 0.1214871 0.5304751 0.1189361 0.5306183 0.1019162 0.5578612 0.1189361 0.5306183 0.09959471 0.5576628 0.147211 0.5301272 0.1581184 0.5551128 0.1601103 0.5551092 0.147211 0.5301272 0.1601103 0.5551092 0.1493998 0.5295066 0.6927369 0.92984 0.6987546 0.9012331 0.6956359 0.9021717 0.6927369 0.92984 0.6956359 0.9021717 0.690308 0.929821 0.7266958 0.8924436 0.7246543 0.8932374 0.7266966 0.8964027 0.7266958 0.8924436 0.7266966 0.8964027 0.7283294 0.8953396 0.1006316 0.4665863 0.09823632 0.4674053 0.1188749 0.5275481 0.1006316 0.4665863 0.1188749 0.5275481 0.1214871 0.5304751 0.7477958 0.9198435 0.7507763 0.9214182 0.74982 0.919005 0.7493279 0.9530457 0.7533829 0.9501447 0.7511278 0.9500904 0.7037001 0.9609983 0.7062361 0.9611461 0.7034515 0.9589143 0.1558392 0.5791265 0.1413085 0.5983417 0.1442752 0.5987437 0.7265337 0.8317404 0.7286078 0.831067 0.7212614 0.8104166 0.7265337 0.8317404 0.7212614 0.8104166 0.719217 0.8112328 0.719217 0.8112328 0.7212614 0.8104166 0.7154524 0.7870727 0.719217 0.8112328 0.7154524 0.7870727 0.7127289 0.7893615 0.1013091 0.4307032 0.09886509 0.4312348 0.09823632 0.4674053 0.1013091 0.4307032 0.09823632 0.4674053 0.1006316 0.4665863 0.6984386 0.818447 0.6961231 0.8190363 0.70043 0.8406413 0.6984386 0.818447 0.70043 0.8406413 0.702938 0.8406987 0.1277542 0.469716 0.129952 0.4698362 0.1277398 0.4328868 0.1277542 0.469716 0.1277398 0.4328868 0.1250779 0.4322541 0.690223 0.7967841 0.6866024 0.7966791 0.6961231 0.8190363 0.690223 0.7967841 0.6961231 0.8190363 0.6984386 0.818447 0.8683634 0.6946439 0.8696914 0.6931082 0.8464975 0.6849885 0.8683634 0.6946439 0.8464975 0.6849885 0.848621 0.6897877 0.8578941 0.7358967 0.8577128 0.7403116 0.8757547 0.730466 0.558345 0.06484395 0.546275 0.076429 0.5565451 0.07272779 0.5515166 0.06809878 0.546275 0.076429 0.558345 0.06484395 0.4703526 0.1239703 0.4793604 0.1295709 0.4816285 0.1243005 0.4703526 0.1239703 0.4816285 0.1243005 0.4746474 0.1211501 0.4678273 0.1332278 0.4793604 0.1295709 0.4703526 0.1239703 0.546275 0.076429 0.5533942 0.08066582 0.5565451 0.07272779 0.4678273 0.1332278 0.4819828 0.1389192 0.4793604 0.1295709 0.4748628 0.1393735 0.4819828 0.1389192 0.4678273 0.1332278 0.546275 0.076429 0.5426318 0.08831733 0.5533942 0.08066582 0.546275 0.076429 0.5438072 0.08211076 0.5426318 0.08831733 0.4793604 0.1295709 0.4903478 0.1341982 0.4920533 0.1300904 0.4793604 0.1295709 0.4920533 0.1300904 0.4816285 0.1243005 0.4793604 0.1295709 0.4892728 0.1409937 0.4903478 0.1341982 0.4819828 0.1389192 0.4892728 0.1409937 0.4793604 0.1295709 0.4748628 0.1393735 0.4857064 0.1485341 0.4819828 0.1389192 0.5426318 0.08831733 0.5497512 0.09091764 0.5533942 0.08066582 0.4857064 0.1485341 0.4892728 0.1409937 0.4819828 0.1389192 0.5426318 0.08831733 0.5422694 0.09817981 0.5497512 0.09091764 0.4903478 0.1341982 0.4975764 0.1428592 0.502555 0.1373543 0.4903478 0.1341982 0.502555 0.1373543 0.4920533 0.1300904 0.4892728 0.1409937 0.4975764 0.1428592 0.4903478 0.1341982 0.4892728 0.1409937 0.4979149 0.1512368 0.4975764 0.1428592 0.4857064 0.1485341 0.4970765 0.1567239 0.4979149 0.1512368 0.4857064 0.1485341 0.4979149 0.1512368 0.4892728 0.1409937 0.5422694 0.09817981 0.5486435 0.1012535 0.5497512 0.09091764 0.4975764 0.1428592 0.5047298 0.1481711 0.502555 0.1373543 0.4979149 0.1512368 0.5047298 0.1481711 0.4975764 0.1428592 0.5422694 0.09817981 0.5451604 0.1091794 0.5486435 0.1012535 0.5047298 0.1481711 0.5114566 0.1445494 0.502555 0.1373543 0.4979149 0.1512368 0.5069785 0.1619294 0.5047298 0.1481711 0.4970765 0.1567239 0.5069785 0.1619294 0.4979149 0.1512368 0.5451604 0.1091794 0.5552392 0.1103979 0.5486435 0.1012535 0.5047298 0.1481711 0.5132222 0.1539135 0.5114566 0.1445494 0.5069785 0.1619294 0.5132222 0.1539135 0.5047298 0.1481711 0.5451604 0.1091794 0.5486431 0.1156721 0.5552392 0.1103979 0.5132222 0.1539135 0.5170086 0.1494388 0.5114566 0.1445494 0.5069785 0.1619294 0.5129243 0.1642186 0.5132222 0.1539135 0.6145539 0.162117 0.6115481 0.174149 0.6176968 0.1708208 0.6155055 0.1559756 0.6027747 0.1575258 0.6145539 0.162117 0.5991005 0.07170456 0.6069272 0.07415777 0.6045742 0.06803643 0.6145539 0.162117 0.6052282 0.1646491 0.6115481 0.174149 0.6027747 0.1575258 0.6052282 0.1646491 0.6145539 0.162117 0.5991005 0.07170456 0.601989 0.08048719 0.6069272 0.07415777 0.6115481 0.174149 0.6001423 0.1732859 0.6004514 0.1781973 0.6052282 0.1646491 0.6001423 0.1732859 0.6115481 0.174149 0.601989 0.08048719 0.6087577 0.08487564 0.6069272 0.07415777 0.6052282 0.1646491 0.5967083 0.1663084 0.6001423 0.1732859 0.6027747 0.1575258 0.5967083 0.1663084 0.6052282 0.1646491 0.601989 0.08048719 0.6002193 0.09015309 0.6087577 0.08487564 0.6001423 0.1732859 0.5842813 0.1753376 0.5871099 0.1801707 0.6001423 0.1732859 0.5871099 0.1801707 0.6004514 0.1781973 0.5967083 0.1663084 0.5900095 0.1672404 0.5842813 0.1753376 0.5967083 0.1663084 0.5842813 0.1753376 0.6001423 0.1732859 0.6027747 0.1575258 0.585775 0.1598942 0.5900095 0.1672404 0.6027747 0.1575258 0.5900095 0.1672404 0.5967083 0.1663084 0.6002193 0.09015309 0.6082579 0.09437525 0.6087577 0.08487564 0.5900095 0.1672404 0.5833818 0.1679229 0.5842813 0.1753376 0.585775 0.1598942 0.5833818 0.1679229 0.5900095 0.1672404 0.6002193 0.09015309 0.5966357 0.1000115 0.6063548 0.100758 0.6002193 0.09015309 0.6063548 0.100758 0.6082579 0.09437525 0.5842813 0.1753376 0.5729961 0.1780001 0.5871099 0.1801707 0.5833818 0.1679229 0.5751543 0.1685256 0.5842813 0.1753376 0.585775 0.1598942 0.5679945 0.1630634 0.5751543 0.1685256 0.585775 0.1598942 0.5751543 0.1685256 0.5833818 0.1679229 0.5751543 0.1685256 0.5729961 0.1780001 0.5842813 0.1753376 0.6063548 0.100758 0.5967566 0.1099312 0.6037704 0.1081211 0.5966357 0.1000115 0.5967566 0.1099312 0.6063548 0.100758 0.5751543 0.1685256 0.565548 0.1686167 0.5729961 0.1780001 0.5679945 0.1630634 0.565548 0.1686167 0.5751543 0.1685256 0.5967566 0.1099312 0.600116 0.1146081 0.6037704 0.1081211 0.5991005 0.07170456 0.5937815 0.07950776 0.601989 0.08048719 0.5897431 0.06873017 0.5937815 0.07950776 0.5991005 0.07170456 0.5897431 0.06873017 0.5857262 0.07830101 0.5937815 0.07950776 0.5773733 0.06932884 0.5760958 0.07789903 0.5857262 0.07830101 0.5773733 0.06932884 0.5857262 0.07830101 0.5897431 0.06873017 0.56607 0.07020294 0.5633117 0.078803 0.5760958 0.07789903 0.56607 0.07020294 0.5760958 0.07789903 0.5773733 0.06932884 0.5565451 0.07272779 0.5533942 0.08066582 0.5633117 0.078803 0.5565451 0.07272779 0.5633117 0.078803 0.56607 0.07020294 0.5937815 0.07950776 0.5896623 0.08903032 0.6002193 0.09015309 0.5937815 0.07950776 0.6002193 0.09015309 0.601989 0.08048719 0.5857262 0.07830101 0.5896623 0.08903032 0.5937815 0.07950776 0.5760958 0.07789903 0.5762095 0.08865219 0.5896623 0.08903032 0.5760958 0.07789903 0.5896623 0.08903032 0.5857262 0.07830101 0.5633117 0.078803 0.5590248 0.08978939 0.5762095 0.08865219 0.5633117 0.078803 0.5762095 0.08865219 0.5760958 0.07789903 0.5533942 0.08066582 0.5497512 0.09091764 0.5590248 0.08978939 0.5533942 0.08066582 0.5590248 0.08978939 0.5633117 0.078803 0.5590248 0.08978939 0.5675389 0.09576952 0.5762095 0.08865219 0.5896623 0.08903032 0.5866101 0.1008651 0.5966357 0.1000115 0.5896623 0.08903032 0.5966357 0.1000115 0.6002193 0.09015309 0.5762095 0.08865219 0.5741472 0.1038116 0.5866101 0.1008651 0.5762095 0.08865219 0.5866101 0.1008651 0.5896623 0.08903032 0.5675389 0.09576952 0.5741472 0.1038116 0.5762095 0.08865219 0.5590248 0.08978939 0.5564495 0.1009724 0.5675389 0.09576952 0.5497512 0.09091764 0.5486435 0.1012535 0.5564495 0.1009724 0.5497512 0.09091764 0.5564495 0.1009724 0.5590248 0.08978939 0.5675389 0.09576952 0.5629569 0.1069534 0.5741472 0.1038116 0.5564495 0.1009724 0.5629569 0.1069534 0.5675389 0.09576952 0.5966357 0.1000115 0.5896039 0.1092761 0.5967566 0.1099312 0.5866101 0.1008651 0.5896039 0.1092761 0.5966357 0.1000115 0.5866101 0.1008651 0.5793433 0.1106291 0.5896039 0.1092761 0.5741472 0.1038116 0.5793433 0.1106291 0.5866101 0.1008651 0.5564495 0.1009724 0.5552392 0.1103979 0.5629569 0.1069534 0.5486435 0.1012535 0.5552392 0.1103979 0.5564495 0.1009724 0.5741472 0.1038116 0.5677519 0.1145972 0.5793433 0.1106291 0.5629569 0.1069534 0.5677519 0.1145972 0.5741472 0.1038116 0.5629569 0.1069534 0.5552392 0.1103979 0.5677519 0.1145972 0.5132222 0.1539135 0.5216242 0.1574256 0.5235273 0.150798 0.5132222 0.1539135 0.5235273 0.150798 0.5170086 0.1494388 0.5129243 0.1642186 0.5216242 0.1574256 0.5132222 0.1539135 0.5486431 0.1156721 0.5603855 0.1195486 0.5552392 0.1103979 0.5129243 0.1642186 0.5255607 0.1663141 0.5216242 0.1574256 0.5197128 0.1684587 0.5255607 0.1663141 0.5129243 0.1642186 0.5603855 0.1195486 0.5677519 0.1145972 0.5552392 0.1103979 0.5216242 0.1574256 0.5340169 0.1584051 0.5348606 0.1534562 0.5216242 0.1574256 0.5348606 0.1534562 0.5235273 0.150798 0.5216242 0.1574256 0.5337554 0.1657209 0.5340169 0.1584051 0.5255607 0.1663141 0.5337554 0.1657209 0.5216242 0.1574256 0.5197128 0.1684587 0.5320374 0.1738804 0.5255607 0.1663141 0.5603855 0.1195486 0.573823 0.1208186 0.5677519 0.1145972 0.5320374 0.1738804 0.5337554 0.1657209 0.5255607 0.1663141 0.5677519 0.1145972 0.573823 0.1208186 0.5793433 0.1106291 0.5340169 0.1584051 0.5442428 0.1642019 0.5536004 0.1585413 0.5340169 0.1584051 0.5536004 0.1585413 0.5348606 0.1534562 0.5337554 0.1657209 0.5442428 0.1642019 0.5340169 0.1584051 0.5337554 0.1657209 0.5466735 0.172512 0.5442428 0.1642019 0.5320374 0.1738804 0.546849 0.1775164 0.5466735 0.172512 0.5320374 0.1738804 0.5466735 0.172512 0.5337554 0.1657209 0.573823 0.1208186 0.5877884 0.1185054 0.5793433 0.1106291 0.5442428 0.1642019 0.5543667 0.1665176 0.5536004 0.1585413 0.5466735 0.172512 0.5543667 0.1665176 0.5442428 0.1642019 0.5877884 0.1185054 0.5896039 0.1092761 0.5793433 0.1106291 0.5466735 0.172512 0.5597209 0.1743427 0.5543667 0.1665176 0.546849 0.1775164 0.5670567 0.178497 0.5597209 0.1743427 0.546849 0.1775164 0.5597209 0.1743427 0.5466735 0.172512 0.5877884 0.1185054 0.5967566 0.1099312 0.5896039 0.1092761 0.5543667 0.1665176 0.565548 0.1686167 0.5536004 0.1585413 0.5597209 0.1743427 0.565548 0.1686167 0.5543667 0.1665176 0.5877884 0.1185054 0.600116 0.1146081 0.5967566 0.1099312 0.565548 0.1686167 0.5679945 0.1630634 0.5536004 0.1585413 0.5597209 0.1743427 0.5729961 0.1780001 0.565548 0.1686167 0.5670567 0.178497 0.5729961 0.1780001 0.5597209 0.1743427 0.6045742 0.06803643 0.5975772 0.06442928 0.5991005 0.07170456 0.6145539 0.162117 0.6224361 0.1579846 0.6155055 0.1559756 0.6176968 0.1708208 0.6224361 0.1579846 0.6145539 0.162117 0.5975772 0.06442928 0.5897431 0.06873017 0.5991005 0.07170456 0.6176968 0.1708208 0.6285259 0.1620208 0.6224361 0.1579846 0.624373 0.1688303 0.6285259 0.1620208 0.6176968 0.1708208 0.5975772 0.06442928 0.585696 0.06119239 0.5897431 0.06873017 0.6224361 0.1579846 0.6324466 0.1493797 0.6311997 0.1451074 0.6224361 0.1579846 0.6311997 0.1451074 0.6155055 0.1559756 0.6224361 0.1579846 0.6348201 0.1551426 0.6324466 0.1493797 0.6285259 0.1620208 0.6348201 0.1551426 0.6224361 0.1579846 0.624373 0.1688303 0.635999 0.1638889 0.6285259 0.1620208 0.5897431 0.06873017 0.5758061 0.06146317 0.5773733 0.06932884 0.585696 0.06119239 0.5758061 0.06146317 0.5897431 0.06873017 0.635999 0.1638889 0.6348201 0.1551426 0.6285259 0.1620208 0.6324466 0.1493797 0.6433803 0.1465624 0.6410006 0.1391906 0.6324466 0.1493797 0.6410006 0.1391906 0.6311997 0.1451074 0.6348201 0.1551426 0.6433803 0.1465624 0.6324466 0.1493797 0.6348201 0.1551426 0.6460013 0.15884 0.6433803 0.1465624 0.635999 0.1638889 0.6460013 0.15884 0.6348201 0.1551426 0.5758061 0.06146317 0.5676562 0.06203663 0.56607 0.07020294 0.5758061 0.06146317 0.56607 0.07020294 0.5773733 0.06932884 0.4545249 0.1065264 0.4595886 0.1172253 0.4658712 0.1141244 0.4467729 0.1149697 0.4595886 0.1172253 0.4545249 0.1065264 0.4467729 0.1149697 0.458576 0.1238253 0.4595886 0.1172253 0.4415138 0.1222761 0.4568842 0.1284262 0.458576 0.1238253 0.4415138 0.1222761 0.458576 0.1238253 0.4467729 0.1149697 0.5676562 0.06203663 0.558345 0.06484395 0.5565451 0.07272779 0.5676562 0.06203663 0.5565451 0.07272779 0.56607 0.07020294 0.4595886 0.1172253 0.4703526 0.1239703 0.4658712 0.1141244 0.458576 0.1238253 0.4703526 0.1239703 0.4595886 0.1172253 0.4703526 0.1239703 0.4746474 0.1211501 0.4658712 0.1141244 0.458576 0.1238253 0.4678273 0.1332278 0.4703526 0.1239703 0.4568842 0.1284262 0.4678273 0.1332278 0.458576 0.1238253 0.8421527 0.679245 0.8464975 0.6849885 0.8696914 0.6931082 0.8421527 0.679245 0.8696914 0.6931082 0.8646761 0.6703959 0.7925922 0.8954638 0.8078207 0.8595107 0.7830564 0.8682473 0.7925922 0.8954638 0.7830564 0.8682473 0.78924 0.8928245 0.79309 0.5184656 0.7898903 0.5213058 0.7846676 0.5464232 0.79309 0.5184656 0.7846676 0.5464232 0.8084034 0.5540764 0.1019162 0.5578612 0.09980273 0.5808321 0.1558392 0.5791265 0.1019162 0.5578612 0.1558392 0.5791265 0.1581184 0.5551128 0.09980273 0.5808321 0.1104393 0.5990403 0.1413085 0.5983417 0.09980273 0.5808321 0.1413085 0.5983417 0.1558392 0.5791265 0.09037899 0.9217248 0.09891891 0.9455658 0.08376443 0.9496536 0.09037899 0.9217248 0.1055426 0.9185508 0.09891891 0.9455658 0.1055426 0.9185508 0.1139384 0.9432179 0.09891891 0.9455658 0.1055426 0.9185508 0.1208159 0.9170624 0.1139384 0.9432179 0.1208159 0.9170624 0.1250966 0.942472 0.1139384 0.9432179 0.1208159 0.9170624 0.1320855 0.9169176 0.136049 0.9426866 0.1208159 0.9170624 0.136049 0.9426866 0.1250966 0.942472 0.1320855 0.9169176 0.1437917 0.9177927 0.136049 0.9426866 0.1437917 0.9177927 0.1504428 0.9442004 0.136049 0.9426866 0.1437917 0.9177927 0.1587821 0.9203571 0.1504428 0.9442004 0.1587821 0.9203571 0.1648343 0.9472073 0.1504428 0.9442004 0.1587821 0.9203571 0.1733593 0.9246055 0.1648343 0.9472073 0.1733593 0.9246055 0.1798388 0.9515321 0.1648343 0.9472073 0.1733593 0.9246055 0.1877515 0.9297052 0.1798388 0.9515321 0.1877515 0.9297052 0.1947718 0.9556633 0.1798388 0.9515321 0.1877515 0.9297052 0.203679 0.9339392 0.1947718 0.9556633 0.203679 0.9339392 0.2104969 0.9581671 0.1947718 0.9556633 0.203679 0.9339392 0.2164407 0.9353988 0.2104969 0.9581671 0.2164407 0.9353988 0.2300638 0.9346069 0.2265154 0.9581504 0.2164407 0.9353988 0.2265154 0.9581504 0.2104969 0.9581671 0.2300638 0.9346069 0.2418766 0.9325781 0.2386659 0.9566895 0.2300638 0.9346069 0.2386659 0.9566895 0.2265154 0.9581504 0.05868631 0.9341503 0.06994736 0.9546801 0.06029129 0.9584254 0.05868631 0.9341503 0.07602155 0.9265372 0.06994736 0.9546801 0.07602155 0.9265372 0.08376443 0.9496536 0.06994736 0.9546801 0.07602155 0.9265372 0.09037899 0.9217248 0.08376443 0.9496536 0.3082817 0.09622007 0.3083472 0.1010183 0.2987735 0.09312254 0.3082817 0.09622007 0.2987735 0.09312254 0.3023337 0.09232366 0.3130682 0.1015611 0.3083472 0.1010183 0.3082817 0.09622007 0.3170995 0.1109294 0.3155324 0.1125444 0.3083472 0.1010183 0.3170995 0.1109294 0.3083472 0.1010183 0.3130682 0.1015611 0.317236 0.1254756 0.3151823 0.1259356 0.3155324 0.1125444 0.317236 0.1254756 0.3155324 0.1125444 0.3170995 0.1109294 0.3104657 0.1384751 0.3086923 0.1376067 0.3151823 0.1259356 0.3104657 0.1384751 0.3151823 0.1259356 0.317236 0.1254756 0.302224 0.144972 0.2979164 0.1429826 0.3086923 0.1376067 0.302224 0.144972 0.3086923 0.1376067 0.3104657 0.1384751 0.2954951 0.1471935 0.2979164 0.1429826 0.302224 0.144972 0.2884422 0.1474735 0.2845234 0.1446839 0.2979164 0.1429826 0.2884422 0.1474735 0.2979164 0.1429826 0.2954951 0.1471935 0.2815741 0.1457775 0.2845234 0.1446839 0.2884422 0.1474735 0.2753711 0.1421854 0.2748053 0.137283 0.2845234 0.1446839 0.2753711 0.1421854 0.2845234 0.1446839 0.2815741 0.1457775 0.2702744 0.1369166 0.2748053 0.137283 0.2753711 0.1421854 0.2666509 0.1303209 0.2669702 0.1254284 0.2748053 0.137283 0.2666509 0.1303209 0.2748053 0.137283 0.2702744 0.1369166 0.2647673 0.1228573 0.2669702 0.1254284 0.2666509 0.1303209 0.2647673 0.1150499 0.2683131 0.1122542 0.2669702 0.1254284 0.2647673 0.1150499 0.2669702 0.1254284 0.2647673 0.1228573 0.2666702 0.1075106 0.2683131 0.1122542 0.2647673 0.1150499 0.2703161 0.1008264 0.2742141 0.09903246 0.2683131 0.1122542 0.2703161 0.1008264 0.2683131 0.1122542 0.2666702 0.1075106 0.2754327 0.09545612 0.2742141 0.09903246 0.2703161 0.1008264 0.2816517 0.09175848 0.2853944 0.09396868 0.2742141 0.09903246 0.2816517 0.09175848 0.2742141 0.09903246 0.2754327 0.09545612 0.2885336 0.08996355 0.2853944 0.09396868 0.2816517 0.09175848 0.2955979 0.09016185 0.2987735 0.09312254 0.2853944 0.09396868 0.2955979 0.09016185 0.2853944 0.09396868 0.2885336 0.08996355 0.3023337 0.09232366 0.2987735 0.09312254 0.2955979 0.09016185 0.3130124 0.1238017 0.3083472 0.1010183 0.3155324 0.1125444 0.3130124 0.1238017 0.3155324 0.1125444 0.3151823 0.1259356 0.3130124 0.1238017 0.3151823 0.1259356 0.3086923 0.1376067 0.2979164 0.1429826 0.3130124 0.1238017 0.3086923 0.1376067 0.2748053 0.137283 0.2979164 0.1429826 0.2845234 0.1446839 0.2683131 0.1122542 0.2748053 0.137283 0.2669702 0.1254284 0.2853944 0.09396868 0.2683131 0.1122542 0.2742141 0.09903246 0.3083472 0.1010183 0.2853944 0.09396868 0.2987735 0.09312254 0.854654 0.747318 0.8577128 0.7403116 0.8757547 0.730466 0.854654 0.747318 0.8757547 0.730466 0.866157 0.7530484 0.6927369 0.9298401 0.7477958 0.9198434 0.7539246 0.9430717 0.6927369 0.9298401 0.7539246 0.9430717 0.6978684 0.9533023 0.7539246 0.9430717 0.7511278 0.9500904 0.7034515 0.9589143 0.7539246 0.9430717 0.7034515 0.9589143 0.6978684 0.9533023 0.1006316 0.4665863 0.1013091 0.4307032 0.1250779 0.4322541 0.1006316 0.4665863 0.1250779 0.4322541 0.1277542 0.469716 0.7265337 0.8317403 0.7029379 0.8406988 0.6984387 0.818447 0.7265337 0.8317403 0.6984387 0.818447 0.719217 0.8112328 0.7029379 0.8406988 0.7265337 0.8317403 0.7246543 0.8932373 0.7029379 0.8406988 0.7246543 0.8932373 0.6987545 0.9012331 0.7948886 0.5677725 0.8084034 0.5540764 0.8453642 0.6121491 0.7948886 0.5677725 0.8453642 0.6121491 0.8288791 0.6200061 0.1006316 0.4665863 0.1277542 0.469716 0.147211 0.5301272 0.1006316 0.4665863 0.147211 0.5301272 0.1214871 0.5304751 0.8078207 0.8595107 0.7927187 0.8469185 0.8276343 0.795612 0.8078207 0.8595107 0.8276343 0.795612 0.8448044 0.8052551 0.8296931 0.6589486 0.8562312 0.6465246 0.8646761 0.6703959 0.8296931 0.6589486 0.8646761 0.6703959 0.8421527 0.679245 0.8582343 0.7786482 0.8410106 0.7696064 0.854654 0.747318 0.8582343 0.7786482 0.854654 0.747318 0.866157 0.7530484 0.1214871 0.5304751 0.147211 0.5301272 0.1581184 0.5551129 0.1214871 0.5304751 0.1581184 0.5551129 0.1019162 0.5578613 0.8299612 0.6235161 0.8453642 0.6121491 0.8562312 0.6465246 0.8299612 0.6235161 0.8562312 0.6465246 0.8288712 0.6564927 0.6987545 0.9012331 0.7266966 0.8964027 0.7477958 0.9198434 0.6987545 0.9012331 0.7477958 0.9198434 0.6927369 0.9298401 0.8448044 0.8052551 0.8276343 0.795612 0.8410106 0.7696064 0.8448044 0.8052551 0.8410106 0.7696064 0.8582343 0.7786482 0.6984387 0.818447 0.690223 0.7967841 0.7127289 0.7893615 0.6984387 0.818447 0.7127289 0.7893615 0.719217 0.8112328 0.8739756 0.7270012 0.8578941 0.7358967 0.848621 0.6897877 0.8739756 0.7270012 0.848621 0.6897877 0.8679977 0.6967933 0.1189361 0.5306183 0.1188749 0.5275481 0.1214871 0.5304751 0.0981971 0.5817694 0.0976758 0.5788455 0.09980273 0.5808321 0.7283294 0.8953396 0.74982 0.919005 0.7477958 0.9198434 0.7283294 0.8953396 0.7477958 0.9198434 0.7266966 0.8964027 0.1577333 0.5786473 0.1564013 0.5819149 0.1558392 0.5791265 0.7037001 0.9609983 0.7011944 0.9600494 0.7034515 0.9589143 0.6903081 0.929821 0.6927369 0.9298401 0.6978684 0.9533023 0.6903081 0.929821 0.6978684 0.9533023 0.6962116 0.9543382 0.7554789 0.9434449 0.7539246 0.9430717 0.7477958 0.9198434 0.7554789 0.9434449 0.7477958 0.9198434 0.7507763 0.9214182 0.7533829 0.9501447 0.7511278 0.9500904 0.7539246 0.9430717 0.7533829 0.9501447 0.7539246 0.9430717 0.7554789 0.9434449 0.7062361 0.9611461 0.7034515 0.9589143 0.7511278 0.9500904 0.7062361 0.9611461 0.7511278 0.9500904 0.7493279 0.9530457 0.6962116 0.9543382 0.6978684 0.9533023 0.7034515 0.9589143 0.6962116 0.9543382 0.7034515 0.9589143 0.7011944 0.9600494 0.09959471 0.5576628 0.1019162 0.5578613 0.09980273 0.5808321 0.09959471 0.5576628 0.09980273 0.5808321 0.0976758 0.5788455 0.1577333 0.5786473 0.1558392 0.5791265 0.1581184 0.5551129 0.1577333 0.5786473 0.1581184 0.5551129 0.1601103 0.5551092 0.1442752 0.5987437 0.1558392 0.5791265 0.1564013 0.5819149 0.8562312 0.6465246 0.8296931 0.6589486 0.8288712 0.6564927 0.0981971 0.5817694 0.09980273 0.5808321 0.1104393 0.5990403 0.0981971 0.5817694 0.1104393 0.5990403 0.1082131 0.5995665 0.848621 0.6897877 0.8683634 0.6946439 0.8679977 0.6967933 0.8739756 0.7270012 0.8757547 0.730466 0.8578941 0.7358967 0.70043 0.8406413 0.7029379 0.8406988 0.6987545 0.9012331 0.70043 0.8406413 0.6987545 0.9012331 0.6956359 0.9021717 0.7266958 0.8924435 0.7246543 0.8932373 0.7265337 0.8317403 0.7266958 0.8924435 0.7265337 0.8317403 0.7286077 0.831067 0.6987545 0.9012331 0.7246543 0.8932373 0.7266966 0.8964027 0.8299612 0.6235161 0.8288791 0.6200061 0.8453642 0.6121491 0.1493998 0.5295066 0.147211 0.5301272 0.1277542 0.469716 0.1493998 0.5295066 0.1277542 0.469716 0.1299519 0.4698362 0.1189361 0.5306183 0.1214871 0.5304751 0.1019162 0.5578613 0.1189361 0.5306183 0.1019162 0.5578613 0.09959471 0.5576628 0.1601103 0.5551092 0.1581184 0.5551129 0.147211 0.5301272 0.1601103 0.5551092 0.147211 0.5301272 0.1493998 0.5295066 0.6956359 0.9021717 0.6987545 0.9012331 0.6927369 0.9298401 0.6956359 0.9021717 0.6927369 0.9298401 0.6903081 0.929821 0.7266966 0.8964027 0.7246543 0.8932373 0.7266958 0.8924435 0.7266966 0.8964027 0.7266958 0.8924435 0.7283294 0.8953396 0.1188749 0.5275481 0.09823632 0.4674054 0.1006316 0.4665863 0.1188749 0.5275481 0.1006316 0.4665863 0.1214871 0.5304751 0.7507763 0.9214182 0.7477958 0.9198434 0.74982 0.919005 0.7511278 0.9500904 0.7533829 0.9501447 0.7493279 0.9530457 0.7034515 0.9589143 0.7062361 0.9611461 0.7037001 0.9609983 0.1413085 0.5983417 0.1558392 0.5791265 0.1442752 0.5987437 0.7212614 0.8104166 0.7286077 0.831067 0.7265337 0.8317403 0.7212614 0.8104166 0.7265337 0.8317403 0.719217 0.8112328 0.7154524 0.7870727 0.7212614 0.8104166 0.719217 0.8112328 0.7154524 0.7870727 0.719217 0.8112328 0.7127289 0.7893615 0.09823632 0.4674054 0.09886509 0.4312348 0.1013091 0.4307032 0.09823632 0.4674054 0.1013091 0.4307032 0.1006316 0.4665863 0.70043 0.8406413 0.6961231 0.8190363 0.6984387 0.818447 0.70043 0.8406413 0.6984387 0.818447 0.7029379 0.8406988 0.1277398 0.4328868 0.1299519 0.4698362 0.1277542 0.469716 0.1277398 0.4328868 0.1277542 0.469716 0.1250779 0.4322541 0.6961231 0.8190363 0.6866024 0.7966791 0.690223 0.7967841 0.6961231 0.8190363 0.690223 0.7967841 0.6984387 0.818447 0.8464975 0.6849885 0.8696914 0.6931082 0.8683634 0.6946439 0.8464975 0.6849885 0.8683634 0.6946439 0.848621 0.6897877 0.8757547 0.730466 0.8577128 0.7403116 0.8578941 0.7358967 0.5565453 0.07272779 0.546275 0.076429 0.558345 0.06484395 0.546275 0.076429 0.5515165 0.06809878 0.558345 0.06484395 0.4816285 0.1243005 0.4793604 0.1295709 0.4703526 0.1239703 0.4816285 0.1243005 0.4703526 0.1239703 0.4746474 0.1211501 0.4793604 0.1295709 0.4678273 0.1332278 0.4703526 0.1239703 0.5533942 0.08066582 0.546275 0.076429 0.5565453 0.07272779 0.4793604 0.1295709 0.4819828 0.1389192 0.4678273 0.1332278 0.4819828 0.1389192 0.4748628 0.1393735 0.4678273 0.1332278 0.5533942 0.08066582 0.5426318 0.08831733 0.546275 0.076429 0.5426318 0.08831733 0.5438072 0.08211076 0.546275 0.076429 0.4920533 0.1300904 0.4903478 0.1341982 0.4793604 0.1295709 0.4920533 0.1300904 0.4793604 0.1295709 0.4816285 0.1243005 0.4903478 0.1341982 0.4892728 0.1409937 0.4793604 0.1295709 0.4892728 0.1409937 0.4819828 0.1389192 0.4793604 0.1295709 0.4819828 0.1389192 0.4857064 0.1485341 0.4748628 0.1393735 0.5497512 0.09091764 0.5426318 0.08831733 0.5533942 0.08066582 0.4892728 0.1409937 0.4857064 0.1485341 0.4819828 0.1389192 0.5497512 0.09091764 0.5422694 0.09817981 0.5426318 0.08831733 0.502555 0.1373543 0.4975764 0.1428592 0.4903478 0.1341982 0.502555 0.1373543 0.4903478 0.1341982 0.4920533 0.1300904 0.4975764 0.1428592 0.4892728 0.1409937 0.4903478 0.1341982 0.4975764 0.1428592 0.4979149 0.1512368 0.4892728 0.1409937 0.4979149 0.1512368 0.4970765 0.1567239 0.4857064 0.1485341 0.4979149 0.1512368 0.4857064 0.1485341 0.4892728 0.1409937 0.5486435 0.1012535 0.5422694 0.09817981 0.5497512 0.09091764 0.502555 0.1373543 0.5047298 0.1481711 0.4975764 0.1428592 0.5047298 0.1481711 0.4979149 0.1512368 0.4975764 0.1428592 0.5486435 0.1012535 0.5451604 0.1091794 0.5422694 0.09817981 0.5114566 0.1445494 0.5047298 0.1481711 0.502555 0.1373543 0.5047298 0.1481711 0.5069785 0.1619294 0.4979149 0.1512368 0.5069785 0.1619294 0.4970765 0.1567239 0.4979149 0.1512368 0.5552392 0.1103979 0.5451604 0.1091794 0.5486435 0.1012535 0.5114566 0.1445494 0.5132222 0.1539135 0.5047298 0.1481711 0.5132222 0.1539135 0.5069785 0.1619294 0.5047298 0.1481711 0.5486431 0.1156721 0.5451604 0.1091794 0.5552392 0.1103979 0.5170086 0.1494388 0.5132222 0.1539135 0.5114566 0.1445494 0.5132222 0.1539135 0.5129243 0.1642186 0.5069785 0.1619294 0.6115481 0.174149 0.6145539 0.162117 0.6176968 0.1708208 0.6145539 0.162117 0.6027747 0.1575258 0.6155055 0.1559756 0.6069272 0.07415777 0.5991005 0.07170456 0.6045742 0.06803643 0.6115481 0.174149 0.6052282 0.1646491 0.6145539 0.162117 0.6052282 0.1646491 0.6027747 0.1575258 0.6145539 0.162117 0.6069272 0.07415777 0.601989 0.08048719 0.5991005 0.07170456 0.6004514 0.1781973 0.6001423 0.1732859 0.6115481 0.174149 0.6001423 0.1732859 0.6052282 0.1646491 0.6115481 0.174149 0.6087577 0.08487564 0.601989 0.08048719 0.6069272 0.07415777 0.6001423 0.1732859 0.5967083 0.1663084 0.6052282 0.1646491 0.5967083 0.1663084 0.6027747 0.1575258 0.6052282 0.1646491 0.6087577 0.08487564 0.6002193 0.09015309 0.601989 0.08048719 0.5871099 0.1801707 0.5842813 0.1753376 0.6001423 0.1732859 0.5871099 0.1801707 0.6001423 0.1732859 0.6004514 0.1781973 0.5842813 0.1753376 0.5900095 0.1672404 0.5967083 0.1663084 0.5842813 0.1753376 0.5967083 0.1663084 0.6001423 0.1732859 0.5900095 0.1672404 0.585775 0.1598942 0.6027747 0.1575258 0.5900095 0.1672404 0.6027747 0.1575258 0.5967083 0.1663084 0.6082579 0.09437525 0.6002193 0.09015309 0.6087577 0.08487564 0.5842813 0.1753376 0.5833818 0.1679229 0.5900095 0.1672404 0.5833818 0.1679229 0.585775 0.1598942 0.5900095 0.1672404 0.6063548 0.100758 0.5966356 0.1000115 0.6002193 0.09015309 0.6063548 0.100758 0.6002193 0.09015309 0.6082579 0.09437525 0.5729961 0.1780002 0.5842813 0.1753376 0.5871099 0.1801707 0.5842813 0.1753376 0.5751543 0.1685256 0.5833818 0.1679229 0.5751543 0.1685256 0.5679944 0.1630634 0.585775 0.1598942 0.5751543 0.1685256 0.585775 0.1598942 0.5833818 0.1679229 0.5729961 0.1780002 0.5751543 0.1685256 0.5842813 0.1753376 0.6037704 0.1081211 0.5967566 0.1099312 0.6063548 0.100758 0.5967566 0.1099312 0.5966356 0.1000115 0.6063548 0.100758 0.5729961 0.1780002 0.565548 0.1686167 0.5751543 0.1685256 0.565548 0.1686167 0.5679944 0.1630634 0.5751543 0.1685256 0.600116 0.1146081 0.5967566 0.1099312 0.6037704 0.1081211 0.601989 0.08048719 0.5937816 0.07950776 0.5991005 0.07170456 0.5937816 0.07950776 0.5897431 0.06873011 0.5991005 0.07170456 0.5937816 0.07950776 0.5857262 0.07830095 0.5897431 0.06873011 0.5857262 0.07830095 0.5760957 0.07789903 0.5773733 0.06932884 0.5857262 0.07830095 0.5773733 0.06932884 0.5897431 0.06873011 0.5760957 0.07789903 0.5633117 0.078803 0.56607 0.07020294 0.5760957 0.07789903 0.56607 0.07020294 0.5773733 0.06932884 0.5633117 0.078803 0.5533942 0.08066582 0.5565453 0.07272779 0.5633117 0.078803 0.5565453 0.07272779 0.56607 0.07020294 0.6002193 0.09015309 0.5896623 0.08903032 0.5937816 0.07950776 0.6002193 0.09015309 0.5937816 0.07950776 0.601989 0.08048719 0.5896623 0.08903032 0.5857262 0.07830095 0.5937816 0.07950776 0.5896623 0.08903032 0.5762095 0.08865219 0.5760957 0.07789903 0.5896623 0.08903032 0.5760957 0.07789903 0.5857262 0.07830095 0.5762095 0.08865219 0.5590248 0.08978939 0.5633117 0.078803 0.5762095 0.08865219 0.5633117 0.078803 0.5760957 0.07789903 0.5590248 0.08978939 0.5497512 0.09091764 0.5533942 0.08066582 0.5590248 0.08978939 0.5533942 0.08066582 0.5633117 0.078803 0.5675389 0.09576952 0.5590248 0.08978939 0.5762095 0.08865219 0.5966356 0.1000115 0.58661 0.1008651 0.5896623 0.08903032 0.5966356 0.1000115 0.5896623 0.08903032 0.6002193 0.09015309 0.58661 0.1008651 0.5741472 0.1038116 0.5762095 0.08865219 0.58661 0.1008651 0.5762095 0.08865219 0.5896623 0.08903032 0.5741472 0.1038116 0.5675389 0.09576952 0.5762095 0.08865219 0.5675389 0.09576952 0.5564494 0.1009724 0.5590248 0.08978939 0.5564494 0.1009724 0.5486435 0.1012535 0.5497512 0.09091764 0.5564494 0.1009724 0.5497512 0.09091764 0.5590248 0.08978939 0.5741472 0.1038116 0.5629569 0.1069534 0.5675389 0.09576952 0.5629569 0.1069534 0.5564494 0.1009724 0.5675389 0.09576952 0.5967566 0.1099312 0.5896039 0.1092761 0.5966356 0.1000115 0.5896039 0.1092761 0.58661 0.1008651 0.5966356 0.1000115 0.5896039 0.1092761 0.5793433 0.1106291 0.58661 0.1008651 0.5793433 0.1106291 0.5741472 0.1038116 0.58661 0.1008651 0.5629569 0.1069534 0.5552392 0.1103979 0.5564494 0.1009724 0.5552392 0.1103979 0.5486435 0.1012535 0.5564494 0.1009724 0.5793433 0.1106291 0.5677519 0.1145972 0.5741472 0.1038116 0.5677519 0.1145972 0.5629569 0.1069534 0.5741472 0.1038116 0.5677519 0.1145972 0.5552392 0.1103979 0.5629569 0.1069534 0.5235273 0.150798 0.5216242 0.1574256 0.5132222 0.1539135 0.5235273 0.150798 0.5132222 0.1539135 0.5170086 0.1494388 0.5216242 0.1574256 0.5129243 0.1642186 0.5132222 0.1539135 0.5552392 0.1103979 0.5603855 0.1195486 0.5486431 0.1156721 0.5216242 0.1574256 0.5255607 0.1663141 0.5129243 0.1642186 0.5255607 0.1663141 0.5197128 0.1684587 0.5129243 0.1642186 0.5677519 0.1145972 0.5603855 0.1195486 0.5552392 0.1103979 0.5348606 0.1534562 0.5340169 0.1584051 0.5216242 0.1574256 0.5348606 0.1534562 0.5216242 0.1574256 0.5235273 0.150798 0.5340169 0.1584051 0.5337554 0.1657209 0.5216242 0.1574256 0.5337554 0.1657209 0.5255607 0.1663141 0.5216242 0.1574256 0.5255607 0.1663141 0.5320374 0.1738804 0.5197128 0.1684587 0.5677519 0.1145972 0.573823 0.1208186 0.5603855 0.1195486 0.5337554 0.1657209 0.5320374 0.1738804 0.5255607 0.1663141 0.5793433 0.1106291 0.573823 0.1208186 0.5677519 0.1145972 0.5536004 0.1585413 0.5442428 0.1642019 0.5340169 0.1584051 0.5536004 0.1585413 0.5340169 0.1584051 0.5348606 0.1534562 0.5442428 0.1642019 0.5337554 0.1657209 0.5340169 0.1584051 0.5442428 0.1642019 0.5466735 0.172512 0.5337554 0.1657209 0.5466735 0.172512 0.5468489 0.1775164 0.5320374 0.1738804 0.5466735 0.172512 0.5320374 0.1738804 0.5337554 0.1657209 0.5793433 0.1106291 0.5877884 0.1185054 0.573823 0.1208186 0.5536004 0.1585413 0.5543667 0.1665176 0.5442428 0.1642019 0.5543667 0.1665176 0.5466735 0.172512 0.5442428 0.1642019 0.5896039 0.1092761 0.5877884 0.1185054 0.5793433 0.1106291 0.5543667 0.1665176 0.5597209 0.1743427 0.5466735 0.172512 0.5597209 0.1743427 0.5670567 0.178497 0.5468489 0.1775164 0.5597209 0.1743427 0.5468489 0.1775164 0.5466735 0.172512 0.5896039 0.1092761 0.5967566 0.1099312 0.5877884 0.1185054 0.5536004 0.1585413 0.565548 0.1686167 0.5543667 0.1665176 0.565548 0.1686167 0.5597209 0.1743427 0.5543667 0.1665176 0.5967566 0.1099312 0.600116 0.1146081 0.5877884 0.1185054 0.5679944 0.1630634 0.565548 0.1686167 0.5536004 0.1585413 0.565548 0.1686167 0.5729961 0.1780002 0.5597209 0.1743427 0.5729961 0.1780002 0.5670567 0.178497 0.5597209 0.1743427 0.5991005 0.07170456 0.5975772 0.06442928 0.6045742 0.06803643 0.6155055 0.1559756 0.6224361 0.1579846 0.6145539 0.162117 0.6224361 0.1579846 0.6176968 0.1708208 0.6145539 0.162117 0.5897431 0.06873011 0.5975772 0.06442928 0.5991005 0.07170456 0.6224361 0.1579846 0.6285259 0.1620208 0.6176968 0.1708208 0.6285259 0.1620208 0.624373 0.1688303 0.6176968 0.1708208 0.5897431 0.06873011 0.585696 0.06119239 0.5975772 0.06442928 0.6311997 0.1451074 0.6324466 0.1493797 0.6224361 0.1579846 0.6311997 0.1451074 0.6224361 0.1579846 0.6155055 0.1559756 0.6324466 0.1493797 0.6348201 0.1551426 0.6224361 0.1579846 0.6348201 0.1551426 0.6285259 0.1620208 0.6224361 0.1579846 0.6285259 0.1620208 0.635999 0.1638889 0.624373 0.1688303 0.5773733 0.06932884 0.575806 0.06146317 0.5897431 0.06873011 0.575806 0.06146317 0.585696 0.06119239 0.5897431 0.06873011 0.6348201 0.1551426 0.635999 0.1638889 0.6285259 0.1620208 0.6410006 0.1391906 0.6433803 0.1465624 0.6324466 0.1493797 0.6410006 0.1391906 0.6324466 0.1493797 0.6311997 0.1451074 0.6433803 0.1465624 0.6348201 0.1551426 0.6324466 0.1493797 0.6433803 0.1465624 0.6460013 0.15884 0.6348201 0.1551426 0.6460013 0.15884 0.635999 0.1638889 0.6348201 0.1551426 0.56607 0.07020294 0.5676562 0.06203663 0.575806 0.06146317 0.56607 0.07020294 0.575806 0.06146317 0.5773733 0.06932884 0.4658712 0.1141244 0.4595885 0.1172253 0.4545249 0.1065264 0.4595885 0.1172253 0.4467729 0.1149697 0.4545249 0.1065264 0.4595885 0.1172253 0.458576 0.1238253 0.4467729 0.1149697 0.458576 0.1238253 0.4568842 0.1284262 0.4415138 0.1222761 0.458576 0.1238253 0.4415138 0.1222761 0.4467729 0.1149697 0.5565453 0.07272779 0.558345 0.06484395 0.5676562 0.06203663 0.5565453 0.07272779 0.5676562 0.06203663 0.56607 0.07020294 0.4658712 0.1141244 0.4703526 0.1239703 0.4595885 0.1172253 0.4703526 0.1239703 0.458576 0.1238253 0.4595885 0.1172253 0.4746474 0.1211501 0.4703526 0.1239703 0.4658712 0.1141244 0.4703526 0.1239703 0.4678273 0.1332278 0.458576 0.1238253 0.4678273 0.1332278 0.4568842 0.1284262 0.458576 0.1238253 0.8696914 0.6931082 0.8464975 0.6849885 0.8421527 0.679245 0.8696914 0.6931082 0.8421527 0.679245 0.8646761 0.6703959 0.7830564 0.8682473 0.8078207 0.8595107 0.7925922 0.8954638 0.7830564 0.8682473 0.7925922 0.8954638 0.78924 0.8928245 0.7846676 0.5464232 0.7898903 0.5213058 0.79309 0.5184656 0.7846676 0.5464232 0.79309 0.5184656 0.8084034 0.5540764 0.1558392 0.5791265 0.09980273 0.5808321 0.1019162 0.5578613 0.1558392 0.5791265 0.1019162 0.5578613 0.1581184 0.5551129 0.1413085 0.5983417 0.1104393 0.5990403 0.09980273 0.5808321 0.1413085 0.5983417 0.09980273 0.5808321 0.1558392 0.5791265 0.6454465 0.8502755 0.6433731 0.8517732 0.6472468 0.8553238 0.597139 0.831318 0.6101282 0.8289155 0.6055058 0.8213985 0.6423385 0.8446783 0.6405516 0.8481746 0.6433731 0.8517732 0.6423385 0.8446783 0.6433731 0.8517732 0.6454465 0.8502755 0.6055058 0.8213985 0.6101282 0.8289155 0.6063447 0.8229258 0.6063447 0.8229258 0.6101282 0.8289155 0.623185 0.8202099 0.6400866 0.82899 0.6405516 0.8481746 0.6423385 0.8446783 0.608534 0.8798332 0.605839 0.8561728 0.589034 0.8547111 0.6314014 0.8843895 0.605839 0.8561728 0.608534 0.8798332 0.6229123 0.7956261 0.6130675 0.7886546 0.6342481 0.8080993 0.6229123 0.7956261 0.6342481 0.8080993 0.6350694 0.8070682 0.6350694 0.8070682 0.6342481 0.8080993 0.6373639 0.8104249 0.6373639 0.8104249 0.6342481 0.8080993 0.6383314 0.8133163 0.589034 0.8547111 0.597139 0.831318 0.6063447 0.8229258 0.589034 0.8547111 0.6063447 0.8229258 0.5729184 0.8975527 0.6567562 0.8837856 0.6314014 0.8843895 0.6329283 0.8892218 0.6567562 0.8837856 0.6329283 0.8892218 0.6609241 0.8874359 0.6542386 0.8791592 0.6567562 0.8837856 0.6609241 0.8874359 0.6542386 0.8791592 0.6609241 0.8874359 0.6547184 0.8741853 0.597139 0.831318 0.6055058 0.8213985 0.6063447 0.8229258 0.6403214 0.8212553 0.6400866 0.82899 0.6417097 0.8291861 0.6400866 0.82899 0.6423385 0.8446783 0.6417097 0.8291861 0.589034 0.8547111 0.5729184 0.8975527 0.608534 0.8798332 0.6472468 0.8553238 0.6542386 0.8791592 0.6547184 0.8741853 0.6314014 0.8843895 0.608534 0.8798332 0.6329283 0.8892218 0.6249853 0.8098676 0.611779 0.7919854 0.6144174 0.7988744 0.6249853 0.8098676 0.6144174 0.7988744 0.6258828 0.8148389 0.6229123 0.7956261 0.6350694 0.8070682 0.6212319 0.7934056 0.6373639 0.8104249 0.6383314 0.8133163 0.6398227 0.8143109 0.6383314 0.8133163 0.6393576 0.8167197 0.6398227 0.8143109 0.6393576 0.8167197 0.6403214 0.8212553 0.6398227 0.8143109 0.6454465 0.8502755 0.6478587 0.8495299 0.6473817 0.8490766 0.6063447 0.8229258 0.548904 0.8747432 0.5729184 0.8975527 0.6472468 0.8553238 0.6506224 0.8517467 0.6478587 0.8495299 0.6472468 0.8553238 0.6478587 0.8495299 0.6454465 0.8502755 0.6609241 0.8874359 0.656095 0.8648477 0.6547184 0.8741853 0.6063447 0.8229258 0.5766247 0.8133582 0.548904 0.8747432 0.6454465 0.8502755 0.6473817 0.8490766 0.6473821 0.8464955 0.6454465 0.8502755 0.6473821 0.8464955 0.6423385 0.8446783 0.6417097 0.8291861 0.6460314 0.8271883 0.645162 0.8206769 0.6417097 0.8291861 0.645162 0.8206769 0.6403214 0.8212553 0.623185 0.8202099 0.6213674 0.8180102 0.5766247 0.8133582 0.623185 0.8202099 0.5766247 0.8133582 0.6063447 0.8229258 0.6417097 0.8291861 0.6468134 0.8405587 0.6460314 0.8271883 0.6423385 0.8446783 0.6473821 0.8464955 0.6468134 0.8405587 0.6423385 0.8446783 0.6468134 0.8405587 0.6417097 0.8291861 0.5729184 0.8975527 0.5975567 0.897431 0.608534 0.8798332 0.6472468 0.8553238 0.6535043 0.8576014 0.6506224 0.8517467 0.608534 0.8798332 0.5975567 0.897431 0.6134125 0.8911502 0.6547184 0.8741853 0.656095 0.8648477 0.6535043 0.8576014 0.6547184 0.8741853 0.6535043 0.8576014 0.6472468 0.8553238 0.608534 0.8798332 0.6134125 0.8911502 0.6329283 0.8892218 0.6212319 0.7934056 0.6354439 0.8021201 0.6243634 0.7931011 0.6144174 0.7988744 0.6168789 0.8048408 0.6258828 0.8148389 0.6350694 0.8070682 0.6354439 0.8021201 0.6212319 0.7934056 0.6258828 0.8148389 0.6168789 0.8048408 0.6222351 0.812065 0.6350694 0.8070682 0.6384732 0.8054775 0.6354439 0.8021201 0.6373639 0.8104249 0.6405075 0.8084973 0.6384732 0.8054775 0.6373639 0.8104249 0.6384732 0.8054775 0.6350694 0.8070682 0.6258828 0.8148389 0.6222351 0.812065 0.6232716 0.8139372 0.6398227 0.8143109 0.6421974 0.8117753 0.6405075 0.8084973 0.6398227 0.8143109 0.6405075 0.8084973 0.6373639 0.8104249 0.6258828 0.8148389 0.6232716 0.8139372 0.6231254 0.8159726 0.6398227 0.8143109 0.6438657 0.8155044 0.6421974 0.8117753 0.6258828 0.8148389 0.6231254 0.8159726 0.6213674 0.8180102 0.6258828 0.8148389 0.6213674 0.8180102 0.623185 0.8202099 0.6403214 0.8212553 0.645162 0.8206769 0.6438657 0.8155044 0.6403214 0.8212553 0.6438657 0.8155044 0.6398227 0.8143109 0.589034 0.8547111 0.6433731 0.8517732 0.597139 0.831318 0.6314014 0.8843895 0.6567562 0.8837856 0.6542386 0.8791592 0.597139 0.831318 0.6433731 0.8517732 0.6405516 0.8481746 0.597139 0.831318 0.6405516 0.8481746 0.6101282 0.8289155 0.623185 0.8202099 0.6400866 0.82899 0.6403214 0.8212553 0.6101282 0.8289155 0.6400866 0.82899 0.623185 0.8202099 0.6101282 0.8289155 0.6405516 0.8481746 0.6400866 0.82899 0.605839 0.8561728 0.6472468 0.8553238 0.6433731 0.8517732 0.605839 0.8561728 0.6433731 0.8517732 0.589034 0.8547111 0.605839 0.8561728 0.6542386 0.8791592 0.6472468 0.8553238 0.6314014 0.8843895 0.6542386 0.8791592 0.605839 0.8561728 0.6249853 0.8098676 0.6342481 0.8080993 0.6130675 0.7886546 0.6258828 0.8148389 0.6383314 0.8133163 0.6342481 0.8080993 0.6258828 0.8148389 0.6342481 0.8080993 0.6249853 0.8098676 0.6258828 0.8148389 0.6393576 0.8167197 0.6383314 0.8133163 0.623185 0.8202099 0.6403214 0.8212553 0.6393576 0.8167197 0.623185 0.8202099 0.6393576 0.8167197 0.6258828 0.8148389 0.6080988 0.7883859 0.6080945 0.7883123 0.6080157 0.7884348 0.6089795 0.7896313 0.6088778 0.7898263 0.6090932 0.7898197 0.6080988 0.7883859 0.6081913 0.788403 0.6083064 0.7883058 0.6080988 0.7883859 0.6083064 0.7883058 0.6080945 0.7883123 0.6101565 0.789671 0.6089795 0.7896313 0.6095239 0.7897763 0.6089795 0.7896313 0.6090932 0.7898197 0.6091261 0.7898402 0.6089795 0.7896313 0.6091261 0.7898402 0.6095239 0.7897763 0.6081913 0.788403 0.6091803 0.7881751 0.6083064 0.7883058 0.6086227 0.7895953 0.6082339 0.7896351 0.6086519 0.7898327 0.6086227 0.7895953 0.6078134 0.789389 0.6082339 0.7896351 0.6249853 0.8098676 0.6117033 0.7906294 0.611779 0.7919854 0.6130675 0.7886546 0.6229123 0.7956261 0.6125938 0.788024 0.6111687 0.7877755 0.6130675 0.7886546 0.6125938 0.788024 0.6117033 0.7906294 0.6107039 0.7900951 0.611779 0.7919854 0.6091261 0.7898402 0.6088778 0.7898263 0.6086519 0.7898327 0.6091261 0.7898402 0.6086519 0.7898327 0.6082763 0.790078 0.6076955 0.7894704 0.6078134 0.789389 0.6072751 0.7888693 0.6076955 0.7894704 0.6072751 0.7888693 0.6071102 0.7888646 0.6071102 0.7888646 0.6072751 0.7888693 0.6074218 0.7888197 0.6071102 0.7888646 0.6074218 0.7888197 0.607509 0.7887052 0.6091261 0.7898402 0.6090932 0.7898197 0.6088778 0.7898263 0.6091347 0.7880625 0.6091803 0.7881751 0.6098245 0.7879436 0.6083064 0.7883058 0.6091803 0.7881751 0.6091347 0.7880625 0.6082763 0.790078 0.6086519 0.7898327 0.6082339 0.7896351 0.607509 0.7887052 0.6074218 0.7888197 0.6080157 0.7884348 0.6082339 0.7896351 0.6078134 0.789389 0.6076955 0.7894704 0.6212319 0.7934056 0.6125938 0.788024 0.6229123 0.7956261 0.6144174 0.7988744 0.611779 0.7919854 0.6107039 0.7900951 0.61197 0.7876148 0.6125938 0.788024 0.6212319 0.7934056 0.61197 0.7876148 0.6111687 0.7877755 0.6125938 0.788024 0.6106936 0.7876143 0.6111687 0.7877755 0.61197 0.7876148 0.6107039 0.7900951 0.6101565 0.789671 0.6099739 0.7901076 0.6106936 0.7876143 0.6103872 0.7878391 0.6111687 0.7877755 0.6099739 0.7901076 0.6101565 0.789671 0.6095239 0.7897763 0.6098245 0.7879436 0.6103872 0.7878391 0.6106936 0.7876143 0.6080601 0.7882171 0.6080401 0.7882789 0.6080945 0.7883123 0.6082763 0.790078 0.608479 0.7902253 0.6091261 0.7898402 0.6080401 0.7882789 0.6079742 0.7883118 0.6080157 0.7884348 0.6080401 0.7882789 0.6080157 0.7884348 0.6080945 0.7883123 0.6076633 0.7884892 0.6071102 0.7888646 0.607509 0.7887052 0.608479 0.7902253 0.6088635 0.7901289 0.6091261 0.7898402 0.6081475 0.7881454 0.6080601 0.7882171 0.6080945 0.7883123 0.6081475 0.7881454 0.6080945 0.7883123 0.6083064 0.7883058 0.6096413 0.7874668 0.6091192 0.7877096 0.6091347 0.7880625 0.6096413 0.7874668 0.6091347 0.7880625 0.6098245 0.7879436 0.6088635 0.7901289 0.6096828 0.7899293 0.6095239 0.7897763 0.6088635 0.7901289 0.6095239 0.7897763 0.6091261 0.7898402 0.6091192 0.7877096 0.6083893 0.7880383 0.6091347 0.7880625 0.6083893 0.7880383 0.6081475 0.7881454 0.6083064 0.7883058 0.6083893 0.7880383 0.6083064 0.7883058 0.6091347 0.7880625 0.6081556 0.7898822 0.6082763 0.790078 0.6082339 0.7896351 0.6079742 0.7883118 0.6078402 0.788392 0.6080157 0.7884348 0.60806 0.7897024 0.6081556 0.7898822 0.6082339 0.7896351 0.6078402 0.788392 0.6076633 0.7884892 0.607509 0.7887052 0.6078402 0.788392 0.607509 0.7887052 0.6080157 0.7884348 0.60806 0.7897024 0.6082339 0.7896351 0.6076955 0.7894704 0.61172 0.7959405 0.6168789 0.8048408 0.6144174 0.7988744 0.6243634 0.7931011 0.6140007 0.787115 0.6212319 0.7934056 0.6102991 0.7912535 0.61172 0.7959405 0.6144174 0.7988744 0.6102991 0.7912535 0.6144174 0.7988744 0.6107039 0.7900951 0.6140007 0.787115 0.61197 0.7876148 0.6212319 0.7934056 0.6140007 0.787115 0.6124537 0.7868372 0.61197 0.7876148 0.6124537 0.7868372 0.611527 0.7868878 0.61197 0.7876148 0.6101956 0.7904984 0.6102991 0.7912535 0.6107039 0.7900951 0.611527 0.7868878 0.610807 0.7870509 0.6106936 0.7876143 0.611527 0.7868878 0.6106936 0.7876143 0.61197 0.7876148 0.6099739 0.7901076 0.6101956 0.7904984 0.6107039 0.7900951 0.610807 0.7870509 0.6102122 0.7872251 0.6106936 0.7876143 0.6096828 0.7899293 0.6099739 0.7901076 0.6095239 0.7897763 0.6102122 0.7872251 0.6096413 0.7874668 0.6098245 0.7879436 0.6102122 0.7872251 0.6098245 0.7879436 0.6106936 0.7876143 0.6080988 0.7883859 0.6086519 0.7898327 0.6088778 0.7898263 0.6074218 0.7888197 0.6072751 0.7888693 0.6078134 0.789389 0.6081913 0.788403 0.6080988 0.7883859 0.6088778 0.7898263 0.6081913 0.788403 0.6088778 0.7898263 0.6089795 0.7896313 0.6098245 0.7879436 0.6091803 0.7881751 0.6101565 0.789671 0.6091803 0.7881751 0.6089795 0.7896313 0.6101565 0.789671 0.6091803 0.7881751 0.6081913 0.788403 0.6089795 0.7896313 0.6080988 0.7883859 0.6080157 0.7884348 0.6086227 0.7895953 0.6080988 0.7883859 0.6086227 0.7895953 0.6086519 0.7898327 0.6080157 0.7884348 0.6074218 0.7888197 0.6086227 0.7895953 0.6074218 0.7888197 0.6078134 0.789389 0.6086227 0.7895953 0.6130675 0.7886546 0.6117033 0.7906294 0.6249853 0.8098676 0.6130675 0.7886546 0.6111687 0.7877755 0.6117033 0.7906294 0.6111687 0.7877755 0.6107039 0.7900951 0.6117033 0.7906294 0.6111687 0.7877755 0.6103872 0.7878391 0.6101565 0.789671 0.6111687 0.7877755 0.6101565 0.789671 0.6107039 0.7900951 0.6103872 0.7878391 0.6098245 0.7879436 0.6101565 0.789671 0.4057222 0.1125698 0.3789601 0.124347 0.3887262 0.06694346 0.4057222 0.1125698 0.3887262 0.06694346 0.4021039 0.08119386 0.3488722 0.1307115 0.3489041 0.06613719 0.3887262 0.06694346 0.3488722 0.1307115 0.3887262 0.06694346 0.3789601 0.124347 0.4079683 0.1115031 0.4104923 0.1110817 0.410895 0.1166313 0.6972555 0.3831334 0.6991766 0.3883513 0.7699506 0.3764077 0.6972555 0.3831334 0.7699506 0.3764077 0.7706055 0.3742036 0.6684167 0.4851201 0.7420589 0.4600393 0.7400079 0.4565737 0.6675527 0.4776144 0.6684167 0.4851201 0.7400079 0.4565737 0.6675527 0.4776144 0.7400079 0.4565737 0.7386192 0.4506233 0.6972555 0.3831334 0.6439983 0.4254823 0.6462417 0.4295324 0.6991766 0.3883513 0.6972555 0.3831334 0.6462417 0.4295324 0.8613052 0.4529385 0.8635096 0.4502591 0.8420054 0.4105119 0.8613052 0.4529385 0.8420054 0.4105119 0.8382745 0.4135613 0.8586488 0.453032 0.8613052 0.4529385 0.8382745 0.4135613 0.8586488 0.453032 0.844618 0.4644565 0.8307195 0.4811363 0.7503963 0.4590077 0.7420589 0.4600393 0.8328954 0.4859554 0.7503963 0.4590077 0.8328954 0.4859554 0.8307195 0.4811363 0.75473 0.4557769 0.7503963 0.4590077 0.8307195 0.4811363 0.8074494 0.3858533 0.7738195 0.3727696 0.7706055 0.3742036 0.8026894 0.3896099 0.8074494 0.3858533 0.7706055 0.3742036 0.8026894 0.3896099 0.7706055 0.3742036 0.7699506 0.3764077 0.6364542 0.4514575 0.634819 0.4526281 0.6684167 0.4851201 0.6393693 0.4517503 0.6364542 0.4514575 0.6684167 0.4851201 0.6393693 0.4517503 0.6684167 0.4851201 0.6675527 0.4776144 0.2041084 0.205666 0.2038412 0.2011606 0.1218534 0.2011811 0.2041084 0.205666 0.1218534 0.2011811 0.1215919 0.2058178 0.8074494 0.3858533 0.8026894 0.3896099 0.8382745 0.4135613 0.1055898 0.755565 0.1065275 0.7512016 0.06594038 0.7517035 0.1055898 0.755565 0.06594038 0.7517035 0.06676518 0.7554004 0.8307195 0.4811363 0.8635135 0.4549643 0.8613052 0.4529385 0.8586488 0.453032 0.8307195 0.4811363 0.8613052 0.4529385 0.6373338 0.4361286 0.6390957 0.4372656 0.6462417 0.4295324 0.6364542 0.4514575 0.6393693 0.4517503 0.6390957 0.4372656 0.6364542 0.4514575 0.6390957 0.4372656 0.6373338 0.4361286 0.8635096 0.4502591 0.8613052 0.4529385 0.8635135 0.4549643 0.7679508 0.3721218 0.7706055 0.3742036 0.7738195 0.3727696 0.7400079 0.4565737 0.7420589 0.4600393 0.7503963 0.4590077 0.7400079 0.4565737 0.7503963 0.4590077 0.7492515 0.4558522 0.7400079 0.4565737 0.7492515 0.4558522 0.7386192 0.4506233 0.6972555 0.3831334 0.7706055 0.3742036 0.7679508 0.3721218 0.8307195 0.4811363 0.8328954 0.4859554 0.8635135 0.4549643 0.7386192 0.4506233 0.7492515 0.4558522 0.762251 0.4102016 0.8074494 0.3858533 0.8382745 0.4135613 0.8420054 0.4105119 0.6373338 0.4361286 0.6462417 0.4295324 0.6439983 0.4254823 0.6373338 0.4361286 0.6439983 0.4254823 0.6350417 0.4361373 0.6364542 0.4514575 0.6373338 0.4361286 0.6350417 0.4361373 0.6364542 0.4514575 0.6350417 0.4361373 0.634819 0.4526281 0.844618 0.4644565 0.8586488 0.453032 0.8382745 0.4135613 0.844618 0.4644565 0.8382745 0.4135613 0.796586 0.4305058 0.1421371 0.3930834 0.1825973 0.3106287 0.1426675 0.3105462 0.762251 0.4102016 0.7699506 0.3764077 0.6991766 0.3883513 0.762251 0.4102016 0.6991766 0.3883513 0.7386192 0.4506233 0.09528565 0.8442048 0.09568685 0.8014213 0.07763242 0.8442555 0.1065275 0.7512016 0.1185814 0.7092104 0.0860911 0.7152516 0.405902 0.1260819 0.4079683 0.1115031 0.410895 0.1166313 0.405902 0.1260819 0.410895 0.1166313 0.4097194 0.125544 0.6675527 0.4776144 0.7386192 0.4506233 0.6991766 0.3883513 0.6675527 0.4776144 0.6991766 0.3883513 0.6462417 0.4295324 0.1218261 0.235424 0.1426675 0.3105462 0.1825973 0.3106287 0.844618 0.4644565 0.796586 0.4305058 0.75473 0.4557769 0.844618 0.4644565 0.75473 0.4557769 0.8307195 0.4811363 0.1022309 0.8778538 0.09528565 0.8442048 0.07763242 0.8442555 0.1022309 0.8778538 0.07763242 0.8442555 0.07087963 0.8779436 0.1293205 0.1457753 0.1218534 0.2011811 0.2038412 0.2011606 0.1293205 0.1457753 0.2038412 0.2011606 0.1966453 0.1459159 0.8026894 0.3896099 0.762251 0.4102016 0.796586 0.4305058 0.8026894 0.3896099 0.796586 0.4305058 0.8382745 0.4135613 0.6462417 0.4295324 0.6390957 0.4372656 0.6393693 0.4517503 0.6462417 0.4295324 0.6393693 0.4517503 0.6675527 0.4776144 0.75473 0.4557769 0.796586 0.4305058 0.762251 0.4102016 0.0817241 0.3360235 0.08341056 0.3492757 0.1066832 0.3470444 0.0817241 0.3360235 0.1066832 0.3470444 0.1048403 0.3297495 0.08503997 0.3620676 0.08650398 0.3735391 0.1058253 0.3737062 0.08503997 0.3620676 0.1058253 0.3737062 0.1065019 0.3610625 0.08341056 0.3492757 0.08503997 0.3620676 0.1065019 0.3610625 0.08341056 0.3492757 0.1065019 0.3610625 0.1066832 0.3470444 0.07338398 0.2599235 0.08323776 0.2637034 0.07690173 0.2587537 0.091313 0.3982272 0.09188503 0.3994481 0.09685546 0.3972576 0.1033401 0.3845828 0.100126 0.3925569 0.104216 0.3850308 0.1058253 0.3737062 0.1033401 0.3845828 0.104216 0.3850308 0.1066832 0.3470444 0.1065019 0.3610625 0.10774 0.360859 0.1065019 0.3610625 0.1058253 0.3737062 0.10774 0.360859 0.1048403 0.3297495 0.1066832 0.3470444 0.1065392 0.3328794 0.1048403 0.3297495 0.1065392 0.3328794 0.1024296 0.3133549 0.09749317 0.2987518 0.1002154 0.298813 0.09475106 0.2880725 0.09749317 0.2987518 0.1024296 0.3133549 0.1002154 0.298813 0.08810627 0.2717532 0.09475106 0.2880725 0.09180837 0.2753388 0.07338398 0.2599235 0.07690173 0.2587537 0.0718103 0.2581689 0.100126 0.3925569 0.091313 0.3982272 0.09685546 0.3972576 0.08335554 0.2626029 0.08323776 0.2637034 0.08810627 0.2717532 0.08335554 0.2626029 0.08810627 0.2717532 0.09180837 0.2753388 0.07690173 0.2587537 0.08323776 0.2637034 0.08335554 0.2626029 0.104216 0.3850308 0.100126 0.3925569 0.1004697 0.3935482 0.106903 0.373296 0.1058253 0.3737062 0.104216 0.3850308 0.1076871 0.3471271 0.1066832 0.3470444 0.10774 0.360859 0.10774 0.360859 0.1058253 0.3737062 0.106903 0.373296 0.1065392 0.3328794 0.1066832 0.3470444 0.1076871 0.3471271 0.103266 0.3116812 0.1002154 0.298813 0.1024296 0.3133549 0.103266 0.3116812 0.1024296 0.3133549 0.1051491 0.3219736 0.1051491 0.3219736 0.1024296 0.3133549 0.1065392 0.3328794 0.09652101 0.2864686 0.09475106 0.2880725 0.1002154 0.298813 0.09652101 0.2864686 0.09180837 0.2753388 0.09475106 0.2880725 0.07225626 0.3891316 0.07612764 0.393241 0.07133966 0.3837977 0.07612764 0.393241 0.07225626 0.3891316 0.07803457 0.3964281 0.07225626 0.3891316 0.07133966 0.3837977 0.06667083 0.378449 0.06274205 0.3665831 0.0611664 0.3559318 0.05936503 0.3532708 0.06667083 0.378449 0.07133966 0.3837977 0.06595587 0.3727044 0.0611664 0.3559318 0.05691403 0.3391901 0.05936503 0.3532708 0.05624777 0.3246355 0.05450475 0.3046335 0.05477565 0.317853 0.05624777 0.3246355 0.05477565 0.317853 0.05553054 0.3282864 0.05691403 0.3391901 0.05624777 0.3246355 0.05553054 0.3282864 0.091313 0.3982272 0.08444333 0.3995774 0.09188503 0.3994481 0.06274205 0.3665831 0.06595587 0.3727044 0.0611664 0.3559318 0.05578029 0.3038206 0.05498659 0.2917583 0.05450475 0.3046335 0.05578029 0.3038206 0.05697697 0.2795201 0.05498659 0.2917583 0.06667083 0.378449 0.06595587 0.3727044 0.06274205 0.3665831 0.08098095 0.3974019 0.07803457 0.3964281 0.08444333 0.3995774 0.08098095 0.3974019 0.07612764 0.393241 0.07803457 0.3964281 0.822049 0.2969498 0.8525174 0.2895027 0.8507863 0.2794235 0.822049 0.2969498 0.8507863 0.2794235 0.8198516 0.2840085 0.0611664 0.3559318 0.05818808 0.3390778 0.05691403 0.3391901 0.8198516 0.2840085 0.8507863 0.2794235 0.8495245 0.2672551 0.8198516 0.2840085 0.8495245 0.2672551 0.8186983 0.2728083 0.8953858 0.3965647 0.9161359 0.3728853 0.9033669 0.3643575 0.8953858 0.3965647 0.9033669 0.3643575 0.8877307 0.3914669 0.8180801 0.2638761 0.8495245 0.2672551 0.848553 0.2540136 0.8180801 0.2638761 0.848553 0.2540136 0.8172855 0.2515326 0.8877307 0.3914669 0.9033669 0.3643575 0.8792423 0.3852378 0.8792423 0.3852378 0.9033669 0.3643575 0.8931455 0.3562456 0.8425531 0.3459187 0.8710981 0.3319717 0.8645644 0.3216869 0.05624777 0.3246355 0.05578029 0.3038206 0.05450475 0.3046335 0.8514451 0.358106 0.8710981 0.3319717 0.8425531 0.3459187 0.8425531 0.3459187 0.8645644 0.3216869 0.8346535 0.3324423 0.8346535 0.3324423 0.8645644 0.3216869 0.8592761 0.3110595 0.8346535 0.3324423 0.8592761 0.3110595 0.8296814 0.3218694 0.8296814 0.3218694 0.8592761 0.3110595 0.8552681 0.3001677 0.8296814 0.3218694 0.8552681 0.3001677 0.8257637 0.3109971 0.8257637 0.3109971 0.8552681 0.3001677 0.8525174 0.2895027 0.8257637 0.3109971 0.8525174 0.2895027 0.822049 0.2969498 0.05691403 0.3391901 0.05818808 0.3390778 0.05624777 0.3246355 0.8607925 0.3687213 0.8858086 0.3493875 0.8783417 0.3412957 0.8702083 0.3777569 0.8858086 0.3493875 0.8607925 0.3687213 0.8514451 0.358106 0.8783417 0.3412957 0.8710981 0.3319717 0.8607925 0.3687213 0.8783417 0.3412957 0.8514451 0.358106 0.8792423 0.3852378 0.8931455 0.3562456 0.8702083 0.3777569 0.8702083 0.3777569 0.8931455 0.3562456 0.8858086 0.3493875 0.9003306 0.3996095 0.9161359 0.3728853 0.8953858 0.3965647 0.8186983 0.2728083 0.8495245 0.2672551 0.8180801 0.2638761 0.05767899 0.2836353 0.08810627 0.2717532 0.06227016 0.2674354 0.06227016 0.2674354 0.08323776 0.2637034 0.07338398 0.2599235 0.07133966 0.3837977 0.08650398 0.3735391 0.06595587 0.3727044 0.9799058 0.1727523 0.9106099 0.1729699 0.9146661 0.2097196 0.9799058 0.1727523 0.9146661 0.2097196 0.9760967 0.209337 0.9663115 0.2950562 0.965816 0.2715836 0.9253311 0.2717692 0.9663115 0.2950562 0.9253311 0.2717692 0.924956 0.2957643 0.3923009 0.9558519 0.3886111 0.9432737 0.3584821 0.9494385 0.3923009 0.9558519 0.3584821 0.9494385 0.3620762 0.9687057 0.4155413 0.9451876 0.4154509 0.9316742 0.3886111 0.9432737 0.4155413 0.9451876 0.3886111 0.9432737 0.3923009 0.9558519 0.9169813 0.2591618 0.9241331 0.2681759 0.9669856 0.2680408 0.4007759 0.8840793 0.3975546 0.8826895 0.3987579 0.885936 0.4080412 0.128477 0.4057749 0.1304081 0.405902 0.1260819 0.4140857 0.8993371 0.412041 0.9002745 0.4177044 0.9306223 0.4140857 0.8993371 0.4177044 0.9306223 0.4202308 0.9302175 0.4007759 0.8840793 0.3987579 0.885936 0.412041 0.9002745 0.4007759 0.8840793 0.412041 0.9002745 0.4140857 0.8993371 0.3596524 0.881448 0.3589415 0.8848656 0.3987579 0.885936 0.3596524 0.881448 0.3987579 0.885936 0.3975546 0.8826895 0.405902 0.1260819 0.4097194 0.125544 0.4080412 0.128477 0.9241331 0.2681759 0.9253311 0.2717692 0.965816 0.2715836 0.9241331 0.2681759 0.965816 0.2715836 0.9669856 0.2680408 0.4205968 0.93577 0.4177044 0.9306223 0.4155413 0.9451876 0.4205968 0.93577 0.4155413 0.9451876 0.4193624 0.9446746 0.4202308 0.9302175 0.4177044 0.9306223 0.4205968 0.93577 0.4155413 0.9451876 0.4153854 0.9495127 0.4176647 0.9475967 0.4176647 0.9475967 0.4193624 0.9446746 0.4155413 0.9451876 0.4079683 0.1115031 0.4057222 0.1125698 0.4021039 0.08119386 0.412041 0.9002745 0.4154509 0.9316742 0.4177044 0.9306223 0.05697697 0.2795201 0.05767899 0.2836353 0.06227016 0.2674354 0.3620762 0.9687057 0.3935903 0.9598513 0.3923009 0.9558519 0.3935903 0.9598513 0.4153854 0.9495127 0.4155413 0.9451876 0.3935903 0.9598513 0.4155413 0.9451876 0.3923009 0.9558519 0.4154509 0.9316742 0.4155413 0.9451876 0.4177044 0.9306223 0.0611664 0.3559318 0.08503997 0.3620676 0.08341056 0.3492757 0.06595587 0.3727044 0.08503997 0.3620676 0.0611664 0.3559318 0.06595587 0.3727044 0.08650398 0.3735391 0.08503997 0.3620676 0.0611664 0.3559318 0.08341056 0.3492757 0.0817241 0.3360235 0.0611664 0.3559318 0.0817241 0.3360235 0.05818808 0.3390778 0.05624777 0.3246355 0.08001589 0.3225986 0.07836621 0.3096306 0.05624777 0.3246355 0.07836621 0.3096306 0.05578029 0.3038206 0.05818808 0.3390778 0.0817241 0.3360235 0.08001589 0.3225986 0.05818808 0.3390778 0.08001589 0.3225986 0.05624777 0.3246355 0.091313 0.3982272 0.100126 0.3925569 0.07612764 0.393241 0.091313 0.3982272 0.07612764 0.393241 0.08098095 0.3974019 0.08810627 0.2717532 0.05767899 0.2836353 0.09475106 0.2880725 0.09475106 0.2880725 0.05767899 0.2836353 0.05578029 0.3038206 0.09475106 0.2880725 0.05578029 0.3038206 0.09749317 0.2987518 0.05578029 0.3038206 0.07836621 0.3096306 0.09749317 0.2987518 0.05578029 0.3038206 0.05767899 0.2836353 0.05697697 0.2795201 0.06227016 0.2674354 0.08810627 0.2717532 0.08323776 0.2637034 0.3987579 0.885936 0.3886111 0.9432737 0.4154509 0.9316742 0.3987579 0.885936 0.4154509 0.9316742 0.412041 0.9002745 0.3987579 0.885936 0.3589415 0.8848656 0.3584821 0.9494385 0.3987579 0.885936 0.3584821 0.9494385 0.3886111 0.9432737 0.08444333 0.3995774 0.091313 0.3982272 0.08098095 0.3974019 0.06702876 0.2600126 0.07338398 0.2599235 0.0718103 0.2581689 0.974078 0.2589851 0.9749936 0.2562124 0.916049 0.256398 0.974078 0.2589851 0.916049 0.256398 0.9169813 0.2591618 0.3827335 0.1369006 0.3840497 0.1408911 0.3525948 0.1499556 0.405902 0.1260819 0.4057749 0.1304081 0.3840497 0.1408911 0.405902 0.1260819 0.3840497 0.1408911 0.3827335 0.1369006 0.405902 0.1260819 0.4057222 0.1125698 0.4079683 0.1115031 0.0618596 0.2651574 0.06227016 0.2674354 0.06702876 0.2600126 0.06702876 0.2600126 0.06227016 0.2674354 0.07338398 0.2599235 0.3887262 0.06694346 0.3489041 0.06613719 0.3495917 0.06271529 0.3887262 0.06694346 0.3495917 0.06271529 0.3875014 0.06370544 0.4021039 0.08119386 0.3887262 0.06694346 0.3907322 0.06507366 0.4021039 0.08119386 0.3907322 0.06507366 0.4041422 0.08024257 0.4079683 0.1115031 0.4021039 0.08119386 0.4041422 0.08024257 0.4079683 0.1115031 0.4041422 0.08024257 0.4104923 0.1110817 0.3887262 0.06694346 0.3875014 0.06370544 0.3907322 0.06507366 0.9669856 0.2680408 0.974078 0.2589851 0.9169813 0.2591618 0.3789601 0.124347 0.4057222 0.1125698 0.405902 0.1260819 0.3789601 0.124347 0.405902 0.1260819 0.3827335 0.1369006 0.3488722 0.1307115 0.3789601 0.124347 0.3827335 0.1369006 0.3488722 0.1307115 0.3827335 0.1369006 0.3525948 0.1499556 0.9154853 0.2287572 0.9753717 0.2287355 0.9760967 0.209337 0.9154853 0.2287572 0.9760967 0.209337 0.9146661 0.2097196 0.923747 0.3247953 0.9677274 0.3246567 0.9663115 0.2950562 0.923747 0.3247953 0.9663115 0.2950562 0.924956 0.2957643 0.9753717 0.2287355 0.9154853 0.2287572 0.916049 0.256398 0.9753717 0.2287355 0.916049 0.256398 0.9749936 0.2562124 0.06227016 0.2674354 0.0618596 0.2651574 0.05697697 0.2795201 0.2380451 0.4979678 0.2125566 0.5396911 0.2581699 0.5324077 0.2159746 0.6550688 0.2304628 0.6554269 0.2382342 0.6483165 0.2159746 0.6550688 0.2382342 0.6483165 0.1902636 0.626752 0.2380451 0.4979678 0.2581699 0.5324077 0.2789717 0.4920772 0.2380451 0.4979678 0.2789717 0.4920772 0.2552058 0.4563688 0.2125566 0.5396911 0.2380451 0.4979678 0.204345 0.449761 0.2125566 0.5396911 0.204345 0.449761 0.1875938 0.463572 0.07698619 0.8014746 0.09568685 0.8014213 0.1055898 0.755565 0.07698619 0.8014746 0.1055898 0.755565 0.06676518 0.7554004 0.1825973 0.3106287 0.2037506 0.2355943 0.1218261 0.235424 0.2796915 0.5955955 0.217626 0.5558283 0.1902636 0.626752 0.2796915 0.5955955 0.1902636 0.626752 0.2382342 0.6483165 0.1218261 0.235424 0.2037506 0.2355943 0.2037689 0.2218227 0.1218261 0.235424 0.2037689 0.2218227 0.1218817 0.2241779 0.0860911 0.7152516 0.05356681 0.7093949 0.06594038 0.7517035 0.0860911 0.7152516 0.06594038 0.7517035 0.1065275 0.7512016 0.2037689 0.2218227 0.2041084 0.205666 0.1215919 0.2058178 0.2037689 0.2218227 0.1215919 0.2058178 0.1218559 0.2185204 0.09568685 0.8014213 0.07698619 0.8014746 0.07763242 0.8442555 0.2796915 0.5955955 0.2920033 0.5248842 0.2581699 0.5324077 0.2796915 0.5955955 0.2581699 0.5324077 0.217626 0.5558283 0.1825973 0.3106287 0.1421371 0.3930834 0.1827983 0.3930863 0.2552058 0.4563688 0.215842 0.4357901 0.204345 0.449761 0.2552058 0.4563688 0.204345 0.449761 0.2380451 0.4979678 0.2315731 0.6594914 0.2315924 0.6571962 0.21625 0.6579834 0.2315731 0.6594914 0.21625 0.6579834 0.2150703 0.6596106 0.2422733 0.6505802 0.2382342 0.6483165 0.2315924 0.6571962 0.2422733 0.6505802 0.2315924 0.6571962 0.2315731 0.6594914 0.2582741 0.4526537 0.2552058 0.4563688 0.2827531 0.4873367 0.2124525 0.5451688 0.217626 0.5558283 0.2581699 0.5324077 0.1816743 0.4007824 0.1823102 0.3974939 0.1425993 0.3973704 0.1816743 0.4007824 0.1425993 0.3973704 0.1432124 0.4006602 0.1827861 0.4613713 0.1875938 0.463572 0.213935 0.4309157 0.296279 0.5269064 0.2942111 0.5242409 0.2848996 0.5975436 0.2124525 0.5451688 0.2093031 0.5440078 0.2116826 0.5544087 0.2124525 0.5451688 0.2116826 0.5544087 0.217626 0.5558283 0.2093031 0.5440078 0.2082279 0.5523397 0.2116826 0.5544087 0.2942111 0.5242409 0.296279 0.5269064 0.2956617 0.5210345 0.2159492 0.4331344 0.21864 0.4309439 0.213935 0.4309157 0.2304628 0.6554269 0.2159746 0.6550688 0.21625 0.6579834 0.2304628 0.6554269 0.21625 0.6579834 0.2315924 0.6571962 0.2382342 0.6483165 0.2304628 0.6554269 0.2315924 0.6571962 0.2159492 0.4331344 0.1875938 0.463572 0.215842 0.4357901 0.213935 0.4309157 0.1875938 0.463572 0.2159492 0.4331344 0.2552058 0.4563688 0.2789717 0.4920772 0.2827531 0.4873367 0.1827983 0.3930863 0.1421371 0.3930834 0.1425993 0.3973704 0.1827983 0.3930863 0.1425993 0.3973704 0.1823102 0.3974939 0.1827626 0.6258485 0.21625 0.6579834 0.2159746 0.6550688 0.1827626 0.6258485 0.2159746 0.6550688 0.1902636 0.626752 0.1827626 0.6258485 0.2150703 0.6596106 0.21625 0.6579834 0.2942111 0.5242409 0.2827531 0.4873367 0.2789717 0.4920772 0.2942111 0.5242409 0.2789717 0.4920772 0.2920033 0.5248842 0.2956617 0.5210345 0.2827531 0.4873367 0.2942111 0.5242409 0.1875938 0.463572 0.2093031 0.5440078 0.2125566 0.5396911 0.1827861 0.4613713 0.2082279 0.5523397 0.2093031 0.5440078 0.1827861 0.4613713 0.2093031 0.5440078 0.1875938 0.463572 0.1875938 0.463572 0.204345 0.449761 0.215842 0.4357901 0.2552058 0.4563688 0.2159492 0.4331344 0.215842 0.4357901 0.2582741 0.4526537 0.21864 0.4309439 0.2159492 0.4331344 0.2582741 0.4526537 0.2159492 0.4331344 0.2552058 0.4563688 0.2382342 0.6483165 0.2848996 0.5975436 0.2796915 0.5955955 0.2422733 0.6505802 0.2848996 0.5975436 0.2382342 0.6483165 0.2116826 0.5544087 0.1827626 0.6258485 0.1902636 0.626752 0.2116826 0.5544087 0.1902636 0.626752 0.217626 0.5558283 0.2082279 0.5523397 0.1827626 0.6258485 0.2116826 0.5544087 0.1218817 0.2241779 0.2037689 0.2218227 0.1218559 0.2185204 0.2920033 0.5248842 0.2796915 0.5955955 0.2848996 0.5975436 0.2920033 0.5248842 0.2848996 0.5975436 0.2942111 0.5242409 0.07836621 0.3096306 0.1024296 0.3133549 0.09749317 0.2987518 0.08650398 0.3735391 0.07133966 0.3837977 0.1033401 0.3845828 0.08650398 0.3735391 0.1033401 0.3845828 0.1058253 0.3737062 0.08001589 0.3225986 0.0817241 0.3360235 0.1048403 0.3297495 0.08001589 0.3225986 0.1048403 0.3297495 0.1024296 0.3133549 0.07836621 0.3096306 0.08001589 0.3225986 0.1024296 0.3133549 0.07133966 0.3837977 0.100126 0.3925569 0.1033401 0.3845828 0.07133966 0.3837977 0.07612764 0.393241 0.100126 0.3925569 0.1004697 0.3935482 0.100126 0.3925569 0.09685546 0.3972576 0.8471857 0.2286059 0.8472501 0.2189553 0.8160099 0.2170712 0.8471857 0.2286059 0.8160099 0.2170712 0.8159911 0.2292998 0.8476782 0.2399162 0.8471857 0.2286059 0.8159911 0.2292998 0.8476782 0.2399162 0.8159911 0.2292998 0.8164871 0.2394489 0.8881546 0.1329638 0.8996897 0.1228546 0.8760548 0.1021067 0.8881546 0.1329638 0.8760548 0.1021067 0.8691377 0.1081524 0.8476782 0.2399162 0.8164871 0.2394489 0.8172855 0.2515326 0.8996897 0.1228546 0.8805553 0.0984472 0.8760548 0.1021067 0.8727156 0.1500769 0.8790884 0.142329 0.8535699 0.1240127 0.8790884 0.142329 0.8615424 0.1154271 0.8535699 0.1240127 0.8663746 0.1590638 0.8454213 0.1341878 0.8375465 0.1459183 0.8604152 0.1692418 0.8663746 0.1590638 0.8375465 0.1459183 0.8727156 0.1500769 0.8535699 0.1240127 0.8454213 0.1341878 0.8663746 0.1590638 0.8727156 0.1500769 0.8454213 0.1341878 0.848553 0.2540136 0.8476782 0.2399162 0.8172855 0.2515326 0.8480774 0.2083258 0.8500016 0.1971275 0.8198252 0.1883744 0.8480774 0.2083258 0.8198252 0.1883744 0.8171226 0.2032352 0.8500016 0.1971275 0.8522452 0.1886191 0.8242585 0.1735227 0.8500016 0.1971275 0.8242585 0.1735227 0.8198252 0.1883744 0.8472501 0.2189553 0.8480774 0.2083258 0.8171226 0.2032352 0.8472501 0.2189553 0.8171226 0.2032352 0.8160099 0.2170712 0.8522452 0.1886191 0.8552843 0.1802791 0.8242585 0.1735227 0.8552843 0.1802791 0.8303274 0.1591467 0.8242585 0.1735227 0.8604152 0.1692418 0.8375465 0.1459183 0.8303274 0.1591467 0.8552843 0.1802791 0.8604152 0.1692418 0.8303274 0.1591467 0.8790884 0.142329 0.8881546 0.1329638 0.8615424 0.1154271 0.8881546 0.1329638 0.8691377 0.1081524 0.8615424 0.1154271 0.5338196 0.7438006 0.5308405 0.7361418 0.5279536 0.738013 0.533742 0.736406 0.5308405 0.7361418 0.5384623 0.7410179 0.5384623 0.7410179 0.5338196 0.7438006 0.5459698 0.7464177 0.5459698 0.7464177 0.5338196 0.7438006 0.5458654 0.7490609 0.5263799 0.6184407 0.5263877 0.6045647 0.5225982 0.6044621 0.6387161 0.7540037 0.6202565 0.7556717 0.6686676 0.7564445 0.6196913 0.7048859 0.6688854 0.7010416 0.6274705 0.7024498 0.6168665 0.7079055 0.6688772 0.7031723 0.6196913 0.7048859 0.6196913 0.7048859 0.6688772 0.7031723 0.6688854 0.7010416 0.03652316 0.03664857 0.03478997 0.04321193 0.04046183 0.03467404 0.0470339 0.02725052 0.03652316 0.03664857 0.04046183 0.03467404 0.0470339 0.02725052 0.04046183 0.03467404 0.04763406 0.02849799 0.05781394 0.02423512 0.0470339 0.02725052 0.04763406 0.02849799 0.05781394 0.02423512 0.04763406 0.02849799 0.05576705 0.02569341 0.02813118 0.123391 0.03335744 0.1434705 0.0325129 0.1339221 0.6212735 0.7180652 0.6608374 0.7221324 0.6213545 0.7118361 0.04903864 0.1543369 0.05162489 0.1539319 0.04394376 0.1498873 0.04903864 0.1543369 0.05949062 0.1557177 0.05162489 0.1539319 0.0409699 0.1498208 0.04903864 0.1543369 0.04394376 0.1498873 0.6196913 0.7048859 0.6274705 0.7024498 0.6173294 0.7031497 0.0409699 0.1498208 0.04394376 0.1498873 0.03761357 0.1431809 0.6212735 0.7180652 0.6201354 0.7398942 0.6608374 0.7221324 0.6201354 0.7398942 0.6418471 0.7412639 0.6608374 0.7221324 0.6402943 0.7512174 0.6129662 0.7506007 0.6033597 0.75273 0.6402943 0.7512174 0.6033597 0.75273 0.6387161 0.7540037 0.6387161 0.7540037 0.6033597 0.75273 0.6202565 0.7556717 0.6133399 0.7464655 0.6129662 0.7506007 0.6402943 0.7512174 0.6687035 0.74774 0.6133399 0.7464655 0.6402943 0.7512174 0.6418471 0.7412639 0.6201354 0.7398942 0.6133399 0.7464655 0.6418471 0.7412639 0.6133399 0.7464655 0.6687035 0.74774 0.6129662 0.7506007 0.5982236 0.7498938 0.6033597 0.75273 0.6033597 0.75273 0.6020323 0.7545792 0.6100123 0.7550756 0.6133399 0.7464655 0.6022076 0.7453336 0.5982236 0.7498938 0.6133399 0.7464655 0.5982236 0.7498938 0.6129662 0.7506007 0.6033597 0.75273 0.6100123 0.7550756 0.6202565 0.7556717 0.6054211 0.7335588 0.6022076 0.7453336 0.6133399 0.7464655 0.6201354 0.7398942 0.6054211 0.7335588 0.6133399 0.7464655 0.6201354 0.7398942 0.6212735 0.7180652 0.6056362 0.7183908 0.6201354 0.7398942 0.6056362 0.7183908 0.6054211 0.7335588 0.5951357 0.7074869 0.6168665 0.7079055 0.6196913 0.7048859 0.5951357 0.7074869 0.6196913 0.7048859 0.5979984 0.7036386 0.5979984 0.7036386 0.6196913 0.7048859 0.6094483 0.7033669 0.5979984 0.7036386 0.6094483 0.7033669 0.6020836 0.7028941 0.6049852 0.7114396 0.6168665 0.7079055 0.5951357 0.7074869 0.6196913 0.7048859 0.6173294 0.7031497 0.6094483 0.7033669 0.6049852 0.7114396 0.6213545 0.7118361 0.6168665 0.7079055 0.6056362 0.7183908 0.6212735 0.7180652 0.6213545 0.7118361 0.6056362 0.7183908 0.6213545 0.7118361 0.6049852 0.7114396 0.5551748 0.6723962 0.5610951 0.6718052 0.5568207 0.6666232 0.5568207 0.6666232 0.5610951 0.6718052 0.5640062 0.6686827 0.5551748 0.6723962 0.5568207 0.6666232 0.5526881 0.6676351 0.5526289 0.6747976 0.5551748 0.6723962 0.5526881 0.6676351 0.5526289 0.6747976 0.5526881 0.6676351 0.5502436 0.6738081 0.5502436 0.6738081 0.5526881 0.6676351 0.5484322 0.672127 0.5309876 0.7106268 0.5457546 0.7003144 0.5412124 0.6993271 0.5309876 0.7106268 0.5412124 0.6993271 0.5342916 0.7036276 0.532193 0.7123808 0.5457546 0.7003144 0.5309876 0.7106268 0.532193 0.7123808 0.5509281 0.7042336 0.5457546 0.7003144 0.5318146 0.7164124 0.5509281 0.7042336 0.532193 0.7123808 0.5412124 0.6993271 0.5457546 0.7003144 0.5442448 0.6956428 0.5318146 0.7164124 0.5637011 0.7169574 0.5509281 0.7042336 0.5467185 0.7219464 0.5637011 0.7169574 0.5318146 0.7164124 0.5677288 0.7308824 0.5637011 0.7169574 0.5467185 0.7219464 0.5786555 0.7430579 0.5773984 0.7246507 0.5677288 0.7308824 0.5677868 0.7437182 0.5786555 0.7430579 0.5677288 0.7308824 0.5840321 0.7492263 0.5695949 0.7483416 0.5820057 0.751767 0.5820057 0.751767 0.5719785 0.7536347 0.5797048 0.7538289 0.5786555 0.7430579 0.5677868 0.7437182 0.5695949 0.7483416 0.5786555 0.7430579 0.5695949 0.7483416 0.5840321 0.7492263 0.586439 0.7445821 0.5858619 0.7325055 0.5786555 0.7430579 0.5820057 0.751767 0.5797048 0.7538289 0.5870999 0.7539374 0.586439 0.7445821 0.5786555 0.7430579 0.5840321 0.7492263 0.5982236 0.7498938 0.5840321 0.7492263 0.5820057 0.751767 0.5982236 0.7498938 0.5820057 0.751767 0.6033597 0.75273 0.6033597 0.75273 0.5820057 0.751767 0.5870999 0.7539374 0.6033597 0.75273 0.5870999 0.7539374 0.5944278 0.7541844 0.5941872 0.7452905 0.586439 0.7445821 0.5840321 0.7492263 0.5941872 0.7452905 0.5840321 0.7492263 0.5982236 0.7498938 0.5695949 0.7483416 0.5384623 0.7410179 0.5459698 0.7464177 0.5677868 0.7437182 0.5384623 0.7410179 0.5695949 0.7483416 0.5695949 0.7483416 0.5459698 0.7464177 0.5820057 0.751767 0.5820057 0.751767 0.5459698 0.7464177 0.56409 0.7531022 0.5820057 0.751767 0.56409 0.7531022 0.5719785 0.7536347 0.5459698 0.7464177 0.5458654 0.7490609 0.56409 0.7531022 0.5677868 0.7437182 0.533742 0.736406 0.5384623 0.7410179 0.5410697 0.7343091 0.533742 0.736406 0.5677868 0.7437182 0.5677868 0.7437182 0.5677288 0.7308824 0.5410697 0.7343091 0.5410697 0.7343091 0.5677288 0.7308824 0.5467185 0.7219464 0.5316098 0.7272388 0.5410697 0.7343091 0.5467185 0.7219464 0.5318146 0.7164124 0.5316098 0.7272388 0.5467185 0.7219464 0.5275222 0.727223 0.5281375 0.7161788 0.5235797 0.7177947 0.5275222 0.727223 0.5235797 0.7177947 0.5236362 0.7265831 0.5316098 0.7272388 0.5318146 0.7164124 0.5281375 0.7161788 0.5316098 0.7272388 0.5281375 0.7161788 0.5275222 0.727223 0.5281375 0.7161788 0.5262774 0.7107191 0.5235797 0.7177947 0.5309876 0.7106268 0.5342916 0.7036276 0.5262774 0.7107191 0.5281375 0.7161788 0.5309876 0.7106268 0.5262774 0.7107191 0.5318146 0.7164124 0.532193 0.7123808 0.5309876 0.7106268 0.5318146 0.7164124 0.5309876 0.7106268 0.5281375 0.7161788 0.6033597 0.75273 0.5944278 0.7541844 0.6020323 0.7545792 0.6022076 0.7453336 0.5941872 0.7452905 0.5982236 0.7498938 0.5939382 0.7336736 0.5858619 0.7325055 0.586439 0.7445821 0.5939382 0.7336736 0.586439 0.7445821 0.5941872 0.7452905 0.6022076 0.7453336 0.6054211 0.7335588 0.5939382 0.7336736 0.6022076 0.7453336 0.5939382 0.7336736 0.5941872 0.7452905 0.5933443 0.7178375 0.5847535 0.7163296 0.5858619 0.7325055 0.5933443 0.7178375 0.5858619 0.7325055 0.5939382 0.7336736 0.6054211 0.7335588 0.6056362 0.7183908 0.5933443 0.7178375 0.6054211 0.7335588 0.5933443 0.7178375 0.5939382 0.7336736 0.5849207 0.7000632 0.5951357 0.7074869 0.5979984 0.7036386 0.5849207 0.7000632 0.5979984 0.7036386 0.5856058 0.6967048 0.5856058 0.6967048 0.5979984 0.7036386 0.5955181 0.7012283 0.5856058 0.6967048 0.5955181 0.7012283 0.5896537 0.6981087 0.5789716 0.6994193 0.5951357 0.7074869 0.5849207 0.7000632 0.5847535 0.7163296 0.5933443 0.7178375 0.5951357 0.7074869 0.5847535 0.7163296 0.5951357 0.7074869 0.5789716 0.6994193 0.5979984 0.7036386 0.6020836 0.7028941 0.5955181 0.7012283 0.5933443 0.7178375 0.6056362 0.7183908 0.6049852 0.7114396 0.5933443 0.7178375 0.6049852 0.7114396 0.5951357 0.7074869 0.5690529 0.6792474 0.5856058 0.6967048 0.5797765 0.6871086 0.5690529 0.6792474 0.5797765 0.6871086 0.5725401 0.6764524 0.5608631 0.6777847 0.5789716 0.6994193 0.5690529 0.6792474 0.5608631 0.6777847 0.5693482 0.6941683 0.5789716 0.6994193 0.5610951 0.6718052 0.5690529 0.6792474 0.5725401 0.6764524 0.5610951 0.6718052 0.5725401 0.6764524 0.5640062 0.6686827 0.5608631 0.6777847 0.5690529 0.6792474 0.5610951 0.6718052 0.5551748 0.6723962 0.5608631 0.6777847 0.5610951 0.6718052 0.5608631 0.6777847 0.5551748 0.6723962 0.5526289 0.6747976 0.5507257 0.6906557 0.5526289 0.6747976 0.5502436 0.6738081 0.5507257 0.6906557 0.5502436 0.6738081 0.5479291 0.6907253 0.5479291 0.6907253 0.5502436 0.6738081 0.5458815 0.6898136 0.554875 0.6887093 0.5526289 0.6747976 0.5507257 0.6906557 0.5608631 0.6777847 0.5526289 0.6747976 0.554875 0.6887093 0.5502436 0.6738081 0.5484322 0.672127 0.5458815 0.6898136 0.5457546 0.7003144 0.5507257 0.6906557 0.5479291 0.6907253 0.5457546 0.7003144 0.5479291 0.6907253 0.5458815 0.6898136 0.5457546 0.7003144 0.5458815 0.6898136 0.5442448 0.6956428 0.5509281 0.7042336 0.554875 0.6887093 0.5507257 0.6906557 0.5509281 0.7042336 0.5507257 0.6906557 0.5457546 0.7003144 0.5638123 0.7058324 0.554875 0.6887093 0.5509281 0.7042336 0.5509281 0.7042336 0.5637011 0.7169574 0.5638123 0.7058324 0.5637011 0.7169574 0.5773984 0.7246507 0.5756921 0.7106187 0.5637011 0.7169574 0.5756921 0.7106187 0.5638123 0.7058324 0.5637011 0.7169574 0.5677288 0.7308824 0.5773984 0.7246507 0.5847535 0.7163296 0.5756921 0.7106187 0.5773984 0.7246507 0.5773984 0.7246507 0.5858619 0.7325055 0.5847535 0.7163296 0.5847535 0.7163296 0.5789716 0.6994193 0.5756921 0.7106187 0.5693482 0.6941683 0.5638123 0.7058324 0.5756921 0.7106187 0.5856058 0.6967048 0.5896537 0.6981087 0.5843711 0.6932986 0.5693482 0.6941683 0.5756921 0.7106187 0.5789716 0.6994193 0.5690529 0.6792474 0.5849207 0.7000632 0.5856058 0.6967048 0.5856058 0.6967048 0.5843711 0.6932986 0.5797765 0.6871086 0.5789716 0.6994193 0.5849207 0.7000632 0.5690529 0.6792474 0.5693482 0.6941683 0.5608631 0.6777847 0.5638123 0.7058324 0.5638123 0.7058324 0.5608631 0.6777847 0.554875 0.6887093 0.5773984 0.7246507 0.5786555 0.7430579 0.5858619 0.7325055 0.3701937 0.562272 0.3699718 0.5383242 0.3677435 0.5489683 0.308229 0.8855987 0.3112512 0.8447881 0.3088403 0.8644722 0.9732726 0.7373044 0.9463243 0.7451607 0.953335 0.7461454 0.3422703 0.5184523 0.3373888 0.5213038 0.3406725 0.5208364 0.3373888 0.5213038 0.3339207 0.5254092 0.3345286 0.5273681 0.3373888 0.5213038 0.3345286 0.5273681 0.3406725 0.5208364 0.7832046 0.2897967 0.7830982 0.2947613 0.7871833 0.2941158 0.7194885 0.225767 0.7486266 0.259514 0.7270864 0.2331233 0.6285679 0.9628371 0.6360753 0.9385752 0.6299811 0.9431678 0.6285679 0.9628371 0.6299811 0.9431678 0.6230992 0.947302 0.6160767 0.9505049 0.6285679 0.9628371 0.6230992 0.947302 0.7486266 0.259514 0.7636863 0.2684649 0.7499035 0.2550267 0.7486266 0.259514 0.7752612 0.2807326 0.7636863 0.2684649 0.7486266 0.259514 0.7499035 0.2550267 0.7270864 0.2331233 0.3305029 0.5374998 0.3299367 0.5502337 0.3320074 0.5404547 0.3112512 0.8447881 0.3075684 0.844096 0.3088403 0.8644722 0.9186794 0.8002769 0.9219143 0.8381111 0.9225048 0.8110806 0.9186794 0.8002769 0.9225048 0.8110806 0.9231334 0.7924748 0.367586 0.5262235 0.364668 0.5221989 0.362259 0.5223639 0.367586 0.5262235 0.362259 0.5223639 0.3670819 0.5286076 0.3691937 0.5309779 0.367586 0.5262235 0.3670819 0.5286076 0.3112512 0.8447881 0.3063538 0.8361172 0.3075684 0.844096 0.3699718 0.5383242 0.3691937 0.5309779 0.3670819 0.5286076 0.3699718 0.5383242 0.3670819 0.5286076 0.3677435 0.5489683 0.3339207 0.5254092 0.3317683 0.5304465 0.3345286 0.5273681 0.3317683 0.5304465 0.3305029 0.5374998 0.3320074 0.5404547 0.3317683 0.5304465 0.3320074 0.5404547 0.3345286 0.5273681 0.3482421 0.5170993 0.3422703 0.5184523 0.3406725 0.5208364 0.3482421 0.5170993 0.3406725 0.5208364 0.3523755 0.5194357 0.3545456 0.5173551 0.3482421 0.5170993 0.3523755 0.5194357 0.360251 0.5191451 0.3545456 0.5173551 0.3523755 0.5194357 0.360251 0.5191451 0.3523755 0.5194357 0.362259 0.5223639 0.364668 0.5221989 0.360251 0.5191451 0.362259 0.5223639 0.9239287 0.7829734 0.9186794 0.8002769 0.9231334 0.7924748 0.9463243 0.7451607 0.9451259 0.7502669 0.953335 0.7461454 0.9463243 0.7451607 0.9383893 0.7547943 0.9451259 0.7502669 0.3326007 0.5683491 0.3455085 0.5507692 0.3320074 0.5404547 0.362259 0.5223639 0.3677435 0.5489683 0.3670819 0.5286076 0.362259 0.5223639 0.3593707 0.5542992 0.3677435 0.5489683 0.3523755 0.5194357 0.3593707 0.5542992 0.362259 0.5223639 0.3455085 0.5507692 0.3593707 0.5542992 0.3523755 0.5194357 0.3455085 0.5507692 0.3523755 0.5194357 0.3406725 0.5208364 0.3320074 0.5404547 0.3406725 0.5208364 0.3345286 0.5273681 0.3455085 0.5507692 0.3406725 0.5208364 0.3320074 0.5404547 0.6086061 0.9709835 0.6097896 0.9523529 0.6057548 0.9543207 0.6027092 0.9724358 0.6086061 0.9709835 0.6057548 0.9543207 0.6027092 0.9724358 0.6057548 0.9543207 0.6014508 0.9558114 0.5914155 0.9672197 0.6027092 0.9724358 0.6014508 0.9558114 0.5914155 0.9672197 0.6014508 0.9558114 0.5954852 0.9567746 0.9752101 0.7193932 0.9682232 0.7236027 0.9732726 0.7373044 0.9752101 0.7193932 0.9732726 0.7373044 0.9803246 0.7336016 0.9682232 0.7236027 0.9463243 0.7451607 0.9732726 0.7373044 0.312834 0.7940338 0.2941922 0.7982186 0.2968372 0.804192 0.7657018 0.289033 0.7695081 0.294375 0.7832046 0.2897967 0.7657018 0.289033 0.7832046 0.2897967 0.7752612 0.2807326 0.9788832 0.7165815 0.9752101 0.7193932 0.9803246 0.7336016 0.9788832 0.7165815 0.9803246 0.7336016 0.9846898 0.730505 0.7695081 0.294375 0.7715405 0.2983091 0.7830982 0.2947613 0.7695081 0.294375 0.7830982 0.2947613 0.7832046 0.2897967 0.7049947 0.232679 0.7486266 0.259514 0.7194885 0.225767 0.7049947 0.232679 0.7194885 0.225767 0.7142665 0.2203416 0.6974942 0.2241744 0.7049947 0.232679 0.7142665 0.2203416 0.6974942 0.2241744 0.7142665 0.2203416 0.7099767 0.2155027 0.6439521 0.9531283 0.6503705 0.947548 0.6409627 0.9339426 0.6439521 0.9531283 0.6409627 0.9339426 0.6360753 0.9385752 0.6285679 0.9628371 0.6439521 0.9531283 0.6360753 0.9385752 0.6503705 0.947548 0.6554989 0.9417834 0.6446119 0.9294696 0.6503705 0.947548 0.6446119 0.9294696 0.6409627 0.9339426 0.7486266 0.259514 0.7657018 0.289033 0.7752612 0.2807326 0.2937902 0.7711453 0.2818538 0.7570886 0.2716791 0.7663936 0.2937902 0.7711453 0.2716791 0.7663936 0.2803314 0.7754691 0.3204409 0.8319773 0.3051683 0.830462 0.3063538 0.8361172 0.322362 0.8451641 0.3204409 0.8319773 0.3063538 0.8361172 0.322362 0.8451641 0.3063538 0.8361172 0.3112512 0.8447881 0.2913475 0.7927311 0.3006215 0.7800825 0.2869069 0.7855883 0.3006215 0.7800825 0.2937902 0.7711453 0.2803314 0.7754691 0.3006215 0.7800825 0.2803314 0.7754691 0.2869069 0.7855883 0.3161932 0.8026177 0.312834 0.7940338 0.2968372 0.804192 0.3161932 0.8026177 0.2968372 0.804192 0.2993949 0.810805 0.3169289 0.8173097 0.3161932 0.8026177 0.2993949 0.810805 0.3169289 0.8173097 0.2993949 0.810805 0.3017252 0.8177189 0.3169289 0.8173097 0.3017252 0.8177189 0.3036371 0.82439 0.3204409 0.8319773 0.3169289 0.8173097 0.3036371 0.82439 0.3204409 0.8319773 0.3036371 0.82439 0.3051683 0.830462 0.9255381 0.7747111 0.9107232 0.7918164 0.9239287 0.7829734 0.9107232 0.7918164 0.9186794 0.8002769 0.9239287 0.7829734 0.6554989 0.9417834 0.6596176 0.9356184 0.64749 0.9249817 0.6554989 0.9417834 0.64749 0.9249817 0.6446119 0.9294696 0.6980282 0.215488 0.6974942 0.2241744 0.7099767 0.2155027 0.6980282 0.215488 0.7099767 0.2155027 0.7064646 0.2111993 0.4943155 0.8326765 0.5014776 0.8397051 0.510837 0.8330238 0.4943155 0.8326765 0.510837 0.8330238 0.5036999 0.8282432 0.5036999 0.8282432 0.4946072 0.8189627 0.4943155 0.8326765 0.4940905 0.7743064 0.4982912 0.7804353 0.5017735 0.7766972 0.4940905 0.7743064 0.5017735 0.7766972 0.4956732 0.7673859 0.614437 0.9690247 0.621011 0.9664128 0.6160767 0.9505049 0.614437 0.9690247 0.6160767 0.9505049 0.6097896 0.9523529 0.4940905 0.7743064 0.48915 0.7715632 0.4904215 0.7812189 0.4882501 0.7672436 0.4940905 0.7743064 0.4956732 0.7673859 0.6086061 0.9709835 0.614437 0.9690247 0.6097896 0.9523529 0.48915 0.7715632 0.4940905 0.7743064 0.4882501 0.7672436 0.4882501 0.7672436 0.4956732 0.7673859 0.4814618 0.7599051 0.4806264 0.7751025 0.4904215 0.7812189 0.48915 0.7715632 0.4806264 0.7751025 0.4720496 0.7872884 0.4904215 0.7812189 0.5949777 0.973536 0.6027092 0.9724358 0.5914155 0.9672197 0.4773044 0.7676401 0.48915 0.7715632 0.4882501 0.7672436 0.4806264 0.7751025 0.48915 0.7715632 0.4773044 0.7676401 0.4724246 0.7619365 0.4882501 0.7672436 0.4814618 0.7599051 0.4773044 0.7676401 0.4882501 0.7672436 0.4724246 0.7619365 0.5736457 0.9742302 0.5949777 0.973536 0.5914155 0.9672197 0.4724246 0.7619365 0.4814618 0.7599051 0.4591301 0.7560478 0.440016 0.7650545 0.4773044 0.7676401 0.4724246 0.7619365 0.4400801 0.7723491 0.4806264 0.7751025 0.4773044 0.7676401 0.4400801 0.7723491 0.4773044 0.7676401 0.440016 0.7650545 0.4720496 0.7872884 0.4806264 0.7751025 0.4400801 0.7723491 0.4366188 0.760385 0.4724246 0.7619365 0.4591301 0.7560478 0.440016 0.7650545 0.4724246 0.7619365 0.4366188 0.760385 0.4366188 0.760385 0.4591301 0.7560478 0.4348731 0.7558247 0.5503712 0.9742929 0.5736457 0.9742302 0.5914155 0.9672197 0.4273973 0.8391188 0.4685077 0.8375273 0.4525806 0.8268536 0.4539574 0.8517735 0.4685077 0.8375273 0.4273973 0.8391188 0.6124404 0.2283415 0.6314511 0.2166231 0.5919812 0.2163535 0.2922919 0.7619951 0.2852575 0.7539802 0.2818538 0.7570886 0.3278519 0.8645655 0.322362 0.8451641 0.3226332 0.8862698 0.3226332 0.8862698 0.322362 0.8451641 0.3112512 0.8447881 0.6089842 0.3543086 0.5891056 0.3582537 0.6350017 0.3586918 0.9703636 0.7164805 0.9682232 0.7236027 0.9752101 0.7193932 0.9714843 0.7125731 0.9641483 0.7157159 0.9703636 0.7164805 0.7420868 0.2934003 0.7324802 0.3220065 0.7571592 0.3065581 0.7280182 0.3048561 0.7324802 0.3220065 0.7420868 0.2934003 0.7280182 0.3048561 0.7166101 0.2862465 0.7164322 0.305182 0.7066771 0.3106465 0.6921625 0.2716772 0.6831088 0.2753308 0.7066771 0.3106465 0.6831088 0.2753308 0.6961305 0.316062 0.6831088 0.2753308 0.6776964 0.2953144 0.6961305 0.316062 0.6776964 0.2953144 0.6708027 0.2645755 0.6617233 0.2679535 0.6776964 0.2953144 0.6617233 0.2679535 0.6677817 0.297814 0.6617233 0.2679535 0.6568099 0.288643 0.6677817 0.297814 0.6617233 0.2679535 0.6488802 0.2674535 0.6568099 0.288643 0.312834 0.7940338 0.3092544 0.7858467 0.2941922 0.7982186 0.6473138 0.2825379 0.6430694 0.2834907 0.6469599 0.2907143 0.6488802 0.2674535 0.6473138 0.2825379 0.6568099 0.288643 0.3092544 0.7858467 0.305308 0.7792931 0.3006215 0.7800825 0.3092544 0.7858467 0.3006215 0.7800825 0.2913475 0.7927311 0.3092544 0.7858467 0.2913475 0.7927311 0.2941922 0.7982186 0.6473138 0.2825379 0.6317908 0.2730019 0.6375834 0.2790861 0.6473138 0.2825379 0.6375834 0.2790861 0.6430694 0.2834907 0.6488802 0.2674535 0.6317908 0.2730019 0.6473138 0.2825379 0.6132994 0.2540488 0.6488802 0.2674535 0.6472322 0.2533736 0.6472322 0.2533736 0.6456488 0.2390583 0.6132994 0.2540488 0.6456488 0.2390583 0.5808935 0.2419338 0.6132994 0.2540488 0.6456488 0.2390583 0.6124404 0.2283415 0.5808935 0.2419338 0.4673804 0.8505687 0.4685077 0.8375273 0.4539574 0.8517735 0.4598437 0.814906 0.4326884 0.8153319 0.4525806 0.8268536 0.4598437 0.814906 0.4403662 0.8036253 0.4326884 0.8153319 0.473843 0.8032504 0.4720496 0.7872884 0.4403662 0.8036253 0.4598437 0.814906 0.473843 0.8032504 0.4403662 0.8036253 0.4720496 0.7872884 0.4139965 0.7927932 0.4403662 0.8036253 0.4720496 0.7872884 0.405252 0.7834841 0.4139965 0.7927932 0.4720496 0.7872884 0.4400801 0.7723491 0.405252 0.7834841 0.4826429 0.8139068 0.473843 0.8032504 0.4598437 0.814906 0.4525806 0.8268536 0.4828216 0.8245891 0.4826429 0.8139068 0.4525806 0.8268536 0.4826429 0.8139068 0.4598437 0.814906 0.4685077 0.8375273 0.4828216 0.8245891 0.4525806 0.8268536 0.4673804 0.8505687 0.4798445 0.8481131 0.4685077 0.8375273 0.6468947 0.2284483 0.6464897 0.2171959 0.6314511 0.2166231 0.6314511 0.2166231 0.6124404 0.2283415 0.6468947 0.2284483 0.6124404 0.2283415 0.6456488 0.2390583 0.6468947 0.2284483 0.6589018 0.2417806 0.6456488 0.2390583 0.6472322 0.2533736 0.6472322 0.2533736 0.6617233 0.2679535 0.6589018 0.2417806 0.6708027 0.2645755 0.6683678 0.2335355 0.6589018 0.2417806 0.6708027 0.2645755 0.6589018 0.2417806 0.6617233 0.2679535 0.6472322 0.2533736 0.6488802 0.2674535 0.6617233 0.2679535 0.6831088 0.2753308 0.6782128 0.2415387 0.6708027 0.2645755 0.6708027 0.2645755 0.6776964 0.2953144 0.6831088 0.2753308 0.6921625 0.2716772 0.7164322 0.305182 0.7017769 0.2607611 0.7166101 0.2862465 0.7017769 0.2607611 0.7164322 0.305182 0.6921625 0.2716772 0.7066771 0.3106465 0.7164322 0.305182 0.7420868 0.2934003 0.7344036 0.2684503 0.7166101 0.2862465 0.7166101 0.2862465 0.7280182 0.3048561 0.7420868 0.2934003 0.7494818 0.2840442 0.7652531 0.298919 0.7647069 0.2943187 0.7647069 0.2943187 0.7695081 0.294375 0.7657018 0.289033 0.7494818 0.2840442 0.7632971 0.3014806 0.7652531 0.298919 0.7420868 0.2934003 0.7571592 0.3065581 0.7632971 0.3014806 0.7420868 0.2934003 0.7632971 0.3014806 0.7494818 0.2840442 0.9760594 0.7124468 0.9703636 0.7164805 0.9752101 0.7193932 0.9760594 0.7124468 0.9752101 0.7193932 0.9788832 0.7165815 0.9743526 0.7111123 0.9714843 0.7125731 0.9703636 0.7164805 0.9743526 0.7111123 0.9703636 0.7164805 0.9760594 0.7124468 0.7647069 0.2943187 0.7652531 0.298919 0.7715405 0.2983091 0.7647069 0.2943187 0.7715405 0.2983091 0.7695081 0.294375 0.7082686 0.245168 0.7344036 0.2684503 0.7112753 0.2432791 0.6947821 0.2283637 0.7112753 0.2432791 0.7049947 0.232679 0.6981048 0.2383125 0.7082686 0.245168 0.7112753 0.2432791 0.6981048 0.2383125 0.7112753 0.2432791 0.6947821 0.2283637 0.6947821 0.2283637 0.7049947 0.232679 0.6974942 0.2241744 0.6877762 0.2331227 0.6981048 0.2383125 0.6947821 0.2283637 0.6801604 0.2189671 0.6782128 0.2415387 0.6877762 0.2331227 0.6683678 0.2335355 0.6782128 0.2415387 0.6801604 0.2189671 0.6801604 0.2189671 0.6693029 0.2183487 0.6683678 0.2335355 0.6596058 0.21775 0.6589018 0.2417806 0.6683678 0.2335355 0.6693029 0.2183487 0.6596058 0.21775 0.6683678 0.2335355 0.5014776 0.8397051 0.4943155 0.8326765 0.4922252 0.8442195 0.6464897 0.2171959 0.6468947 0.2284483 0.6596058 0.21775 0.4943155 0.8326765 0.4685077 0.8375273 0.4798445 0.8481131 0.4943155 0.8326765 0.4798445 0.8481131 0.4922252 0.8442195 0.4943155 0.8326765 0.4828216 0.8245891 0.4685077 0.8375273 0.4946072 0.8189627 0.4826429 0.8139068 0.4828216 0.8245891 0.4943155 0.8326765 0.4946072 0.8189627 0.4828216 0.8245891 0.4826429 0.8139068 0.4915841 0.8034852 0.473843 0.8032504 0.4826429 0.8139068 0.4946072 0.8189627 0.4915841 0.8034852 0.489829 0.7936092 0.473843 0.8032504 0.4915841 0.8034852 0.489829 0.7936092 0.4904215 0.7812189 0.4720496 0.7872884 0.4720496 0.7872884 0.473843 0.8032504 0.489829 0.7936092 0.5020093 0.7974568 0.5078976 0.8034027 0.5062046 0.7941709 0.4966875 0.7892885 0.4994633 0.8079609 0.5020093 0.7974568 0.489829 0.7936092 0.4915841 0.8034852 0.4994633 0.8079609 0.489829 0.7936092 0.4994633 0.8079609 0.4966875 0.7892885 0.5020093 0.7974568 0.5086271 0.8194519 0.5102178 0.8118563 0.5020093 0.7974568 0.5102178 0.8118563 0.5078976 0.8034027 0.4994633 0.8079609 0.5086271 0.8194519 0.5020093 0.7974568 0.4915841 0.8034852 0.4946072 0.8189627 0.4994633 0.8079609 0.4982912 0.7804353 0.5020093 0.7974568 0.5062046 0.7941709 0.4982912 0.7804353 0.5062046 0.7941709 0.5043434 0.7849549 0.6285679 0.9628371 0.636503 0.9583575 0.6439521 0.9531283 0.4966875 0.7892885 0.5020093 0.7974568 0.4982912 0.7804353 0.4904215 0.7812189 0.489829 0.7936092 0.4966875 0.7892885 0.4982912 0.7804353 0.5043434 0.7849549 0.5017735 0.7766972 0.621011 0.9664128 0.6285679 0.9628371 0.6160767 0.9505049 0.4940905 0.7743064 0.4966875 0.7892885 0.4982912 0.7804353 0.4904215 0.7812189 0.4966875 0.7892885 0.4940905 0.7743064 0.5086271 0.8194519 0.5140083 0.8188604 0.5102178 0.8118563 0.4994633 0.8079609 0.5036999 0.8282432 0.5086271 0.8194519 0.4946072 0.8189627 0.5036999 0.8282432 0.4994633 0.8079609 0.6468947 0.2284483 0.6456488 0.2390583 0.6589018 0.2417806 0.6468947 0.2284483 0.6589018 0.2417806 0.6596058 0.21775 0.6683678 0.2335355 0.6708027 0.2645755 0.6782128 0.2415387 0.7017769 0.2607611 0.6981048 0.2383125 0.6877762 0.2331227 0.6921625 0.2716772 0.7017769 0.2607611 0.6877762 0.2331227 0.6782128 0.2415387 0.6831088 0.2753308 0.6921625 0.2716772 0.6782128 0.2415387 0.6921625 0.2716772 0.6877762 0.2331227 0.7017769 0.2607611 0.7082686 0.245168 0.6981048 0.2383125 0.7017769 0.2607611 0.7344036 0.2684503 0.7082686 0.245168 0.7017769 0.2607611 0.7166101 0.2862465 0.7344036 0.2684503 0.7420868 0.2934003 0.7494818 0.2840442 0.7344036 0.2684503 0.7344036 0.2684503 0.7494818 0.2840442 0.7423006 0.2719571 0.7426713 0.2676296 0.7657018 0.289033 0.7486266 0.259514 0.7423006 0.2719571 0.7647069 0.2943187 0.7657018 0.289033 0.7423006 0.2719571 0.7657018 0.289033 0.7426713 0.2676296 0.7494818 0.2840442 0.7647069 0.2943187 0.7423006 0.2719571 0.7112753 0.2432791 0.7423006 0.2719571 0.7426713 0.2676296 0.7112753 0.2432791 0.7426713 0.2676296 0.7049947 0.232679 0.7049947 0.232679 0.7426713 0.2676296 0.7486266 0.259514 0.7344036 0.2684503 0.7423006 0.2719571 0.7112753 0.2432791 0.2999795 0.7716551 0.2922919 0.7619951 0.2937902 0.7711453 0.6317908 0.2730019 0.6186128 0.274837 0.6261988 0.2754068 0.2922919 0.7619951 0.2818538 0.7570886 0.2937902 0.7711453 0.6317908 0.2730019 0.586932 0.2731015 0.6186128 0.274837 0.6488802 0.2674535 0.586932 0.2731015 0.6317908 0.2730019 0.6090299 0.3370888 0.6372884 0.3331511 0.6276649 0.3316206 0.6090299 0.3370888 0.6276649 0.3316206 0.6191271 0.3322525 0.3278519 0.8645655 0.3272531 0.8505653 0.322362 0.8451641 0.6090299 0.3370888 0.6089842 0.3543086 0.6476333 0.3567963 0.8998785 0.8086548 0.8990314 0.8380729 0.9031088 0.8380758 0.9043853 0.7951679 0.909307 0.8368586 0.9107232 0.7918164 0.9107232 0.7918164 0.909307 0.8368586 0.9186794 0.8002769 0.9043853 0.7951679 0.9031088 0.8380758 0.909307 0.8368586 0.8998785 0.8086548 0.9031088 0.8380758 0.9043853 0.7951679 0.6476333 0.3567963 0.6089842 0.3543086 0.6350017 0.3586918 0.6509228 0.3357513 0.6090299 0.3370888 0.6476333 0.3567963 0.3259649 0.8378343 0.3244277 0.8276589 0.3204409 0.8319773 0.6372884 0.3331511 0.6510857 0.3212354 0.6449808 0.3229279 0.6372884 0.3331511 0.6449808 0.3229279 0.6395018 0.327694 0.6509228 0.3357513 0.6510857 0.3212354 0.6372884 0.3331511 0.6476333 0.3567963 0.657757 0.3548979 0.6509228 0.3357513 0.3259649 0.8378343 0.3204409 0.8319773 0.322362 0.8451641 0.6372884 0.3331511 0.6395018 0.327694 0.6336304 0.330326 0.3272531 0.8505653 0.3259649 0.8378343 0.322362 0.8451641 0.6372884 0.3331511 0.6336304 0.330326 0.6276649 0.3316206 0.6090299 0.3370888 0.6509228 0.3357513 0.6372884 0.3331511 0.305308 0.7792931 0.2999795 0.7716551 0.3006215 0.7800825 0.6317908 0.2730019 0.6318929 0.2766307 0.6375834 0.2790861 0.2999795 0.7716551 0.2937902 0.7711453 0.3006215 0.7800825 0.6317908 0.2730019 0.6261988 0.2754068 0.6318929 0.2766307 0.6473138 0.2825379 0.6469599 0.2907143 0.649109 0.2989576 0.3193022 0.8112525 0.3161932 0.8026177 0.3169289 0.8173097 0.6510857 0.3212354 0.6473138 0.2825379 0.649109 0.2989576 0.6510857 0.3212354 0.649109 0.2989576 0.6495298 0.3074961 0.6568099 0.288643 0.6473138 0.2825379 0.6510857 0.3212354 0.6611749 0.3211132 0.6677817 0.297814 0.6568099 0.288643 0.3220385 0.8196555 0.3193022 0.8112525 0.3169289 0.8173097 0.6510857 0.3212354 0.6495298 0.3074961 0.6482102 0.3156998 0.6611749 0.3211132 0.6568099 0.288643 0.6510857 0.3212354 0.6611749 0.3211132 0.681406 0.347779 0.6677817 0.297814 0.3244277 0.8276589 0.3220385 0.8196555 0.3169289 0.8173097 0.3244277 0.8276589 0.3169289 0.8173097 0.3204409 0.8319773 0.6510857 0.3212354 0.6482102 0.3156998 0.6449808 0.3229279 0.6510857 0.3212354 0.6509228 0.3357513 0.6611749 0.3211132 0.669016 0.3518909 0.681406 0.347779 0.6611749 0.3211132 0.6509228 0.3357513 0.657757 0.3548979 0.669016 0.3518909 0.6509228 0.3357513 0.669016 0.3518909 0.6611749 0.3211132 0.9114503 0.7752823 0.9107232 0.7918164 0.9255381 0.7747111 0.9035719 0.7692354 0.9013448 0.7814151 0.9070113 0.7743604 0.9070113 0.7743604 0.9043853 0.7951679 0.9107232 0.7918164 0.9070113 0.7743604 0.9107232 0.7918164 0.9114503 0.7752823 0.9013448 0.7814151 0.8998785 0.8086548 0.9043853 0.7951679 0.9013448 0.7814151 0.9043853 0.7951679 0.9070113 0.7743604 0.9256065 0.7475186 0.9327059 0.7603699 0.9383893 0.7547943 0.9239544 0.7361117 0.9148625 0.7454265 0.9222394 0.7441653 0.9222394 0.7441653 0.9132137 0.7592918 0.9256065 0.7475186 0.9256065 0.7475186 0.9132137 0.7592918 0.9283962 0.7670614 0.9256065 0.7475186 0.9283962 0.7670614 0.9327059 0.7603699 0.9148625 0.7454265 0.9079034 0.7568152 0.9132137 0.7592918 0.9148625 0.7454265 0.9132137 0.7592918 0.9222394 0.7441653 0.9132137 0.7592918 0.9070113 0.7743604 0.9114503 0.7752823 0.9132137 0.7592918 0.9114503 0.7752823 0.9255381 0.7747111 0.9132137 0.7592918 0.9255381 0.7747111 0.9283962 0.7670614 0.9079034 0.7568152 0.9035719 0.7692354 0.9070113 0.7743604 0.9079034 0.7568152 0.9070113 0.7743604 0.9132137 0.7592918 0.7182005 0.330271 0.7066771 0.3106465 0.6961305 0.316062 0.7182005 0.330271 0.6961305 0.316062 0.7065343 0.3365883 0.6961305 0.316062 0.6776964 0.2953144 0.6941337 0.342574 0.6961305 0.316062 0.6941337 0.342574 0.7065343 0.3365883 0.681406 0.347779 0.6941337 0.342574 0.6776964 0.2953144 0.6776964 0.2953144 0.6677817 0.297814 0.681406 0.347779 0.7164322 0.305182 0.7066771 0.3106465 0.7182005 0.330271 0.7182005 0.330271 0.7324802 0.3220065 0.7164322 0.305182 0.7324802 0.3220065 0.7280182 0.3048561 0.7164322 0.305182 0.939669 0.7322317 0.9463243 0.7451607 0.9682232 0.7236027 0.939669 0.7322317 0.9222394 0.7441653 0.9256065 0.7475186 0.939669 0.7322317 0.9256065 0.7475186 0.9383893 0.7547943 0.939669 0.7322317 0.9383893 0.7547943 0.9463243 0.7451607 0.9363913 0.7279391 0.9239544 0.7361117 0.9222394 0.7441653 0.9363913 0.7279391 0.9222394 0.7441653 0.939669 0.7322317 0.9703636 0.7164805 0.939669 0.7322317 0.9682232 0.7236027 0.9641483 0.7157159 0.9363913 0.7279391 0.939669 0.7322317 0.9641483 0.7157159 0.939669 0.7322317 0.9703636 0.7164805 0.5086271 0.8194519 0.5160582 0.827296 0.5198368 0.8238429 0.5086271 0.8194519 0.5198368 0.8238429 0.5140083 0.8188604 0.5036999 0.8282432 0.510837 0.8330238 0.5160582 0.827296 0.5036999 0.8282432 0.5160582 0.827296 0.5086271 0.8194519 0.6876206 0.2184296 0.6947821 0.2283637 0.6974942 0.2241744 0.6876206 0.2184296 0.6974942 0.2241744 0.6923735 0.2177518 0.6923735 0.2177518 0.6974942 0.2241744 0.6980282 0.215488 0.6801604 0.2189671 0.6877762 0.2331227 0.6947821 0.2283637 0.6801604 0.2189671 0.6947821 0.2283637 0.6876206 0.2184296 0.5384623 0.7410179 0.5308405 0.7361418 0.5338196 0.7438006 0.5410697 0.7343091 0.5316098 0.7272388 0.533742 0.736406 0.533742 0.736406 0.5316098 0.7272388 0.5275222 0.727223 0.533742 0.736406 0.5275222 0.727223 0.5308405 0.7361418 0.5308405 0.7361418 0.5275222 0.727223 0.5236362 0.7265831 0.5308405 0.7361418 0.5236362 0.7265831 0.5279536 0.738013 0.6957556 0.7409173 0.6418471 0.7412639 0.6687035 0.74774 0.6687035 0.74774 0.6402943 0.7512174 0.6968966 0.7514439 0.6968966 0.7514439 0.6402943 0.7512174 0.6387161 0.7540037 0.07204049 0.14976 0.0750091 0.1496685 0.07830524 0.1430156 0.07204049 0.14976 0.06675815 0.1532446 0.0750091 0.1496685 0.0601617 0.1547688 0.05949062 0.1557177 0.06675815 0.1532446 0.083328 0.1337482 0.08255273 0.1432724 0.08763372 0.1232311 0.06804537 0.02855497 0.06862807 0.02741014 0.05781394 0.02423512 0.06804537 0.02855497 0.05781394 0.02423512 0.06219232 0.0259841 0.0751897 0.03476363 0.0791195 0.03674983 0.06862807 0.02741014 0.0751897 0.03476363 0.06862807 0.02741014 0.06804537 0.02855497 0.08083182 0.04331225 0.0791195 0.03674983 0.0751897 0.03476363 0.05949062 0.1557177 0.0750091 0.1496685 0.06675815 0.1532446 0.699173 0.7542433 0.6968966 0.7514439 0.6387161 0.7540037 0.6686676 0.7564445 0.699173 0.7542433 0.6387161 0.7540037 0.8901196 0.544165 0.8895547 0.5561376 0.8934252 0.5538035 0.8901196 0.544165 0.8934252 0.5538035 0.8934988 0.5493295 0.8901196 0.544165 0.8934988 0.5493295 0.8939158 0.5450018 0.8901196 0.544165 0.8939158 0.5450018 0.8946604 0.5407786 0.8931699 0.5284953 0.8901196 0.544165 0.8946604 0.5407786 0.8931699 0.5284953 0.8946604 0.5407786 0.8956872 0.5365917 0.8931699 0.5284953 0.8956872 0.5365917 0.8976026 0.5305238 0.8931699 0.5284953 0.8976026 0.5305238 0.9010555 0.5216092 0.9000921 0.5102038 0.8931699 0.5284953 0.9010555 0.5216092 0.9000921 0.5102038 0.9010555 0.5216092 0.9054095 0.5122949 0.9000921 0.5102038 0.9054095 0.5122949 0.9107397 0.50264 0.9122245 0.489933 0.9000921 0.5102038 0.9107397 0.50264 0.9122245 0.489933 0.9107397 0.50264 0.9172795 0.4926241 0.9122245 0.489933 0.9172795 0.4926241 0.9248625 0.4829171 0.9288728 0.4704875 0.9122245 0.489933 0.9248625 0.4829171 0.9288728 0.4704875 0.9248625 0.4829171 0.9327843 0.474451 0.9288728 0.4704875 0.9327843 0.474451 0.9409747 0.4671738 0.9463619 0.456434 0.9288728 0.4704875 0.9409747 0.4671738 0.9463619 0.456434 0.9409747 0.4671738 0.9494225 0.4606902 0.9463619 0.456434 0.9494225 0.4606902 0.9552555 0.4564632 0.9625716 0.4475132 0.9463619 0.456434 0.9552555 0.4564632 0.9625716 0.4475132 0.9552555 0.4564632 0.959035 0.4538525 0.9625716 0.4475132 0.959035 0.4538525 0.9626236 0.4515098 0.9625716 0.4475132 0.9626236 0.4515098 0.9661033 0.4494568 0.9625716 0.4475132 0.9661033 0.4494568 0.969671 0.4477003 0.9767256 0.441989 0.9625716 0.4475132 0.969671 0.4477003 0.9767256 0.441989 0.969671 0.4477003 0.9734112 0.4461898 0.9767256 0.441989 0.9734112 0.4461898 0.9773046 0.4450629 0.7164676 0.1403951 0.7162213 0.1283453 0.7124255 0.1374568 0.7789497 0.156161 0.7462972 0.1735129 0.7610778 0.1734026 0.7610778 0.1734026 0.7462972 0.1735129 0.7459939 0.1761707 0.7610778 0.1734026 0.7459939 0.1761707 0.750548 0.179157 0.7610778 0.1734026 0.750548 0.179157 0.7609423 0.177218 0.7459939 0.1761707 0.739392 0.1782069 0.750548 0.179157 0.7462972 0.1735129 0.7200221 0.1625953 0.7459939 0.1761707 0.7459939 0.1761707 0.7200221 0.1625953 0.7273733 0.1738209 0.7459939 0.1761707 0.7273733 0.1738209 0.739392 0.1782069 0.7353632 0.1648772 0.7262077 0.1648131 0.7462972 0.1735129 0.7462972 0.1735129 0.7262077 0.1648131 0.7200221 0.1625953 0.7509357 0.1018633 0.7637455 0.1005072 0.7585957 0.09771072 0.7585957 0.09771072 0.7614558 0.09483623 0.75185 0.09472781 0.780234 0.116038 0.7514013 0.1275569 0.7417032 0.1422035 0.7863364 0.1230381 0.7907263 0.1353563 0.7884672 0.118604 0.780234 0.116038 0.7829486 0.1262919 0.7863364 0.1230381 0.7829486 0.1262919 0.780234 0.116038 0.7417032 0.1422035 0.7829486 0.1262919 0.7417032 0.1422035 0.7588362 0.1388096 0.7307224 0.1140981 0.7164676 0.1403951 0.7494692 0.117088 0.7307224 0.1140981 0.7509357 0.1018633 0.7422661 0.09948366 0.7307224 0.1140981 0.7422661 0.09948366 0.7280479 0.1104977 0.7254917 0.1083601 0.7422661 0.09948366 0.7386563 0.09484404 0.7254917 0.1083601 0.7386563 0.09484404 0.7272553 0.101135 0.7280479 0.1104977 0.7422661 0.09948366 0.7254917 0.1083601 0.7494692 0.117088 0.7509357 0.1018633 0.7307224 0.1140981 0.7734975 0.108183 0.7494692 0.117088 0.7514013 0.1275569 0.7514013 0.1275569 0.780234 0.116038 0.7734975 0.108183 0.7734975 0.108183 0.780234 0.116038 0.7788681 0.1076896 0.7788681 0.1076896 0.7884672 0.118604 0.7812824 0.1051219 0.780234 0.116038 0.7863364 0.1230381 0.7788681 0.1076896 0.7788681 0.1076896 0.7863364 0.1230381 0.7884672 0.118604 0.7867731 0.1438351 0.7789497 0.156161 0.7809122 0.158504 0.7867731 0.1438351 0.7809122 0.158504 0.7855798 0.1560733 0.7867731 0.1438351 0.7855798 0.1560733 0.7895188 0.1458777 0.7829486 0.1262919 0.7789497 0.156161 0.7867731 0.1438351 0.7867731 0.1438351 0.7895188 0.1458777 0.7907263 0.1353563 0.7829486 0.1262919 0.7867731 0.1438351 0.7863364 0.1230381 0.7863364 0.1230381 0.7867731 0.1438351 0.7907263 0.1353563 0.7789497 0.156161 0.7829486 0.1262919 0.7634666 0.1478831 0.7829486 0.1262919 0.7588362 0.1388096 0.7634666 0.1478831 0.7417032 0.1422035 0.7262077 0.1648131 0.7588362 0.1388096 0.7191469 0.1552919 0.7417032 0.1422035 0.7514013 0.1275569 0.7164676 0.1403951 0.7191469 0.1552919 0.7514013 0.1275569 0.7164676 0.1403951 0.7514013 0.1275569 0.7494692 0.117088 0.7254917 0.1083601 0.7272553 0.101135 0.7175291 0.1102631 0.7509357 0.1018633 0.7585957 0.09771072 0.7422661 0.09948366 0.7422661 0.09948366 0.75185 0.09472781 0.7386563 0.09484404 0.7422661 0.09948366 0.7585957 0.09771072 0.75185 0.09472781 0.7637455 0.1005072 0.7509357 0.1018633 0.7494692 0.117088 0.7637455 0.1005072 0.7494692 0.117088 0.7734975 0.108183 0.7692603 0.09900438 0.7734324 0.09607768 0.7681834 0.09330993 0.7637455 0.1005072 0.7734975 0.108183 0.7788681 0.1076896 0.7637455 0.1005072 0.7788681 0.1076896 0.7692603 0.09900438 0.7692603 0.09900438 0.7812824 0.1051219 0.7734324 0.09607768 0.7692603 0.09900438 0.7788681 0.1076896 0.7812824 0.1051219 0.7809122 0.158504 0.7791514 0.1652011 0.7855798 0.1560733 0.7262077 0.1648131 0.7353632 0.1648772 0.7634666 0.1478831 0.7262077 0.1648131 0.7634666 0.1478831 0.7588362 0.1388096 0.7191469 0.1552919 0.7164676 0.1403951 0.7124255 0.1374568 0.7191469 0.1552919 0.7124255 0.1374568 0.7200221 0.1625953 0.7200221 0.1625953 0.7124255 0.1374568 0.7084601 0.1423096 0.7200221 0.1625953 0.7084601 0.1423096 0.7105278 0.155228 0.7164676 0.1403951 0.7307224 0.1140981 0.7162213 0.1283453 0.7162213 0.1283453 0.7307224 0.1140981 0.7280479 0.1104977 0.7115948 0.1272692 0.7254917 0.1083601 0.7175291 0.1102631 0.7162213 0.1283453 0.7280479 0.1104977 0.7254917 0.1083601 0.7162213 0.1283453 0.7254917 0.1083601 0.7115948 0.1272692 0.7200221 0.1625953 0.7105278 0.155228 0.717038 0.1659746 0.7262077 0.1648131 0.7191469 0.1552919 0.7200221 0.1625953 0.7200221 0.1625953 0.717038 0.1659746 0.7273733 0.1738209 0.7262077 0.1648131 0.7417032 0.1422035 0.7191469 0.1552919 0.7353632 0.1648772 0.7462972 0.1735129 0.7634666 0.1478831 0.7634666 0.1478831 0.7462972 0.1735129 0.7789497 0.156161 0.7789497 0.156161 0.7610778 0.1734026 0.7698612 0.170938 0.7789497 0.156161 0.7698612 0.170938 0.7809122 0.158504 0.7791514 0.1652011 0.7698612 0.170938 0.7717066 0.1750835 0.7809122 0.158504 0.7698612 0.170938 0.7791514 0.1652011 0.7698612 0.170938 0.7609423 0.177218 0.7717066 0.1750835 0.7698612 0.170938 0.7610778 0.1734026 0.7609423 0.177218 0.7124255 0.1374568 0.7162213 0.1283453 0.7115948 0.1272692 0.7124255 0.1374568 0.7115948 0.1272692 0.7084601 0.1423096 0.7637455 0.1005072 0.7692603 0.09900438 0.7585957 0.09771072 0.7614558 0.09483623 0.7692603 0.09900438 0.7681834 0.09330993 0.7585957 0.09771072 0.7692603 0.09900438 0.7614558 0.09483623 0.8769838 0.5264541 0.8749811 0.5372531 0.8931699 0.5284953 0.8749811 0.5372531 0.8901196 0.544165 0.8931699 0.5284953 0.8749811 0.5372531 0.8739168 0.5519122 0.8901196 0.544165 0.9709857 0.4271191 0.9551914 0.4335355 0.9625716 0.4475132 0.9709857 0.4271191 0.9625716 0.4475132 0.9767256 0.441989 0.9551914 0.4335355 0.9416429 0.4402473 0.9463619 0.456434 0.9551914 0.4335355 0.9463619 0.456434 0.9625716 0.4475132 0.9416429 0.4402473 0.9314722 0.4466631 0.9463619 0.456434 0.9314722 0.4466631 0.9211629 0.4547204 0.9288728 0.4704875 0.9314722 0.4466631 0.9288728 0.4704875 0.9463619 0.456434 0.9211629 0.4547204 0.9135676 0.4617982 0.9288728 0.4704875 0.9135676 0.4617982 0.9065866 0.4695103 0.9288728 0.4704875 0.9065866 0.4695103 0.9122245 0.489933 0.9288728 0.4704875 0.8979768 0.4806862 0.890573 0.4923341 0.9122245 0.489933 0.9065866 0.4695103 0.8979768 0.4806862 0.9122245 0.489933 0.890573 0.4923341 0.8846028 0.503992 0.9000921 0.5102038 0.890573 0.4923341 0.9000921 0.5102038 0.9122245 0.489933 0.8846028 0.503992 0.8801044 0.5154319 0.9000921 0.5102038 0.8801044 0.5154319 0.8931699 0.5284953 0.9000921 0.5102038 0.8801044 0.5154319 0.8769838 0.5264541 0.8931699 0.5284953 0.8739168 0.5519122 0.8895547 0.5561376 0.8901196 0.544165 0.7084601 0.1423096 0.7059502 0.1350837 0.706122 0.1507075 0.7609423 0.177218 0.750548 0.179157 0.7502833 0.1819223 0.7609423 0.177218 0.7502833 0.1819223 0.7614023 0.1799472 0.750548 0.179157 0.739392 0.1782069 0.7380365 0.1807812 0.750548 0.179157 0.7380365 0.1807812 0.7502833 0.1819223 0.739392 0.1782069 0.7273733 0.1738209 0.7244734 0.1755756 0.739392 0.1782069 0.7244734 0.1755756 0.7380365 0.1807812 0.75185 0.09472781 0.7614558 0.09483623 0.7607238 0.09173423 0.75185 0.09472781 0.7607238 0.09173423 0.7501013 0.09181684 0.7884672 0.118604 0.7915421 0.1187877 0.7892073 0.1125299 0.7884672 0.118604 0.7907263 0.1353563 0.7931627 0.1270152 0.7884672 0.118604 0.7931627 0.1270152 0.7915421 0.1187877 0.7812824 0.1051219 0.786058 0.1068564 0.7821913 0.102013 0.7812824 0.1051219 0.7884672 0.118604 0.7892073 0.1125299 0.7812824 0.1051219 0.7892073 0.1125299 0.786058 0.1068564 0.7895188 0.1458777 0.7855798 0.1560733 0.7878268 0.1575981 0.7895188 0.1458777 0.7878268 0.1575981 0.7913401 0.1498438 0.7895188 0.1458777 0.7913401 0.1498438 0.7932115 0.1414667 0.7907263 0.1353563 0.7895188 0.1458777 0.7932115 0.1414667 0.7907263 0.1353563 0.7932115 0.1414667 0.7931627 0.1270152 0.7386563 0.09484404 0.75185 0.09472781 0.7501013 0.09181684 0.7734324 0.09607768 0.7812824 0.1051219 0.7821913 0.102013 0.7734324 0.09607768 0.7821913 0.102013 0.7777578 0.09817475 0.7855798 0.1560733 0.7791514 0.1652011 0.7811034 0.1670554 0.7855798 0.1560733 0.7811034 0.1670554 0.7878268 0.1575981 0.7105278 0.155228 0.706122 0.1507075 0.7088545 0.1594723 0.7105278 0.155228 0.7084601 0.1423096 0.706122 0.1507075 0.7115948 0.1272692 0.7175291 0.1102631 0.7098398 0.1222856 0.717038 0.1659746 0.7105278 0.155228 0.7088545 0.1594723 0.717038 0.1659746 0.7088545 0.1594723 0.7124331 0.1653925 0.717038 0.1659746 0.7124331 0.1653925 0.7170868 0.1704857 0.7273733 0.1738209 0.717038 0.1659746 0.7170868 0.1704857 0.7273733 0.1738209 0.7170868 0.1704857 0.7244734 0.1755756 0.7791514 0.1652011 0.7717066 0.1750835 0.7811034 0.1670554 0.7717066 0.1750835 0.7609423 0.177218 0.7614023 0.1799472 0.7115948 0.1272692 0.7098398 0.1222856 0.7059502 0.1350837 0.7084601 0.1423096 0.7115948 0.1272692 0.7059502 0.1350837 0.7614558 0.09483623 0.7681834 0.09330993 0.7607238 0.09173423 0.0791195 0.03674983 0.08621168 0.05044245 0.08258318 0.02984333 0.08258318 0.02984333 0.08621168 0.05044245 0.09146511 0.0430386 0.08258318 0.02984333 0.06862807 0.02741014 0.0791195 0.03674983 0.06862807 0.02741014 0.08258318 0.02984333 0.05781394 0.02423512 0.05781394 0.02423512 0.08258318 0.02984333 0.06917399 0.01920306 0.09147143 0.1382883 0.08763372 0.1232311 0.08255273 0.1432724 0.09147143 0.1382883 0.08255273 0.1432724 0.08513152 0.1488329 0.0750091 0.1496685 0.05949062 0.1557177 0.0637663 0.1610689 0.0750091 0.1496685 0.0637663 0.1610689 0.07630228 0.1565883 0.08255273 0.1432724 0.0750091 0.1496685 0.07630228 0.1565883 0.08255273 0.1432724 0.07630228 0.1565883 0.08513152 0.1488329 0.09147143 0.1382883 0.09550476 0.1254236 0.08763372 0.1232311 0.09550476 0.1254236 0.09753584 0.111469 0.08763372 0.1232311 0.09753584 0.111469 0.09179478 0.0996716 0.08763372 0.1232311 0.09111207 0.07844746 0.098594 0.09706246 0.09797352 0.07503449 0.098594 0.09706246 0.09111207 0.07844746 0.09179478 0.0996716 0.09179478 0.0996716 0.09753584 0.111469 0.098594 0.09706246 0.08621168 0.05044245 0.09111207 0.07844746 0.09797352 0.07503449 0.08621168 0.05044245 0.09797352 0.07503449 0.09540033 0.05559271 0.08621168 0.05044245 0.09540033 0.05559271 0.09146511 0.0430386 0.05455845 0.01720732 0.05781394 0.02423512 0.06917399 0.01920306 0.6957556 0.7409173 0.6608374 0.7221324 0.6418471 0.7412639 0.09658038 0.05458843 0.09375381 0.04514497 0.09146511 0.0430386 0.09658038 0.05458843 0.09146511 0.0430386 0.09540033 0.05559271 0.6688772 0.7031723 0.6168665 0.7079055 0.7210086 0.7083054 0.09110939 0.0390259 0.08790236 0.03336107 0.08258318 0.02984333 0.09110939 0.0390259 0.08258318 0.02984333 0.09146511 0.0430386 0.6168665 0.7079055 0.6213545 0.7118361 0.7210086 0.7083054 0.09375381 0.04514497 0.09110939 0.0390259 0.09146511 0.0430386 0.08415025 0.02830028 0.07987141 0.0239492 0.08258318 0.02984333 0.07987141 0.0239492 0.07506519 0.0203731 0.06917399 0.01920306 0.07987141 0.0239492 0.06917399 0.01920306 0.08258318 0.02984333 0.8139907 0.7276617 0.8100964 0.7282746 0.80671 0.7371771 0.8139907 0.7276617 0.80671 0.7371771 0.8095853 0.7390714 0.06973236 0.01765328 0.06394159 0.01591885 0.06917399 0.01920306 0.8100964 0.7282746 0.8060047 0.7282609 0.8038042 0.7374201 0.8100964 0.7282746 0.8038042 0.7374201 0.80671 0.7371771 0.8060047 0.7282609 0.7964867 0.7352685 0.8038042 0.7374201 0.07506519 0.0203731 0.06973236 0.01765328 0.06917399 0.01920306 0.08401548 0.1519212 0.08783745 0.1473026 0.08513152 0.1488329 0.06391727 0.1625931 0.06958162 0.1611742 0.0637663 0.1610689 0.80671 0.7371771 0.7990468 0.7420006 0.8036716 0.7448195 0.8095853 0.7390714 0.80671 0.7371771 0.8036716 0.7448195 0.06958162 0.1611742 0.07487225 0.1588738 0.07630228 0.1565883 0.06958162 0.1611742 0.07630228 0.1565883 0.0637663 0.1610689 0.80671 0.7371771 0.8038042 0.7374201 0.7990468 0.7420006 0.07487225 0.1588738 0.07969194 0.1557785 0.07630228 0.1565883 0.8036716 0.7448195 0.7990468 0.7420006 0.7914953 0.7473484 0.8036716 0.7448195 0.7914953 0.7473484 0.7915801 0.7499936 0.07969194 0.1557785 0.08401548 0.1519212 0.08513152 0.1488329 0.07969194 0.1557785 0.08513152 0.1488329 0.07630228 0.1565883 0.09386885 0.1358922 0.09602427 0.1293164 0.09550476 0.1254236 0.09386885 0.1358922 0.09550476 0.1254236 0.09147143 0.1382883 0.09602427 0.1293164 0.09759366 0.1223605 0.09550476 0.1254236 0.09759366 0.1223605 0.09870159 0.1151564 0.09753584 0.111469 0.09759366 0.1223605 0.09753584 0.111469 0.09550476 0.1254236 0.7170983 0.7560602 0.699173 0.7542433 0.6686676 0.7564445 0.0997169 0.104484 0.1002588 0.08959746 0.098594 0.09706246 0.0997169 0.104484 0.098594 0.09706246 0.09753584 0.111469 0.09870159 0.1151564 0.0997169 0.104484 0.09753584 0.111469 0.05806183 0.1630824 0.06391727 0.1625931 0.0637663 0.1610689 0.1002588 0.08959746 0.09968876 0.07503193 0.09797352 0.07503449 0.1002588 0.08959746 0.09797352 0.07503449 0.098594 0.09706246 0.09968876 0.07503193 0.09860616 0.06486707 0.09797352 0.07503449 0.6688854 0.7010416 0.7180523 0.7052621 0.710291 0.702767 0.09860616 0.06486707 0.09658038 0.05458843 0.09540033 0.05559271 0.09860616 0.06486707 0.09540033 0.05559271 0.09797352 0.07503449 0.6688772 0.7031723 0.7210086 0.7083054 0.7180523 0.7052621 0.6688854 0.7010416 0.6688772 0.7031723 0.7180523 0.7052621 0.06394159 0.01591885 0.05787646 0.01530939 0.05455845 0.01720732 0.06394159 0.01591885 0.05455845 0.01720732 0.06917399 0.01920306 0.08790236 0.03336107 0.08415025 0.02830028 0.08258318 0.02984333 0.08783745 0.1473026 0.09113681 0.1419428 0.09147143 0.1382883 0.08783745 0.1473026 0.09147143 0.1382883 0.08513152 0.1488329 0.09113681 0.1419428 0.09386885 0.1358922 0.09147143 0.1382883 0.06219232 0.0259841 0.05781394 0.02423512 0.05576705 0.02569341 0.0850296 0.05349367 0.08621168 0.05044245 0.0791195 0.03674983 0.0850296 0.05349367 0.0791195 0.03674983 0.08083182 0.04331225 0.08737295 0.06201446 0.09111207 0.07844746 0.08621168 0.05044245 0.08737295 0.06201446 0.08621168 0.05044245 0.0850296 0.05349367 0.08892357 0.07100993 0.09111207 0.07844746 0.08737295 0.06201446 0.09007477 0.08383041 0.09179478 0.0996716 0.09111207 0.07844746 0.09007477 0.08383041 0.09111207 0.07844746 0.08892357 0.07100993 0.08923476 0.1100674 0.09179478 0.0996716 0.09018182 0.09705531 0.09018182 0.09705531 0.09179478 0.0996716 0.09007477 0.08383041 0.08923476 0.1100674 0.08763372 0.1232311 0.09179478 0.0996716 0.08774232 0.1194485 0.08763372 0.1232311 0.08923476 0.1100674 0.08626121 0.1254692 0.08763372 0.1232311 0.08774232 0.1194485 0.083328 0.1337482 0.08763372 0.1232311 0.08626121 0.1254692 0.07830524 0.1430156 0.08255273 0.1432724 0.083328 0.1337482 0.07830524 0.1430156 0.0750091 0.1496685 0.08255273 0.1432724 0.7210086 0.7083054 0.6213545 0.7118361 0.7164221 0.7122032 0.6213545 0.7118361 0.6608374 0.7221324 0.71637 0.7184316 0.6213545 0.7118361 0.71637 0.7184316 0.7164221 0.7122032 0.710291 0.702767 0.7180523 0.7052621 0.7204275 0.7035441 0.6957556 0.7409173 0.7173416 0.7402758 0.71637 0.7184316 0.6608374 0.7221324 0.6957556 0.7409173 0.71637 0.7184316 0.7340285 0.7532458 0.7244322 0.7510425 0.6968966 0.7514439 0.7340285 0.7532458 0.6968966 0.7514439 0.699173 0.7542433 0.7170983 0.7560602 0.7340285 0.7532458 0.699173 0.7542433 0.7244322 0.7510425 0.7240899 0.7469022 0.6968966 0.7514439 0.6968966 0.7514439 0.7240899 0.7469022 0.6687035 0.74774 0.7240899 0.7469022 0.7173416 0.7402758 0.6957556 0.7409173 0.7240899 0.7469022 0.6957556 0.7409173 0.6687035 0.74774 0.7340285 0.7532458 0.7391893 0.7504466 0.7244322 0.7510425 0.7353431 0.7551068 0.7340285 0.7532458 0.7273536 0.755543 0.7391893 0.7504466 0.7352371 0.7458543 0.7240899 0.7469022 0.7391893 0.7504466 0.7240899 0.7469022 0.7244322 0.7510425 0.7273536 0.755543 0.7340285 0.7532458 0.7170983 0.7560602 0.7352371 0.7458543 0.73211 0.7340496 0.7240899 0.7469022 0.73211 0.7340496 0.7173416 0.7402758 0.7240899 0.7469022 0.732008 0.7188752 0.71637 0.7184316 0.7173416 0.7402758 0.732008 0.7188752 0.7173416 0.7402758 0.73211 0.7340496 0.7180523 0.7052621 0.7210086 0.7083054 0.7425914 0.7080467 0.7180523 0.7052621 0.7425914 0.7080467 0.7397564 0.7041769 0.7283076 0.7038206 0.7180523 0.7052621 0.7397564 0.7041769 0.7283076 0.7038206 0.7397564 0.7041769 0.7356762 0.7034025 0.7210086 0.7083054 0.732711 0.7119274 0.7425914 0.7080467 0.7204275 0.7035441 0.7180523 0.7052621 0.7283076 0.7038206 0.7210086 0.7083054 0.7164221 0.7122032 0.732711 0.7119274 0.7164221 0.7122032 0.71637 0.7184316 0.732008 0.7188752 0.7164221 0.7122032 0.732008 0.7188752 0.732711 0.7119274 0.7768865 0.6726008 0.7828033 0.6732323 0.781197 0.6674474 0.7739966 0.669458 0.7768865 0.6726008 0.781197 0.6674474 0.781197 0.6674474 0.7828033 0.6732323 0.7853232 0.6684877 0.7853232 0.6684877 0.7828033 0.6732323 0.7853333 0.6756516 0.7853232 0.6684877 0.7853333 0.6756516 0.7877257 0.6746785 0.7853232 0.6684877 0.7877257 0.6746785 0.7895488 0.6730095 0.7965869 0.7002622 0.7920363 0.7012199 0.806744 0.7116387 0.8034842 0.7046114 0.7965869 0.7002622 0.806744 0.7116387 0.7920363 0.7012199 0.8055256 0.7133859 0.806744 0.7116387 0.7920363 0.7012199 0.786834 0.7051056 0.8055256 0.7133859 0.786834 0.7051056 0.8058764 0.7174237 0.8055256 0.7133859 0.7935776 0.6965567 0.7920363 0.7012199 0.7965869 0.7002622 0.786834 0.7051056 0.7739669 0.7177455 0.8058764 0.7174237 0.7739669 0.7177455 0.7909224 0.7228572 0.8058764 0.7174237 0.7739669 0.7177455 0.7698379 0.7316477 0.7909224 0.7228572 0.7698379 0.7316477 0.760209 0.725344 0.7588182 0.7437503 0.7588182 0.7437503 0.7696873 0.7444892 0.7698379 0.7316477 0.7554031 0.7524395 0.7678451 0.7491018 0.7533941 0.7498827 0.7654222 0.7543804 0.7554031 0.7524395 0.7576906 0.7545192 0.7678451 0.7491018 0.7696873 0.7444892 0.7588182 0.7437503 0.7678451 0.7491018 0.7588182 0.7437503 0.7533941 0.7498827 0.7588182 0.7437503 0.7516851 0.7331406 0.7510197 0.7452186 0.7576906 0.7545192 0.7554031 0.7524395 0.7502905 0.7545743 0.7533941 0.7498827 0.7588182 0.7437503 0.7510197 0.7452186 0.7554031 0.7524395 0.7533941 0.7498827 0.7391893 0.7504466 0.7554031 0.7524395 0.7391893 0.7504466 0.7340285 0.7532458 0.7502905 0.7545743 0.7554031 0.7524395 0.7340285 0.7532458 0.7502905 0.7545743 0.7340285 0.7532458 0.7429559 0.7547681 0.7533941 0.7498827 0.7510197 0.7452186 0.7432623 0.7458706 0.7533941 0.7498827 0.7432623 0.7458706 0.7391893 0.7504466 0.7914953 0.7473484 0.7990468 0.7420006 0.7678451 0.7491018 0.7990468 0.7420006 0.7696873 0.7444892 0.7678451 0.7491018 0.7914953 0.7473484 0.7678451 0.7491018 0.7554031 0.7524395 0.7733182 0.7539044 0.7914953 0.7473484 0.7554031 0.7524395 0.7733182 0.7539044 0.7554031 0.7524395 0.7654222 0.7543804 0.7915801 0.7499936 0.7914953 0.7473484 0.7733182 0.7539044 0.7990468 0.7420006 0.8038042 0.7374201 0.7696873 0.7444892 0.8038042 0.7374201 0.7964867 0.7352685 0.7696873 0.7444892 0.7964867 0.7352685 0.7698379 0.7316477 0.7696873 0.7444892 0.7909224 0.7228572 0.7698379 0.7316477 0.7964867 0.7352685 0.7964867 0.7352685 0.8060047 0.7282609 0.7909224 0.7228572 0.8060047 0.7282609 0.8058764 0.7174237 0.7909224 0.7228572 0.8141096 0.7188649 0.8095586 0.7172154 0.8100964 0.7282746 0.8141096 0.7188649 0.8100964 0.7282746 0.8139907 0.7276617 0.8095586 0.7172154 0.8058764 0.7174237 0.8060047 0.7282609 0.8095586 0.7172154 0.8060047 0.7282609 0.8100964 0.7282746 0.8114585 0.7117632 0.8095586 0.7172154 0.8141096 0.7188649 0.8034842 0.7046114 0.806744 0.7116387 0.8114585 0.7117632 0.8114585 0.7117632 0.806744 0.7116387 0.8095586 0.7172154 0.806744 0.7116387 0.8055256 0.7133859 0.8058764 0.7174237 0.806744 0.7116387 0.8058764 0.7174237 0.8095586 0.7172154 0.7429559 0.7547681 0.7340285 0.7532458 0.7353431 0.7551068 0.7391893 0.7504466 0.7432623 0.7458706 0.7352371 0.7458543 0.7510197 0.7452186 0.7516851 0.7331406 0.7435968 0.73425 0.7510197 0.7452186 0.7435968 0.73425 0.7432623 0.7458706 0.7435968 0.73425 0.73211 0.7340496 0.7352371 0.7458543 0.7435968 0.73425 0.7352371 0.7458543 0.7432623 0.7458706 0.7516851 0.7331406 0.7529115 0.7169669 0.7443074 0.7184128 0.7516851 0.7331406 0.7443074 0.7184128 0.7435968 0.73425 0.7443074 0.7184128 0.732008 0.7188752 0.73211 0.7340496 0.7443074 0.7184128 0.73211 0.7340496 0.7435968 0.73425 0.7397564 0.7041769 0.7425914 0.7080467 0.7528614 0.7006958 0.7397564 0.7041769 0.7528614 0.7006958 0.7522003 0.6973319 0.7422543 0.7017846 0.7397564 0.7041769 0.7522003 0.6973319 0.7422543 0.7017846 0.7522003 0.6973319 0.748142 0.6987071 0.7425914 0.7080467 0.7588157 0.7000941 0.7528614 0.7006958 0.7425914 0.7080467 0.7443074 0.7184128 0.7529115 0.7169669 0.7425914 0.7080467 0.7529115 0.7169669 0.7588157 0.7000941 0.7356762 0.7034025 0.7397564 0.7041769 0.7422543 0.7017846 0.732711 0.7119274 0.732008 0.7188752 0.7443074 0.7184128 0.732711 0.7119274 0.7443074 0.7184128 0.7425914 0.7080467 0.758098 0.6877765 0.7522003 0.6973319 0.7688767 0.6799892 0.758098 0.6877765 0.7688767 0.6799892 0.7654086 0.67717 0.7688767 0.6799892 0.7588157 0.7000941 0.7770776 0.6785826 0.7588157 0.7000941 0.768478 0.69491 0.7770776 0.6785826 0.7654086 0.67717 0.7688767 0.6799892 0.7768865 0.6726008 0.7654086 0.67717 0.7768865 0.6726008 0.7739966 0.669458 0.7688767 0.6799892 0.7770776 0.6785826 0.7768865 0.6726008 0.7768865 0.6726008 0.7770776 0.6785826 0.7828033 0.6732323 0.7853333 0.6756516 0.7828033 0.6732323 0.7770776 0.6785826 0.7877257 0.6746785 0.7853333 0.6756516 0.7871286 0.6915249 0.7877257 0.6746785 0.7871286 0.6915249 0.7899254 0.6916134 0.7919793 0.6907152 0.7877257 0.6746785 0.7899254 0.6916134 0.7853333 0.6756516 0.7829918 0.6895498 0.7871286 0.6915249 0.7853333 0.6756516 0.7770776 0.6785826 0.7829918 0.6895498 0.7895488 0.6730095 0.7877257 0.6746785 0.7919793 0.6907152 0.7899254 0.6916134 0.7871286 0.6915249 0.7920363 0.7012199 0.7919793 0.6907152 0.7899254 0.6916134 0.7920363 0.7012199 0.7919793 0.6907152 0.7920363 0.7012199 0.7935776 0.6965567 0.7871286 0.6915249 0.7829918 0.6895498 0.786834 0.7051056 0.7871286 0.6915249 0.786834 0.7051056 0.7920363 0.7012199 0.7829918 0.6895498 0.7739338 0.7066157 0.786834 0.7051056 0.7739669 0.7177455 0.786834 0.7051056 0.7739338 0.7066157 0.5225982 0.6044621 0.5225779 0.6185394 0.5263799 0.6184407 0.7620164 0.7113197 0.760209 0.725344 0.7739669 0.7177455 0.7620164 0.7113197 0.7739669 0.7177455 0.7739338 0.7066157 0.760209 0.725344 0.7698379 0.7316477 0.7739669 0.7177455 0.7620164 0.7113197 0.7529115 0.7169669 0.760209 0.725344 0.7529115 0.7169669 0.7516851 0.7331406 0.760209 0.725344 0.7620164 0.7113197 0.7588157 0.7000941 0.7529115 0.7169669 0.7739338 0.7066157 0.768478 0.69491 0.7620164 0.7113197 0.748142 0.6987071 0.7522003 0.6973319 0.7534593 0.6939342 0.7588157 0.7000941 0.7620164 0.7113197 0.768478 0.69491 0.7522003 0.6973319 0.7528614 0.7006958 0.7688767 0.6799892 0.7534593 0.6939342 0.7522003 0.6973319 0.758098 0.6877765 0.7528614 0.7006958 0.7588157 0.7000941 0.7688767 0.6799892 0.7739338 0.7066157 0.7770776 0.6785826 0.768478 0.69491 0.7829918 0.6895498 0.7770776 0.6785826 0.7739338 0.7066157 0.7516851 0.7331406 0.7588182 0.7437503 0.760209 0.725344 0.03335744 0.1434705 0.0409699 0.1498208 0.03761357 0.1431809 0.03335744 0.1434705 0.03761357 0.1431809 0.0325129 0.1339221 0.02813118 0.123391 0.0325129 0.1339221 0.02951961 0.1256317 0.02813118 0.123391 0.02951961 0.1256317 0.02800047 0.1195954 0.02813118 0.123391 0.02800047 0.1195954 0.02645784 0.1101832 0.02384763 0.09975343 0.02813118 0.123391 0.02645784 0.1101832 0.02384763 0.09975343 0.02545791 0.09712082 0.02553087 0.08384221 0.02384763 0.09975343 0.02645784 0.1101832 0.02545791 0.09712082 0.05949062 0.1557177 0.0601617 0.1547688 0.05162489 0.1539319 0.02448165 0.07844144 0.02553087 0.08384221 0.02666717 0.07097262 0.02448165 0.07844144 0.02384763 0.09975343 0.02553087 0.08384221 0.02448165 0.07844144 0.02666717 0.07097262 0.02821743 0.06194728 0.0293895 0.05034714 0.02448165 0.07844144 0.02821743 0.06194728 0.0293895 0.05034714 0.02821743 0.06194728 0.03056997 0.05340552 0.03652316 0.03664857 0.0293895 0.05034714 0.03056997 0.05340552 0.03652316 0.03664857 0.03056997 0.05340552 0.03478997 0.04321193 0.02436995 0.1385334 0.02194535 0.136144 0.02473187 0.142201 0.02436995 0.1385334 0.02473187 0.142201 0.02808618 0.1475564 0.02436995 0.1385334 0.02808618 0.1475564 0.03081429 0.1490687 0.02730989 0.03796988 0.03151935 0.0281651 0.0277369 0.03321903 0.05455845 0.01720732 0.05787646 0.01530939 0.05180746 0.01588374 0.02016699 0.05550211 0.0189836 0.05449301 0.0169444 0.06481063 0.02016699 0.05550211 0.0169444 0.06481063 0.01758807 0.07502299 0.01758807 0.07502299 0.0169444 0.06481063 0.01586282 0.07502114 0.5365045 0.9572927 0.515103 0.9566182 0.5954852 0.9567746 0.01758807 0.07502299 0.01531469 0.08965724 0.01700806 0.09715437 0.5365045 0.9572927 0.5954852 0.9567746 0.5728719 0.9573816 0.3320074 0.5404547 0.3299367 0.5502337 0.3301303 0.5636767 0.3320074 0.5404547 0.3301303 0.5636767 0.3326007 0.5683491 0.01758807 0.07502299 0.01586282 0.07502114 0.01531469 0.08965724 0.3675909 0.5761811 0.3701937 0.562272 0.3677435 0.5489683 0.9219143 0.8381111 0.9186794 0.8002769 0.922863 0.8834798 0.04506778 0.1589137 0.05219954 0.1626553 0.05806183 0.1630824 0.04506778 0.1589137 0.05806183 0.1630824 0.0637663 0.1610689 0.01812577 0.1116275 0.01590514 0.1046168 0.01697093 0.1153385 0.9529228 0.9297086 0.9459595 0.9306941 0.9727388 0.9384606 0.3408402 0.5863912 0.3375532 0.5859407 0.342451 0.5887678 0.01700806 0.09715437 0.01590514 0.1046168 0.01812577 0.1116275 0.3346618 0.57989 0.3340637 0.5818521 0.3375532 0.5859407 0.3346618 0.57989 0.3375532 0.5859407 0.3408402 0.5863912 0.01700806 0.09715437 0.01531469 0.08965724 0.01590514 0.1046168 0.01812577 0.1116275 0.01697093 0.1153385 0.01812124 0.1225723 0.01812577 0.1116275 0.01812124 0.1225723 0.02023756 0.125638 0.02023756 0.125638 0.01812124 0.1225723 0.01973807 0.129552 0.4313027 0.2932987 0.4353708 0.2939592 0.4352856 0.2890105 0.4915185 0.2326791 0.4699094 0.2589401 0.4991329 0.2253618 0.02023756 0.125638 0.01973807 0.129552 0.02194535 0.136144 0.02023756 0.125638 0.02194535 0.136144 0.02436995 0.1385334 0.03081429 0.1490687 0.03196036 0.1521579 0.03633087 0.1559872 0.03081429 0.1490687 0.03633087 0.1559872 0.04506778 0.1589137 0.04506778 0.1589137 0.03633087 0.1559872 0.04119157 0.1590436 0.4807344 0.9428653 0.4746821 0.9382503 0.4820355 0.9624967 0.4807344 0.9428653 0.4820355 0.9624967 0.4875763 0.9470266 0.04506778 0.1589137 0.04119157 0.1590436 0.04651463 0.1612944 0.4875763 0.9470266 0.4820355 0.9624967 0.4945655 0.9502582 0.04506778 0.1589137 0.04651463 0.1612944 0.05219954 0.1626553 0.4548418 0.267812 0.4699094 0.2589401 0.4686531 0.2544562 0.4548418 0.267812 0.4432433 0.280004 0.4699094 0.2589401 0.03081429 0.1490687 0.02808618 0.1475564 0.03196036 0.1521579 0.0411185 0.02182984 0.04600554 0.01758533 0.04065513 0.02027672 0.4686531 0.2544562 0.4699094 0.2589401 0.4915185 0.2326791 0.05455845 0.01720732 0.05180746 0.01588374 0.04600554 0.01758533 0.05455845 0.01720732 0.04600554 0.01758533 0.0411185 0.02182984 0.3326007 0.5683491 0.3301303 0.5636767 0.3307164 0.5712404 0.0411185 0.02182984 0.04065513 0.02027672 0.03582572 0.02382969 0.0411185 0.02182984 0.03582572 0.02382969 0.03151935 0.0281651 0.0411185 0.02182984 0.03151935 0.0281651 0.02730989 0.03796988 0.3675909 0.5761811 0.3694768 0.5747875 0.3701937 0.562272 0.02730989 0.03796988 0.02450138 0.03888887 0.02183353 0.04502063 0.02730989 0.03796988 0.0277369 0.03321903 0.02450138 0.03888887 0.9219143 0.8381111 0.922863 0.8834798 0.9223899 0.8651051 0.02730989 0.03796988 0.02183353 0.04502063 0.0189836 0.05449301 0.02730989 0.03796988 0.0189836 0.05449301 0.02016699 0.05550211 0.02016699 0.05550211 0.0293895 0.05034714 0.02730989 0.03796988 0.01758807 0.07502299 0.02448165 0.07844144 0.0293895 0.05034714 0.01758807 0.07502299 0.0293895 0.05034714 0.02016699 0.05550211 0.0637663 0.1610689 0.04903864 0.1543369 0.04506778 0.1589137 0.0637663 0.1610689 0.05949062 0.1557177 0.04903864 0.1543369 0.01812577 0.1116275 0.02384763 0.09975343 0.01700806 0.09715437 0.02448165 0.07844144 0.01700806 0.09715437 0.02384763 0.09975343 0.01700806 0.09715437 0.02448165 0.07844144 0.01758807 0.07502299 0.02384763 0.09975343 0.01812577 0.1116275 0.02813118 0.123391 0.02813118 0.123391 0.01812577 0.1116275 0.02023756 0.125638 0.02813118 0.123391 0.02023756 0.125638 0.02436995 0.1385334 0.04506778 0.1589137 0.0409699 0.1498208 0.03335744 0.1434705 0.04506778 0.1589137 0.03335744 0.1434705 0.03081429 0.1490687 0.04903864 0.1543369 0.0409699 0.1498208 0.04506778 0.1589137 0.03081429 0.1490687 0.03335744 0.1434705 0.02436995 0.1385334 0.02813118 0.123391 0.02436995 0.1385334 0.03335744 0.1434705 0.05455845 0.01720732 0.0470339 0.02725052 0.05781394 0.02423512 0.03652316 0.03664857 0.0470339 0.02725052 0.02730989 0.03796988 0.0411185 0.02182984 0.0470339 0.02725052 0.05455845 0.01720732 0.02730989 0.03796988 0.0470339 0.02725052 0.0411185 0.02182984 0.0293895 0.05034714 0.03652316 0.03664857 0.02730989 0.03796988 0.7678818 0.09318763 0.7611632 0.09476238 0.7604091 0.09166526 0.7059364 0.1353785 0.7115275 0.1275297 0.7084925 0.1425854 0.7097402 0.1225598 0.7115275 0.1275297 0.7059364 0.1353785 0.7616595 0.1798779 0.7611829 0.1771522 0.7719319 0.1749522 0.7719319 0.1749522 0.7793164 0.1650269 0.7812795 0.1668695 0.7172991 0.170695 0.7172212 0.1661863 0.7276018 0.1739633 0.7172991 0.170695 0.7276018 0.1739633 0.7228629 0.174773 0.7126146 0.1656343 0.7172212 0.1661863 0.7172991 0.170695 0.7089988 0.1597398 0.7106438 0.1554861 0.7172212 0.1661863 0.7089988 0.1597398 0.7172212 0.1661863 0.7126146 0.1656343 0.7173454 0.1104887 0.7115275 0.1275297 0.7097402 0.1225598 0.7062101 0.1509959 0.7084925 0.1425854 0.7106438 0.1554861 0.7062101 0.1509959 0.7106438 0.1554861 0.7089988 0.1597398 0.7812795 0.1668695 0.7793164 0.1650269 0.7856919 0.1558605 0.7812795 0.1668695 0.7856919 0.1558605 0.7879481 0.1573725 0.7819574 0.1017971 0.7810693 0.1049142 0.7731525 0.09591937 0.7819574 0.1017971 0.7731525 0.09591937 0.7774949 0.09798705 0.7497881 0.09182292 0.7515568 0.09472143 0.7383651 0.09492814 0.7932391 0.1412021 0.7907146 0.1351039 0.7931002 0.1267428 0.7932391 0.1412021 0.7895716 0.1456378 0.7907146 0.1351039 0.7914172 0.1495947 0.7895716 0.1456378 0.7932391 0.1412021 0.7879481 0.1573725 0.7856919 0.1558605 0.7895716 0.1456378 0.7879481 0.1573725 0.7895716 0.1456378 0.7914172 0.1495947 0.7890489 0.1122736 0.7883477 0.1183565 0.7810693 0.1049142 0.7890489 0.1122736 0.7810693 0.1049142 0.7858598 0.1066173 0.7858598 0.1066173 0.7810693 0.1049142 0.7819574 0.1017971 0.7931002 0.1267428 0.7883477 0.1183565 0.7914262 0.1185205 0.7931002 0.1267428 0.7907146 0.1351039 0.7883477 0.1183565 0.7914262 0.1185205 0.7883477 0.1183565 0.7890489 0.1122736 0.7604091 0.09166526 0.7611632 0.09476238 0.7515568 0.09472143 0.7604091 0.09166526 0.7515568 0.09472143 0.7497881 0.09182292 0.7228629 0.174773 0.7276018 0.1739633 0.7310146 0.1786705 0.7310146 0.1786705 0.7276018 0.1739633 0.7396433 0.1782734 0.7310146 0.1786705 0.7396433 0.1782734 0.747974 0.1818237 0.747974 0.1818237 0.7396433 0.1782734 0.7508025 0.1791548 0.747974 0.1818237 0.7508025 0.1791548 0.7611829 0.1771522 0.747974 0.1818237 0.7611829 0.1771522 0.7616595 0.1798779 0.7059364 0.1353785 0.7084925 0.1425854 0.7062101 0.1509959 0.8931863 0.5791154 0.8784044 0.5866284 0.8821941 0.5978661 0.8931863 0.5791154 0.8821941 0.5978661 0.9001206 0.5974088 0.9001206 0.5974088 0.8874341 0.6094464 0.8941401 0.6211339 0.9001206 0.5974088 0.8941401 0.6211339 0.9122665 0.6176823 0.9001206 0.5974088 0.8821941 0.5978661 0.8874341 0.6094464 0.9122665 0.6176823 0.8941401 0.6211339 0.902194 0.6326218 0.9122665 0.6176823 0.902194 0.6326218 0.9112405 0.6432838 0.9122665 0.6176823 0.9112405 0.6432838 0.9289285 0.6371292 0.9289285 0.6371292 0.9112405 0.6432838 0.9212215 0.6529052 0.9289285 0.6371292 0.9212215 0.6529052 0.931538 0.6609618 0.9289285 0.6371292 0.931538 0.6609618 0.9464292 0.6511816 0.9464292 0.6511816 0.931538 0.6609618 0.9417153 0.6673758 0.9464292 0.6511816 0.9417153 0.6673758 0.9552712 0.6740836 0.9464292 0.6511816 0.9552712 0.6740836 0.9626471 0.6600988 0.9626471 0.6600988 0.9552712 0.6740836 0.9710727 0.6804937 0.9626471 0.6600988 0.9710727 0.6804937 0.9768068 0.6656182 0.8895547 0.5561376 0.8739168 0.5519122 0.8743607 0.5650629 0.8895547 0.5561376 0.8743607 0.5650629 0.8903337 0.5655856 0.8903337 0.5655856 0.8743607 0.5650629 0.875872 0.5757788 0.8903337 0.5655856 0.875872 0.5757788 0.8931863 0.5791154 0.8931863 0.5791154 0.875872 0.5757788 0.8784044 0.5866284 0.7689993 0.09887659 0.7583234 0.09765732 0.7611632 0.09476238 0.7678818 0.09318763 0.7689993 0.09887659 0.7611632 0.09476238 0.7689993 0.09887659 0.7634935 0.1004183 0.7583234 0.09765732 0.7115275 0.1275297 0.712425 0.1377084 0.7084925 0.1425854 0.7115275 0.1275297 0.7161597 0.1285747 0.712425 0.1377084 0.7611829 0.1771522 0.761295 0.1733367 0.7700619 0.1708188 0.7611829 0.1771522 0.7700619 0.1708188 0.7719319 0.1749522 0.7700619 0.1708188 0.7810381 0.1583189 0.7793164 0.1650269 0.7719319 0.1749522 0.7700619 0.1708188 0.7793164 0.1650269 0.7700619 0.1708188 0.761295 0.1733367 0.7790614 0.1559872 0.7700619 0.1708188 0.7790614 0.1559872 0.7810381 0.1583189 0.7465179 0.1735381 0.7635261 0.1478042 0.7790614 0.1559872 0.7465179 0.1735381 0.7355329 0.1649729 0.7635261 0.1478042 0.7192603 0.1554941 0.7417278 0.1422626 0.7263798 0.1649666 0.7172212 0.1661863 0.720182 0.1627894 0.7276018 0.1739633 0.720182 0.1627894 0.7192603 0.1554941 0.7263798 0.1649666 0.7106438 0.1554861 0.720182 0.1627894 0.7172212 0.1661863 0.7252938 0.1085318 0.7278642 0.1106517 0.7161597 0.1285747 0.7252938 0.1085318 0.7161597 0.1285747 0.7115275 0.1275297 0.7173454 0.1104887 0.7252938 0.1085318 0.7115275 0.1275297 0.7278642 0.1106517 0.7305624 0.1142336 0.7161597 0.1285747 0.7161597 0.1285747 0.7305624 0.1142336 0.716485 0.1406193 0.7084925 0.1425854 0.712425 0.1377084 0.720182 0.1627894 0.7084925 0.1425854 0.720182 0.1627894 0.7106438 0.1554861 0.712425 0.1377084 0.716485 0.1406193 0.7192603 0.1554941 0.712425 0.1377084 0.7192603 0.1554941 0.720182 0.1627894 0.7635261 0.1478042 0.7355329 0.1649729 0.7263798 0.1649666 0.7635261 0.1478042 0.7263798 0.1649666 0.7588377 0.1387593 0.7793164 0.1650269 0.7810381 0.1583189 0.7856919 0.1558605 0.7810693 0.1049142 0.7786709 0.1074998 0.7689993 0.09887659 0.7731525 0.09591937 0.7810693 0.1049142 0.7689993 0.09887659 0.7786709 0.1074998 0.7733014 0.1080296 0.7634935 0.1004183 0.7786709 0.1074998 0.7634935 0.1004183 0.7689993 0.09887659 0.7731525 0.09591937 0.7689993 0.09887659 0.7678818 0.09318763 0.7733014 0.1080296 0.7493281 0.1170977 0.7634935 0.1004183 0.7506918 0.1018629 0.7634935 0.1004183 0.7493281 0.1170977 0.7515568 0.09472143 0.7583234 0.09765732 0.7420063 0.09954273 0.7515568 0.09472143 0.7420063 0.09954273 0.7383651 0.09492814 0.7583234 0.09765732 0.7506918 0.1018629 0.7420063 0.09954273 0.7270081 0.1012959 0.7252938 0.1085318 0.7173454 0.1104887 0.7513297 0.127554 0.7192603 0.1554941 0.716485 0.1406193 0.7513297 0.127554 0.716485 0.1406193 0.7493281 0.1170977 0.7417278 0.1422626 0.7192603 0.1554941 0.7513297 0.127554 0.7588377 0.1387593 0.7263798 0.1649666 0.7417278 0.1422626 0.7588377 0.1387593 0.782876 0.1260843 0.7635261 0.1478042 0.782876 0.1260843 0.7790614 0.1559872 0.7635261 0.1478042 0.7907146 0.1351039 0.7868122 0.143611 0.7862442 0.122807 0.7868122 0.143611 0.782876 0.1260843 0.7862442 0.122807 0.7895716 0.1456378 0.7868122 0.143611 0.7907146 0.1351039 0.7868122 0.143611 0.7790614 0.1559872 0.782876 0.1260843 0.7856919 0.1558605 0.7810381 0.1583189 0.7868122 0.143611 0.7856919 0.1558605 0.7868122 0.143611 0.7895716 0.1456378 0.7810381 0.1583189 0.7790614 0.1559872 0.7868122 0.143611 0.7883477 0.1183565 0.7862442 0.122807 0.7786709 0.1074998 0.7862442 0.122807 0.7800935 0.115843 0.7786709 0.1074998 0.7883477 0.1183565 0.7786709 0.1074998 0.7810693 0.1049142 0.7786709 0.1074998 0.7800935 0.115843 0.7733014 0.1080296 0.7800935 0.115843 0.7513297 0.127554 0.7733014 0.1080296 0.7513297 0.127554 0.7493281 0.1170977 0.7733014 0.1080296 0.7305624 0.1142336 0.7506918 0.1018629 0.7493281 0.1170977 0.7420063 0.09954273 0.7278642 0.1106517 0.7252938 0.1085318 0.7383651 0.09492814 0.7420063 0.09954273 0.7252938 0.1085318 0.7383651 0.09492814 0.7252938 0.1085318 0.7270081 0.1012959 0.7420063 0.09954273 0.7506918 0.1018629 0.7305624 0.1142336 0.7420063 0.09954273 0.7305624 0.1142336 0.7278642 0.1106517 0.7493281 0.1170977 0.716485 0.1406193 0.7305624 0.1142336 0.7417278 0.1422626 0.7800935 0.115843 0.782876 0.1260843 0.7417278 0.1422626 0.782876 0.1260843 0.7588377 0.1387593 0.7862442 0.122807 0.782876 0.1260843 0.7800935 0.115843 0.7907146 0.1351039 0.7862442 0.122807 0.7883477 0.1183565 0.7417278 0.1422626 0.7513297 0.127554 0.7800935 0.115843 0.7611632 0.09476238 0.7583234 0.09765732 0.7515568 0.09472143 0.7583234 0.09765732 0.7634935 0.1004183 0.7506918 0.1018629 0.720182 0.1627894 0.7263798 0.1649666 0.7465179 0.1735381 0.7263798 0.1649666 0.7355329 0.1649729 0.7465179 0.1735381 0.7276018 0.1739633 0.720182 0.1627894 0.746231 0.1761971 0.7276018 0.1739633 0.746231 0.1761971 0.7396433 0.1782734 0.720182 0.1627894 0.7465179 0.1735381 0.746231 0.1761971 0.7396433 0.1782734 0.746231 0.1761971 0.7508025 0.1791548 0.7508025 0.1791548 0.746231 0.1761971 0.761295 0.1733367 0.7508025 0.1791548 0.761295 0.1733367 0.7611829 0.1771522 0.746231 0.1761971 0.7465179 0.1735381 0.761295 0.1733367 0.761295 0.1733367 0.7465179 0.1735381 0.7790614 0.1559872 0.712425 0.1377084 0.7161597 0.1285747 0.716485 0.1406193 0.9734898 0.661418 0.9768068 0.6656182 0.9773845 0.6625433 0.9697481 0.6599089 0.9626471 0.6600988 0.9768068 0.6656182 0.9697481 0.6599089 0.9768068 0.6656182 0.9734898 0.661418 0.966179 0.6581535 0.9626471 0.6600988 0.9697481 0.6599089 0.9626976 0.6561012 0.9626471 0.6600988 0.966179 0.6581535 0.9591073 0.6537595 0.9626471 0.6600988 0.9626976 0.6561012 0.9553257 0.6511493 0.9464292 0.6511816 0.9626471 0.6600988 0.9553257 0.6511493 0.9626471 0.6600988 0.9591073 0.6537595 0.9494894 0.6469231 0.9464292 0.6511816 0.9553257 0.6511493 0.9410363 0.6404398 0.9464292 0.6511816 0.9494894 0.6469231 0.9410363 0.6404398 0.9289285 0.6371292 0.9464292 0.6511816 0.9328401 0.6331626 0.9289285 0.6371292 0.9410363 0.6404398 0.9249122 0.624696 0.9289285 0.6371292 0.9328401 0.6331626 0.9249122 0.624696 0.9122665 0.6176823 0.9289285 0.6371292 0.9173225 0.614988 0.9122665 0.6176823 0.9249122 0.624696 0.9107757 0.6049707 0.9122665 0.6176823 0.9173225 0.614988 0.9107757 0.6049707 0.9001206 0.5974088 0.9122665 0.6176823 0.905439 0.5953142 0.9001206 0.5974088 0.9107757 0.6049707 0.9010785 0.5859988 0.9001206 0.5974088 0.905439 0.5953142 0.9010785 0.5859988 0.8931863 0.5791154 0.9001206 0.5974088 0.897619 0.5770835 0.8931863 0.5791154 0.9010785 0.5859988 0.8956993 0.5710155 0.8931863 0.5791154 0.897619 0.5770835 0.8946694 0.5668283 0.8903337 0.5655856 0.8931863 0.5791154 0.8946694 0.5668283 0.8931863 0.5791154 0.8956993 0.5710155 0.8939219 0.5626053 0.8903337 0.5655856 0.8946694 0.5668283 0.8935019 0.5582774 0.8895547 0.5561376 0.8903337 0.5655856 0.8935019 0.5582774 0.8903337 0.5655856 0.8939219 0.5626053 0.8934252 0.5538035 0.8895547 0.5561376 0.8935019 0.5582774 0.5237994 0.2280477 0.53078 0.2328284 0.5384411 0.2187148 0.5237994 0.2280477 0.5384411 0.2187148 0.5309903 0.2181506 0.5211061 0.223853 0.5262448 0.2174562 0.5206046 0.2151745 0.5211061 0.223853 0.5237994 0.2280477 0.5309903 0.2181506 0.5211061 0.223853 0.5309903 0.2181506 0.5262448 0.2174562 0.3651246 0.8286492 0.3704449 0.8342793 0.3774917 0.8293737 0.3651246 0.8286492 0.3774917 0.8293737 0.3724093 0.8206765 0.3612868 0.8252666 0.3651246 0.8286492 0.3724093 0.8206765 0.3612868 0.8252666 0.3724093 0.8206765 0.3670209 0.8201827 0.93936 0.9435504 0.9361073 0.9478219 0.9637137 0.9599216 0.93936 0.9435504 0.9637137 0.9599216 0.9698864 0.9591496 0.93936 0.9435504 0.9698864 0.9591496 0.967747 0.9520791 0.9220198 0.9317018 0.9237315 0.9397107 0.9361073 0.9478219 0.9220198 0.9317018 0.9361073 0.9478219 0.93936 0.9435504 0.9380691 0.9211294 0.9253665 0.9283655 0.93936 0.9435504 0.9380691 0.9211294 0.93936 0.9435504 0.9459595 0.9306941 0.9253665 0.9283655 0.9220198 0.9317018 0.93936 0.9435504 0.9459595 0.9306941 0.93936 0.9435504 0.967747 0.9520791 0.5018469 0.3046814 0.4902781 0.3043 0.4857364 0.3214046 0.5018469 0.3046814 0.4857364 0.3214046 0.4999563 0.3297324 0.5115641 0.3101868 0.5018469 0.3046814 0.4999563 0.3297324 0.5366278 0.3474113 0.5504845 0.297549 0.5405885 0.2950056 0.5239366 0.3421458 0.5366278 0.3474113 0.5405885 0.2950056 0.5239366 0.3421458 0.5405885 0.2950056 0.5220735 0.3156479 0.5239366 0.3421458 0.5220735 0.3156479 0.511578 0.3361023 0.5220735 0.3156479 0.5115641 0.3101868 0.4999563 0.3297324 0.5220735 0.3156479 0.4999563 0.3297324 0.511578 0.3361023 0.9068724 0.9016553 0.9034439 0.9067572 0.9077532 0.919122 0.9068724 0.9016553 0.9077532 0.919122 0.9118341 0.9172664 0.9253097 0.9013286 0.9143615 0.9106943 0.9281423 0.9089378 0.9143615 0.9106943 0.9068724 0.9016553 0.9118341 0.9172664 0.9118341 0.9172664 0.9077532 0.919122 0.914681 0.9304522 0.9118341 0.9172664 0.914681 0.9304522 0.9220198 0.9317018 0.9281423 0.9089378 0.9143615 0.9106943 0.9253665 0.9283655 0.9281423 0.9089378 0.9253665 0.9283655 0.9324218 0.9155903 0.9143615 0.9106943 0.9118341 0.9172664 0.9220198 0.9317018 0.9143615 0.9106943 0.9220198 0.9317018 0.9253665 0.9283655 0.9220198 0.9317018 0.914681 0.9304522 0.9237315 0.9397107 0.9324218 0.9155903 0.9253665 0.9283655 0.9380691 0.9211294 0.9042825 0.8809226 0.8998115 0.8674619 0.9012345 0.894625 0.9042825 0.8809226 0.9012345 0.894625 0.9068724 0.9016553 0.911315 0.8832448 0.9042825 0.8809226 0.9068724 0.9016553 0.9068724 0.9016553 0.9012345 0.894625 0.9034439 0.9067572 0.911315 0.8832448 0.9143615 0.9106943 0.9253097 0.9013286 0.911315 0.8832448 0.9068724 0.9016553 0.9143615 0.9106943 0.5489884 0.3515836 0.5602251 0.3546463 0.5671523 0.3355444 0.5489884 0.3515836 0.5671523 0.3355444 0.5569774 0.3208643 0.5366278 0.3474113 0.5489884 0.3515836 0.5569774 0.3208643 0.5569774 0.3208643 0.5671523 0.3355444 0.56706 0.3210353 0.5699608 0.3155163 0.56706 0.3210353 0.573154 0.3227562 0.3169763 0.9187538 0.3220956 0.9163951 0.3244794 0.9083707 0.3169763 0.9187538 0.3244794 0.9083707 0.3198789 0.9074984 0.5504845 0.297549 0.5366278 0.3474113 0.5569774 0.3208643 0.56706 0.3210353 0.5614913 0.2884336 0.5569774 0.3208643 0.568681 0.3073108 0.56706 0.3210353 0.5699608 0.3155163 0.3169763 0.9187538 0.3193637 0.9248238 0.3220956 0.9163951 0.5504845 0.297549 0.5569774 0.3208643 0.5614913 0.2884336 0.5710104 0.282374 0.5614913 0.2884336 0.56706 0.3210353 0.5691419 0.2987785 0.5710104 0.282374 0.56706 0.3210353 0.5691419 0.2987785 0.56706 0.3210353 0.568681 0.3073108 0.3162574 0.9334886 0.3193637 0.9248238 0.3169763 0.9187538 0.5713278 0.2905488 0.5710104 0.282374 0.5691419 0.2987785 0.5921512 0.2753362 0.586932 0.2731015 0.5864526 0.2765359 0.2938091 0.9651123 0.300025 0.9645922 0.3006584 0.9561279 0.5864526 0.2765359 0.586932 0.2731015 0.5807526 0.2789662 0.3006584 0.9561279 0.300025 0.9645922 0.3053653 0.956914 0.5807935 0.3330125 0.5671523 0.3355444 0.6090299 0.3370888 0.5844637 0.3302061 0.5807935 0.3330125 0.5928183 0.331741 0.3213936 0.8981773 0.3267664 0.8914377 0.3226332 0.8862698 0.5786073 0.3275466 0.5807935 0.3330125 0.5844637 0.3302061 0.3213936 0.8981773 0.3256855 0.900761 0.3267664 0.8914377 0.5671523 0.3355444 0.5602251 0.3546463 0.5891056 0.3582537 0.56706 0.3210353 0.5671523 0.3355444 0.5807935 0.3330125 0.573154 0.3227562 0.56706 0.3210353 0.5807935 0.3330125 0.573154 0.3227562 0.5807935 0.3330125 0.5786073 0.3275466 0.3198789 0.9074984 0.3244794 0.9083707 0.3256855 0.900761 0.3198789 0.9074984 0.3256855 0.900761 0.3213936 0.8981773 0.5891056 0.3582537 0.6090299 0.3370888 0.5671523 0.3355444 0.5734867 0.3572933 0.5891056 0.3582537 0.5602251 0.3546463 0.9031088 0.8380758 0.8998115 0.8674619 0.9042825 0.8809226 0.911315 0.8832448 0.9031088 0.8380758 0.9042825 0.8809226 0.9031088 0.8380758 0.8990314 0.8380729 0.8998115 0.8674619 0.909307 0.8368586 0.9031088 0.8380758 0.911315 0.8832448 0.5891056 0.3582537 0.6089842 0.3543086 0.6090299 0.3370888 0.5928183 0.331741 0.5807935 0.3330125 0.6090299 0.3370888 0.3226332 0.8862698 0.3267664 0.8914377 0.3276646 0.8784394 0.2818344 0.9792481 0.2923153 0.9743062 0.2938091 0.9651123 0.5987522 0.2748173 0.586932 0.2731015 0.5921512 0.2753362 0.2938091 0.9651123 0.2923153 0.9743062 0.300025 0.9645922 0.4761715 0.2713874 0.48407 0.2679211 0.5072682 0.2428818 0.4699094 0.2589401 0.4758199 0.2670662 0.5135822 0.2323192 0.4758199 0.2670662 0.4761715 0.2713874 0.5072682 0.2428818 0.4758199 0.2670662 0.5072682 0.2428818 0.5135822 0.2323192 0.45371 0.2936017 0.4689497 0.2834208 0.4761715 0.2713874 0.4527425 0.2883248 0.45371 0.2936017 0.4761715 0.2713874 0.4527425 0.2883248 0.4761715 0.2713874 0.4758199 0.2670662 0.4527425 0.2883248 0.4758199 0.2670662 0.4699094 0.2589401 0.4761715 0.2713874 0.4689497 0.2834208 0.48407 0.2679211 0.48407 0.2679211 0.4689497 0.2834208 0.4762872 0.2927941 0.48407 0.2679211 0.5017579 0.2857696 0.5166839 0.2603809 0.48407 0.2679211 0.5166839 0.2603809 0.5102636 0.2447804 0.5204423 0.2379729 0.5102636 0.2447804 0.5166839 0.2603809 0.5262412 0.2713258 0.5352702 0.2750151 0.5403016 0.2412735 0.5262412 0.2713258 0.5403016 0.2412735 0.53078 0.2328284 0.5166839 0.2603809 0.5262412 0.2713258 0.53078 0.2328284 0.53078 0.2328284 0.5204423 0.2379729 0.5166839 0.2603809 0.5403016 0.2412735 0.5476124 0.2643213 0.5501695 0.2333148 0.5595972 0.2415905 0.5679001 0.2458481 0.56228 0.2279725 0.56228 0.2279725 0.5796999 0.2285232 0.5720937 0.2170662 0.3774917 0.8293737 0.3864125 0.8199344 0.3813599 0.8090257 0.3724093 0.8206765 0.3774917 0.8293737 0.3813599 0.8090257 0.3670209 0.8201827 0.3724093 0.8206765 0.3706821 0.8131143 0.3837952 0.7903103 0.3899124 0.7821288 0.3861182 0.7752848 0.3820305 0.7814889 0.3837952 0.7903103 0.3861182 0.7752848 0.4820355 0.9624967 0.4895579 0.966107 0.4945655 0.9502582 0.3760627 0.7861178 0.3820305 0.7814889 0.3784809 0.7778154 0.3837952 0.7903103 0.39073 0.7945049 0.3899124 0.7821288 0.3786241 0.7985725 0.3837952 0.7903103 0.3820305 0.7814889 0.4667409 0.9527222 0.4741429 0.9579822 0.4820355 0.9624967 0.3743705 0.7953645 0.3786241 0.7985725 0.3820305 0.7814889 0.3743705 0.7953645 0.3820305 0.7814889 0.3760627 0.7861178 0.3813599 0.8090257 0.3864125 0.8199344 0.3891546 0.8044092 0.3724093 0.8206765 0.3813599 0.8090257 0.3786241 0.7985725 0.3706821 0.8131143 0.3724093 0.8206765 0.3786241 0.7985725 0.3706821 0.8131143 0.3786241 0.7985725 0.3728468 0.804623 0.3813599 0.8090257 0.3891546 0.8044092 0.39073 0.7945049 0.3813599 0.8090257 0.39073 0.7945049 0.3837952 0.7903103 0.3786241 0.7985725 0.3813599 0.8090257 0.3837952 0.7903103 0.3728468 0.804623 0.3786241 0.7985725 0.3743705 0.7953645 0.4139965 0.7927932 0.405252 0.7834841 0.39073 0.7945049 0.4068855 0.8038538 0.4139965 0.7927932 0.39073 0.7945049 0.405252 0.7834841 0.3899124 0.7821288 0.39073 0.7945049 0.4068855 0.8038538 0.39073 0.7945049 0.3891546 0.8044092 0.3891546 0.8044092 0.3864125 0.8199344 0.3982806 0.8146651 0.4068855 0.8038538 0.3891546 0.8044092 0.3982806 0.8146651 0.3864125 0.8199344 0.3869506 0.8336364 0.3982942 0.8253466 0.3982806 0.8146651 0.3864125 0.8199344 0.3982942 0.8253466 0.3925517 0.8461974 0.4091789 0.8503131 0.4030812 0.8371093 0.3982942 0.8253466 0.3869506 0.8336364 0.4030812 0.8371093 0.3925517 0.8461974 0.4030812 0.8371093 0.3869506 0.8336364 0.56228 0.2279725 0.5720937 0.2170662 0.5529151 0.2179337 0.3869506 0.8336364 0.379918 0.8407894 0.3925517 0.8461974 0.56228 0.2279725 0.5529151 0.2179337 0.5501695 0.2333148 0.5501695 0.2333148 0.5595972 0.2415905 0.56228 0.2279725 0.5501695 0.2333148 0.5529151 0.2179337 0.5384411 0.2187148 0.5403016 0.2412735 0.5501695 0.2333148 0.5384411 0.2187148 0.53078 0.2328284 0.5403016 0.2412735 0.5384411 0.2187148 0.5237994 0.2280477 0.5204423 0.2379729 0.53078 0.2328284 0.5135822 0.2323192 0.5237994 0.2280477 0.5211061 0.223853 0.5072682 0.2428818 0.5102636 0.2447804 0.5204423 0.2379729 0.5072682 0.2428818 0.5204423 0.2379729 0.5237994 0.2280477 0.5135822 0.2323192 0.5072682 0.2428818 0.5237994 0.2280477 0.5072682 0.2428818 0.48407 0.2679211 0.5102636 0.2447804 0.4468765 0.2975481 0.453142 0.2981873 0.45371 0.2936017 0.4468765 0.2975481 0.45371 0.2936017 0.4489216 0.2936352 0.9698864 0.9591496 0.9710075 0.9630286 0.9738592 0.9644737 0.9698864 0.9591496 0.9738592 0.9644737 0.9755519 0.9631448 0.9746949 0.9562474 0.9698864 0.9591496 0.9755519 0.9631448 0.9746949 0.9562474 0.9755519 0.9631448 0.9783484 0.9590333 0.4550795 0.3007531 0.4611777 0.3058523 0.4762872 0.2927941 0.4550795 0.3007531 0.4762872 0.2927941 0.4689497 0.2834208 0.453142 0.2981873 0.4550795 0.3007531 0.4689497 0.2834208 0.4489216 0.2936352 0.45371 0.2936017 0.4527425 0.2883248 0.45371 0.2936017 0.453142 0.2981873 0.4689497 0.2834208 0.4762872 0.2927941 0.4902781 0.3043 0.5017579 0.2857696 0.5017579 0.2857696 0.48407 0.2679211 0.4762872 0.2927941 0.5018469 0.3046814 0.5115641 0.3101868 0.5262412 0.2713258 0.5166839 0.2603809 0.5017579 0.2857696 0.5018469 0.3046814 0.5166839 0.2603809 0.5018469 0.3046814 0.5262412 0.2713258 0.5352702 0.2750151 0.5405885 0.2950056 0.5476124 0.2643213 0.5476124 0.2643213 0.5403016 0.2412735 0.5352702 0.2750151 0.5566713 0.2677352 0.5718002 0.2653244 0.5679001 0.2458481 0.5595972 0.2415905 0.5501695 0.2333148 0.5476124 0.2643213 0.5595972 0.2415905 0.5476124 0.2643213 0.5566713 0.2677352 0.5679001 0.2458481 0.5718002 0.2653244 0.5808935 0.2419338 0.5595972 0.2415905 0.5566713 0.2677352 0.5679001 0.2458481 0.5796999 0.2285232 0.56228 0.2279725 0.5679001 0.2458481 0.5796999 0.2285232 0.5679001 0.2458481 0.5808935 0.2419338 0.5796999 0.2285232 0.5919812 0.2163535 0.5820536 0.216752 0.5720937 0.2170662 0.5796999 0.2285232 0.5820536 0.216752 0.4091789 0.8503131 0.4221955 0.851749 0.4273973 0.8391188 0.4030812 0.8371093 0.4091789 0.8503131 0.4273973 0.8391188 0.3982942 0.8253466 0.4030812 0.8371093 0.4273973 0.8391188 0.3982942 0.8253466 0.4273973 0.8391188 0.4254589 0.8270359 0.3982806 0.8146651 0.3982942 0.8253466 0.4254589 0.8270359 0.3982806 0.8146651 0.4254589 0.8270359 0.4326884 0.8153319 0.4068855 0.8038538 0.3982806 0.8146651 0.4326884 0.8153319 0.4068855 0.8038538 0.4326884 0.8153319 0.4403662 0.8036253 0.4139965 0.7927932 0.4068855 0.8038538 0.4403662 0.8036253 0.4221955 0.851749 0.4539574 0.8517735 0.4273973 0.8391188 0.5919812 0.2163535 0.5796999 0.2285232 0.6124404 0.2283415 0.5808935 0.2419338 0.6124404 0.2283415 0.5796999 0.2285232 0.5718002 0.2653244 0.6132994 0.2540488 0.5808935 0.2419338 0.586932 0.2731015 0.5718002 0.2653244 0.5710104 0.282374 0.5807526 0.2789662 0.586932 0.2731015 0.5710104 0.282374 0.5807526 0.2789662 0.5710104 0.282374 0.5752491 0.2833454 0.2913332 0.9434373 0.3006584 0.9561279 0.3093178 0.9503287 0.2913332 0.9434373 0.3093178 0.9503287 0.2941851 0.9379262 0.3006584 0.9561279 0.3053653 0.956914 0.3093178 0.9503287 0.5710104 0.282374 0.5718002 0.2653244 0.5614913 0.2884336 0.5752491 0.2833454 0.5710104 0.282374 0.5713278 0.2905488 0.2941851 0.9379262 0.3093178 0.9503287 0.312899 0.9421062 0.5718002 0.2653244 0.5566713 0.2677352 0.5614913 0.2884336 0.5614913 0.2884336 0.5566713 0.2677352 0.5504845 0.297549 0.5566713 0.2677352 0.5476124 0.2643213 0.5405885 0.2950056 0.5566713 0.2677352 0.5405885 0.2950056 0.5504845 0.297549 0.5405885 0.2950056 0.5352702 0.2750151 0.5220735 0.3156479 0.5352702 0.2750151 0.5262412 0.2713258 0.5115641 0.3101868 0.5352702 0.2750151 0.5115641 0.3101868 0.5220735 0.3156479 0.5018469 0.3046814 0.5017579 0.2857696 0.4902781 0.3043 0.4857364 0.3214046 0.4902781 0.3043 0.4762872 0.2927941 0.4857364 0.3214046 0.4762872 0.2927941 0.4611777 0.3058523 0.9698864 0.9591496 0.9637137 0.9599216 0.9710075 0.9630286 0.967747 0.9520791 0.9698864 0.9591496 0.9746949 0.9562474 0.5928183 0.331741 0.6090299 0.3370888 0.6191271 0.3322525 0.3226332 0.8862698 0.3276646 0.8784394 0.3278519 0.8645655 0.586932 0.2731015 0.6488802 0.2674535 0.5718002 0.2653244 0.6186128 0.274837 0.586932 0.2731015 0.5987522 0.2748173 0.2818344 0.9792481 0.2852575 0.9823674 0.2923153 0.9743062 0.6132994 0.2540488 0.5718002 0.2653244 0.6488802 0.2674535 0.4254589 0.8270359 0.4273973 0.8391188 0.4525806 0.8268536 0.4326884 0.8153319 0.4254589 0.8270359 0.4525806 0.8268536 0.5190561 0.9670568 0.5503712 0.9742929 0.5914155 0.9672197 0.5190561 0.9670568 0.5346241 0.9741157 0.5503712 0.9742929 0.4138309 0.7571439 0.4366188 0.760385 0.4348731 0.7558247 0.399594 0.7758359 0.405252 0.7834841 0.4400801 0.7723491 0.4027798 0.7683146 0.399594 0.7758359 0.4400801 0.7723491 0.4027798 0.7683146 0.4400801 0.7723491 0.440016 0.7650545 0.4020991 0.763829 0.4027798 0.7683146 0.440016 0.7650545 0.4020991 0.763829 0.440016 0.7650545 0.4366188 0.760385 0.4138309 0.7571439 0.4020991 0.763829 0.4366188 0.760385 0.5190561 0.9670568 0.5155147 0.9733526 0.5346241 0.9741157 0.3936601 0.7621032 0.4020991 0.763829 0.4138309 0.7571439 0.3910077 0.7724521 0.399594 0.7758359 0.4027798 0.7683146 0.3902031 0.7689796 0.3910077 0.7724521 0.4027798 0.7683146 0.3902031 0.7689796 0.4027798 0.7683146 0.4020991 0.763829 0.5077983 0.9722157 0.5155147 0.9733526 0.5190561 0.9670568 0.3936601 0.7621032 0.3902031 0.7689796 0.4020991 0.763829 0.3899124 0.7821288 0.405252 0.7834841 0.399594 0.7758359 0.3910077 0.7724521 0.3899124 0.7821288 0.399594 0.7758359 0.3844094 0.7683945 0.3902031 0.7689796 0.3936601 0.7621032 0.3861182 0.7752848 0.3910077 0.7724521 0.3902031 0.7689796 0.5008291 0.9521331 0.496106 0.9687494 0.5019173 0.9707353 0.3844094 0.7683945 0.3861182 0.7752848 0.3902031 0.7689796 0.3899124 0.7821288 0.3910077 0.7724521 0.3861182 0.7752848 0.4945655 0.9502582 0.4895579 0.966107 0.496106 0.9687494 0.4945655 0.9502582 0.496106 0.9687494 0.5008291 0.9521331 0.3784809 0.7778154 0.3820305 0.7814889 0.3861182 0.7752848 0.3784809 0.7778154 0.3861182 0.7752848 0.3844094 0.7683945 0.3869506 0.8336364 0.3864125 0.8199344 0.3774917 0.8293737 0.3704449 0.8342793 0.379918 0.8407894 0.3869506 0.8336364 0.3704449 0.8342793 0.3869506 0.8336364 0.3774917 0.8293737 0.5086702 0.2151453 0.5211061 0.223853 0.5206046 0.2151745 0.5086702 0.2151453 0.5206046 0.2151745 0.5121939 0.21086 0.4633779 0.9246247 0.4512165 0.9351625 0.4552884 0.9413368 0.4633779 0.9246247 0.4552884 0.9413368 0.4662214 0.9291185 0.922863 0.8834798 0.911315 0.8832448 0.9237239 0.8931065 0.9237239 0.8931065 0.911315 0.8832448 0.9253097 0.9013286 0.3036444 0.9116663 0.3169763 0.9187538 0.3198789 0.9074984 0.3036444 0.9116663 0.3198789 0.9074984 0.3051765 0.9055792 0.3017308 0.9183563 0.3169763 0.9187538 0.3036444 0.9116663 0.2993976 0.9252926 0.3162574 0.9334886 0.3169763 0.9187538 0.2993976 0.9252926 0.3169763 0.9187538 0.3017308 0.9183563 0.2968358 0.9319293 0.312899 0.9421062 0.3162574 0.9334886 0.2968358 0.9319293 0.3162574 0.9334886 0.2993976 0.9252926 0.2802848 0.9607845 0.2938091 0.9651123 0.3006584 0.9561279 0.2802848 0.9607845 0.3006584 0.9561279 0.2868799 0.9506139 0.2868799 0.9506139 0.3006584 0.9561279 0.2913332 0.9434373 0.3067157 0.8977848 0.3213936 0.8981773 0.3226332 0.8862698 0.3067157 0.8977848 0.3226332 0.8862698 0.308229 0.8855987 0.3051765 0.9055792 0.3198789 0.9074984 0.3213936 0.8981773 0.3051765 0.9055792 0.3213936 0.8981773 0.3067157 0.8977848 0.922863 0.8834798 0.909307 0.8368586 0.911315 0.8832448 0.2716022 0.9699112 0.2818344 0.9792481 0.2938091 0.9651123 0.2716022 0.9699112 0.2938091 0.9651123 0.2802848 0.9607845 0.4432433 0.280004 0.4527425 0.2883248 0.4699094 0.2589401 0.4662214 0.9291185 0.4552884 0.9413368 0.4603703 0.9471178 0.4662214 0.9291185 0.4603703 0.9471178 0.4698343 0.9336016 0.4746821 0.9382503 0.4667409 0.9527222 0.4820355 0.9624967 0.4698343 0.9336016 0.4603703 0.9471178 0.4667409 0.9527222 0.4698343 0.9336016 0.4667409 0.9527222 0.4746821 0.9382503 0.5043681 0.2199625 0.5135822 0.2323192 0.5211061 0.223853 0.5043681 0.2199625 0.5211061 0.223853 0.5086702 0.2151453 0.4991329 0.2253618 0.5135822 0.2323192 0.5043681 0.2199625 0.4699094 0.2589401 0.5135822 0.2323192 0.4991329 0.2253618 0.4353708 0.2939592 0.4468765 0.2975481 0.4489216 0.2936352 0.4353708 0.2939592 0.4489216 0.2936352 0.4352856 0.2890105 0.9797492 0.9421261 0.9746949 0.9562474 0.9783484 0.9590333 0.9797492 0.9421261 0.9783484 0.9590333 0.9840901 0.9451936 0.4352856 0.2890105 0.4489216 0.2936352 0.4527425 0.2883248 0.4352856 0.2890105 0.4527425 0.2883248 0.4432433 0.280004 0.2941851 0.9379262 0.312899 0.9421062 0.2968358 0.9319293 0.9459595 0.9306941 0.967747 0.9520791 0.9727388 0.9384606 0.9727388 0.9384606 0.967747 0.9520791 0.9746949 0.9562474 0.9727388 0.9384606 0.9746949 0.9562474 0.9797492 0.9421261 0.9186794 0.8002769 0.909307 0.8368586 0.922863 0.8834798 0.308229 0.8855987 0.3226332 0.8862698 0.3112512 0.8447881 0.5954852 0.9567746 0.5190561 0.9670568 0.5914155 0.9672197 0.515103 0.9566182 0.5190561 0.9670568 0.5954852 0.9567746 0.5091342 0.9556238 0.5190561 0.9670568 0.515103 0.9566182 0.5091342 0.9556238 0.5077983 0.9722157 0.5190561 0.9670568 0.5048457 0.9541162 0.5019173 0.9707353 0.5077983 0.9722157 0.5048457 0.9541162 0.5077983 0.9722157 0.5091342 0.9556238 0.5008291 0.9521331 0.5019173 0.9707353 0.5048457 0.9541162 0.3408402 0.5863912 0.3455085 0.5507692 0.3326007 0.5683491 0.3346618 0.57989 0.3408402 0.5863912 0.3326007 0.5683491 0.3525514 0.5877298 0.3455085 0.5507692 0.3408402 0.5863912 0.3593707 0.5542992 0.3455085 0.5507692 0.3525514 0.5877298 0.3593707 0.5542992 0.3525514 0.5877298 0.3624179 0.58475 0.3677435 0.5489683 0.3593707 0.5542992 0.3624179 0.58475 0.3677435 0.5489683 0.3624179 0.58475 0.3675909 0.5761811 0.9380691 0.9211294 0.9459595 0.9306941 0.9447643 0.9256228 0.9447643 0.9256228 0.9459595 0.9306941 0.9529228 0.9297086 0.3624179 0.58475 0.3604269 0.5879784 0.3648273 0.5849027 0.3525514 0.5877298 0.3547323 0.5897986 0.3604269 0.5879784 0.3525514 0.5877298 0.3604269 0.5879784 0.3624179 0.58475 0.3525514 0.5877298 0.3484307 0.5900884 0.3547323 0.5897986 0.3408402 0.5863912 0.342451 0.5887678 0.3484307 0.5900884 0.3408402 0.5863912 0.3484307 0.5900884 0.3525514 0.5877298 0.3326007 0.5683491 0.3307164 0.5712404 0.3318857 0.5768252 0.3326007 0.5683491 0.3318857 0.5768252 0.3346618 0.57989 0.3346618 0.57989 0.3318857 0.5768252 0.3340637 0.5818521 0.3675909 0.5761811 0.3677242 0.5808638 0.3694768 0.5747875 0.3624179 0.58475 0.3648273 0.5849027 0.3677242 0.5808638 0.3624179 0.58475 0.3677242 0.5808638 0.3675909 0.5761811 0.3852764 0.6336579 0.364821 0.6292053 0.3729808 0.63277 0.364821 0.6292053 0.3495119 0.6250348 0.3729808 0.63277 0.4357361 0.5791172 0.4333171 0.5820562 0.4414956 0.5743321 0.4357361 0.5791172 0.4223952 0.5833849 0.4333171 0.5820562 0.4446019 0.5642697 0.4357361 0.5791172 0.4414956 0.5743321 0.4446019 0.5642697 0.4414956 0.5743321 0.4469603 0.5563621 0.3948854 0.4897952 0.4223775 0.5163473 0.4128987 0.5075263 0.3948854 0.4897952 0.4128987 0.5075263 0.4032359 0.4984589 0.4223952 0.5833849 0.4127727 0.5855767 0.4333171 0.5820562 0.4351989 0.5294745 0.4373582 0.5282347 0.4223775 0.5163473 0.4351989 0.5294745 0.4435921 0.5423973 0.4442781 0.5404132 0.4351989 0.5294745 0.4442781 0.5404132 0.4373582 0.5282347 0.4435921 0.5423973 0.4460681 0.5534225 0.4469603 0.5563621 0.4435921 0.5423973 0.4469603 0.5563621 0.4442781 0.5404132 0.4460681 0.5534225 0.4446019 0.5642697 0.4469603 0.5563621 0.3762802 0.6999951 0.3946444 0.7007979 0.3913725 0.6931931 0.3589773 0.7020418 0.3762802 0.6999951 0.3647208 0.6931648 0.3762802 0.6999951 0.3913725 0.6931931 0.3647208 0.6931648 0.3426706 0.7074892 0.3589773 0.7020418 0.344411 0.6949415 0.3426706 0.7074892 0.344411 0.6949415 0.3278829 0.7034545 0.3282334 0.7166386 0.3278829 0.7034545 0.3174938 0.7119151 0.3282334 0.7166386 0.3426706 0.7074892 0.3278829 0.7034545 0.2912662 0.2140179 0.2808862 0.2231639 0.2859081 0.2337072 0.2912662 0.2140179 0.2859081 0.2337072 0.302167 0.2189146 0.2648081 0.2323637 0.2467315 0.2373162 0.2585033 0.2463755 0.2648081 0.2323637 0.2585033 0.2463755 0.2722618 0.2418212 0.2808862 0.2231639 0.2648081 0.2323637 0.2722618 0.2418212 0.2808862 0.2231639 0.2722618 0.2418212 0.2859081 0.2337072 0.3097541 0.1881789 0.3039967 0.1976245 0.3136078 0.1984132 0.3226464 0.180801 0.3097541 0.1881789 0.3136078 0.1984132 0.3097541 0.1881789 0.3226464 0.180801 0.3149597 0.1780924 0.4815731 0.7191576 0.4708409 0.721579 0.4796762 0.7250937 0.4435266 0.7092131 0.4389156 0.7113149 0.4577171 0.7171534 0.4435266 0.7092131 0.4815731 0.7191576 0.4424467 0.7047517 0.4815731 0.7191576 0.4435266 0.7092131 0.4577171 0.7171534 0.4815731 0.7191576 0.4577171 0.7171534 0.4708409 0.721579 0.2467315 0.2373162 0.2431502 0.2485572 0.2585033 0.2463755 0.4075986 0.7026007 0.4435266 0.7092131 0.4424467 0.7047517 0.4435266 0.7092131 0.4075986 0.7026007 0.4207545 0.7059806 0.4435266 0.7092131 0.4207545 0.7059806 0.4389156 0.7113149 0.4075986 0.7026007 0.4424467 0.7047517 0.3913725 0.6931931 0.3946444 0.7007979 0.4075986 0.7026007 0.3913725 0.6931931 0.3190144 0.7254702 0.3282334 0.7166386 0.3174938 0.7119151 0.3190144 0.7254702 0.3174938 0.7119151 0.3142071 0.7155764 0.3589773 0.7020418 0.3647208 0.6931648 0.344411 0.6949415 0.2978355 0.2063278 0.2912662 0.2140179 0.302167 0.2189146 0.3039967 0.1976245 0.2978355 0.2063278 0.302167 0.2189146 0.3039967 0.1976245 0.302167 0.2189146 0.3136078 0.1984132 0.4862251 0.5728906 0.4987842 0.5664308 0.4954649 0.5655505 0.4862251 0.5728906 0.4954649 0.5655505 0.4747191 0.5797145 0.4895676 0.6605877 0.4780587 0.6507151 0.4873839 0.6612706 0.4780587 0.6507151 0.4695234 0.6376714 0.4690472 0.639214 0.4695234 0.6376714 0.4648277 0.6216447 0.4635891 0.621647 0.4695234 0.6376714 0.4635891 0.621647 0.4690472 0.639214 0.4648277 0.6216447 0.4642008 0.6098319 0.4635891 0.621647 0.5761448 0.5854791 0.5840528 0.598167 0.5820338 0.5897562 0.3836869 0.3111634 0.3791421 0.3028573 0.3795941 0.3069065 0.3754721 0.2939457 0.3725219 0.2848665 0.3795941 0.3069065 0.3795941 0.3069065 0.3725219 0.2848665 0.3685364 0.2727759 0.3791421 0.3028573 0.3754721 0.2939457 0.3795941 0.3069065 0.3795941 0.3069065 0.3685364 0.2727759 0.3701618 0.2995805 0.5494162 0.5672945 0.5642226 0.5749625 0.5689516 0.5761936 0.5494162 0.5672945 0.5689516 0.5761936 0.5505383 0.5651369 0.3935214 0.3258078 0.3885113 0.318786 0.3887565 0.3238437 0.3885113 0.318786 0.3836869 0.3111634 0.3795941 0.3069065 0.3885113 0.318786 0.3795941 0.3069065 0.3887565 0.3238437 0.3711332 0.2414962 0.368582 0.2427762 0.3671191 0.2590832 0.3699465 0.2725162 0.3711332 0.2414962 0.3671191 0.2590832 0.3699465 0.2725162 0.3671191 0.2590832 0.3685364 0.2727759 0.3725219 0.2848665 0.3699465 0.2725162 0.3685364 0.2727759 0.5329985 0.563054 0.5494162 0.5672945 0.5505383 0.5651369 0.5642226 0.5749625 0.5761448 0.5854791 0.5689516 0.5761936 0.5761448 0.5854791 0.5820338 0.5897562 0.5689516 0.5761936 0.4108415 0.3424177 0.4046478 0.337758 0.4099723 0.3445392 0.4099723 0.3445392 0.4046478 0.337758 0.3977661 0.3387984 0.4046478 0.337758 0.3988626 0.3321636 0.3977661 0.3387984 0.3988626 0.3321636 0.3935214 0.3258078 0.3887565 0.3238437 0.3988626 0.3321636 0.3887565 0.3238437 0.3977661 0.3387984 0.3711332 0.2414962 0.3816577 0.2121565 0.3736966 0.2243063 0.3711332 0.2414962 0.3736966 0.2243063 0.368582 0.2427762 0.4732208 0.5855799 0.4791252 0.5787898 0.4747191 0.5797145 0.4791252 0.5787898 0.4862251 0.5728906 0.4747191 0.5797145 0.5162726 0.5624712 0.5329985 0.563054 0.5197963 0.5602423 0.4686108 0.5930939 0.4732208 0.5855799 0.4747191 0.5797145 0.4686108 0.5930939 0.4747191 0.5797145 0.4655205 0.6013279 0.4655205 0.6013279 0.4747191 0.5797145 0.4637359 0.5887016 0.4655205 0.6013279 0.4637359 0.5887016 0.4557229 0.5998358 0.4642008 0.6098319 0.4655205 0.6013279 0.4635891 0.621647 0.4635891 0.621647 0.4655205 0.6013279 0.4557229 0.5998358 0.3816577 0.2121565 0.3804063 0.2111091 0.3736966 0.2243063 0.4998003 0.666201 0.4895676 0.6605877 0.4987539 0.6678025 0.4987539 0.6678025 0.4895676 0.6605877 0.4873839 0.6612706 0.4987842 0.5664308 0.5162726 0.5624712 0.5197963 0.5602423 0.4987842 0.5664308 0.5197963 0.5602423 0.4954649 0.5655505 0.404253 0.5920991 0.4034076 0.5987886 0.4067816 0.5959905 0.3495119 0.6250348 0.3419061 0.6224097 0.3377024 0.6238936 0.3419061 0.6224097 0.3345095 0.6213697 0.3377024 0.6238936 0.4072992 0.587738 0.404253 0.5920991 0.4067816 0.5959905 0.4034076 0.5987886 0.4032058 0.6136379 0.4067816 0.5959905 0.3852764 0.6336579 0.3729808 0.63277 0.3740061 0.6350933 0.3729808 0.63277 0.3495119 0.6250348 0.3740061 0.6350933 0.327212 0.6209747 0.3208644 0.6257799 0.3224035 0.6278573 0.327212 0.6209747 0.3224035 0.6278573 0.3292607 0.6252359 0.3345095 0.6213697 0.327212 0.6209747 0.3292607 0.6252359 0.3345095 0.6213697 0.3292607 0.6252359 0.3377024 0.6238936 0.4414956 0.5743321 0.4333171 0.5820562 0.4468777 0.5856179 0.4414956 0.5743321 0.4468777 0.5856179 0.4476968 0.5753014 0.4333171 0.5820562 0.4127727 0.5855767 0.4468777 0.5856179 0.4469603 0.5563621 0.4414956 0.5743321 0.4476968 0.5753014 0.4469603 0.5563621 0.4476968 0.5753014 0.4507881 0.5583926 0.4116156 0.5061863 0.4128987 0.5075263 0.4223775 0.5163473 0.3149572 0.6311704 0.307633 0.6385467 0.3146468 0.6357796 0.3208644 0.6257799 0.3149572 0.6311704 0.3146468 0.6357796 0.3208644 0.6257799 0.3146468 0.6357796 0.3224035 0.6278573 0.307633 0.6385467 0.3043754 0.6496449 0.3146468 0.6357796 0.2763912 0.413856 0.3162234 0.4389082 0.2800176 0.4077042 0.4373582 0.5282347 0.4442781 0.5404132 0.4482378 0.5294166 0.4442781 0.5404132 0.4469603 0.5563621 0.4507881 0.5583926 0.301016 0.6476754 0.3076103 0.6385864 0.307633 0.6385467 0.307633 0.6385467 0.3076103 0.6385864 0.3043754 0.6496449 0.400752 0.6203203 0.4094924 0.61031 0.4032058 0.6136379 0.4014981 0.6391784 0.3984954 0.6263428 0.3931193 0.630244 0.4645596 0.6351752 0.4873839 0.6612706 0.4780587 0.6507151 0.4645596 0.6351752 0.4780587 0.6507151 0.4690472 0.639214 0.4645596 0.6351752 0.4690472 0.639214 0.4635891 0.621647 0.4645596 0.6351752 0.4940649 0.6779894 0.4873839 0.6612706 0.3822041 0.6759157 0.4060968 0.6808196 0.3900543 0.6698342 0.3822041 0.6759157 0.3673452 0.6850384 0.4013404 0.6875262 0.4013404 0.6875262 0.3673452 0.6850384 0.3719451 0.6892747 0.3822041 0.6759157 0.3571758 0.6633563 0.3612705 0.6763857 0.3822041 0.6759157 0.3612705 0.6763857 0.3673452 0.6850384 0.3719451 0.6892747 0.3647208 0.6931648 0.3913725 0.6931931 0.3900543 0.6698342 0.3696645 0.6551721 0.3822041 0.6759157 0.3831312 0.6496154 0.3900543 0.6698342 0.4091949 0.6686534 0.3900543 0.6698342 0.4060968 0.6808196 0.4091949 0.6686534 0.3831312 0.6496154 0.4091949 0.6686534 0.4425088 0.676752 0.4014981 0.6391784 0.3831312 0.6496154 0.4425088 0.676752 0.4094924 0.61031 0.4067816 0.5959905 0.4032058 0.6136379 0.4067816 0.5959905 0.4094924 0.61031 0.4127727 0.5855767 0.3696645 0.6551721 0.3831312 0.6496154 0.3595799 0.637552 0.3595799 0.637552 0.3831312 0.6496154 0.377806 0.6394042 0.3473078 0.6364998 0.3696645 0.6551721 0.3595799 0.637552 0.3595799 0.637552 0.377806 0.6394042 0.3495119 0.6250348 0.3495119 0.6250348 0.377806 0.6394042 0.3740061 0.6350933 0.3473078 0.6364998 0.3595799 0.637552 0.3495119 0.6250348 0.3447185 0.6459439 0.3473078 0.6364998 0.3292607 0.6252359 0.3292607 0.6252359 0.3473078 0.6364998 0.3377024 0.6238936 0.3377024 0.6238936 0.3473078 0.6364998 0.3495119 0.6250348 0.3447185 0.6459439 0.3292607 0.6252359 0.3224035 0.6278573 0.1708085 0.710767 0.1672727 0.6936429 0.1639225 0.7045019 0.1708085 0.710767 0.1639225 0.7045019 0.1663052 0.7173196 0.1753407 0.7144693 0.1708085 0.710767 0.1663052 0.7173196 0.1753407 0.7144693 0.1663052 0.7173196 0.1794418 0.7194537 0.1830298 0.7166085 0.1753407 0.7144693 0.1794418 0.7194537 0.2160973 0.7198534 0.1830298 0.7166085 0.1794418 0.7194537 0.2160973 0.7198534 0.1794418 0.7194537 0.2182742 0.7235221 0.2160973 0.7198534 0.2182742 0.7235221 0.2198383 0.7225763 0.2175319 0.7199899 0.2160973 0.7198534 0.2198383 0.7225763 0.4411066 0.5215103 0.4310683 0.5160744 0.4223775 0.5163473 0.4411066 0.5215103 0.4223775 0.5163473 0.4373582 0.5282347 0.4310683 0.5160744 0.4116156 0.5061863 0.4223775 0.5163473 0.4310683 0.5160744 0.4084835 0.4951303 0.4116156 0.5061863 0.461033 0.4965343 0.4573612 0.5093249 0.4690881 0.4769887 0.448238 0.5223905 0.4411066 0.5215103 0.4373582 0.5282347 0.448238 0.5223905 0.4373582 0.5282347 0.4482378 0.5294166 0.4537266 0.5164476 0.448238 0.5223905 0.4482378 0.5294166 0.4537266 0.5164476 0.4482378 0.5294166 0.4573612 0.5093249 0.4914798 0.400083 0.4869754 0.4128391 0.4928388 0.4075846 0.4955572 0.3905947 0.4914798 0.400083 0.4928388 0.4075846 0.4955572 0.3905947 0.4928388 0.4075846 0.5007026 0.386846 0.5003003 0.3830963 0.4955572 0.3905947 0.5007026 0.386846 0.165011 0.6815916 0.1622986 0.6717481 0.1627574 0.6882215 0.1622986 0.6717481 0.1584585 0.6635985 0.1530384 0.6607207 0.1622986 0.6717481 0.1530384 0.6607207 0.1627574 0.6882215 0.1672727 0.6936429 0.165011 0.6815916 0.1627574 0.6882215 0.1672727 0.6936429 0.1627574 0.6882215 0.1639225 0.7045019 0.1584585 0.6635985 0.1532589 0.657884 0.1530384 0.6607207 0.4731423 0.4540704 0.4654789 0.4799965 0.4690881 0.4769887 0.4654789 0.4799965 0.461033 0.4965343 0.4690881 0.4769887 0.4731423 0.4540704 0.4690881 0.4769887 0.4928388 0.4075846 0.4869754 0.4128391 0.4731423 0.4540704 0.4928388 0.4075846 0.3092623 0.4265109 0.2800176 0.4077042 0.3162234 0.4389082 0.3364675 0.4436903 0.3092623 0.4265109 0.3162234 0.4389082 0.3364675 0.4436903 0.3162234 0.4389082 0.3380094 0.4549483 0.3587605 0.4592292 0.3494504 0.4537519 0.3380094 0.4549483 0.3587605 0.4592292 0.3380094 0.4549483 0.3574953 0.4636076 0.3494504 0.4537519 0.3364675 0.4436903 0.3380094 0.4549483 0.3899035 0.4777603 0.3803336 0.4705455 0.3774673 0.4748363 0.3899035 0.4777603 0.3774673 0.4748363 0.3864998 0.4818196 0.3803336 0.4705455 0.3700735 0.4642515 0.367702 0.4690843 0.3803336 0.4705455 0.367702 0.4690843 0.3774673 0.4748363 0.3700735 0.4642515 0.3587605 0.4592292 0.3574953 0.4636076 0.3700735 0.4642515 0.3574953 0.4636076 0.367702 0.4690843 0.4084835 0.4951303 0.3989464 0.4857596 0.3948854 0.4897952 0.4084835 0.4951303 0.3948854 0.4897952 0.4032359 0.4984589 0.3989464 0.4857596 0.3899035 0.4777603 0.3864998 0.4818196 0.3989464 0.4857596 0.3864998 0.4818196 0.3948854 0.4897952 0.4084835 0.4951303 0.4032359 0.4984589 0.4116156 0.5061863 0.1532589 0.657884 0.1467669 0.6548698 0.1457695 0.6570861 0.1532589 0.657884 0.1457695 0.6570861 0.1530384 0.6607207 0.5060135 0.378019 0.5003003 0.3830963 0.5007026 0.386846 0.5060135 0.378019 0.5007026 0.386846 0.5071056 0.3802056 0.1524701 0.8769232 0.1573633 0.8809842 0.1610112 0.8791531 0.1524701 0.8769232 0.1610112 0.8791531 0.1533509 0.8724462 0.1490011 0.8716208 0.1524701 0.8769232 0.1533509 0.8724462 0.653966 0.5422106 0.6634894 0.5308533 0.6577563 0.5283684 0.5007026 0.386846 0.5280607 0.3970499 0.508962 0.386479 0.5280607 0.3970499 0.5193176 0.3895837 0.508962 0.386479 0.3977661 0.3387984 0.3993401 0.3638636 0.4099723 0.3445392 0.3822253 0.3500875 0.3993401 0.3638636 0.3977661 0.3387984 0.3822253 0.3500875 0.3866741 0.3688306 0.3993401 0.3638636 0.6187843 0.6080887 0.6206194 0.5810164 0.608098 0.6027197 0.5903461 0.6064031 0.5840528 0.598167 0.5870428 0.6074519 0.6206194 0.5810164 0.5820338 0.5897562 0.608098 0.6027197 0.5978392 0.5491095 0.5987209 0.511048 0.5619618 0.5189788 0.5499222 0.4726661 0.5619618 0.5189788 0.5987209 0.511048 0.546848 0.4442788 0.5499222 0.4726661 0.5754916 0.4784578 0.149723 0.7429142 0.1473489 0.7555251 0.1503353 0.7553872 0.149723 0.7429142 0.1503353 0.7553872 0.1542846 0.7398616 0.546848 0.4442788 0.5754916 0.4784578 0.5683143 0.4562878 0.154712 0.7174409 0.149723 0.7429142 0.1542846 0.7398616 0.546848 0.4442788 0.5683143 0.4562878 0.5610947 0.4449658 0.1542846 0.7398616 0.1623822 0.7332013 0.1663052 0.7173196 0.4476968 0.5753014 0.4637359 0.5887016 0.4747191 0.5797145 0.4507881 0.5583926 0.4476968 0.5753014 0.4747191 0.5797145 0.4507881 0.5583926 0.4546164 0.5365523 0.4442781 0.5404132 0.4546164 0.5365523 0.4573612 0.5093249 0.4482378 0.5294166 0.4546164 0.5365523 0.5174589 0.5379467 0.4625938 0.5062931 0.4546164 0.5365523 0.4482378 0.5294166 0.4442781 0.5404132 0.5174589 0.5379467 0.4954649 0.5655505 0.5197963 0.5602423 0.5174589 0.5379467 0.4546164 0.5365523 0.4954649 0.5655505 0.2447165 0.3229808 0.3124445 0.3326647 0.2886961 0.3135421 0.2447165 0.3229808 0.2534217 0.3481659 0.3085197 0.3507835 0.2447165 0.3229808 0.3085197 0.3507835 0.3124445 0.3326647 0.3184759 0.3654854 0.3015024 0.3760744 0.3196653 0.377341 0.3184759 0.3654854 0.3296175 0.3462131 0.3085197 0.3507835 0.680754 0.6352124 0.6810635 0.6249803 0.6664378 0.6302786 0.3462908 0.3776143 0.3361751 0.3609959 0.3184759 0.3654854 0.3462908 0.3776143 0.3184759 0.3654854 0.3196653 0.377341 0.6664378 0.6302786 0.6764358 0.6078684 0.6567528 0.6262556 0.6567528 0.6262556 0.6655411 0.5546817 0.6471747 0.6218658 0.6655411 0.5546817 0.6504873 0.5832471 0.6377407 0.6173158 0.6655411 0.5546817 0.6377407 0.6173158 0.6471747 0.6218658 0.6419375 0.5813884 0.6377407 0.6173158 0.6504873 0.5832471 0.6301008 0.5616236 0.6206194 0.5810164 0.6353526 0.5746513 0.6353526 0.5746513 0.6466808 0.5413937 0.6301008 0.5616236 0.6199187 0.5246662 0.5978392 0.5491095 0.6301008 0.5616236 0.6402645 0.5335521 0.6199187 0.5246662 0.6301008 0.5616236 0.6199187 0.5246662 0.6425669 0.5193117 0.6071029 0.4939954 0.6199187 0.5246662 0.6071029 0.4939954 0.5987209 0.511048 0.1443362 0.7962046 0.1449829 0.8439327 0.1480938 0.8263785 0.6071029 0.4939954 0.5754916 0.4784578 0.5987209 0.511048 0.1443362 0.7962046 0.1480938 0.8263785 0.1474537 0.7846661 0.5754916 0.4784578 0.6071029 0.4939954 0.586571 0.4766723 0.1449829 0.8439327 0.1495485 0.8609858 0.1480938 0.8263785 0.6199187 0.5246662 0.6402645 0.5335521 0.6425669 0.5193117 0.6402645 0.5335521 0.6301008 0.5616236 0.6466808 0.5413937 0.6419375 0.5813884 0.6593032 0.5496975 0.653966 0.5422106 0.6466808 0.5413937 0.6353526 0.5746513 0.6419375 0.5813884 0.6466808 0.5413937 0.6419375 0.5813884 0.653966 0.5422106 0.6504873 0.5832471 0.6655411 0.5546817 0.6593032 0.5496975 0.6419375 0.5813884 0.6504873 0.5832471 0.6593032 0.5496975 0.6567528 0.6262556 0.6764358 0.6078684 0.6721317 0.5618013 0.6655411 0.5546817 0.6567528 0.6262556 0.6721317 0.5618013 0.6764358 0.6078684 0.6664378 0.6302786 0.6810635 0.6249803 0.680754 0.6352124 0.6997811 0.6399775 0.6810635 0.6249803 0.3184759 0.3654854 0.2615572 0.3628488 0.2844623 0.3750516 0.3015024 0.3760744 0.3184759 0.3654854 0.2844623 0.3750516 0.2615572 0.3628488 0.2601633 0.3742405 0.2844623 0.3750516 0.3184759 0.3654854 0.3085197 0.3507835 0.2534217 0.3481659 0.3184759 0.3654854 0.2534217 0.3481659 0.2615572 0.3628488 0.2535415 0.3742143 0.2601633 0.3742405 0.2615572 0.3628488 0.6810635 0.6249803 0.7201207 0.643339 0.7258139 0.643988 0.6844993 0.5525916 0.6845648 0.5525981 0.6834258 0.5676949 0.7156496 0.5435771 0.6845648 0.5525981 0.6844993 0.5525916 0.2213139 0.8923207 0.205362 0.8862556 0.2070395 0.8853273 0.7156496 0.5435771 0.7114519 0.5376705 0.7343254 0.5386912 0.6402645 0.5335521 0.6518521 0.5250673 0.6425669 0.5193117 0.1449829 0.8439327 0.1466112 0.8636825 0.1495485 0.8609858 0.1466112 0.8636825 0.1490011 0.8716208 0.1533509 0.8724462 0.1466112 0.8636825 0.1533509 0.8724462 0.1495485 0.8609858 0.6518521 0.5250673 0.653966 0.5422106 0.6577563 0.5283684 0.6466808 0.5413937 0.653966 0.5422106 0.6518521 0.5250673 0.6402645 0.5335521 0.6466808 0.5413937 0.6518521 0.5250673 0.6593032 0.5496975 0.6634894 0.5308533 0.653966 0.5422106 0.6764358 0.6078684 0.6914761 0.588864 0.6834258 0.5676949 0.6721317 0.5618013 0.6764358 0.6078684 0.6834258 0.5676949 0.6764358 0.6078684 0.731075 0.6157686 0.6914761 0.588864 0.6764358 0.6078684 0.6810635 0.6249803 0.731075 0.6157686 0.6810635 0.6249803 0.6997811 0.6399775 0.7201207 0.643339 0.6721317 0.5618013 0.6834258 0.5676949 0.6845648 0.5525981 0.6845648 0.5525981 0.6763188 0.5338231 0.6721317 0.5618013 0.6845648 0.5525981 0.6838322 0.5348805 0.6763188 0.5338231 0.6655411 0.5546817 0.6721317 0.5618013 0.6763188 0.5338231 0.6763188 0.5338231 0.6695442 0.5326084 0.6655411 0.5546817 0.1708288 0.886119 0.1857298 0.8886318 0.1734375 0.8828949 0.1635791 0.8839783 0.1708288 0.886119 0.1734375 0.8828949 0.1635791 0.8839783 0.1734375 0.8828949 0.1610112 0.8791531 0.1573633 0.8809842 0.1635791 0.8839783 0.1610112 0.8791531 0.1857298 0.8886318 0.2070395 0.8853273 0.1734375 0.8828949 0.6838322 0.5348805 0.7156496 0.5435771 0.6995578 0.5361881 0.6838322 0.5348805 0.6845648 0.5525981 0.7156496 0.5435771 0.1857298 0.8886318 0.2213139 0.8923207 0.2070395 0.8853273 0.7156496 0.5435771 0.7343254 0.5386912 0.6995578 0.5361881 0.6695442 0.5326084 0.6634894 0.5308533 0.6593032 0.5496975 0.6695442 0.5326084 0.6593032 0.5496975 0.6655411 0.5546817 0.1456792 0.767853 0.1447429 0.7797439 0.1474537 0.7846661 0.1456792 0.767853 0.1474537 0.7846661 0.1481313 0.7676145 0.5754916 0.4784578 0.586571 0.4766723 0.5758551 0.4658426 0.1473489 0.7555251 0.1456792 0.767853 0.1481313 0.7676145 0.1473489 0.7555251 0.1481313 0.7676145 0.1503353 0.7553872 0.5754916 0.4784578 0.5758551 0.4658426 0.5683143 0.4562878 0.1447429 0.7797439 0.1443362 0.7962046 0.1474537 0.7846661 0.5754916 0.4784578 0.5499222 0.4726661 0.5987209 0.511048 0.5978392 0.5491095 0.6199187 0.5246662 0.5987209 0.511048 0.6206194 0.5810164 0.6301008 0.5616236 0.5978392 0.5491095 0.5978392 0.5491095 0.5898373 0.5686107 0.6206194 0.5810164 0.6206194 0.5810164 0.6187843 0.6080887 0.6353526 0.5746513 0.6419375 0.5813884 0.6353526 0.5746513 0.6187843 0.6080887 0.6283604 0.6127766 0.6377407 0.6173158 0.6419375 0.5813884 0.6187843 0.6080887 0.6283604 0.6127766 0.6419375 0.5813884 0.3692108 0.3558106 0.3584008 0.3567962 0.3685343 0.3743268 0.3866741 0.3688306 0.3822253 0.3500875 0.3692108 0.3558106 0.3866741 0.3688306 0.3692108 0.3558106 0.3685343 0.3743268 0.3757515 0.3367577 0.3635302 0.3393269 0.3692108 0.3558106 0.3757515 0.3367577 0.3692108 0.3558106 0.3822253 0.3500875 0.3847236 0.3292987 0.3977661 0.3387984 0.3887565 0.3238437 0.3847236 0.3292987 0.3822253 0.3500875 0.3977661 0.3387984 0.3757515 0.3367577 0.3822253 0.3500875 0.3847236 0.3292987 0.5898373 0.5686107 0.5505383 0.5651369 0.5689516 0.5761936 0.5898373 0.5686107 0.5629526 0.5469157 0.5505383 0.5651369 0.5629526 0.5469157 0.5174589 0.5379467 0.5505383 0.5651369 0.5629526 0.5469157 0.5619618 0.5189788 0.5168638 0.5043392 0.5168638 0.5043392 0.5174589 0.5379467 0.5629526 0.5469157 0.5499222 0.4726661 0.546848 0.4442788 0.4928388 0.4075846 0.546848 0.4442788 0.5007026 0.386846 0.4928388 0.4075846 0.508962 0.386479 0.5071056 0.3802056 0.5007026 0.386846 0.1530048 0.683054 0.1549431 0.6941207 0.1627574 0.6882215 0.546848 0.4442788 0.5359523 0.4049847 0.5280607 0.3970499 0.1500865 0.6718831 0.1627574 0.6882215 0.1530384 0.6607207 0.1500865 0.6718831 0.1530048 0.683054 0.1627574 0.6882215 0.5007026 0.386846 0.546848 0.4442788 0.5280607 0.3970499 0.1549431 0.6941207 0.1555552 0.7056663 0.1639225 0.7045019 0.1549431 0.6941207 0.1639225 0.7045019 0.1627574 0.6882215 0.1639225 0.7045019 0.1542846 0.7398616 0.1663052 0.7173196 0.1555552 0.7056663 0.154712 0.7174409 0.1542846 0.7398616 0.1555552 0.7056663 0.1542846 0.7398616 0.1639225 0.7045019 0.5359523 0.4049847 0.5610947 0.4449658 0.5495181 0.4239925 0.5359523 0.4049847 0.5495181 0.4239925 0.5430946 0.4139407 0.546848 0.4442788 0.5610947 0.4449658 0.5359523 0.4049847 0.5499222 0.4726661 0.5168638 0.5043392 0.5619618 0.5189788 0.5629526 0.5469157 0.5978392 0.5491095 0.5619618 0.5189788 0.5629526 0.5469157 0.5898373 0.5686107 0.5978392 0.5491095 0.5820338 0.5897562 0.6206194 0.5810164 0.5898373 0.5686107 0.5898373 0.5686107 0.5689516 0.5761936 0.5820338 0.5897562 0.5168638 0.5043392 0.4690881 0.4769887 0.4625938 0.5062931 0.4625938 0.5062931 0.5174589 0.5379467 0.5168638 0.5043392 0.4546164 0.5365523 0.4625938 0.5062931 0.4690881 0.4769887 0.4546164 0.5365523 0.4690881 0.4769887 0.4573612 0.5093249 0.5505383 0.5651369 0.5197963 0.5602423 0.5329985 0.563054 0.3395291 0.3156819 0.3531512 0.3365443 0.3468061 0.3108788 0.3442759 0.341717 0.3531512 0.3365443 0.3395291 0.3156819 0.3531512 0.3365443 0.3642092 0.3275362 0.3543788 0.3107516 0.3531512 0.3365443 0.3543788 0.3107516 0.3468061 0.3108788 0.3531512 0.3365443 0.3635302 0.3393269 0.3642092 0.3275362 0.3543788 0.3107516 0.3630795 0.3158427 0.359187 0.30378 0.3642092 0.3275362 0.3630795 0.3158427 0.3543788 0.3107516 0.3635302 0.3393269 0.3757515 0.3367577 0.3642092 0.3275362 0.3757515 0.3367577 0.3709431 0.3173084 0.3642092 0.3275362 0.377521 0.315365 0.3887565 0.3238437 0.3795941 0.3069065 0.377521 0.315365 0.3847236 0.3292987 0.3887565 0.3238437 0.3709431 0.3173084 0.3847236 0.3292987 0.377521 0.315365 0.3709431 0.3173084 0.3757515 0.3367577 0.3847236 0.3292987 0.3630795 0.3158427 0.3709431 0.3173084 0.359187 0.30378 0.3642092 0.3275362 0.3709431 0.3173084 0.3630795 0.3158427 0.377521 0.315365 0.3795941 0.3069065 0.3701618 0.2995805 0.3709431 0.3173084 0.377521 0.315365 0.3701618 0.2995805 0.3124445 0.3326647 0.3296175 0.3462131 0.3299325 0.3119739 0.3124445 0.3326647 0.3299325 0.3119739 0.318111 0.3137591 0.3296175 0.3462131 0.3442759 0.341717 0.3395291 0.3156819 0.3296175 0.3462131 0.3395291 0.3156819 0.3299325 0.3119739 0.3124445 0.3326647 0.318111 0.3137591 0.2886961 0.3135421 0.3085197 0.3507835 0.3296175 0.3462131 0.3124445 0.3326647 0.3296175 0.3462131 0.3184759 0.3654854 0.3361751 0.3609959 0.3473485 0.3582379 0.3442759 0.341717 0.3296175 0.3462131 0.3473485 0.3582379 0.3296175 0.3462131 0.3361751 0.3609959 0.3361751 0.3609959 0.3462908 0.3776143 0.3473485 0.3582379 0.3462908 0.3776143 0.3685343 0.3743268 0.3584008 0.3567962 0.3462908 0.3776143 0.3584008 0.3567962 0.3473485 0.3582379 0.3584008 0.3567962 0.3531512 0.3365443 0.3442759 0.341717 0.3584008 0.3567962 0.3442759 0.341717 0.3473485 0.3582379 0.3584008 0.3567962 0.3692108 0.3558106 0.3635302 0.3393269 0.3584008 0.3567962 0.3635302 0.3393269 0.3531512 0.3365443 0.5505383 0.5651369 0.5174589 0.5379467 0.5197963 0.5602423 0.5168638 0.5043392 0.5499222 0.4726661 0.4753053 0.455919 0.4753053 0.455919 0.4690881 0.4769887 0.5168638 0.5043392 0.5499222 0.4726661 0.4928388 0.4075846 0.4753053 0.455919 0.4753053 0.455919 0.4928388 0.4075846 0.4690881 0.4769887 0.4637359 0.5887016 0.4468777 0.5856179 0.4557229 0.5998358 0.4476968 0.5753014 0.4468777 0.5856179 0.4637359 0.5887016 0.4546164 0.5365523 0.4747191 0.5797145 0.4954649 0.5655505 0.4507881 0.5583926 0.4747191 0.5797145 0.4546164 0.5365523 0.5903461 0.6064031 0.5820338 0.5897562 0.5840528 0.598167 0.608098 0.6027197 0.5820338 0.5897562 0.5903461 0.6064031 0.1457695 0.6570861 0.1500865 0.6718831 0.1530384 0.6607207 0.1457695 0.6570861 0.1435238 0.6632877 0.1500865 0.6718831 0.1703906 0.8714702 0.1533509 0.8724462 0.1610112 0.8791531 0.173502 0.7515404 0.1794753 0.734231 0.1623822 0.7332013 0.173502 0.7515404 0.1623822 0.7332013 0.1542846 0.7398616 0.1623822 0.7332013 0.1794418 0.7194537 0.1663052 0.7173196 0.1623822 0.7332013 0.1794753 0.734231 0.1794418 0.7194537 0.173502 0.7515404 0.2193534 0.7483002 0.1794753 0.734231 0.1794753 0.734231 0.2182742 0.7235221 0.1794418 0.7194537 0.1794753 0.734231 0.2180563 0.7372274 0.2182742 0.7235221 0.2180563 0.7372274 0.2212143 0.7355412 0.2182742 0.7235221 0.1585254 0.8545923 0.1474537 0.7846661 0.1480938 0.8263785 0.1692519 0.7954011 0.161348 0.772651 0.1474537 0.7846661 0.1692519 0.7954011 0.1777576 0.7735608 0.161348 0.772651 0.173502 0.7515404 0.161348 0.772651 0.1777576 0.7735608 0.1777576 0.7735608 0.2141036 0.7834827 0.2149063 0.7712154 0.2149063 0.7712154 0.2171007 0.7591297 0.173502 0.7515404 0.2149063 0.7712154 0.173502 0.7515404 0.1777576 0.7735608 0.2193534 0.7483002 0.173502 0.7515404 0.2171007 0.7591297 0.2180563 0.7372274 0.1794753 0.734231 0.2193534 0.7483002 0.2212143 0.7355412 0.2180563 0.7372274 0.2193534 0.7483002 0.2122616 0.7987694 0.2152231 0.7988439 0.2141036 0.7834827 0.2141036 0.7834827 0.1777576 0.7735608 0.1692519 0.7954011 0.2141036 0.7834827 0.1692519 0.7954011 0.2122616 0.7987694 0.1585254 0.8545923 0.1692519 0.7954011 0.1474537 0.7846661 0.2139874 0.8601947 0.2103891 0.8578688 0.2102647 0.8758548 0.2139874 0.8601947 0.2122616 0.7987694 0.2103891 0.8578688 0.2152231 0.7988439 0.2122616 0.7987694 0.2139874 0.8601947 0.1692519 0.7954011 0.2103891 0.8578688 0.2122616 0.7987694 0.1749932 0.8569434 0.2103891 0.8578688 0.1692519 0.7954011 0.1692519 0.7954011 0.1585254 0.8545923 0.1749932 0.8569434 0.1585254 0.8545923 0.1480938 0.8263785 0.1495485 0.8609858 0.1703906 0.8714702 0.1610112 0.8791531 0.1734375 0.8828949 0.2102647 0.8758548 0.1703906 0.8714702 0.2070395 0.8853273 0.2103891 0.8578688 0.1749932 0.8569434 0.1703906 0.8714702 0.2103891 0.8578688 0.1703906 0.8714702 0.2102647 0.8758548 0.1703906 0.8714702 0.1734375 0.8828949 0.2070395 0.8853273 0.1585254 0.8545923 0.1703906 0.8714702 0.1749932 0.8569434 0.1533509 0.8724462 0.1585254 0.8545923 0.1495485 0.8609858 0.1703906 0.8714702 0.1585254 0.8545923 0.1533509 0.8724462 0.161348 0.772651 0.173502 0.7515404 0.1503353 0.7553872 0.161348 0.772651 0.1503353 0.7553872 0.1481313 0.7676145 0.1503353 0.7553872 0.173502 0.7515404 0.1542846 0.7398616 0.161348 0.772651 0.1481313 0.7676145 0.1474537 0.7846661 0.302167 0.2189146 0.3280435 0.1829354 0.3136078 0.1984132 0.3050002 0.2280718 0.3210517 0.2025265 0.3280435 0.1829354 0.3050002 0.2280718 0.3280435 0.1829354 0.302167 0.2189146 0.3195465 0.2515626 0.3311826 0.2215159 0.3050002 0.2280718 0.3050002 0.2280718 0.3025006 0.2647046 0.3195465 0.2515626 0.3311826 0.2215159 0.3210517 0.2025265 0.3050002 0.2280718 0.3571758 0.6633563 0.3412414 0.6760526 0.3612705 0.6763857 0.3719451 0.6892747 0.344411 0.6949415 0.3647208 0.6931648 0.3673452 0.6850384 0.344411 0.6949415 0.3719451 0.6892747 0.3612705 0.6763857 0.3412414 0.6760526 0.3673452 0.6850384 0.4645596 0.6351752 0.4014981 0.6391784 0.4940649 0.6779894 0.4557229 0.5998358 0.4645596 0.6351752 0.4635891 0.621647 0.3234543 0.7022029 0.320777 0.7049465 0.3142071 0.7155764 0.3234543 0.7022029 0.3142071 0.7155764 0.3174938 0.7119151 0.312955 0.7042698 0.320777 0.7049465 0.3234543 0.7022029 0.4121777 0.6930015 0.3719451 0.6892747 0.3913725 0.6931931 0.4013404 0.6875262 0.3719451 0.6892747 0.4121777 0.6930015 0.4060968 0.6808196 0.3822041 0.6759157 0.4013404 0.6875262 0.4121777 0.6930015 0.3913725 0.6931931 0.4424467 0.7047517 0.4325079 0.6948503 0.4013404 0.6875262 0.4121777 0.6930015 0.4336501 0.689078 0.4060968 0.6808196 0.4013404 0.6875262 0.4336501 0.689078 0.4013404 0.6875262 0.4325079 0.6948503 0.4091949 0.6686534 0.4060968 0.6808196 0.4336501 0.689078 0.4336501 0.689078 0.4425088 0.676752 0.4091949 0.6686534 0.4425088 0.676752 0.490619 0.6891898 0.4014981 0.6391784 0.4940649 0.6779894 0.4014981 0.6391784 0.490619 0.6891898 0.4940649 0.6779894 0.4987539 0.6678025 0.4873839 0.6612706 0.3736966 0.2243063 0.3600136 0.230929 0.368582 0.2427762 0.3725231 0.205371 0.3736966 0.2243063 0.3804063 0.2111091 0.3725231 0.205371 0.3600136 0.230929 0.3736966 0.2243063 0.3563557 0.1959253 0.3600136 0.230929 0.3725231 0.205371 0.4683181 0.6947804 0.490619 0.6891898 0.4425088 0.676752 0.4425088 0.676752 0.4336501 0.689078 0.4683181 0.6947804 0.4336501 0.689078 0.4630161 0.7029593 0.4683181 0.6947804 0.4418722 0.7010011 0.4121777 0.6930015 0.4424467 0.7047517 0.4325079 0.6948503 0.4121777 0.6930015 0.4418722 0.7010011 0.2538184 0.2510922 0.2700303 0.246796 0.2585033 0.2463755 0.2538184 0.2510922 0.2585033 0.2463755 0.2431502 0.2485572 0.2629368 0.2552542 0.2700303 0.246796 0.2538184 0.2510922 0.2519373 0.2810948 0.2731905 0.257351 0.2629368 0.2552542 0.2886961 0.3135421 0.2519373 0.2810948 0.2447165 0.3229808 0.3628847 0.2930783 0.3685364 0.2727759 0.3671191 0.2590832 0.3600136 0.230929 0.3628847 0.2930783 0.3671191 0.2590832 0.3600136 0.230929 0.3671191 0.2590832 0.368582 0.2427762 0.3501593 0.2514032 0.3628847 0.2930783 0.3600136 0.230929 0.3563557 0.1959253 0.34125 0.2153789 0.3501593 0.2514032 0.3600136 0.230929 0.3563557 0.1959253 0.3501593 0.2514032 0.3368643 0.1870332 0.3311826 0.2215159 0.34125 0.2153789 0.3368643 0.1870332 0.34125 0.2153789 0.3563557 0.1959253 0.4683181 0.6947804 0.4861195 0.7063757 0.490619 0.6891898 0.4683181 0.6947804 0.4630161 0.7029593 0.4861195 0.7063757 0.4832236 0.7147083 0.4424467 0.7047517 0.4815731 0.7191576 0.4832236 0.7147083 0.4418722 0.7010011 0.4424467 0.7047517 0.4630161 0.7029593 0.4418722 0.7010011 0.4832236 0.7147083 0.4630161 0.7029593 0.4325079 0.6948503 0.4418722 0.7010011 0.4630161 0.7029593 0.4336501 0.689078 0.4325079 0.6948503 0.4861195 0.7063757 0.4630161 0.7029593 0.4832236 0.7147083 0.3280435 0.1829354 0.3226464 0.180801 0.3136078 0.1984132 0.3210517 0.2025265 0.3368643 0.1870332 0.3280435 0.1829354 0.3311826 0.2215159 0.3368643 0.1870332 0.3210517 0.2025265 0.2700303 0.246796 0.3050002 0.2280718 0.2859081 0.2337072 0.2731905 0.257351 0.3050002 0.2280718 0.2700303 0.246796 0.2700303 0.246796 0.2859081 0.2337072 0.2722618 0.2418212 0.2700303 0.246796 0.2722618 0.2418212 0.2585033 0.2463755 0.3210884 0.2710725 0.3195465 0.2515626 0.3025006 0.2647046 0.3025006 0.2647046 0.2982031 0.2905926 0.3210884 0.2710725 0.3210884 0.2710725 0.318111 0.3137591 0.3299325 0.3119739 0.3349663 0.2910653 0.3210884 0.2710725 0.3299325 0.3119739 0.3349663 0.2910653 0.3299325 0.3119739 0.3395291 0.3156819 0.3468061 0.3108788 0.3349663 0.2910653 0.3395291 0.3156819 0.3701618 0.2995805 0.3628847 0.2930783 0.3709431 0.3173084 0.3685364 0.2727759 0.3628847 0.2930783 0.3701618 0.2995805 0.3413614 0.2642887 0.3543788 0.3107516 0.359187 0.30378 0.3501593 0.2514032 0.3413614 0.2642887 0.359187 0.30378 0.3628847 0.2930783 0.3501593 0.2514032 0.359187 0.30378 0.3311826 0.2215159 0.3319242 0.2631302 0.3413614 0.2642887 0.34125 0.2153789 0.3311826 0.2215159 0.3413614 0.2642887 0.3501593 0.2514032 0.34125 0.2153789 0.3413614 0.2642887 0.3195465 0.2515626 0.3319242 0.2631302 0.3311826 0.2215159 0.3210884 0.2710725 0.3319242 0.2631302 0.3195465 0.2515626 0.3210884 0.2710725 0.3349663 0.2910653 0.3319242 0.2631302 0.3349663 0.2910653 0.3413614 0.2642887 0.3319242 0.2631302 0.3349663 0.2910653 0.3468061 0.3108788 0.3413614 0.2642887 0.3468061 0.3108788 0.3543788 0.3107516 0.3413614 0.2642887 0.3628847 0.2930783 0.359187 0.30378 0.3709431 0.3173084 0.318111 0.3137591 0.2982031 0.2905926 0.2886961 0.3135421 0.318111 0.3137591 0.3210884 0.2710725 0.2982031 0.2905926 0.2519373 0.2810948 0.2982031 0.2905926 0.3025006 0.2647046 0.3025006 0.2647046 0.2731905 0.257351 0.2519373 0.2810948 0.2982031 0.2905926 0.2519373 0.2810948 0.2886961 0.3135421 0.3025006 0.2647046 0.3050002 0.2280718 0.2731905 0.257351 0.2629368 0.2552542 0.2731905 0.257351 0.2700303 0.246796 0.3050002 0.2280718 0.302167 0.2189146 0.2859081 0.2337072 0.312955 0.7042698 0.3254534 0.6722763 0.3003008 0.6884798 0.3234543 0.7022029 0.3174938 0.7119151 0.3278829 0.7034545 0.3234543 0.7022029 0.3278829 0.7034545 0.344411 0.6949415 0.3412414 0.6760526 0.312955 0.7042698 0.3234543 0.7022029 0.3673452 0.6850384 0.3234543 0.7022029 0.344411 0.6949415 0.3412414 0.6760526 0.3234543 0.7022029 0.3673452 0.6850384 0.3254534 0.6722763 0.312955 0.7042698 0.3412414 0.6760526 0.3412414 0.6760526 0.3209459 0.6552742 0.3254534 0.6722763 0.3209459 0.6552742 0.3003008 0.6884798 0.3254534 0.6722763 0.3209459 0.6552742 0.3146468 0.6357796 0.3043754 0.6496449 0.3003008 0.6884798 0.3209459 0.6552742 0.3043754 0.6496449 0.3003008 0.6884798 0.3043754 0.6496449 0.2890691 0.6754027 0.3335561 0.6480485 0.3224035 0.6278573 0.3146468 0.6357796 0.3335561 0.6480485 0.3447185 0.6459439 0.3224035 0.6278573 0.3209459 0.6552742 0.3335561 0.6480485 0.3146468 0.6357796 0.3209459 0.6552742 0.3412414 0.6760526 0.3335561 0.6480485 0.3571758 0.6633563 0.3447185 0.6459439 0.3335561 0.6480485 0.3412414 0.6760526 0.3571758 0.6633563 0.3335561 0.6480485 0.3696645 0.6551721 0.3473078 0.6364998 0.3447185 0.6459439 0.3571758 0.6633563 0.3696645 0.6551721 0.3447185 0.6459439 0.3571758 0.6633563 0.3822041 0.6759157 0.3696645 0.6551721 0.3696645 0.6551721 0.3900543 0.6698342 0.3831312 0.6496154 0.377806 0.6394042 0.3852764 0.6336579 0.3740061 0.6350933 0.377806 0.6394042 0.4014981 0.6391784 0.3931193 0.630244 0.377806 0.6394042 0.3931193 0.630244 0.3852764 0.6336579 0.3831312 0.6496154 0.4014981 0.6391784 0.377806 0.6394042 0.4014981 0.6391784 0.400752 0.6203203 0.3984954 0.6263428 0.4014981 0.6391784 0.4094924 0.61031 0.400752 0.6203203 0.4014981 0.6391784 0.4645596 0.6351752 0.4094924 0.61031 0.4127727 0.5855767 0.4557229 0.5998358 0.4468777 0.5856179 0.4645596 0.6351752 0.4557229 0.5998358 0.4127727 0.5855767 0.4094924 0.61031 0.4645596 0.6351752 0.4127727 0.5855767 0.4067816 0.5959905 0.4127727 0.5855767 0.4072992 0.587738 0.3729808 0.6327699 0.364821 0.6292053 0.3852764 0.6336579 0.3495119 0.6250346 0.364821 0.6292053 0.3729808 0.6327699 0.4333171 0.5820562 0.4357361 0.5791172 0.4414956 0.574332 0.4333171 0.5820562 0.4223952 0.5833849 0.4357361 0.5791172 0.4414956 0.574332 0.4357361 0.5791172 0.4446019 0.5642697 0.4414956 0.574332 0.4446019 0.5642697 0.4469602 0.556362 0.4128987 0.5075263 0.4223775 0.5163473 0.3948855 0.4897951 0.4128987 0.5075263 0.3948855 0.4897951 0.403236 0.4984589 0.4127727 0.5855767 0.4223952 0.5833849 0.4333171 0.5820562 0.301016 0.6476754 0.3007067 0.6481676 0.3076103 0.6385864 0.4373582 0.5282347 0.4351989 0.5294745 0.4223775 0.5163473 0.4442781 0.5404132 0.4435921 0.5423973 0.4351989 0.5294745 0.4442781 0.5404132 0.4351989 0.5294745 0.4373582 0.5282347 0.4469602 0.556362 0.4460681 0.5534225 0.4435921 0.5423973 0.4469602 0.556362 0.4435921 0.5423973 0.4442781 0.5404132 0.4469602 0.556362 0.4446019 0.5642697 0.4460681 0.5534225 0.3913725 0.6931931 0.3946444 0.7007979 0.3762802 0.6999951 0.3647209 0.6931648 0.3762802 0.6999951 0.3589773 0.7020418 0.3913725 0.6931931 0.3762802 0.6999951 0.3647209 0.6931648 0.3444111 0.6949415 0.3589773 0.7020418 0.3426705 0.7074891 0.3444111 0.6949415 0.3426705 0.7074891 0.3278829 0.7034545 0.3278829 0.7034545 0.3282334 0.7166386 0.3142071 0.7155764 0.3278829 0.7034545 0.3426705 0.7074891 0.3282334 0.7166386 0.2859081 0.2337071 0.287841 0.217262 0.3021669 0.2189146 0.2585033 0.2463755 0.2559118 0.2353829 0.273256 0.2282124 0.2585033 0.2463755 0.273256 0.2282124 0.2722617 0.2418212 0.2722617 0.2418212 0.273256 0.2282124 0.2859081 0.2337071 0.2859081 0.2337071 0.273256 0.2282124 0.287841 0.217262 0.3136077 0.1984132 0.3039968 0.1976245 0.3097541 0.1881789 0.3136077 0.1984132 0.3097541 0.1881789 0.3226464 0.180801 0.3149597 0.1780924 0.3226464 0.180801 0.3097541 0.1881789 0.4708409 0.721579 0.4815731 0.7191576 0.4796762 0.7250937 0.4389156 0.7113149 0.4435266 0.7092131 0.457717 0.7171535 0.4815731 0.7191576 0.4435266 0.7092131 0.4424467 0.7047517 0.457717 0.7171535 0.4435266 0.7092131 0.4815731 0.7191576 0.457717 0.7171535 0.4815731 0.7191576 0.4708409 0.721579 0.2431502 0.2485572 0.2467315 0.2373162 0.2559118 0.2353829 0.2431502 0.2485572 0.2559118 0.2353829 0.2585033 0.2463755 0.4424467 0.7047517 0.4435266 0.7092131 0.4075986 0.7026007 0.4207545 0.7059806 0.4075986 0.7026007 0.4435266 0.7092131 0.4207545 0.7059806 0.4435266 0.7092131 0.4389156 0.7113149 0.4424467 0.7047517 0.4075986 0.7026007 0.3913725 0.6931931 0.3913725 0.6931931 0.4075986 0.7026007 0.3946444 0.7007979 0.3142071 0.7155764 0.3282334 0.7166386 0.3190144 0.7254702 0.3647209 0.6931648 0.3589773 0.7020418 0.3444111 0.6949415 0.3021669 0.2189146 0.287841 0.217262 0.2978355 0.2063278 0.3021669 0.2189146 0.2978355 0.2063278 0.3039968 0.1976245 0.3021669 0.2189146 0.3039968 0.1976245 0.3136077 0.1984132 0.4954649 0.5655505 0.4987842 0.5664308 0.4862251 0.5728906 0.4954649 0.5655505 0.4862251 0.5728906 0.4747192 0.5797145 0.4780587 0.6507151 0.4895676 0.6605876 0.4873839 0.6612705 0.4690473 0.6392142 0.4695234 0.6376714 0.4780587 0.6507151 0.463589 0.6216471 0.4648277 0.6216447 0.4695234 0.6376714 0.463589 0.6216471 0.4695234 0.6376714 0.4690473 0.6392142 0.463589 0.6216471 0.4642008 0.6098319 0.4648277 0.6216447 0.5840529 0.598167 0.5761448 0.5854791 0.5820338 0.5897561 0.3795941 0.3069066 0.3791421 0.3028573 0.3836869 0.3111634 0.3725219 0.2848665 0.3754721 0.2939457 0.3795941 0.3069066 0.3685364 0.2727758 0.3725219 0.2848665 0.3795941 0.3069066 0.3795941 0.3069066 0.3754721 0.2939457 0.3791421 0.3028573 0.3685364 0.2727758 0.3795941 0.3069066 0.3701618 0.2995805 0.5689516 0.5761936 0.5642226 0.5749625 0.5494163 0.5672944 0.5689516 0.5761936 0.5494163 0.5672944 0.5505383 0.5651369 0.3887565 0.3238437 0.3885113 0.318786 0.3935214 0.3258078 0.3795941 0.3069066 0.3836869 0.3111634 0.3885113 0.318786 0.3795941 0.3069066 0.3885113 0.318786 0.3887565 0.3238437 0.368582 0.2427762 0.3711332 0.2414962 0.367119 0.2590832 0.367119 0.2590832 0.3711332 0.2414962 0.3699465 0.2725162 0.367119 0.2590832 0.3699465 0.2725162 0.3685364 0.2727758 0.3685364 0.2727758 0.3699465 0.2725162 0.3725219 0.2848665 0.5505383 0.5651369 0.5494163 0.5672944 0.5329985 0.563054 0.5689516 0.5761936 0.5761448 0.5854791 0.5642226 0.5749625 0.5820338 0.5897561 0.5761448 0.5854791 0.5689516 0.5761936 0.4046477 0.337758 0.4108415 0.3424177 0.4099723 0.3445391 0.3977661 0.3387985 0.4046477 0.337758 0.4099723 0.3445391 0.3977661 0.3387985 0.3988626 0.3321636 0.4046477 0.337758 0.3887565 0.3238437 0.3935214 0.3258078 0.3988626 0.3321636 0.3887565 0.3238437 0.3988626 0.3321636 0.3977661 0.3387985 0.3736966 0.2243063 0.3816576 0.2121565 0.3711332 0.2414962 0.3736966 0.2243063 0.3711332 0.2414962 0.368582 0.2427762 0.4747192 0.5797145 0.4791252 0.5787898 0.4732208 0.5855799 0.4862251 0.5728906 0.4791252 0.5787898 0.4747192 0.5797145 0.5329985 0.563054 0.5162726 0.5624712 0.5197962 0.5602423 0.4747192 0.5797145 0.4732208 0.5855799 0.4686108 0.5930939 0.4747192 0.5797145 0.4686108 0.5930939 0.4655205 0.6013279 0.4747192 0.5797145 0.4655205 0.6013279 0.4637359 0.5887015 0.4637359 0.5887015 0.4655205 0.6013279 0.4557229 0.5998358 0.4655205 0.6013279 0.4642008 0.6098319 0.463589 0.6216471 0.4557229 0.5998358 0.4655205 0.6013279 0.463589 0.6216471 0.3804063 0.2111091 0.3816576 0.2121565 0.3736966 0.2243063 0.4895676 0.6605876 0.4998003 0.666201 0.4987539 0.6678026 0.4873839 0.6612705 0.4895676 0.6605876 0.4987539 0.6678026 0.5197962 0.5602423 0.5162726 0.5624712 0.4987842 0.5664308 0.5197962 0.5602423 0.4987842 0.5664308 0.4954649 0.5655505 0.4067816 0.5959905 0.4034076 0.5987887 0.4042531 0.5920991 0.3377024 0.6238936 0.3419061 0.6224095 0.3495119 0.6250346 0.3377024 0.6238936 0.3345095 0.6213697 0.3419061 0.6224095 0.4067816 0.5959905 0.4042531 0.5920991 0.4072992 0.587738 0.4032058 0.6136379 0.4034076 0.5987887 0.4067816 0.5959905 0.3740061 0.6350933 0.3729808 0.6327699 0.3852764 0.6336579 0.3495119 0.6250346 0.3729808 0.6327699 0.3740061 0.6350933 0.3201137 0.6301183 0.3208644 0.6257799 0.327212 0.6209747 0.3201137 0.6301183 0.327212 0.6209747 0.3292607 0.6252359 0.3292607 0.6252359 0.327212 0.6209747 0.3345095 0.6213697 0.3292607 0.6252359 0.3345095 0.6213697 0.3377024 0.6238936 0.4468777 0.585618 0.4333171 0.5820562 0.4414956 0.574332 0.4468777 0.585618 0.4414956 0.574332 0.4476969 0.5753015 0.4127727 0.5855767 0.4333171 0.5820562 0.4468777 0.585618 0.4476969 0.5753015 0.4414956 0.574332 0.4469602 0.556362 0.4476969 0.5753015 0.4469602 0.556362 0.4507881 0.5583926 0.4223775 0.5163473 0.4128987 0.5075263 0.4116157 0.5061862 0.3082394 0.6437452 0.3076103 0.6385864 0.3149572 0.6311704 0.3082394 0.6437452 0.3149572 0.6311704 0.3201137 0.6301183 0.3201137 0.6301183 0.3149572 0.6311704 0.3208644 0.6257799 0.2800176 0.4077042 0.3162234 0.4389082 0.2763912 0.413856 0.4482378 0.5294166 0.4442781 0.5404132 0.4373582 0.5282347 0.4507881 0.5583926 0.4469602 0.556362 0.4442781 0.5404132 0.3043754 0.6496449 0.3076103 0.6385864 0.3082394 0.6437452 0.4032058 0.6136379 0.4094924 0.61031 0.400752 0.6203203 0.3984954 0.6263427 0.4014982 0.6391784 0.3931193 0.6302439 0.4780587 0.6507151 0.4873839 0.6612705 0.4645596 0.6351752 0.4780587 0.6507151 0.4645596 0.6351752 0.4690473 0.6392142 0.4690473 0.6392142 0.4645596 0.6351752 0.463589 0.6216471 0.4873839 0.6612705 0.4940649 0.6779894 0.4645596 0.6351752 0.4060969 0.6808196 0.3822041 0.6759156 0.3900543 0.6698341 0.3673452 0.6850384 0.3822041 0.6759156 0.4013404 0.6875261 0.3719451 0.6892747 0.3673452 0.6850384 0.4013404 0.6875261 0.3612705 0.6763858 0.3571758 0.6633563 0.3822041 0.6759156 0.3673452 0.6850384 0.3612705 0.6763858 0.3822041 0.6759156 0.3647209 0.6931648 0.3719451 0.6892747 0.3913725 0.6931931 0.3822041 0.6759156 0.3696645 0.6551721 0.3900543 0.6698341 0.3900543 0.6698341 0.3831313 0.6496155 0.409195 0.6686534 0.409195 0.6686534 0.4060969 0.6808196 0.3900543 0.6698341 0.409195 0.6686534 0.3831313 0.6496155 0.4425089 0.676752 0.4425089 0.676752 0.3831313 0.6496155 0.4014982 0.6391784 0.4067816 0.5959905 0.4094924 0.61031 0.4032058 0.6136379 0.4127727 0.5855767 0.4094924 0.61031 0.4067816 0.5959905 0.3831313 0.6496155 0.3696645 0.6551721 0.3595799 0.637552 0.377806 0.6394042 0.3831313 0.6496155 0.3595799 0.637552 0.3595799 0.637552 0.3696645 0.6551721 0.3473079 0.6364998 0.377806 0.6394042 0.3595799 0.637552 0.3495119 0.6250346 0.3740061 0.6350933 0.377806 0.6394042 0.3495119 0.6250346 0.3495119 0.6250346 0.3595799 0.637552 0.3473079 0.6364998 0.3473079 0.6364998 0.3447185 0.6459439 0.3292607 0.6252359 0.3473079 0.6364998 0.3292607 0.6252359 0.3377024 0.6238936 0.3495119 0.6250346 0.3473079 0.6364998 0.3377024 0.6238936 0.3292607 0.6252359 0.3447185 0.6459439 0.3201137 0.6301183 0.1639224 0.7045019 0.1672727 0.693643 0.1708085 0.710767 0.1639224 0.7045019 0.1708085 0.710767 0.1663052 0.7173196 0.1663052 0.7173196 0.1708085 0.710767 0.1753407 0.7144693 0.1663052 0.7173196 0.1753407 0.7144693 0.1794418 0.7194537 0.1794418 0.7194537 0.1753407 0.7144693 0.1830299 0.7166085 0.1794418 0.7194537 0.1830299 0.7166085 0.2175319 0.7199899 0.1794418 0.7194537 0.2175319 0.7199899 0.2198383 0.7225763 0.4223775 0.5163473 0.4310683 0.5160744 0.4411066 0.5215103 0.4223775 0.5163473 0.4411066 0.5215103 0.4373582 0.5282347 0.4116157 0.5061862 0.4310683 0.5160744 0.4223775 0.5163473 0.4116157 0.5061862 0.4084835 0.4951303 0.4310683 0.5160744 0.4573612 0.5093249 0.461033 0.4965343 0.4690881 0.4769887 0.4373582 0.5282347 0.4411066 0.5215103 0.448238 0.5223905 0.4373582 0.5282347 0.448238 0.5223905 0.4482378 0.5294166 0.4482378 0.5294166 0.448238 0.5223905 0.4537266 0.5164476 0.4482378 0.5294166 0.4537266 0.5164476 0.4573612 0.5093249 0.4928388 0.4075846 0.4869754 0.4128391 0.4914798 0.400083 0.4928388 0.4075846 0.4914798 0.400083 0.4955572 0.3905947 0.4928388 0.4075846 0.4955572 0.3905947 0.5007026 0.386846 0.5007026 0.386846 0.4955572 0.3905947 0.5003003 0.3830963 0.1627574 0.6882215 0.1622986 0.6717481 0.165011 0.6815916 0.1530384 0.6607206 0.1584585 0.6635985 0.1622986 0.6717481 0.1530384 0.6607206 0.1622986 0.6717481 0.1627574 0.6882215 0.1627574 0.6882215 0.165011 0.6815916 0.1672727 0.693643 0.1627574 0.6882215 0.1672727 0.693643 0.1639224 0.7045019 0.1530384 0.6607206 0.1532589 0.657884 0.1584585 0.6635985 0.4690881 0.4769887 0.4654789 0.4799965 0.4731423 0.4540704 0.4690881 0.4769887 0.461033 0.4965343 0.4654789 0.4799965 0.4690881 0.4769887 0.4731423 0.4540704 0.4928388 0.4075846 0.4928388 0.4075846 0.4731423 0.4540704 0.4869754 0.4128391 0.2800176 0.4077042 0.3092623 0.4265109 0.3162234 0.4389082 0.3162234 0.4389082 0.3092623 0.4265109 0.3364676 0.4436903 0.3162234 0.4389082 0.3364676 0.4436903 0.3380095 0.4549483 0.3380095 0.4549483 0.3494504 0.4537519 0.3587605 0.4592292 0.3380095 0.4549483 0.3587605 0.4592292 0.3574953 0.4636076 0.3380095 0.4549483 0.3364676 0.4436903 0.3494504 0.4537519 0.3774673 0.4748363 0.3803336 0.4705455 0.3899035 0.4777603 0.3774673 0.4748363 0.3899035 0.4777603 0.3864998 0.4818196 0.367702 0.4690843 0.3700735 0.4642515 0.3803336 0.4705455 0.367702 0.4690843 0.3803336 0.4705455 0.3774673 0.4748363 0.3574953 0.4636076 0.3587605 0.4592292 0.3700735 0.4642515 0.3574953 0.4636076 0.3700735 0.4642515 0.367702 0.4690843 0.3948855 0.4897951 0.3989464 0.4857596 0.4084835 0.4951303 0.3948855 0.4897951 0.4084835 0.4951303 0.403236 0.4984589 0.3864998 0.4818196 0.3899035 0.4777603 0.3989464 0.4857596 0.3864998 0.4818196 0.3989464 0.4857596 0.3948855 0.4897951 0.403236 0.4984589 0.4084835 0.4951303 0.4116157 0.5061862 0.1457695 0.6570861 0.1467669 0.6548698 0.1532589 0.657884 0.1457695 0.6570861 0.1532589 0.657884 0.1530384 0.6607206 0.5007026 0.386846 0.5003003 0.3830963 0.5060135 0.378019 0.5007026 0.386846 0.5060135 0.378019 0.5071056 0.3802056 0.1610112 0.879153 0.1573633 0.8809842 0.1524701 0.8769232 0.1610112 0.879153 0.1524701 0.8769232 0.1533509 0.8724461 0.1533509 0.8724461 0.1524701 0.8769232 0.1490011 0.8716208 0.6634894 0.5308533 0.653966 0.5422105 0.6577563 0.5283684 0.508962 0.386479 0.5280607 0.3970499 0.5007026 0.386846 0.5193176 0.3895837 0.5280607 0.3970499 0.508962 0.386479 0.4099723 0.3445391 0.3993401 0.3638636 0.3977661 0.3387985 0.3993401 0.3638636 0.3822253 0.3500875 0.3977661 0.3387985 0.3866741 0.3688306 0.3822253 0.3500875 0.3993401 0.3638636 0.6206194 0.5810164 0.6187844 0.6080887 0.608098 0.6027197 0.5840529 0.598167 0.590346 0.6064031 0.5870428 0.6074519 0.608098 0.6027197 0.5820338 0.5897561 0.6206194 0.5810164 0.5987209 0.511048 0.5978393 0.5491095 0.5619619 0.5189788 0.5619619 0.5189788 0.5499222 0.4726662 0.5987209 0.511048 0.5499222 0.4726662 0.5468481 0.4442788 0.5754916 0.4784578 0.1503353 0.7553873 0.1473489 0.7555251 0.149723 0.7429142 0.1503353 0.7553873 0.149723 0.7429142 0.1540293 0.7431135 0.5683143 0.4562878 0.5754916 0.4784578 0.5468481 0.4442788 0.1540293 0.7431135 0.1580343 0.7247996 0.1623822 0.7332012 0.1540293 0.7431135 0.149723 0.7429142 0.154712 0.7174409 0.1540293 0.7431135 0.154712 0.7174409 0.1580343 0.7247996 0.5683143 0.4562878 0.5468481 0.4442788 0.5610947 0.4449659 0.1623822 0.7332012 0.1580343 0.7247996 0.1663052 0.7173196 0.4637359 0.5887015 0.4476969 0.5753015 0.4747192 0.5797145 0.4476969 0.5753015 0.4507881 0.5583926 0.4747192 0.5797145 0.4442781 0.5404132 0.4546163 0.5365523 0.4507881 0.5583926 0.4573612 0.5093249 0.4546163 0.5365523 0.4482378 0.5294166 0.4625938 0.5062932 0.5174589 0.5379467 0.4546163 0.5365523 0.4482378 0.5294166 0.4546163 0.5365523 0.4442781 0.5404132 0.4954649 0.5655505 0.5174589 0.5379467 0.5197962 0.5602423 0.4954649 0.5655505 0.4546163 0.5365523 0.5174589 0.5379467 0.2886961 0.3135421 0.3124445 0.3326647 0.2447165 0.3229808 0.3085198 0.3507835 0.2534217 0.3481659 0.2447165 0.3229808 0.3085198 0.3507835 0.2447165 0.3229808 0.3124445 0.3326647 0.3196654 0.377341 0.3015024 0.3760744 0.3184759 0.3654854 0.3085198 0.3507835 0.3296175 0.3462131 0.3184759 0.3654854 0.3184759 0.3654854 0.336175 0.3609959 0.3462908 0.3776143 0.3184759 0.3654854 0.3462908 0.3776143 0.3196654 0.377341 0.6567528 0.6262556 0.6764358 0.6078685 0.6664378 0.6302786 0.6655411 0.5546815 0.6567528 0.6262556 0.6471747 0.6218658 0.6377407 0.6173158 0.6504874 0.5832471 0.6655411 0.5546815 0.6377407 0.6173158 0.6655411 0.5546815 0.6471747 0.6218658 0.6377407 0.6173158 0.6419374 0.5813884 0.6504874 0.5832471 0.6353526 0.5746513 0.6206194 0.5810164 0.6301009 0.5616237 0.6301009 0.5616237 0.6466808 0.5413937 0.6353526 0.5746513 0.6301009 0.5616237 0.5978393 0.5491095 0.6199187 0.5246663 0.6199187 0.5246663 0.6402645 0.5335521 0.6301009 0.5616237 0.6071029 0.4939954 0.6425669 0.5193117 0.6199187 0.5246663 0.6071029 0.4939954 0.6199187 0.5246663 0.5987209 0.511048 0.1480938 0.8263784 0.1449829 0.8439328 0.1443362 0.7962046 0.5987209 0.511048 0.5754916 0.4784578 0.6071029 0.4939954 0.1480938 0.8263784 0.1443362 0.7962046 0.1474537 0.7846662 0.6071029 0.4939954 0.5754916 0.4784578 0.586571 0.4766723 0.1495485 0.8609859 0.1449829 0.8439328 0.1480938 0.8263784 0.6402645 0.5335521 0.6199187 0.5246663 0.6425669 0.5193117 0.6466808 0.5413937 0.6301009 0.5616237 0.6402645 0.5335521 0.6593032 0.5496975 0.6419374 0.5813884 0.653966 0.5422105 0.6419374 0.5813884 0.6353526 0.5746513 0.6466808 0.5413937 0.6419374 0.5813884 0.6466808 0.5413937 0.653966 0.5422105 0.6655411 0.5546815 0.6504874 0.5832471 0.6593032 0.5496975 0.6504874 0.5832471 0.6419374 0.5813884 0.6593032 0.5496975 0.6764358 0.6078685 0.6567528 0.6262556 0.6721317 0.5618013 0.6567528 0.6262556 0.6655411 0.5546815 0.6721317 0.5618013 0.6760859 0.6339637 0.6664378 0.6302786 0.6764358 0.6078685 0.6760859 0.6339637 0.6997811 0.6399775 0.6858957 0.6367687 0.2844623 0.3750516 0.2615572 0.3628488 0.3184759 0.3654854 0.3184759 0.3654854 0.3015024 0.3760744 0.2844623 0.3750516 0.2844623 0.3750516 0.2535415 0.3742143 0.2615572 0.3628488 0.2534217 0.3481659 0.3085198 0.3507835 0.3184759 0.3654854 0.2534217 0.3481659 0.3184759 0.3654854 0.2615572 0.3628488 0.6844993 0.5525916 0.7114519 0.5376705 0.7156496 0.5435771 0.6518521 0.5250673 0.6402645 0.5335521 0.6425669 0.5193117 0.1495485 0.8609859 0.1466112 0.8636825 0.1449829 0.8439328 0.1533509 0.8724461 0.1490011 0.8716208 0.1466112 0.8636825 0.1533509 0.8724461 0.1466112 0.8636825 0.1495485 0.8609859 0.6577563 0.5283684 0.653966 0.5422105 0.6518521 0.5250673 0.653966 0.5422105 0.6466808 0.5413937 0.6518521 0.5250673 0.6466808 0.5413937 0.6402645 0.5335521 0.6518521 0.5250673 0.653966 0.5422105 0.6634894 0.5308533 0.6593032 0.5496975 0.6764358 0.6078685 0.6721317 0.5618013 0.6848555 0.5729452 0.731075 0.6157686 0.6810635 0.6249803 0.6760859 0.6339637 0.6760859 0.6339637 0.6764358 0.6078685 0.731075 0.6157686 0.7258139 0.643988 0.6997811 0.6399775 0.6760859 0.6339637 0.7258139 0.643988 0.6760859 0.6339637 0.6810635 0.6249803 0.731075 0.6157686 0.6764358 0.6078685 0.6848555 0.5729452 0.6848555 0.5729452 0.6721317 0.5618013 0.6844993 0.5525916 0.6721317 0.5618013 0.6789634 0.5419703 0.6844993 0.5525916 0.6721317 0.5618013 0.6655411 0.5546815 0.6789634 0.5419703 0.6655411 0.5546815 0.6695442 0.5326085 0.6789634 0.5419703 0.1734375 0.8828949 0.1831229 0.8883163 0.1708288 0.886119 0.1734375 0.8828949 0.1708288 0.886119 0.1635791 0.8839783 0.1734375 0.8828949 0.1635791 0.8839783 0.1610112 0.879153 0.6858209 0.534955 0.6789634 0.5419703 0.6763187 0.533824 0.1610112 0.879153 0.1635791 0.8839783 0.1573633 0.8809842 0.6763187 0.533824 0.6789634 0.5419703 0.6695442 0.5326085 0.205362 0.8862556 0.1831229 0.8883163 0.1734375 0.8828949 0.7114519 0.5376705 0.6789634 0.5419703 0.6858209 0.534955 0.6844993 0.5525916 0.6789634 0.5419703 0.7114519 0.5376705 0.6844993 0.5525916 0.6834258 0.5676949 0.6848555 0.5729452 0.6834258 0.5676949 0.6914761 0.588864 0.6848555 0.5729452 0.205362 0.8862556 0.2081703 0.8912525 0.1831229 0.8883163 0.205362 0.8862556 0.2213139 0.8923207 0.2081703 0.8912525 0.6914761 0.588864 0.731075 0.6157686 0.6848555 0.5729452 0.6593032 0.5496975 0.6634894 0.5308533 0.6695442 0.5326085 0.6593032 0.5496975 0.6695442 0.5326085 0.6655411 0.5546815 0.1474537 0.7846662 0.1447429 0.7797439 0.1456792 0.767853 0.1474537 0.7846662 0.1456792 0.767853 0.1481313 0.7676145 0.586571 0.4766723 0.5754916 0.4784578 0.5758551 0.4658426 0.1481313 0.7676145 0.1456792 0.767853 0.1473489 0.7555251 0.1481313 0.7676145 0.1473489 0.7555251 0.1503353 0.7553873 0.5758551 0.4658426 0.5754916 0.4784578 0.5683143 0.4562878 0.1474537 0.7846662 0.1443362 0.7962046 0.1447429 0.7797439 0.5987209 0.511048 0.5499222 0.4726662 0.5754916 0.4784578 0.6199187 0.5246663 0.5978393 0.5491095 0.5987209 0.511048 0.6301009 0.5616237 0.6206194 0.5810164 0.5978393 0.5491095 0.6206194 0.5810164 0.5898373 0.5686107 0.5978393 0.5491095 0.6353526 0.5746513 0.6187844 0.6080887 0.6206194 0.5810164 0.6353526 0.5746513 0.6419374 0.5813884 0.6187844 0.6080887 0.6377407 0.6173158 0.6283604 0.6127766 0.6419374 0.5813884 0.6283604 0.6127766 0.6187844 0.6080887 0.6419374 0.5813884 0.3685343 0.3743268 0.3584008 0.3567962 0.3692108 0.3558106 0.3692108 0.3558106 0.3822253 0.3500875 0.3866741 0.3688306 0.3692108 0.3558106 0.3866741 0.3688306 0.3685343 0.3743268 0.3692108 0.3558106 0.3635302 0.3393269 0.3757514 0.3367577 0.3692108 0.3558106 0.3757514 0.3367577 0.3822253 0.3500875 0.3977661 0.3387985 0.3847236 0.3292988 0.3887565 0.3238437 0.3977661 0.3387985 0.3822253 0.3500875 0.3847236 0.3292988 0.3822253 0.3500875 0.3757514 0.3367577 0.3847236 0.3292988 0.5505383 0.5651369 0.5898373 0.5686107 0.5689516 0.5761936 0.5629526 0.5469157 0.5898373 0.5686107 0.5505383 0.5651369 0.5505383 0.5651369 0.5174589 0.5379467 0.5629526 0.5469157 0.5168638 0.5043392 0.5619619 0.5189788 0.5629526 0.5469157 0.5629526 0.5469157 0.5174589 0.5379467 0.5168638 0.5043392 0.5468481 0.4442788 0.5499222 0.4726662 0.4928388 0.4075846 0.4928388 0.4075846 0.5007026 0.386846 0.5468481 0.4442788 0.5071056 0.3802056 0.508962 0.386479 0.5007026 0.386846 0.1627574 0.6882215 0.1549431 0.6941207 0.1530048 0.683054 0.5359523 0.4049847 0.5468481 0.4442788 0.5280607 0.3970499 0.1627574 0.6882215 0.1500865 0.6718831 0.1530384 0.6607206 0.1627574 0.6882215 0.1530048 0.683054 0.1500865 0.6718831 0.5280607 0.3970499 0.5468481 0.4442788 0.5007026 0.386846 0.1639224 0.7045019 0.1555552 0.7056663 0.1549431 0.6941207 0.1639224 0.7045019 0.1549431 0.6941207 0.1627574 0.6882215 0.1663052 0.7173196 0.1580343 0.7247996 0.1639224 0.7045019 0.1580343 0.7247996 0.154712 0.7174409 0.1555552 0.7056663 0.1580343 0.7247996 0.1555552 0.7056663 0.1639224 0.7045019 0.5495181 0.4239925 0.5610947 0.4449659 0.5359523 0.4049847 0.5495181 0.4239925 0.5359523 0.4049847 0.5430946 0.4139407 0.5610947 0.4449659 0.5468481 0.4442788 0.5359523 0.4049847 0.5619619 0.5189788 0.5168638 0.5043392 0.5499222 0.4726662 0.5978393 0.5491095 0.5629526 0.5469157 0.5619619 0.5189788 0.5978393 0.5491095 0.5898373 0.5686107 0.5629526 0.5469157 0.5898373 0.5686107 0.6206194 0.5810164 0.5820338 0.5897561 0.5689516 0.5761936 0.5898373 0.5686107 0.5820338 0.5897561 0.4690881 0.4769887 0.5168638 0.5043392 0.4625938 0.5062932 0.5168638 0.5043392 0.5174589 0.5379467 0.4625938 0.5062932 0.4690881 0.4769887 0.4625938 0.5062932 0.4546163 0.5365523 0.4690881 0.4769887 0.4546163 0.5365523 0.4573612 0.5093249 0.5329985 0.563054 0.5197962 0.5602423 0.5505383 0.5651369 0.3468061 0.3108788 0.3531512 0.3365443 0.3395291 0.3156819 0.3531512 0.3365443 0.344276 0.341717 0.3395291 0.3156819 0.3543788 0.3107516 0.3642092 0.3275362 0.3531512 0.3365443 0.3543788 0.3107516 0.3531512 0.3365443 0.3468061 0.3108788 0.3635302 0.3393269 0.3531512 0.3365443 0.3642092 0.3275362 0.359187 0.30378 0.3630794 0.3158427 0.3543788 0.3107516 0.3630794 0.3158427 0.3642092 0.3275362 0.3543788 0.3107516 0.3757514 0.3367577 0.3635302 0.3393269 0.3642092 0.3275362 0.3642092 0.3275362 0.3709431 0.3173084 0.3757514 0.3367577 0.3887565 0.3238437 0.3775211 0.315365 0.3795941 0.3069066 0.3887565 0.3238437 0.3847236 0.3292988 0.3775211 0.315365 0.3847236 0.3292988 0.3709431 0.3173084 0.3775211 0.315365 0.3847236 0.3292988 0.3757514 0.3367577 0.3709431 0.3173084 0.3709431 0.3173084 0.3630794 0.3158427 0.359187 0.30378 0.3709431 0.3173084 0.3642092 0.3275362 0.3630794 0.3158427 0.3795941 0.3069066 0.3775211 0.315365 0.3701618 0.2995805 0.3701618 0.2995805 0.3775211 0.315365 0.3709431 0.3173084 0.3299325 0.3119739 0.3296175 0.3462131 0.3124445 0.3326647 0.3299325 0.3119739 0.3124445 0.3326647 0.317222 0.3160872 0.3395291 0.3156819 0.344276 0.341717 0.3296175 0.3462131 0.3395291 0.3156819 0.3296175 0.3462131 0.3299325 0.3119739 0.317222 0.3160872 0.3124445 0.3326647 0.2886961 0.3135421 0.3124445 0.3326647 0.3296175 0.3462131 0.3085198 0.3507835 0.336175 0.3609959 0.3184759 0.3654854 0.3296175 0.3462131 0.3296175 0.3462131 0.344276 0.341717 0.3473485 0.3582379 0.3296175 0.3462131 0.3473485 0.3582379 0.336175 0.3609959 0.3462908 0.3776143 0.336175 0.3609959 0.3473485 0.3582379 0.3584008 0.3567962 0.3685343 0.3743268 0.3462908 0.3776143 0.3584008 0.3567962 0.3462908 0.3776143 0.3473485 0.3582379 0.344276 0.341717 0.3531512 0.3365443 0.3584008 0.3567962 0.344276 0.341717 0.3584008 0.3567962 0.3473485 0.3582379 0.3635302 0.3393269 0.3692108 0.3558106 0.3584008 0.3567962 0.3635302 0.3393269 0.3584008 0.3567962 0.3531512 0.3365443 0.5197962 0.5602423 0.5174589 0.5379467 0.5505383 0.5651369 0.5499222 0.4726662 0.5168638 0.5043392 0.4753053 0.455919 0.5168638 0.5043392 0.4690881 0.4769887 0.4753053 0.455919 0.4753053 0.455919 0.4928388 0.4075846 0.5499222 0.4726662 0.4928388 0.4075846 0.4753053 0.455919 0.4690881 0.4769887 0.4557229 0.5998358 0.4468777 0.585618 0.4637359 0.5887015 0.4468777 0.585618 0.4476969 0.5753015 0.4637359 0.5887015 0.4747192 0.5797145 0.4546163 0.5365523 0.4954649 0.5655505 0.4747192 0.5797145 0.4507881 0.5583926 0.4546163 0.5365523 0.5820338 0.5897561 0.590346 0.6064031 0.5840529 0.598167 0.5820338 0.5897561 0.608098 0.6027197 0.590346 0.6064031 0.1530384 0.6607206 0.1500865 0.6718831 0.1457695 0.6570861 0.1500865 0.6718831 0.1435238 0.6632877 0.1457695 0.6570861 0.1533509 0.8724461 0.1619951 0.8659293 0.1610112 0.879153 0.1623822 0.7332012 0.1794753 0.734231 0.1540293 0.7431135 0.1794418 0.7194537 0.1623822 0.7332012 0.1663052 0.7173196 0.1794418 0.7194537 0.1794753 0.734231 0.1623822 0.7332012 0.2198383 0.7225763 0.2212143 0.7355412 0.1794418 0.7194537 0.2212143 0.7355412 0.1794753 0.734231 0.1794418 0.7194537 0.2182742 0.7235221 0.2212143 0.7355412 0.2198383 0.7225763 0.1474537 0.7846662 0.1574349 0.8505877 0.1480938 0.8263784 0.161348 0.772651 0.1692795 0.7953546 0.1474537 0.7846662 0.1777577 0.7735608 0.1692795 0.7953546 0.161348 0.772651 0.161348 0.772651 0.1771325 0.7522108 0.1777577 0.7735608 0.2149063 0.7712154 0.2141036 0.7834827 0.1777577 0.7735608 0.1771325 0.7522108 0.2171007 0.7591297 0.2149063 0.7712154 0.1771325 0.7522108 0.2149063 0.7712154 0.1777577 0.7735608 0.1771325 0.7522108 0.2193534 0.7483002 0.2171007 0.7591297 0.1771325 0.7522108 0.1794753 0.734231 0.2212143 0.7355412 0.2212143 0.7355412 0.2193534 0.7483002 0.1771325 0.7522108 0.1692795 0.7953546 0.1777577 0.7735608 0.2141036 0.7834827 0.1692795 0.7953546 0.2141036 0.7834827 0.2152231 0.7988439 0.1727982 0.8577158 0.1574349 0.8505877 0.1692795 0.7953546 0.1474537 0.7846662 0.1692795 0.7953546 0.1574349 0.8505877 0.205362 0.8862556 0.2102647 0.8758548 0.2070395 0.8853273 0.2139874 0.8601947 0.185256 0.8466939 0.2152231 0.7988439 0.185256 0.8466939 0.1692795 0.7953546 0.2152231 0.7988439 0.185256 0.8466939 0.1727982 0.8577158 0.1692795 0.7953546 0.1727982 0.8577158 0.1619951 0.8659293 0.1574349 0.8505877 0.1480938 0.8263784 0.1574349 0.8505877 0.1495485 0.8609859 0.1495485 0.8609859 0.1574349 0.8505877 0.1619951 0.8659293 0.1610112 0.879153 0.1766301 0.8728992 0.1734375 0.8828949 0.1610112 0.879153 0.1619951 0.8659293 0.1766301 0.8728992 0.1619951 0.8659293 0.1727982 0.8577158 0.1766301 0.8728992 0.185256 0.8466939 0.2139874 0.8601947 0.1727982 0.8577158 0.205362 0.8862556 0.1766301 0.8728992 0.2102647 0.8758548 0.1766301 0.8728992 0.1727982 0.8577158 0.2139874 0.8601947 0.1766301 0.8728992 0.2139874 0.8601947 0.2102647 0.8758548 0.1734375 0.8828949 0.1766301 0.8728992 0.205362 0.8862556 0.1495485 0.8609859 0.1619951 0.8659293 0.1533509 0.8724461 0.1771325 0.7522108 0.1503353 0.7553873 0.1540293 0.7431135 0.1540293 0.7431135 0.1794753 0.734231 0.1771325 0.7522108 0.1771325 0.7522108 0.161348 0.772651 0.1503353 0.7553873 0.1503353 0.7553873 0.161348 0.772651 0.1481313 0.7676145 0.1481313 0.7676145 0.161348 0.772651 0.1474537 0.7846662 0.3136077 0.1984132 0.3280434 0.1829354 0.3021669 0.2189146 0.3280434 0.1829354 0.3210517 0.2025265 0.3023149 0.2267301 0.3280434 0.1829354 0.3023149 0.2267301 0.3021669 0.2189146 0.3210517 0.2025265 0.3058174 0.2345961 0.3023149 0.2267301 0.3311826 0.2215159 0.3195465 0.2515627 0.3058174 0.2345961 0.3195465 0.2515627 0.303029 0.255849 0.3058174 0.2345961 0.3210517 0.2025265 0.3311826 0.2215159 0.3058174 0.2345961 0.3390371 0.6843302 0.3302906 0.674272 0.3366909 0.6551187 0.3390371 0.6843302 0.3366909 0.6551187 0.3612705 0.6763858 0.3366909 0.6551187 0.3571758 0.6633563 0.3612705 0.6763858 0.3444111 0.6949415 0.3719451 0.6892747 0.3647209 0.6931648 0.3444111 0.6949415 0.3673452 0.6850384 0.3719451 0.6892747 0.3673452 0.6850384 0.3390371 0.6843302 0.3612705 0.6763858 0.4940649 0.6779894 0.4014982 0.6391784 0.4645596 0.6351752 0.463589 0.6216471 0.4645596 0.6351752 0.4557229 0.5998358 0.3082394 0.6437452 0.2890691 0.6754027 0.3043754 0.6496449 0.3913725 0.6931931 0.3719451 0.6892747 0.4121777 0.6930015 0.3719451 0.6892747 0.4013404 0.6875261 0.4121777 0.6930015 0.4013404 0.6875261 0.3822041 0.6759156 0.4060969 0.6808196 0.3913725 0.6931931 0.4121777 0.6930015 0.4424467 0.7047517 0.4121777 0.6930015 0.4013404 0.6875261 0.4325079 0.6948503 0.4013404 0.6875261 0.4060969 0.6808196 0.4336501 0.6890781 0.4013404 0.6875261 0.4336501 0.6890781 0.4325079 0.6948503 0.4060969 0.6808196 0.409195 0.6686534 0.4336501 0.6890781 0.409195 0.6686534 0.4425089 0.676752 0.4336501 0.6890781 0.4014982 0.6391784 0.490619 0.6891899 0.4425089 0.676752 0.4014982 0.6391784 0.4940649 0.6779894 0.490619 0.6891899 0.4987539 0.6678026 0.4940649 0.6779894 0.4873839 0.6612705 0.368582 0.2427762 0.3600136 0.230929 0.3736966 0.2243063 0.3736966 0.2243063 0.3725231 0.205371 0.3804063 0.2111091 0.3736966 0.2243063 0.3600136 0.230929 0.3725231 0.205371 0.3600136 0.230929 0.3563557 0.1959253 0.3725231 0.205371 0.490619 0.6891899 0.4683182 0.6947805 0.4425089 0.676752 0.4683182 0.6947805 0.4336501 0.6890781 0.4425089 0.676752 0.4683182 0.6947805 0.4630162 0.7029592 0.4336501 0.6890781 0.4424467 0.7047517 0.4121777 0.6930015 0.4418722 0.7010011 0.4121777 0.6930015 0.4325079 0.6948503 0.4418722 0.7010011 0.2585033 0.2463755 0.2538184 0.2510922 0.2431502 0.2485572 0.2447165 0.3229808 0.2519373 0.2810948 0.2886961 0.3135421 0.3685364 0.2727758 0.3628847 0.2930783 0.367119 0.2590832 0.367119 0.2590832 0.3628847 0.2930783 0.3600136 0.230929 0.367119 0.2590832 0.3600136 0.230929 0.368582 0.2427762 0.3628847 0.2930783 0.3501593 0.2514032 0.3600136 0.230929 0.34125 0.2153789 0.3563557 0.1959253 0.3501593 0.2514032 0.3563557 0.1959253 0.3600136 0.230929 0.3501593 0.2514032 0.34125 0.2153789 0.3311826 0.2215159 0.3368643 0.1870332 0.34125 0.2153789 0.3368643 0.1870332 0.3563557 0.1959253 0.4861195 0.7063757 0.4683182 0.6947805 0.490619 0.6891899 0.4630162 0.7029592 0.4683182 0.6947805 0.4861195 0.7063757 0.4424467 0.7047517 0.4832236 0.7147083 0.4815731 0.7191576 0.4424467 0.7047517 0.4418722 0.7010011 0.4832236 0.7147083 0.4418722 0.7010011 0.4630162 0.7029592 0.4832236 0.7147083 0.4418722 0.7010011 0.4325079 0.6948503 0.4630162 0.7029592 0.4325079 0.6948503 0.4336501 0.6890781 0.4630162 0.7029592 0.4832236 0.7147083 0.4630162 0.7029592 0.4861195 0.7063757 0.3226464 0.180801 0.3280434 0.1829354 0.3136077 0.1984132 0.3280434 0.1829354 0.3368643 0.1870332 0.3210517 0.2025265 0.3368643 0.1870332 0.3311826 0.2215159 0.3210517 0.2025265 0.2859081 0.2337071 0.3023149 0.2267301 0.2629368 0.2552542 0.3023149 0.2267301 0.3058174 0.2345961 0.2629368 0.2552542 0.2859081 0.2337071 0.2629368 0.2552542 0.2722617 0.2418212 0.2722617 0.2418212 0.2629368 0.2552542 0.2538184 0.2510922 0.2722617 0.2418212 0.2538184 0.2510922 0.2585033 0.2463755 0.3058174 0.2345961 0.303029 0.255849 0.2629368 0.2552542 0.3062751 0.2829356 0.2629368 0.2552542 0.303029 0.255849 0.303029 0.255849 0.3195465 0.2515627 0.3210884 0.2710725 0.303029 0.255849 0.3210884 0.2710725 0.3062751 0.2829356 0.3299325 0.3119739 0.3062751 0.2829356 0.3210884 0.2710725 0.3210884 0.2710725 0.3349663 0.2910654 0.3299325 0.3119739 0.3299325 0.3119739 0.3349663 0.2910654 0.3395291 0.3156819 0.3395291 0.3156819 0.3349663 0.2910654 0.3468061 0.3108788 0.3709431 0.3173084 0.3628847 0.2930783 0.3701618 0.2995805 0.3701618 0.2995805 0.3628847 0.2930783 0.3685364 0.2727758 0.359187 0.30378 0.3543788 0.3107516 0.3413614 0.2642887 0.3413614 0.2642887 0.3501593 0.2514032 0.359187 0.30378 0.3501593 0.2514032 0.3628847 0.2930783 0.359187 0.30378 0.3413614 0.2642887 0.3319242 0.2631302 0.3311826 0.2215159 0.3311826 0.2215159 0.34125 0.2153789 0.3413614 0.2642887 0.34125 0.2153789 0.3501593 0.2514032 0.3413614 0.2642887 0.3319242 0.2631302 0.3195465 0.2515627 0.3311826 0.2215159 0.3319242 0.2631302 0.3210884 0.2710725 0.3195465 0.2515627 0.3349663 0.2910654 0.3210884 0.2710725 0.3319242 0.2631302 0.3413614 0.2642887 0.3349663 0.2910654 0.3319242 0.2631302 0.3468061 0.3108788 0.3349663 0.2910654 0.3413614 0.2642887 0.3413614 0.2642887 0.3543788 0.3107516 0.3468061 0.3108788 0.359187 0.30378 0.3628847 0.2930783 0.3709431 0.3173084 0.317222 0.3160872 0.3062751 0.2829356 0.3299325 0.3119739 0.2886961 0.3135421 0.2942049 0.2949993 0.317222 0.3160872 0.2942049 0.2949993 0.3062751 0.2829356 0.317222 0.3160872 0.2519373 0.2810948 0.2629368 0.2552542 0.3062751 0.2829356 0.3062751 0.2829356 0.2942049 0.2949993 0.2519373 0.2810948 0.2886961 0.3135421 0.2519373 0.2810948 0.2942049 0.2949993 0.3021669 0.2189146 0.3023149 0.2267301 0.2859081 0.2337071 0.2890691 0.6754027 0.3206365 0.6553778 0.3003008 0.6884798 0.3206365 0.6553778 0.3302906 0.674272 0.3003008 0.6884798 0.3302906 0.674272 0.312955 0.7042698 0.3003008 0.6884798 0.3390371 0.6843302 0.312955 0.7042698 0.3302906 0.674272 0.3142071 0.7155764 0.320777 0.7049465 0.3278829 0.7034545 0.320777 0.7049465 0.312955 0.7042698 0.3390371 0.6843302 0.3278829 0.7034545 0.320777 0.7049465 0.3444111 0.6949415 0.3444111 0.6949415 0.320777 0.7049465 0.3673452 0.6850384 0.320777 0.7049465 0.3390371 0.6843302 0.3673452 0.6850384 0.3302906 0.674272 0.3206365 0.6553778 0.3366909 0.6551187 0.3082394 0.6437452 0.3206365 0.6553778 0.2890691 0.6754027 0.3201137 0.6301183 0.3447185 0.6459439 0.3366909 0.6551187 0.3201137 0.6301183 0.3366909 0.6551187 0.3206365 0.6553778 0.3201137 0.6301183 0.3206365 0.6553778 0.3082394 0.6437452 0.3447185 0.6459439 0.3571758 0.6633563 0.3366909 0.6551187 0.3447185 0.6459439 0.3473079 0.6364998 0.3696645 0.6551721 0.3696645 0.6551721 0.3571758 0.6633563 0.3447185 0.6459439 0.3696645 0.6551721 0.3822041 0.6759156 0.3571758 0.6633563 0.3831313 0.6496155 0.3900543 0.6698341 0.3696645 0.6551721 0.3852764 0.6336579 0.377806 0.6394042 0.3740061 0.6350933 0.3931193 0.6302439 0.4014982 0.6391784 0.377806 0.6394042 0.3931193 0.6302439 0.377806 0.6394042 0.3852764 0.6336579 0.4014982 0.6391784 0.3831313 0.6496155 0.377806 0.6394042 0.400752 0.6203203 0.4014982 0.6391784 0.3984954 0.6263427 0.400752 0.6203203 0.4094924 0.61031 0.4014982 0.6391784 0.4094924 0.61031 0.4645596 0.6351752 0.4014982 0.6391784 0.4468777 0.585618 0.4557229 0.5998358 0.4127727 0.5855767 0.4557229 0.5998358 0.4645596 0.6351752 0.4127727 0.5855767 0.4645596 0.6351752 0.4094924 0.61031 0.4127727 0.5855767 0.4127727 0.5855767 0.4067816 0.5959905 0.4072992 0.587738</float_array>
          <technique_common>
            <accessor source="#rfs_aimcore_v1-mesh-map-0-array" count="15000" stride="2">
              <param name="S" type="float"/>
              <param name="T" type="float"/>
            </accessor>
          </technique_common>
        </source>
        <vertices id="rfs_aimcore_v1-mesh-vertices">
          <input semantic="POSITION" source="#rfs_aimcore_v1-mesh-positions"/>
        </vertices>
        <triangles material="cone-material" count="1111">
          <input semantic="VERTEX" source="#rfs_aimcore_v1-mesh-vertices" offset="0"/>
          <input semantic="NORMAL" source="#rfs_aimcore_v1-mesh-normals" offset="1"/>
          <input semantic="TEXCOORD" source="#rfs_aimcore_v1-mesh-map-0" offset="2" set="0"/>
          <p>0 0 0 2 1 1 1 2 2 5 3 3 61 4 4 6 5 5 5 3 6 6 5 7 7 6 8 8 7 9 5 3 10 7 6 11 8 7 12 7 6 13 11 8 14 9 9 15 8 7 16 11 8 17 9 9 18 11 8 19 12 10 20 6 5 21 10 11 22 13 12 23 7 6 24 6 5 25 13 12 26 7 6 27 13 12 28 14 13 29 11 8 30 7 6 31 14 13 32 11 8 33 14 13 34 15 14 35 11 8 36 15 14 37 16 15 38 12 10 39 11 8 40 16 15 41 12 10 42 16 15 43 17 16 44 14 13 45 13 12 46 18 17 47 14 13 48 18 17 49 19 18 50 15 14 51 14 13 52 19 18 53 15 14 54 19 18 55 20 19 56 16 15 57 15 14 58 20 19 59 16 15 60 20 19 61 21 20 62 17 16 63 16 15 64 21 20 65 24 21 66 22 22 67 25 23 68 26 24 69 24 21 70 25 23 71 22 22 72 23 25 73 28 26 74 25 23 75 22 22 76 28 26 77 26 24 78 25 23 79 29 27 80 27 28 81 26 24 82 29 27 83 27 28 84 29 27 85 30 29 86 25 23 87 28 26 88 31 30 89 29 27 90 25 23 91 31 30 92 29 27 93 31 30 94 32 31 95 30 29 96 29 27 97 32 31 98 30 29 99 32 31 100 33 32 101 28 26 102 34 33 103 35 34 104 31 30 105 28 26 106 35 34 107 32 31 108 31 30 109 35 34 110 33 32 111 32 31 112 36 35 113 33 32 114 36 35 115 37 36 116 32 31 117 35 34 118 38 37 119 36 35 120 32 31 121 38 37 122 37 36 123 36 35 124 39 38 125 30 29 126 33 32 127 37 36 128 30 29 129 37 36 130 40 39 131 27 28 132 30 29 133 40 39 134 27 28 135 40 39 136 41 40 137 37 36 138 39 38 139 42 41 140 40 39 141 37 36 142 42 41 143 42 41 144 39 38 145 43 42 146 42 41 147 43 42 148 44 43 149 40 39 150 42 41 151 44 43 152 40 39 153 44 43 154 45 44 155 41 40 156 40 39 157 45 44 158 41 40 159 45 44 160 46 45 161 44 43 162 43 42 163 9 9 164 44 43 165 9 9 166 12 10 167 45 44 168 44 43 169 12 10 170 45 44 171 12 10 172 17 16 173 46 45 174 45 44 175 17 16 176 46 45 177 17 16 178 21 20 179 27 28 180 41 40 181 47 46 182 26 24 183 27 28 184 47 46 185 24 21 186 26 24 187 47 46 188 22 22 189 24 21 190 48 47 191 47 46 192 41 40 193 49 48 194 24 21 195 47 46 196 49 48 197 24 21 198 49 48 199 50 49 200 48 47 201 24 21 202 50 49 203 49 48 204 41 40 205 46 45 206 49 48 207 46 45 208 51 50 209 50 49 210 49 48 211 51 50 212 50 49 213 51 50 214 52 51 215 48 47 216 50 49 217 52 51 218 48 47 219 52 51 220 53 52 221 51 50 222 46 45 223 21 20 224 51 50 225 21 20 226 20 19 227 52 51 228 51 50 229 20 19 230 52 51 231 20 19 232 54 53 233 53 52 234 52 51 235 54 53 236 54 53 237 20 19 238 19 18 239 54 53 240 19 18 241 18 17 242 53 52 243 54 53 244 18 17 245 23 25 246 22 22 247 48 47 248 28 26 249 23 25 250 55 54 251 34 33 252 28 26 253 55 54 254 23 25 255 48 47 256 56 55 257 55 54 258 23 25 259 56 55 260 34 33 261 55 54 262 57 56 263 56 55 264 48 47 265 53 52 266 56 55 267 53 52 268 58 57 269 55 54 270 56 55 271 58 57 272 55 54 273 58 57 274 59 58 275 57 56 276 55 54 277 59 58 278 57 56 279 59 58 280 60 59 281 59 58 282 58 57 283 10 11 284 59 58 285 10 11 286 61 4 287 60 59 288 59 58 289 61 4 290 58 57 291 53 52 292 18 17 293 58 57 294 18 17 295 13 12 296 10 11 297 58 57 298 13 12 299 61 4 300 10 11 301 6 5 302 35 34 303 34 33 304 62 60 305 38 37 306 35 34 307 62 60 308 36 35 309 38 37 310 39 38 311 62 60 312 34 33 313 57 56 314 62 60 315 57 56 316 63 61 317 66 62 318 67 63 319 68 64 320 66 62 321 68 64 322 69 65 323 67 63 324 70 66 325 71 67 326 67 63 327 71 67 328 68 64 329 70 66 330 73 68 331 71 67 332 70 66 333 74 69 334 73 68 335 74 69 336 75 70 337 73 68 338 74 69 339 76 71 340 75 70 341 76 71 342 78 72 343 75 70 344 76 71 345 79 73 346 80 74 347 76 71 348 80 74 349 78 72 350 79 73 351 82 75 352 83 76 353 79 73 354 83 76 355 80 74 356 82 75 357 84 77 358 83 76 359 82 75 360 85 78 361 84 77 362 85 78 363 88 79 364 84 77 365 85 78 366 89 80 367 88 79 368 89 80 369 92 81 370 88 79 371 89 80 372 93 82 373 94 83 374 89 80 375 94 83 376 92 81 377 93 82 378 95 84 379 94 83 380 93 82 381 66 62 382 95 84 383 66 62 384 69 65 385 95 84 386 1 2 387 97 85 388 0 0 389 2 1 390 99 86 391 98 87 392 2 1 393 98 87 394 1 2 395 67 63 396 2 1 397 0 0 398 70 66 399 67 63 400 0 0 401 74 69 402 70 66 403 0 0 404 74 69 405 0 0 406 97 85 407 76 71 408 74 69 409 97 85 410 79 73 411 76 71 412 97 85 413 79 73 414 97 85 415 1 2 416 82 75 417 79 73 418 1 2 419 85 78 420 82 75 421 1 2 422 85 78 423 1 2 424 98 87 425 89 80 426 85 78 427 98 87 428 89 80 429 98 87 430 99 86 431 93 82 432 89 80 433 99 86 434 67 63 435 93 82 436 99 86 437 67 63 438 99 86 439 2 1 440 66 62 441 93 82 442 67 63 443 38 37 444 62 60 445 63 61 446 38 37 447 63 61 448 100 88 449 39 38 450 38 37 451 100 88 452 63 61 453 57 56 454 60 59 455 63 61 456 60 59 457 101 89 458 100 88 459 63 61 460 101 89 461 100 88 462 101 89 463 102 90 464 39 38 465 100 88 466 102 90 467 39 38 468 102 90 469 103 91 470 39 38 471 103 91 472 43 42 473 60 59 474 61 4 475 5 3 476 101 89 477 60 59 478 5 3 479 102 90 480 101 89 481 5 3 482 43 42 483 103 91 484 9 9 485 102 90 486 5 3 487 8 7 488 103 91 489 102 90 490 8 7 491 9 9 492 103 91 493 8 7 494 277 92 495 268 93 496 104 94 497 277 92 498 104 94 499 105 95 500 268 93 501 270 96 502 104 94 503 270 96 504 271 97 505 106 98 506 270 96 507 106 98 508 104 94 509 271 97 510 273 99 511 106 98 512 273 99 513 279 100 514 107 101 515 273 99 516 107 101 517 106 98 518 279 100 519 278 102 520 108 103 521 279 100 522 108 103 523 107 101 524 278 102 525 280 104 526 108 103 527 280 104 528 275 105 529 109 106 530 280 104 531 109 106 532 108 103 533 275 105 534 260 107 535 109 106 536 260 107 537 261 108 538 110 109 539 260 107 540 110 109 541 109 106 542 261 108 543 263 110 544 110 109 545 263 110 546 264 111 547 111 112 548 263 110 549 111 112 550 110 109 551 264 111 552 276 113 553 111 112 554 276 113 555 266 114 556 105 95 557 276 113 558 105 95 559 111 112 560 266 114 561 277 92 562 105 95 563 114 115 564 115 116 565 113 117 566 114 115 567 113 117 568 112 118 569 116 119 570 117 120 571 115 116 572 116 119 573 115 116 574 114 115 575 118 121 576 119 122 577 117 120 578 118 121 579 117 120 580 116 119 581 120 123 582 121 124 583 119 122 584 120 123 585 119 122 586 118 121 587 122 125 588 123 126 589 121 124 590 122 125 591 121 124 592 120 123 593 124 127 594 125 128 595 123 126 596 124 127 597 123 126 598 122 125 599 126 129 600 127 130 601 125 128 602 126 129 603 125 128 604 124 127 605 112 118 606 113 117 607 127 130 608 112 118 609 127 130 610 126 129 611 145 131 612 128 132 613 129 133 614 145 131 615 129 133 616 87 134 617 128 132 618 150 135 619 148 136 620 128 132 621 148 136 622 129 133 623 150 135 624 130 137 625 131 138 626 150 135 627 131 138 628 148 136 629 130 137 630 156 139 631 154 140 632 130 137 633 154 140 634 131 138 635 156 139 636 132 141 637 133 142 638 156 139 639 133 142 640 154 140 641 132 141 642 162 143 643 160 144 644 132 141 645 160 144 646 133 142 647 162 143 648 134 145 649 135 146 650 162 143 651 135 146 652 160 144 653 134 145 654 168 147 655 166 148 656 134 145 657 166 148 658 135 146 659 168 147 660 136 149 661 137 150 662 168 147 663 137 150 664 166 148 665 136 149 666 174 151 667 172 152 668 136 149 669 172 152 670 137 150 671 174 151 672 138 153 673 139 154 674 174 151 675 139 154 676 172 152 677 138 153 678 180 155 679 178 156 680 138 153 681 178 156 682 139 154 683 180 155 684 140 157 685 141 158 686 180 155 687 141 158 688 178 156 689 140 157 690 186 159 691 184 160 692 140 157 693 184 160 694 141 158 695 186 159 696 142 161 697 86 162 698 186 159 699 86 162 700 184 160 701 142 161 702 145 131 703 87 134 704 142 161 705 87 134 706 86 162 707 143 163 708 144 164 709 145 131 710 146 165 711 147 166 712 87 134 713 146 165 714 87 134 715 148 136 716 144 164 717 149 167 718 150 135 719 144 164 720 150 135 721 145 131 722 151 168 723 146 165 724 148 136 725 149 167 726 152 169 727 150 135 728 153 170 729 151 168 730 148 136 731 153 170 732 148 136 733 154 140 734 152 169 735 155 171 736 156 139 737 152 169 738 156 139 739 150 135 740 157 172 741 153 170 742 154 140 743 155 171 744 158 173 745 156 139 746 159 174 747 157 172 748 154 140 749 159 174 750 154 140 751 160 144 752 158 173 753 161 175 754 162 143 755 158 173 756 162 143 757 156 139 758 163 176 759 159 174 760 160 144 761 161 175 762 164 177 763 162 143 764 165 178 765 163 176 766 160 144 767 165 178 768 160 144 769 166 148 770 164 177 771 167 179 772 168 147 773 164 177 774 168 147 775 162 143 776 169 180 777 165 178 778 166 148 779 167 179 780 170 181 781 168 147 782 171 182 783 169 180 784 166 148 785 171 182 786 166 148 787 172 152 788 170 181 789 173 183 790 174 151 791 170 181 792 174 151 793 168 147 794 175 184 795 171 182 796 172 152 797 173 183 798 176 185 799 174 151 800 177 186 801 175 184 802 172 152 803 177 186 804 172 152 805 178 156 806 176 185 807 179 187 808 180 155 809 176 185 810 180 155 811 174 151 812 181 188 813 177 186 814 178 156 815 179 187 816 182 189 817 180 155 818 183 190 819 181 188 820 178 156 821 183 190 822 178 156 823 184 160 824 182 189 825 185 191 826 186 159 827 182 189 828 186 159 829 180 155 830 187 192 831 183 190 832 184 160 833 185 191 834 188 193 835 186 159 836 189 194 837 187 192 838 184 160 839 189 194 840 184 160 841 87 134 842 188 193 843 143 163 844 145 131 845 188 193 846 145 131 847 186 159 848 147 166 849 189 194 850 87 134 851 87 134 852 129 133 853 148 136 854 150 135 855 128 132 856 145 131 857 148 136 858 131 138 859 154 140 860 156 139 861 130 137 862 150 135 863 190 195 864 191 196 865 192 197 866 193 198 867 191 196 868 190 195 869 193 198 870 194 199 871 191 196 872 195 200 873 194 199 874 193 198 875 195 200 876 196 201 877 194 199 878 197 202 879 196 201 880 195 200 881 197 202 882 198 203 883 196 201 884 199 204 885 198 203 886 197 202 887 199 204 888 200 205 889 198 203 890 201 206 891 200 205 892 199 204 893 201 206 894 202 207 895 200 205 896 203 208 897 202 207 898 201 206 899 203 208 900 204 209 901 202 207 902 205 210 903 204 209 904 203 208 905 205 210 906 192 197 907 204 209 908 190 195 909 192 197 910 205 210 911 206 211 912 207 212 913 208 213 914 206 211 915 208 213 916 81 214 917 207 212 918 209 215 919 210 216 920 207 212 921 210 216 922 208 213 923 209 215 924 211 217 925 96 218 926 209 215 927 96 218 928 210 216 929 211 217 930 212 219 931 64 220 932 211 217 933 64 220 934 96 218 935 212 219 936 213 221 937 65 222 938 212 219 939 65 222 940 64 220 941 213 221 942 214 223 943 72 224 944 213 221 945 72 224 946 65 222 947 214 223 948 215 225 949 77 226 950 214 223 951 77 226 952 72 224 953 215 225 954 206 211 955 81 214 956 215 225 957 81 214 958 77 226 959 216 227 960 217 228 961 81 214 962 216 227 963 81 214 964 208 213 965 218 229 966 216 227 967 208 213 968 219 230 969 218 229 970 208 213 971 219 230 972 208 213 973 210 216 974 220 231 975 219 230 976 210 216 977 221 232 978 220 231 979 210 216 980 221 232 981 210 216 982 96 218 983 222 233 984 221 232 985 96 218 986 223 234 987 222 233 988 96 218 989 223 234 990 96 218 991 64 220 992 225 235 993 235 236 994 91 237 995 225 235 996 91 237 997 224 238 998 225 235 999 254 239 1000 235 236 1001 226 240 1002 254 239 1003 225 235 1004 226 240 1005 238 241 1006 254 239 1007 227 242 1008 241 243 1009 238 241 1010 227 242 1011 238 241 1012 226 240 1013 228 244 1014 244 245 1015 241 243 1016 228 244 1017 241 243 1018 227 242 1019 229 246 1020 247 247 1021 244 245 1022 229 246 1023 244 245 1024 228 244 1025 230 248 1026 250 249 1027 247 247 1028 230 248 1029 247 247 1030 229 246 1031 231 250 1032 90 251 1033 250 249 1034 231 250 1035 250 249 1036 230 248 1037 224 238 1038 91 237 1039 90 251 1040 224 238 1041 90 251 1042 231 250 1043 232 252 1044 233 253 1045 91 237 1046 234 254 1047 232 252 1048 91 237 1049 234 254 1050 91 237 1051 235 236 1052 236 255 1053 234 254 1054 235 236 1055 237 256 1056 236 255 1057 235 236 1058 237 256 1059 235 236 1060 238 241 1061 239 257 1062 237 256 1063 238 241 1064 240 258 1065 239 257 1066 238 241 1067 240 258 1068 238 241 1069 241 243 1070 242 259 1071 240 258 1072 241 243 1073 243 260 1074 242 259 1075 241 243 1076 243 260 1077 241 243 1078 244 245 1079 245 261 1080 243 260 1081 244 245 1082 246 262 1083 245 261 1084 244 245 1085 246 262 1086 244 245 1087 247 247 1088 248 263 1089 246 262 1090 247 247 1091 249 264 1092 248 263 1093 247 247 1094 249 264 1095 247 247 1096 250 249 1097 251 265 1098 249 264 1099 250 249 1100 252 266 1101 251 265 1102 250 249 1103 252 266 1104 250 249 1105 90 251 1106 253 267 1107 252 266 1108 90 251 1109 233 253 1110 253 267 1111 90 251 1112 233 253 1113 90 251 1114 91 237 1115 235 236 1116 254 239 1117 238 241 1118 154 140 1119 133 142 1120 160 144 1121 162 143 1122 132 141 1123 156 139 1124 160 144 1125 135 146 1126 166 148 1127 168 147 1128 134 145 1129 162 143 1130 166 148 1131 137 150 1132 172 152 1133 174 151 1134 136 149 1135 168 147 1136 172 152 1137 139 154 1138 178 156 1139 180 155 1140 138 153 1141 174 151 1142 178 156 1143 141 158 1144 184 160 1145 186 159 1146 140 157 1147 180 155 1148 184 160 1149 86 162 1150 87 134 1151 145 131 1152 142 161 1153 186 159 1154 255 268 1155 256 269 1156 257 270 1157 255 268 1158 257 270 1159 258 271 1160 258 271 1161 257 270 1162 259 272 1163 258 271 1164 259 272 1165 260 107 1166 260 107 1167 259 272 1168 261 108 1169 261 108 1170 259 272 1171 262 273 1172 261 108 1173 262 273 1174 263 110 1175 263 110 1176 262 273 1177 264 111 1178 264 111 1179 262 273 1180 265 274 1181 264 111 1182 265 274 1183 266 114 1184 266 114 1185 265 274 1186 267 275 1187 266 114 1188 267 275 1189 268 93 1190 268 93 1191 267 275 1192 269 276 1193 268 93 1194 269 276 1195 270 96 1196 270 96 1197 269 276 1198 271 97 1199 271 97 1200 269 276 1201 272 277 1202 271 97 1203 272 277 1204 273 99 1205 273 99 1206 272 277 1207 274 278 1208 274 278 1209 272 277 1210 256 269 1211 274 278 1212 256 269 1213 255 268 1214 255 268 1215 258 271 1216 275 105 1217 275 105 1218 258 271 1219 260 107 1220 276 113 1221 264 111 1222 266 114 1223 277 92 1224 266 114 1225 268 93 1226 274 278 1227 255 268 1228 278 102 1229 273 99 1230 274 278 1231 279 100 1232 279 100 1233 274 278 1234 278 102 1235 278 102 1236 255 268 1237 280 104 1238 280 104 1239 255 268 1240 275 105 1241 281 279 1242 282 280 1243 283 281 1244 281 279 1245 283 281 1246 284 282 1247 284 282 1248 283 281 1249 285 283 1250 285 283 1251 283 281 1252 286 284 1253 288 285 1254 287 286 1255 289 287 1256 288 285 1257 289 287 1258 290 288 1259 290 288 1260 289 287 1261 291 289 1262 292 290 1263 291 289 1264 293 291 1265 292 290 1266 293 291 1267 294 292 1268 294 292 1269 293 291 1270 295 293 1271 295 293 1272 293 291 1273 282 280 1274 295 293 1275 282 280 1276 281 279 1277 296 294 1278 281 279 1279 284 282 1280 284 282 1281 285 283 1282 297 295 1283 297 295 1284 285 283 1285 286 284 1286 297 295 1287 286 284 1288 298 296 1289 298 296 1290 286 284 1291 299 297 1292 299 297 1293 286 284 1294 287 286 1295 299 297 1296 287 286 1297 300 298 1298 300 298 1299 287 286 1300 288 285 1301 301 299 1302 290 288 1303 291 289 1304 301 299 1305 291 289 1306 302 300 1307 302 300 1308 291 289 1309 303 301 1310 303 301 1311 291 289 1312 292 290 1313 295 293 1314 281 279 1315 296 294 1316 304 302 1317 296 294 1318 284 282 1319 304 302 1320 284 282 1321 305 303 1322 305 303 1323 284 282 1324 306 304 1325 306 304 1326 284 282 1327 297 295 1328 294 292 1329 295 293 1330 307 305 1331 307 305 1332 295 293 1333 296 294 1334 307 305 1335 296 294 1336 304 302 1337 303 301 1338 292 290 1339 308 306 1340 308 306 1341 292 290 1342 294 292 1343 308 306 1344 294 292 1345 309 307 1346 309 307 1347 294 292 1348 307 305 1349 309 307 1350 307 305 1351 310 308 1352 310 308 1353 307 305 1354 311 309 1355 311 309 1356 307 305 1357 304 302 1358 305 303 1359 306 304 1360 312 310 1361 312 310 1362 306 304 1363 297 295 1364 312 310 1365 297 295 1366 313 311 1367 313 311 1368 297 295 1369 298 296 1370 313 311 1371 298 296 1372 314 312 1373 314 312 1374 298 296 1375 299 297 1376 288 285 1377 290 288 1378 315 313 1379 315 313 1380 290 288 1381 301 299 1382 301 299 1383 302 300 1384 316 314 1385 316 314 1386 302 300 1387 303 301 1388 316 314 1389 303 301 1390 317 315 1391 317 315 1392 303 301 1393 308 306 1394 318 316 1395 304 302 1396 305 303 1397 318 316 1398 305 303 1399 312 310 1400 314 312 1401 299 297 1402 319 317 1403 319 317 1404 299 297 1405 300 298 1406 319 317 1407 300 298 1408 320 318 1409 320 318 1410 300 298 1411 288 285 1412 320 318 1413 288 285 1414 321 319 1415 321 319 1416 288 285 1417 315 313 1418 315 313 1419 301 299 1420 316 314 1421 317 315 1422 308 306 1423 322 320 1424 322 320 1425 308 306 1426 309 307 1427 322 320 1428 309 307 1429 323 321 1430 323 321 1431 309 307 1432 310 308 1433 323 321 1434 310 308 1435 324 322 1436 324 322 1437 310 308 1438 311 309 1439 311 309 1440 304 302 1441 318 316 1442 324 322 1443 311 309 1444 325 323 1445 325 323 1446 311 309 1447 318 316 1448 321 319 1449 315 313 1450 326 324 1451 326 324 1452 315 313 1453 316 314 1454 326 324 1455 316 314 1456 327 325 1457 327 325 1458 316 314 1459 328 326 1460 328 326 1461 316 314 1462 317 315 1463 328 326 1464 317 315 1465 329 327 1466 329 327 1467 317 315 1468 322 320 1469 330 328 1470 318 316 1471 331 329 1472 331 329 1473 318 316 1474 312 310 1475 331 329 1476 312 310 1477 332 330 1478 332 330 1479 312 310 1480 313 311 1481 332 330 1482 313 311 1483 333 331 1484 333 331 1485 313 311 1486 314 312 1487 333 331 1488 314 312 1489 319 317 1490 325 323 1491 318 316 1492 330 328 1493 332 330 1494 333 331 1495 334 332 1496 319 317 1497 320 318 1498 335 333 1499 335 333 1500 320 318 1501 321 319 1502 335 333 1503 321 319 1504 326 324 1505 327 325 1506 328 326 1507 336 334 1508 336 334 1509 328 326 1510 329 327 1511 323 321 1512 324 322 1513 337 335 1514 337 335 1515 324 322 1516 325 323 1517 337 335 1518 325 323 1519 330 328 1520 338 336 1521 330 328 1522 331 329 1523 338 336 1524 331 329 1525 334 332 1526 334 332 1527 331 329 1528 332 330 1529 334 332 1530 333 331 1531 339 337 1532 339 337 1533 333 331 1534 319 317 1535 339 337 1536 319 317 1537 335 333 1538 335 333 1539 326 324 1540 340 338 1541 340 338 1542 326 324 1543 327 325 1544 340 338 1545 327 325 1546 336 334 1547 336 334 1548 329 327 1549 341 339 1550 341 339 1551 329 327 1552 322 320 1553 341 339 1554 322 320 1555 323 321 1556 341 339 1557 323 321 1558 342 340 1559 342 340 1560 323 321 1561 337 335 1562 342 340 1563 337 335 1564 338 336 1565 338 336 1566 337 335 1567 330 328 1568 343 341 1569 344 342 1570 345 343 1571 346 344 1572 343 341 1573 345 343 1574 346 344 1575 345 343 1576 347 345 1577 348 346 1578 346 344 1579 347 345 1580 348 346 1581 347 345 1582 349 347 1583 350 348 1584 348 346 1585 349 347 1586 350 348 1587 349 347 1588 351 349 1589 352 350 1590 350 348 1591 351 349 1592 352 350 1593 351 349 1594 353 351 1595 354 352 1596 352 350 1597 353 351 1598 354 352 1599 353 351 1600 355 353 1601 356 354 1602 354 352 1603 355 353 1604 356 354 1605 355 353 1606 357 355 1607 358 356 1608 356 354 1609 357 355 1610 358 356 1611 357 355 1612 344 342 1613 343 341 1614 358 356 1615 344 342 1616 359 357 1617 223 234 1618 64 220 1619 360 358 1620 359 357 1621 64 220 1622 360 358 1623 64 220 1624 65 222 1625 361 359 1626 360 358 1627 65 222 1628 362 360 1629 361 359 1630 65 222 1631 362 360 1632 65 222 1633 72 224 1634 363 361 1635 362 360 1636 72 224 1637 364 362 1638 363 361 1639 72 224 1640 364 362 1641 72 224 1642 77 226 1643 217 228 1644 365 363 1645 81 214 1646 366 364 1647 364 362 1648 77 226 1649 365 363 1650 366 364 1651 77 226 1652 365 363 1653 77 226 1654 81 214 1655 367 365 1656 425 366 1657 368 367 1658 367 365 1659 368 367 1660 369 368 1661 369 368 1662 368 367 1663 370 369 1664 369 368 1665 370 369 1666 373 370 1667 373 370 1668 370 369 1669 374 371 1670 374 371 1671 370 369 1672 371 372 1673 375 373 1674 372 374 1675 367 365 1676 375 373 1677 367 365 1678 369 368 1679 375 373 1680 369 368 1681 376 375 1682 376 375 1683 369 368 1684 373 370 1685 376 375 1686 373 370 1687 377 376 1688 377 376 1689 373 370 1690 374 371 1691 377 376 1692 374 371 1693 378 377 1694 379 378 1695 375 373 1696 380 379 1697 380 379 1698 375 373 1699 376 375 1700 380 379 1701 376 375 1702 377 376 1703 380 379 1704 377 376 1705 381 380 1706 381 380 1707 377 376 1708 382 381 1709 382 381 1710 377 376 1711 378 377 1712 380 379 1713 381 380 1714 383 382 1715 383 382 1716 381 380 1717 382 381 1718 383 382 1719 382 381 1720 384 383 1721 385 384 1722 386 385 1723 387 386 1724 385 384 1725 387 386 1726 388 387 1727 388 387 1728 387 386 1729 389 388 1730 388 387 1731 389 388 1732 392 389 1733 392 389 1734 389 388 1735 393 390 1736 393 390 1737 389 388 1738 390 391 1739 394 392 1740 391 393 1741 385 384 1742 394 392 1743 385 384 1744 395 394 1745 395 394 1746 385 384 1747 388 387 1748 395 394 1749 388 387 1750 392 389 1751 392 389 1752 393 390 1753 396 395 1754 397 396 1755 394 392 1756 395 394 1757 397 396 1758 395 394 1759 398 397 1760 398 397 1761 395 394 1762 392 389 1763 398 397 1764 392 389 1765 399 398 1766 399 398 1767 392 389 1768 396 395 1769 399 398 1770 396 395 1771 400 399 1772 398 397 1773 399 398 1774 401 400 1775 401 400 1776 399 398 1777 402 401 1778 402 401 1779 399 398 1780 400 399 1781 400 399 1782 396 395 1783 393 390 1784 400 399 1785 393 390 1786 403 402 1787 403 402 1788 393 390 1789 390 391 1790 404 403 1791 402 401 1792 400 399 1793 404 403 1794 400 399 1795 405 404 1796 405 404 1797 400 399 1798 403 402 1799 403 402 1800 390 391 1801 406 405 1802 407 406 1803 404 403 1804 405 404 1805 407 406 1806 405 404 1807 408 407 1808 408 407 1809 405 404 1810 403 402 1811 408 407 1812 403 402 1813 409 408 1814 409 408 1815 403 402 1816 406 405 1817 409 408 1818 406 405 1819 410 409 1820 371 372 1821 407 406 1822 408 407 1823 408 407 1824 409 408 1825 378 377 1826 409 408 1827 410 409 1828 384 383 1829 371 372 1830 408 407 1831 374 371 1832 374 371 1833 408 407 1834 378 377 1835 378 377 1836 409 408 1837 382 381 1838 382 381 1839 409 408 1840 384 383 1841 390 391 1842 389 388 1843 411 410 1844 411 410 1845 389 388 1846 387 386 1847 406 405 1848 390 391 1849 411 410 1850 406 405 1851 411 410 1852 412 411 1853 412 411 1854 411 410 1855 387 386 1856 412 411 1857 387 386 1858 413 412 1859 413 412 1860 387 386 1861 414 413 1862 414 413 1863 387 386 1864 386 385 1865 410 409 1866 406 405 1867 412 411 1868 410 409 1869 412 411 1870 415 414 1871 415 414 1872 412 411 1873 413 412 1874 415 414 1875 413 412 1876 416 415 1877 416 415 1878 413 412 1879 414 413 1880 416 415 1881 414 413 1882 417 416 1883 384 383 1884 410 409 1885 415 414 1886 384 383 1887 415 414 1888 383 382 1889 383 382 1890 415 414 1891 416 415 1892 383 382 1893 416 415 1894 418 417 1895 418 417 1896 416 415 1897 417 416 1898 418 417 1899 417 416 1900 379 378 1901 383 382 1902 418 417 1903 380 379 1904 380 379 1905 418 417 1906 379 378 1907 386 385 1908 385 384 1909 391 393 1910 414 413 1911 386 385 1912 419 418 1913 419 418 1914 386 385 1915 391 393 1916 419 418 1917 391 393 1918 394 392 1919 419 418 1920 394 392 1921 420 419 1922 420 419 1923 394 392 1924 397 396 1925 420 419 1926 397 396 1927 421 420 1928 417 416 1929 414 413 1930 419 418 1931 417 416 1932 419 418 1933 422 421 1934 422 421 1935 419 418 1936 420 419 1937 422 421 1938 420 419 1939 423 422 1940 423 422 1941 420 419 1942 421 420 1943 423 422 1944 421 420 1945 424 423 1946 379 378 1947 417 416 1948 422 421 1949 422 421 1950 423 422 1951 372 374 1952 372 374 1953 423 422 1954 425 366 1955 425 366 1956 423 422 1957 424 423 1958 379 378 1959 422 421 1960 375 373 1961 375 373 1962 422 421 1963 372 374 1964 372 374 1965 425 366 1966 367 365 1967 397 396 1968 398 397 1969 426 424 1970 426 424 1971 398 397 1972 401 400 1973 421 420 1974 397 396 1975 426 424 1976 421 420 1977 426 424 1978 427 425 1979 430 426 1980 431 427 1981 458 428 1982 430 426 1983 458 428 1984 432 429 1985 433 430 1986 434 431 1987 431 427 1988 433 430 1989 431 427 1990 430 426 1991 436 432 1992 434 431 1993 433 430 1994 436 432 1995 437 433 1996 434 431 1997 438 434 1998 437 433 1999 436 432 2000 438 434 2001 439 435 2002 437 433 2003 441 436 2004 439 435 2005 438 434 2006 442 437 2007 443 438 2008 439 435 2009 442 437 2010 439 435 2011 441 436 2012 444 439 2013 445 440 2014 443 438 2015 444 439 2016 443 438 2017 442 437 2018 447 441 2019 445 440 2020 444 439 2021 447 441 2022 448 442 2023 445 440 2024 451 443 2025 448 442 2026 447 441 2027 451 443 2028 452 444 2029 448 442 2030 455 445 2031 452 444 2032 451 443 2033 455 445 2034 456 446 2035 452 444 2036 457 447 2037 456 446 2038 455 445 2039 457 447 2040 458 428 2041 456 446 2042 432 429 2043 458 428 2044 457 447 2045 460 448 2046 461 449 2047 3 450 2048 460 448 2049 3 450 2050 4 451 2051 461 449 2052 462 452 2053 3 450 2054 462 452 2055 463 453 2056 3 450 2057 463 453 2058 464 454 2059 4 451 2060 463 453 2061 4 451 2062 3 450 2063 464 454 2064 465 455 2065 4 451 2066 465 455 2067 460 448 2068 4 451 2069 460 448 2070 431 427 2071 461 449 2072 461 449 2073 431 427 2074 434 431 2075 461 449 2076 434 431 2077 462 452 2078 462 452 2079 434 431 2080 439 435 2081 434 431 2082 437 433 2083 439 435 2084 462 452 2085 439 435 2086 443 438 2087 462 452 2088 443 438 2089 463 453 2090 463 453 2091 443 438 2092 445 440 2093 463 453 2094 445 440 2095 464 454 2096 464 454 2097 445 440 2098 448 442 2099 464 454 2100 448 442 2101 452 444 2102 464 454 2103 452 444 2104 465 455 2105 465 455 2106 452 444 2107 456 446 2108 465 455 2109 456 446 2110 458 428 2111 465 455 2112 458 428 2113 460 448 2114 460 448 2115 458 428 2116 431 427 2117 427 425 2118 426 424 2119 401 400 2120 427 425 2121 401 400 2122 466 456 2123 466 456 2124 401 400 2125 402 401 2126 466 456 2127 402 401 2128 404 403 2129 424 423 2130 421 420 2131 427 425 2132 424 423 2133 427 425 2134 467 457 2135 467 457 2136 427 425 2137 466 456 2138 467 457 2139 466 456 2140 468 458 2141 468 458 2142 466 456 2143 404 403 2144 468 458 2145 404 403 2146 469 459 2147 469 459 2148 404 403 2149 407 406 2150 425 366 2151 424 423 2152 368 367 2153 368 367 2154 424 423 2155 467 457 2156 368 367 2157 467 457 2158 468 458 2159 469 459 2160 407 406 2161 371 372 2162 368 367 2163 468 458 2164 370 369 2165 370 369 2166 468 458 2167 469 459 2168 370 369 2169 469 459 2170 371 372 2171 470 460 2172 634 461 2173 643 462 2174 470 460 2175 643 462 2176 471 463 2177 470 460 2178 636 464 2179 634 461 2180 472 465 2181 637 466 2182 636 464 2183 472 465 2184 636 464 2185 470 460 2186 472 465 2187 639 467 2188 637 466 2189 473 468 2190 645 469 2191 639 467 2192 473 468 2193 639 467 2194 472 465 2195 474 470 2196 644 471 2197 645 469 2198 474 470 2199 645 469 2200 473 468 2201 474 470 2202 646 472 2203 644 471 2204 475 473 2205 641 474 2206 646 472 2207 475 473 2208 646 472 2209 474 470 2210 475 473 2211 626 475 2212 641 474 2213 476 476 2214 627 477 2215 626 475 2216 476 476 2217 626 475 2218 475 473 2219 476 476 2220 629 478 2221 627 477 2222 477 479 2223 630 480 2224 629 478 2225 477 479 2226 629 478 2227 476 476 2228 477 479 2229 642 481 2230 630 480 2231 471 463 2232 632 482 2233 642 481 2234 471 463 2235 642 481 2236 477 479 2237 471 463 2238 643 462 2239 632 482 2240 478 483 2241 480 484 2242 481 485 2243 478 483 2244 481 485 2245 479 486 2246 480 484 2247 482 487 2248 483 488 2249 480 484 2250 483 488 2251 481 485 2252 482 487 2253 484 489 2254 485 490 2255 482 487 2256 485 490 2257 483 488 2258 484 489 2259 486 491 2260 487 492 2261 484 489 2262 487 492 2263 485 490 2264 486 491 2265 488 493 2266 489 494 2267 486 491 2268 489 494 2269 487 492 2270 488 493 2271 490 495 2272 491 496 2273 488 493 2274 491 496 2275 489 494 2276 490 495 2277 492 497 2278 493 498 2279 490 495 2280 493 498 2281 491 496 2282 492 497 2283 478 483 2284 479 486 2285 492 497 2286 479 486 2287 493 498 2288 494 499 2289 495 500 2290 509 501 2291 494 499 2292 509 501 2293 449 502 2294 514 503 2295 515 504 2296 495 500 2297 514 503 2298 495 500 2299 494 499 2300 496 505 2301 497 506 2302 515 504 2303 496 505 2304 515 504 2305 514 503 2306 520 507 2307 521 508 2308 497 506 2309 520 507 2310 497 506 2311 496 505 2312 498 509 2313 499 510 2314 521 508 2315 498 509 2316 521 508 2317 520 507 2318 526 511 2319 527 512 2320 499 510 2321 526 511 2322 499 510 2323 498 509 2324 500 513 2325 501 514 2326 527 512 2327 500 513 2328 527 512 2329 526 511 2330 532 515 2331 533 516 2332 501 514 2333 532 515 2334 501 514 2335 500 513 2336 502 517 2337 503 518 2338 533 516 2339 502 517 2340 533 516 2341 532 515 2342 538 519 2343 539 520 2344 503 518 2345 538 519 2346 503 518 2347 502 517 2348 504 521 2349 505 522 2350 539 520 2351 504 521 2352 539 520 2353 538 519 2354 544 523 2355 545 524 2356 505 522 2357 544 523 2358 505 522 2359 504 521 2360 506 525 2361 507 526 2362 545 524 2363 506 525 2364 545 524 2365 544 523 2366 550 527 2367 551 528 2368 507 526 2369 550 527 2370 507 526 2371 506 525 2372 450 529 2373 508 530 2374 551 528 2375 450 529 2376 551 528 2377 550 527 2378 449 502 2379 509 501 2380 508 530 2381 449 502 2382 508 530 2383 450 529 2384 509 501 2385 510 531 2386 511 532 2387 449 502 2388 512 533 2389 513 534 2390 449 502 2391 513 534 2392 514 503 2393 515 504 2394 516 535 2395 510 531 2396 515 504 2397 510 531 2398 509 501 2399 514 503 2400 513 534 2401 517 536 2402 515 504 2403 518 537 2404 516 535 2405 514 503 2406 517 536 2407 519 538 2408 514 503 2409 519 538 2410 520 507 2411 521 508 2412 522 539 2413 518 537 2414 521 508 2415 518 537 2416 515 504 2417 520 507 2418 519 538 2419 523 540 2420 521 508 2421 524 541 2422 522 539 2423 520 507 2424 523 540 2425 525 542 2426 520 507 2427 525 542 2428 526 511 2429 527 512 2430 528 543 2431 524 541 2432 527 512 2433 524 541 2434 521 508 2435 526 511 2436 525 542 2437 529 544 2438 527 512 2439 530 545 2440 528 543 2441 526 511 2442 529 544 2443 531 546 2444 526 511 2445 531 546 2446 532 515 2447 533 516 2448 534 547 2449 530 545 2450 533 516 2451 530 545 2452 527 512 2453 532 515 2454 531 546 2455 535 548 2456 533 516 2457 536 549 2458 534 547 2459 532 515 2460 535 548 2461 537 550 2462 532 515 2463 537 550 2464 538 519 2465 539 520 2466 540 551 2467 536 549 2468 539 520 2469 536 549 2470 533 516 2471 538 519 2472 537 550 2473 541 552 2474 539 520 2475 542 553 2476 540 551 2477 538 519 2478 541 552 2479 543 554 2480 538 519 2481 543 554 2482 544 523 2483 545 524 2484 546 555 2485 542 553 2486 545 524 2487 542 553 2488 539 520 2489 544 523 2490 543 554 2491 547 556 2492 545 524 2493 548 557 2494 546 555 2495 544 523 2496 547 556 2497 549 558 2498 544 523 2499 549 558 2500 550 527 2501 551 528 2502 552 559 2503 548 557 2504 551 528 2505 548 557 2506 545 524 2507 550 527 2508 549 558 2509 553 560 2510 551 528 2511 554 561 2512 552 559 2513 550 527 2514 553 560 2515 555 562 2516 550 527 2517 555 562 2518 449 502 2519 509 501 2520 511 532 2521 554 561 2522 509 501 2523 554 561 2524 551 528 2525 449 502 2526 555 562 2527 512 533 2528 514 503 2529 494 499 2530 449 502 2531 509 501 2532 495 500 2533 515 504 2534 520 507 2535 496 505 2536 514 503 2537 515 504 2538 497 506 2539 521 508 2540 556 563 2541 557 564 2542 558 565 2543 557 564 2544 559 566 2545 558 565 2546 557 564 2547 560 567 2548 559 566 2549 560 567 2550 561 568 2551 559 566 2552 560 567 2553 562 569 2554 561 568 2555 562 569 2556 563 570 2557 561 568 2558 562 569 2559 564 571 2560 563 570 2561 564 571 2562 565 572 2563 563 570 2564 564 571 2565 566 573 2566 565 572 2567 566 573 2568 567 574 2569 565 572 2570 566 573 2571 568 575 2572 567 574 2573 568 575 2574 569 576 2575 567 574 2576 568 575 2577 570 577 2578 569 576 2579 570 577 2580 571 578 2581 569 576 2582 570 577 2583 556 563 2584 571 578 2585 556 563 2586 558 565 2587 571 578 2588 572 579 2589 573 580 2590 574 581 2591 572 579 2592 574 581 2593 446 582 2594 575 583 2595 576 584 2596 573 580 2597 575 583 2598 573 580 2599 572 579 2600 459 585 2601 577 586 2602 576 584 2603 459 585 2604 576 584 2605 575 583 2606 429 587 2607 578 588 2608 577 586 2609 429 587 2610 577 586 2611 459 585 2612 428 589 2613 579 590 2614 578 588 2615 428 589 2616 578 588 2617 429 587 2618 435 591 2619 580 592 2620 579 590 2621 435 591 2622 579 590 2623 428 589 2624 440 593 2625 581 594 2626 580 592 2627 440 593 2628 580 592 2629 435 591 2630 446 582 2631 574 581 2632 581 594 2633 446 582 2634 581 594 2635 440 593 2636 446 582 2637 582 595 2638 583 596 2639 446 582 2640 583 596 2641 572 579 2642 572 579 2643 583 596 2644 584 597 2645 572 579 2646 584 597 2647 585 598 2648 572 579 2649 585 598 2650 575 583 2651 575 583 2652 585 598 2653 586 599 2654 575 583 2655 586 599 2656 587 600 2657 575 583 2658 587 600 2659 459 585 2660 459 585 2661 587 600 2662 588 601 2663 459 585 2664 588 601 2665 589 602 2666 459 585 2667 589 602 2668 429 587 2669 453 603 2670 601 604 2671 591 605 2672 453 603 2673 591 605 2674 590 606 2675 601 604 2676 620 607 2677 591 605 2678 620 607 2679 592 608 2680 591 605 2681 620 607 2682 604 609 2683 592 608 2684 604 609 2685 607 610 2686 593 611 2687 604 609 2688 593 611 2689 592 608 2690 607 610 2691 610 612 2692 594 613 2693 607 610 2694 594 613 2695 593 611 2696 610 612 2697 613 614 2698 595 615 2699 610 612 2700 595 615 2701 594 613 2702 613 614 2703 616 616 2704 596 617 2705 613 614 2706 596 617 2707 595 615 2708 616 616 2709 454 618 2710 597 619 2711 616 616 2712 597 619 2713 596 617 2714 454 618 2715 453 603 2716 590 606 2717 454 618 2718 590 606 2719 597 619 2720 453 603 2721 598 620 2722 599 621 2723 453 603 2724 599 621 2725 600 622 2726 453 603 2727 600 622 2728 601 604 2729 601 604 2730 600 622 2731 602 623 2732 601 604 2733 602 623 2734 603 624 2735 601 604 2736 603 624 2737 604 609 2738 604 609 2739 603 624 2740 605 625 2741 604 609 2742 605 625 2743 606 626 2744 604 609 2745 606 626 2746 607 610 2747 607 610 2748 606 626 2749 608 627 2750 607 610 2751 608 627 2752 609 628 2753 607 610 2754 609 628 2755 610 612 2756 610 612 2757 609 628 2758 611 629 2759 610 612 2760 611 629 2761 612 630 2762 610 612 2763 612 630 2764 613 614 2765 613 614 2766 612 630 2767 614 631 2768 613 614 2769 614 631 2770 615 632 2771 613 614 2772 615 632 2773 616 616 2774 616 616 2775 615 632 2776 617 633 2777 616 616 2778 617 633 2779 618 634 2780 616 616 2781 618 634 2782 454 618 2783 454 618 2784 618 634 2785 619 635 2786 454 618 2787 619 635 2788 598 620 2789 454 618 2790 598 620 2791 453 603 2792 620 607 2793 601 604 2794 604 609 2795 526 511 2796 498 509 2797 520 507 2798 521 508 2799 499 510 2800 527 512 2801 532 515 2802 500 513 2803 526 511 2804 527 512 2805 501 514 2806 533 516 2807 538 519 2808 502 517 2809 532 515 2810 533 516 2811 503 518 2812 539 520 2813 544 523 2814 504 521 2815 538 519 2816 539 520 2817 505 522 2818 545 524 2819 550 527 2820 506 525 2821 544 523 2822 545 524 2823 507 526 2824 551 528 2825 449 502 2826 450 529 2827 550 527 2828 551 528 2829 508 530 2830 509 501 2831 621 636 2832 622 637 2833 623 638 2834 621 636 2835 623 638 2836 624 639 2837 625 640 2838 621 636 2839 624 639 2840 625 640 2841 624 639 2842 626 475 2843 625 640 2844 626 475 2845 627 477 2846 628 641 2847 625 640 2848 627 477 2849 628 641 2850 627 477 2851 629 478 2852 628 641 2853 629 478 2854 630 480 2855 631 642 2856 628 641 2857 630 480 2858 631 642 2859 630 480 2860 632 482 2861 633 643 2862 631 642 2863 632 482 2864 633 643 2865 632 482 2866 634 461 2867 635 644 2868 633 643 2869 634 461 2870 635 644 2871 634 461 2872 636 464 2873 635 644 2874 636 464 2875 637 466 2876 638 645 2877 635 644 2878 637 466 2879 638 645 2880 637 466 2881 639 467 2882 638 645 2883 639 467 2884 640 646 2885 622 637 2886 638 645 2887 640 646 2888 622 637 2889 640 646 2890 623 638 2891 624 639 2892 623 638 2893 641 474 2894 626 475 2895 624 639 2896 641 474 2897 632 482 2898 630 480 2899 642 481 2900 634 461 2901 632 482 2902 643 462 2903 623 638 2904 640 646 2905 644 471 2906 640 646 2907 639 467 2908 645 469 2909 644 471 2910 640 646 2911 645 469 2912 623 638 2913 644 471 2914 646 472 2915 641 474 2916 623 638 2917 646 472 2918 647 647 2919 648 648 2920 649 649 2921 647 647 2922 649 649 2923 650 650 2924 647 647 2925 650 650 2926 651 651 2927 652 652 2928 647 647 2929 651 651 2930 655 653 2931 653 654 2932 654 655 2933 655 653 2934 654 655 2935 656 656 2936 655 653 2937 656 656 2938 657 657 2939 659 658 2940 657 657 2941 658 659 2942 659 658 2943 658 659 2944 660 660 2945 659 658 2946 660 660 2947 661 661 2948 648 648 2949 659 658 2950 661 661 2951 648 648 2952 661 661 2953 649 649 2954 650 650 2955 649 649 2956 662 662 2957 651 651 2958 650 650 2959 663 663 2960 652 652 2961 651 651 2962 663 663 2963 652 652 2964 663 663 2965 664 664 2966 652 652 2967 664 664 2968 665 665 2969 653 654 2970 652 652 2971 665 665 2972 653 654 2973 665 665 2974 666 666 2975 654 655 2976 653 654 2977 666 666 2978 657 657 2979 656 656 2980 667 667 2981 657 657 2982 667 667 2983 668 668 2984 657 657 2985 668 668 2986 669 669 2987 658 659 2988 657 657 2989 669 669 2990 649 649 2991 661 661 2992 662 662 2993 650 650 2994 662 662 2995 670 670 2996 650 650 2997 670 670 2998 671 671 2999 650 650 3000 671 671 3001 672 672 3002 663 663 3003 650 650 3004 672 672 3005 661 661 3006 660 660 3007 673 673 3008 662 662 3009 661 661 3010 673 673 3011 662 662 3012 673 673 3013 670 670 3014 658 659 3015 669 669 3016 674 674 3017 660 660 3018 658 659 3019 674 674 3020 660 660 3021 674 674 3022 675 675 3023 673 673 3024 660 660 3025 675 675 3026 673 673 3027 675 675 3028 676 676 3029 673 673 3030 676 676 3031 677 677 3032 670 670 3033 673 673 3034 677 677 3035 672 672 3036 671 671 3037 678 678 3038 663 663 3039 672 672 3040 678 678 3041 663 663 3042 678 678 3043 679 679 3044 664 664 3045 663 663 3046 679 679 3047 664 664 3048 679 679 3049 680 680 3050 665 665 3051 664 664 3052 680 680 3053 656 656 3054 654 655 3055 681 681 3056 667 667 3057 656 656 3058 681 681 3059 668 668 3060 667 667 3061 682 682 3062 669 669 3063 668 668 3064 682 682 3065 669 669 3066 682 682 3067 683 683 3068 674 674 3069 669 669 3070 683 683 3071 671 671 3072 670 670 3073 684 684 3074 678 678 3075 671 671 3076 684 684 3077 665 665 3078 680 680 3079 685 685 3080 666 666 3081 665 665 3082 685 685 3083 666 666 3084 685 685 3085 686 686 3086 654 655 3087 666 666 3088 686 686 3089 654 655 3090 686 686 3091 687 687 3092 681 681 3093 654 655 3094 687 687 3095 667 667 3096 681 681 3097 682 682 3098 674 674 3099 683 683 3100 688 688 3101 675 675 3102 674 674 3103 688 688 3104 675 675 3105 688 688 3106 689 689 3107 676 676 3108 675 675 3109 689 689 3110 676 676 3111 689 689 3112 690 690 3113 677 677 3114 676 676 3115 690 690 3116 670 670 3117 677 677 3118 684 684 3119 677 677 3120 690 690 3121 691 691 3122 684 684 3123 677 677 3124 691 691 3125 681 681 3126 687 687 3127 692 692 3128 682 682 3129 681 681 3130 692 692 3131 682 682 3132 692 692 3133 693 693 3134 682 682 3135 693 693 3136 694 694 3137 683 683 3138 682 682 3139 694 694 3140 683 683 3141 694 694 3142 695 695 3143 688 688 3144 683 683 3145 695 695 3146 684 684 3147 696 696 3148 697 697 3149 678 678 3150 684 684 3151 697 697 3152 678 678 3153 697 697 3154 698 698 3155 679 679 3156 678 678 3157 698 698 3158 679 679 3159 698 698 3160 699 699 3161 680 680 3162 679 679 3163 699 699 3164 685 685 3165 680 680 3166 699 699 3167 684 684 3168 691 691 3169 696 696 3170 699 699 3171 698 698 3172 700 700 3173 686 686 3174 685 685 3175 701 701 3176 687 687 3177 686 686 3178 701 701 3179 692 692 3180 687 687 3181 701 701 3182 694 694 3183 693 693 3184 702 702 3185 695 695 3186 694 694 3187 702 702 3188 690 690 3189 689 689 3190 703 703 3191 691 691 3192 690 690 3193 703 703 3194 696 696 3195 691 691 3196 703 703 3197 697 697 3198 696 696 3199 704 704 3200 697 697 3201 704 704 3202 700 700 3203 698 698 3204 697 697 3205 700 700 3206 699 699 3207 700 700 3208 705 705 3209 685 685 3210 699 699 3211 705 705 3212 701 701 3213 685 685 3214 705 705 3215 692 692 3216 701 701 3217 706 706 3218 693 693 3219 692 692 3220 706 706 3221 702 702 3222 693 693 3223 706 706 3224 695 695 3225 702 702 3226 707 707 3227 688 688 3228 695 695 3229 707 707 3230 689 689 3231 688 688 3232 707 707 3233 689 689 3234 707 707 3235 708 708 3236 703 703 3237 689 689 3238 708 708 3239 703 703 3240 708 708 3241 704 704 3242 696 696 3243 703 703 3244 704 704 3245 709 709 3246 710 710 3247 711 711 3248 711 711 3249 710 710 3250 712 712 3251 711 711 3252 712 712 3253 713 713 3254 713 713 3255 712 712 3256 714 714 3257 713 713 3258 714 714 3259 715 715 3260 715 715 3261 714 714 3262 716 716 3263 715 715 3264 716 716 3265 717 717 3266 717 717 3267 716 716 3268 718 718 3269 717 717 3270 718 718 3271 719 719 3272 719 719 3273 718 718 3274 720 720 3275 719 719 3276 720 720 3277 721 721 3278 721 721 3279 720 720 3280 722 722 3281 721 721 3282 722 722 3283 723 723 3284 723 723 3285 722 722 3286 724 724 3287 723 723 3288 724 724 3289 709 709 3290 709 709 3291 724 724 3292 710 710 3293 429 587 3294 589 602 3295 725 725 3296 429 587 3297 725 725 3298 726 726 3299 429 587 3300 726 726 3301 428 589 3302 428 589 3303 726 726 3304 727 727 3305 428 589 3306 727 727 3307 728 728 3308 428 589 3309 728 728 3310 435 591 3311 435 591 3312 728 728 3313 729 729 3314 435 591 3315 729 729 3316 730 730 3317 435 591 3318 730 730 3319 440 593 3320 446 582 3321 731 731 3322 582 595 3323 440 593 3324 730 730 3325 732 732 3326 440 593 3327 732 732 3328 731 731 3329 440 593 3330 731 731 3331 446 582 3332</p>
        </triangles>
        <triangles material="guyujg-material" count="3889">
          <input semantic="VERTEX" source="#rfs_aimcore_v1-mesh-vertices" offset="0"/>
          <input semantic="NORMAL" source="#rfs_aimcore_v1-mesh-normals" offset="1"/>
          <input semantic="TEXCOORD" source="#rfs_aimcore_v1-mesh-map-0" offset="2" set="0"/>
          <p>733 733 3333 734 734 3334 735 735 3335 735 735 3336 734 734 3337 736 736 3338 737 737 3339 734 734 3340 738 738 3341 738 738 3342 734 734 3343 733 733 3344 880 739 3345 739 740 3346 740 741 3347 878 742 3348 741 743 3349 742 744 3350 874 745 3351 743 746 3352 744 747 3353 745 748 3354 746 749 3355 747 750 3356 745 748 3357 747 750 3358 748 751 3359 745 748 3360 749 752 3361 750 753 3362 745 748 3363 750 753 3364 746 749 3365 751 754 3366 1148 755 3367 752 756 3368 753 757 3369 1144 758 3370 754 759 3371 755 760 3372 1139 761 3373 756 762 3374 757 763 3375 758 764 3376 759 765 3377 766 766 3378 759 765 3379 758 764 3380 757 763 3381 769 767 3382 770 768 3383 771 769 3384 772 770 3385 773 771 3386 776 772 3387 777 773 3388 778 774 3389 771 769 3390 778 774 3391 777 773 3392 802 775 3393 803 776 3394 804 777 3395 802 775 3396 805 778 3397 803 776 3398 806 779 3399 805 778 3400 802 775 3401 806 779 3402 807 780 3403 805 778 3404 808 781 3405 807 780 3406 806 779 3407 809 782 3408 810 783 3409 807 780 3410 809 782 3411 807 780 3412 808 781 3413 809 782 3414 811 784 3415 810 783 3416 812 785 3417 811 784 3418 809 782 3419 812 785 3420 813 786 3421 811 784 3422 814 787 3423 813 786 3424 812 785 3425 814 787 3426 815 788 3427 813 786 3428 816 789 3429 815 788 3430 814 787 3431 816 789 3432 817 790 3433 815 788 3434 818 791 3435 817 790 3436 816 789 3437 818 791 3438 819 792 3439 817 790 3440 820 793 3441 819 792 3442 818 791 3443 820 793 3444 821 794 3445 819 792 3446 822 795 3447 823 796 3448 821 794 3449 822 795 3450 821 794 3451 820 793 3452 824 797 3453 825 798 3454 823 796 3455 824 797 3456 823 796 3457 822 795 3458 826 799 3459 827 800 3460 828 801 3461 826 799 3462 829 802 3463 827 800 3464 804 777 3465 829 802 3466 826 799 3467 804 777 3468 803 776 3469 829 802 3470 830 803 3471 733 733 3472 831 804 3473 830 803 3474 831 804 3475 832 805 3476 733 733 3477 833 806 3478 831 804 3479 733 733 3480 834 807 3481 835 808 3482 733 733 3483 835 808 3484 833 806 3485 834 807 3486 836 809 3487 837 810 3488 834 807 3489 837 810 3490 835 808 3491 836 809 3492 838 811 3493 839 812 3494 836 809 3495 839 812 3496 837 810 3497 838 811 3498 736 736 3499 840 813 3500 838 811 3501 840 813 3502 839 812 3503 736 736 3504 841 814 3505 840 813 3506 736 736 3507 842 815 3508 843 816 3509 736 736 3510 843 816 3511 841 814 3512 842 815 3513 844 817 3514 843 816 3515 842 815 3516 734 734 3517 845 818 3518 842 815 3519 845 818 3520 844 817 3521 734 734 3522 846 819 3523 845 818 3524 734 734 3525 847 820 3526 848 821 3527 734 734 3528 848 821 3529 846 819 3530 847 820 3531 849 822 3532 848 821 3533 847 820 3534 737 737 3535 850 823 3536 847 820 3537 850 823 3538 849 822 3539 737 737 3540 851 824 3541 850 823 3542 737 737 3543 852 825 3544 853 826 3545 737 737 3546 853 826 3547 851 824 3548 852 825 3549 854 827 3550 853 826 3551 852 825 3552 738 738 3553 855 828 3554 852 825 3555 855 828 3556 854 827 3557 738 738 3558 856 829 3559 855 828 3560 738 738 3561 830 803 3562 857 830 3563 738 738 3564 857 830 3565 856 829 3566 830 803 3567 832 805 3568 857 830 3569 834 807 3570 733 733 3571 735 735 3572 834 807 3573 735 735 3574 836 809 3575 836 809 3576 735 735 3577 838 811 3578 838 811 3579 735 735 3580 736 736 3581 842 815 3582 736 736 3583 734 734 3584 847 820 3585 734 734 3586 737 737 3587 852 825 3588 737 737 3589 738 738 3590 830 803 3591 738 738 3592 733 733 3593 858 831 3594 859 832 3595 860 833 3596 858 831 3597 860 833 3598 886 834 3599 863 835 3600 891 836 3601 864 837 3602 863 835 3603 864 837 3604 862 838 3605 861 839 3606 865 840 3607 863 835 3608 861 839 3609 863 835 3610 862 838 3611 867 841 3612 868 842 3613 869 843 3614 867 841 3615 869 843 3616 877 844 3617 896 845 3618 872 846 3619 870 847 3620 896 845 3621 870 847 3622 897 848 3623 871 849 3624 870 847 3625 872 846 3626 871 849 3627 872 846 3628 866 850 3629 873 851 3630 743 746 3631 874 745 3632 873 851 3633 874 745 3634 875 852 3635 876 853 3636 877 844 3637 869 843 3638 876 853 3639 869 843 3640 888 854 3641 893 855 3642 878 742 3643 742 744 3644 893 855 3645 742 744 3646 879 856 3647 880 739 3648 881 857 3649 882 858 3650 880 739 3651 882 858 3652 883 859 3653 860 833 3654 884 860 3655 885 861 3656 860 833 3657 885 861 3658 886 834 3659 887 862 3660 876 853 3661 888 854 3662 887 862 3663 888 854 3664 916 863 3665 881 857 3666 873 851 3667 889 864 3668 881 857 3669 889 864 3670 890 865 3671 891 836 3672 892 866 3673 866 850 3674 891 836 3675 866 850 3676 864 837 3677 884 860 3678 893 855 3679 879 856 3680 884 860 3681 879 856 3682 885 861 3683 894 867 3684 895 868 3685 896 845 3686 894 867 3687 896 845 3688 897 848 3689 898 869 3690 899 870 3691 900 871 3692 898 869 3693 900 871 3694 901 872 3695 888 854 3696 906 873 3697 907 874 3698 908 875 3699 909 876 3700 910 877 3701 891 836 3702 911 878 3703 912 879 3704 891 836 3705 912 879 3706 892 866 3707 913 880 3708 914 881 3709 915 882 3710 861 839 3711 920 883 3712 921 884 3713 862 838 3714 864 837 3715 934 885 3716 862 838 3717 934 885 3718 918 886 3719 891 836 3720 863 835 3721 919 887 3722 891 836 3723 919 887 3724 922 888 3725 863 835 3726 865 840 3727 923 889 3728 863 835 3729 923 889 3730 919 887 3731 865 840 3732 861 839 3733 924 890 3734 865 840 3735 924 890 3736 917 891 3737 861 839 3738 862 838 3739 918 886 3740 861 839 3741 918 886 3742 920 883 3743 908 875 3744 916 863 3745 925 892 3746 908 875 3747 925 892 3748 909 876 3749 887 862 3750 913 880 3751 915 882 3752 887 862 3753 915 882 3754 926 893 3755 913 880 3756 927 894 3757 914 881 3758 890 865 3759 882 858 3760 881 857 3761 928 895 3762 908 875 3763 910 877 3764 928 895 3765 910 877 3766 929 896 3767 930 897 3768 898 869 3769 901 872 3770 899 870 3771 858 831 3772 900 871 3773 866 850 3774 872 846 3775 902 898 3776 866 850 3777 902 898 3778 933 899 3779 870 847 3780 871 849 3781 931 900 3782 870 847 3783 931 900 3784 903 901 3785 871 849 3786 866 850 3787 892 866 3788 873 851 3789 875 852 3790 889 864 3791 877 844 3792 876 853 3793 932 902 3794 877 844 3795 932 902 3796 904 903 3797 916 863 3798 888 854 3799 907 874 3800 916 863 3801 907 874 3802 925 892 3803 876 853 3804 887 862 3805 926 893 3806 876 853 3807 926 893 3808 932 902 3809 864 837 3810 866 850 3811 933 899 3812 864 837 3813 933 899 3814 934 885 3815 931 900 3816 871 849 3817 892 866 3818 931 900 3819 892 866 3820 912 879 3821 869 843 3822 905 904 3823 906 873 3824 869 843 3825 906 873 3826 888 854 3827 891 836 3828 922 888 3829 911 878 3830 917 891 3831 923 889 3832 865 840 3833 921 884 3834 924 890 3835 861 839 3836 913 880 3837 937 905 3838 927 894 3839 870 847 3840 903 901 3841 935 906 3842 870 847 3843 935 906 3844 897 848 3845 897 848 3846 935 906 3847 938 907 3848 897 848 3849 938 907 3850 894 867 3851 868 842 3852 939 908 3853 905 904 3854 868 842 3855 905 904 3856 869 843 3857 896 845 3858 936 909 3859 902 898 3860 896 845 3861 902 898 3862 872 846 3863 877 844 3864 904 903 3865 940 910 3866 877 844 3867 940 910 3868 867 841 3869 895 868 3870 941 911 3871 936 909 3872 895 868 3873 936 909 3874 896 845 3875 930 897 3876 739 740 3877 942 912 3878 930 897 3879 942 912 3880 898 869 3881 899 870 3882 859 832 3883 858 831 3884 1063 913 3885 943 914 3886 944 915 3887 945 916 3888 943 914 3889 1063 913 3890 946 917 3891 947 918 3892 948 919 3893 946 917 3894 948 919 3895 949 920 3896 950 921 3897 947 918 3898 946 917 3899 943 914 3900 952 922 3901 944 915 3902 950 921 3903 953 923 3904 947 918 3905 951 924 3906 953 923 3907 950 921 3908 943 914 3909 954 925 3910 952 922 3911 943 914 3912 955 926 3913 954 925 3914 947 918 3915 956 927 3916 957 928 3917 947 918 3918 957 928 3919 948 919 3920 947 918 3921 958 929 3922 956 927 3923 953 923 3924 958 929 3925 947 918 3926 951 924 3927 959 930 3928 953 923 3929 954 925 3930 960 931 3931 952 922 3932 959 930 3933 958 929 3934 953 923 3935 954 925 3936 961 932 3937 960 931 3938 956 927 3939 962 933 3940 963 934 3941 956 927 3942 963 934 3943 957 928 3944 958 929 3945 962 933 3946 956 927 3947 958 929 3948 964 935 3949 962 933 3950 959 930 3951 965 936 3952 964 935 3953 959 930 3954 964 935 3955 958 929 3956 961 932 3957 966 937 3958 960 931 3959 962 933 3960 967 938 3961 963 934 3962 964 935 3963 967 938 3964 962 933 3965 961 932 3966 968 939 3967 966 937 3968 967 938 3969 969 940 3970 963 934 3971 964 935 3972 970 941 3973 967 938 3974 965 936 3975 970 941 3976 964 935 3977 968 939 3978 971 942 3979 966 937 3980 967 938 3981 972 943 3982 969 940 3983 970 941 3984 972 943 3985 967 938 3986 968 939 3987 973 944 3988 971 942 3989 972 943 3990 974 945 3991 969 940 3992 970 941 3993 975 946 3994 972 943 3995 978 947 3996 977 948 3997 976 949 3998 979 950 3999 980 951 4000 978 947 4001 981 952 4002 982 953 4003 983 954 4004 978 947 4005 984 955 4006 977 948 4007 980 951 4008 984 955 4009 978 947 4010 981 952 4011 985 956 4012 982 953 4013 977 948 4014 986 957 4015 987 958 4016 984 955 4017 986 957 4018 977 948 4019 985 956 4020 988 959 4021 982 953 4022 984 955 4023 989 960 4024 986 957 4025 980 951 4026 989 960 4027 984 955 4028 985 956 4029 990 961 4030 988 959 4031 986 957 4032 991 962 4033 992 963 4034 986 957 4035 992 963 4036 987 958 4037 989 960 4038 993 964 4039 991 962 4040 989 960 4041 991 962 4042 986 957 4043 980 951 4044 994 965 4045 993 964 4046 980 951 4047 993 964 4048 989 960 4049 990 961 4050 995 966 4051 988 959 4052 993 964 4053 996 967 4054 991 962 4055 994 965 4056 996 967 4057 993 964 4058 990 961 4059 998 968 4060 997 969 4061 990 961 4062 997 969 4063 995 966 4064 991 962 4065 1002 970 4066 992 963 4067 996 967 4068 999 971 4069 991 962 4070 994 965 4071 1000 972 4072 999 971 4073 994 965 4074 999 971 4075 996 967 4076 999 971 4077 1002 970 4078 991 962 4079 997 969 4080 1003 973 4081 1001 974 4082 998 968 4083 1003 973 4084 997 969 4085 999 971 4086 1005 975 4087 1002 970 4088 1000 972 4089 1005 975 4090 999 971 4091 1003 973 4092 1006 976 4093 1001 974 4094 981 952 4095 1010 977 4096 985 956 4097 1007 978 4098 1010 977 4099 981 952 4100 1007 978 4101 1011 979 4102 1010 977 4103 1008 980 4104 1012 981 4105 1011 979 4106 1008 980 4107 1011 979 4108 1007 978 4109 1009 982 4110 1013 983 4111 1012 981 4112 1009 982 4113 1012 981 4114 1008 980 4115 944 915 4116 952 922 4117 1013 983 4118 944 915 4119 1013 983 4120 1009 982 4121 1010 977 4122 1014 984 4123 990 961 4124 1010 977 4125 990 961 4126 985 956 4127 1011 979 4128 1014 984 4129 1010 977 4130 1012 981 4131 1015 985 4132 1014 984 4133 1012 981 4134 1014 984 4135 1011 979 4136 1013 983 4137 1016 986 4138 1015 985 4139 1013 983 4140 1015 985 4141 1012 981 4142 952 922 4143 960 931 4144 1016 986 4145 952 922 4146 1016 986 4147 1013 983 4148 1016 986 4149 1017 987 4150 1015 985 4151 1014 984 4152 1018 988 4153 998 968 4154 1014 984 4155 998 968 4156 990 961 4157 1015 985 4158 1019 989 4159 1018 988 4160 1015 985 4161 1018 988 4162 1014 984 4163 1017 987 4164 1019 989 4165 1015 985 4166 1016 986 4167 1020 990 4168 1017 987 4169 960 931 4170 966 937 4171 1020 990 4172 960 931 4173 1020 990 4174 1016 986 4175 1017 987 4176 1021 991 4177 1019 989 4178 1020 990 4179 1021 991 4180 1017 987 4181 998 968 4182 1022 992 4183 1003 973 4184 1018 988 4185 1022 992 4186 998 968 4187 1018 988 4188 1023 993 4189 1022 992 4190 1019 989 4191 1023 993 4192 1018 988 4193 1020 990 4194 971 942 4195 1021 991 4196 966 937 4197 971 942 4198 1020 990 4199 1019 989 4200 1024 994 4201 1023 993 4202 1021 991 4203 1024 994 4204 1019 989 4205 1021 991 4206 971 942 4207 1024 994 4208 972 943 4209 1025 995 4210 1026 996 4211 972 943 4212 1026 996 4213 974 945 4214 975 946 4215 1025 995 4216 972 943 4217 973 944 4218 1028 997 4219 971 942 4220 975 946 4221 1029 998 4222 1025 995 4223 1027 999 4224 1029 998 4225 975 946 4226 1028 997 4227 1024 994 4228 971 942 4229 1025 995 4230 1030 1000 4231 1031 1001 4232 1025 995 4233 1031 1001 4234 1026 996 4235 1025 995 4236 1032 1002 4237 1030 1000 4238 1029 998 4239 1032 1002 4240 1025 995 4241 1027 999 4242 1033 1003 4243 1029 998 4244 1028 997 4245 1034 1004 4246 1024 994 4247 1033 1003 4248 1032 1002 4249 1029 998 4250 1024 994 4251 1034 1004 4252 1023 993 4253 1030 1000 4254 1035 1005 4255 1036 1006 4256 1030 1000 4257 1036 1006 4258 1031 1001 4259 1032 1002 4260 1035 1005 4261 1030 1000 4262 1032 1002 4263 1037 1007 4264 1035 1005 4265 1033 1003 4266 1038 1008 4267 1037 1007 4268 1033 1003 4269 1037 1007 4270 1032 1002 4271 1034 1004 4272 1039 1009 4273 1023 993 4274 1035 1005 4275 1040 1010 4276 1036 1006 4277 1037 1007 4278 1040 1010 4279 1035 1005 4280 1039 1009 4281 1022 992 4282 1023 993 4283 1037 1007 4284 1041 1011 4285 1040 1010 4286 1038 1008 4287 1004 1012 4288 1041 1011 4289 1038 1008 4290 1041 1011 4291 1037 1007 4292 1039 1009 4293 1003 973 4294 1022 992 4295 1040 1010 4296 1005 975 4297 1036 1006 4298 1041 1011 4299 1005 975 4300 1040 1010 4301 1039 1009 4302 1006 976 4303 1003 973 4304 1005 975 4305 1000 972 4306 1036 1006 4307 1041 1011 4308 1002 970 4309 1005 975 4310 1004 1012 4311 1002 970 4312 1041 1011 4313 983 954 4314 1042 1013 4315 981 952 4316 978 947 4317 1043 1014 4318 979 950 4319 976 949 4320 1043 1014 4321 978 947 4322 1042 1013 4323 1007 978 4324 981 952 4325 976 949 4326 1045 1015 4327 1043 1014 4328 1044 1016 4329 1045 1015 4330 976 949 4331 1042 1013 4332 1046 1017 4333 1007 978 4334 1043 1014 4335 1047 1018 4336 1048 1019 4337 1043 1014 4338 1048 1019 4339 979 950 4340 1043 1014 4341 1049 1020 4342 1047 1018 4343 1045 1015 4344 1049 1020 4345 1043 1014 4346 1044 1016 4347 1050 1021 4348 1045 1015 4349 1007 978 4350 1051 1022 4351 1008 980 4352 1046 1017 4353 1051 1022 4354 1007 978 4355 1050 1021 4356 1049 1020 4357 1045 1015 4358 1047 1018 4359 1052 1023 4360 1053 1024 4361 1047 1018 4362 1053 1024 4363 1048 1019 4364 1049 1020 4365 1052 1023 4366 1047 1018 4367 1049 1020 4368 1054 1025 4369 1052 1023 4370 1050 1021 4371 1054 1025 4372 1049 1020 4373 1051 1022 4374 1055 1026 4375 1009 982 4376 1051 1022 4377 1009 982 4378 1008 980 4379 1056 1027 4380 1057 1028 4381 1058 1029 4382 1059 1030 4383 1057 1028 4384 1056 1027 4385 1059 1030 4386 1060 1031 4387 1057 1028 4388 1061 1032 4389 1062 1033 4390 1060 1031 4391 1061 1032 4392 1060 1031 4393 1059 1030 4394 1055 1026 4395 1063 913 4396 944 915 4397 1055 1026 4398 944 915 4399 1009 982 4400 1057 1028 4401 946 917 4402 1058 1029 4403 1060 1031 4404 946 917 4405 1057 1028 4406 946 917 4407 949 920 4408 1058 1029 4409 1060 1031 4410 950 921 4411 946 917 4412 1062 1033 4413 950 921 4414 1060 1031 4415 883 859 4416 942 912 4417 739 740 4418 883 859 4419 739 740 4420 880 739 4421 1064 1034 4422 742 744 4423 741 743 4424 1064 1034 4425 741 743 4426 1065 1035 4427 1066 1036 4428 1067 1037 4429 744 747 4430 1066 1036 4431 744 747 4432 743 746 4433 916 863 4434 908 875 4435 913 880 4436 916 863 4437 913 880 4438 887 862 4439 908 875 4440 928 895 4441 937 905 4442 908 875 4443 937 905 4444 913 880 4445 1068 1038 4446 1069 1039 4447 1070 1040 4448 1068 1038 4449 1071 1041 4450 1069 1039 4451 1071 1041 4452 1072 1042 4453 1069 1039 4454 1071 1041 4455 1073 1043 4456 1072 1042 4457 1073 1043 4458 1074 1044 4459 1072 1042 4460 1073 1043 4461 1075 1045 4462 1076 1046 4463 1073 1043 4464 1076 1046 4465 1074 1044 4466 1075 1045 4467 1077 1047 4468 1076 1046 4469 1077 1047 4470 1078 1048 4471 1076 1046 4472 1077 1047 4473 1079 1049 4474 1078 1048 4475 1079 1049 4476 1080 1050 4477 1078 1048 4478 1079 1049 4479 1081 1051 4480 1080 1050 4481 1081 1051 4482 1082 1052 4483 1080 1050 4484 1081 1051 4485 1083 1053 4486 1082 1052 4487 1083 1053 4488 1084 1054 4489 1082 1052 4490 1083 1053 4491 1085 1055 4492 1084 1054 4493 1085 1055 4494 1086 1056 4495 1084 1054 4496 1085 1055 4497 1087 1057 4498 1086 1056 4499 1087 1057 4500 1088 1058 4501 1089 1059 4502 1087 1057 4503 1089 1059 4504 1086 1056 4505 1088 1058 4506 1090 1060 4507 1091 1061 4508 1088 1058 4509 1091 1061 4510 1089 1059 4511 1092 1062 4512 1093 1063 4513 1094 1064 4514 1092 1062 4515 1095 1065 4516 1093 1063 4517 1095 1065 4518 1070 1040 4519 1093 1063 4520 1095 1065 4521 1068 1038 4522 1070 1040 4523 1096 1066 4524 746 749 4525 1097 1067 4526 1096 1066 4527 1097 1067 4528 1098 1068 4529 1099 1069 4530 746 749 4531 1096 1066 4532 1100 1070 4533 1101 1071 4534 746 749 4535 1100 1070 4536 746 749 4537 1099 1069 4538 1102 1072 4539 1103 1073 4540 1101 1071 4541 1102 1072 4542 1101 1071 4543 1100 1070 4544 1104 1074 4545 1105 1075 4546 1103 1073 4547 1104 1074 4548 1103 1073 4549 1102 1072 4550 1106 1076 4551 748 751 4552 1105 1075 4553 1106 1076 4554 1105 1075 4555 1104 1074 4556 1107 1077 4557 748 751 4558 1106 1076 4559 1108 1078 4560 1109 1079 4561 748 751 4562 1108 1078 4563 748 751 4564 1107 1077 4565 1110 1080 4566 1109 1079 4567 1108 1078 4568 1111 1081 4569 745 748 4570 1109 1079 4571 1111 1081 4572 1109 1079 4573 1110 1080 4574 1112 1082 4575 745 748 4576 1111 1081 4577 1113 1083 4578 1114 1084 4579 745 748 4580 1113 1083 4581 745 748 4582 1112 1082 4583 1115 1085 4584 1114 1084 4585 1113 1083 4586 1116 1086 4587 749 752 4588 1114 1084 4589 1116 1086 4590 1114 1084 4591 1115 1085 4592 1117 1087 4593 749 752 4594 1116 1086 4595 1118 1088 4596 1119 1089 4597 749 752 4598 1118 1088 4599 749 752 4600 1117 1087 4601 1120 1090 4602 1119 1089 4603 1118 1088 4604 1121 1091 4605 750 753 4606 1119 1089 4607 1121 1091 4608 1119 1089 4609 1120 1090 4610 1122 1092 4611 750 753 4612 1121 1091 4613 1123 1093 4614 1097 1067 4615 750 753 4616 1123 1093 4617 750 753 4618 1122 1092 4619 1098 1068 4620 1097 1067 4621 1123 1093 4622 747 750 4623 746 749 4624 1101 1071 4625 747 750 4626 1101 1071 4627 1103 1073 4628 747 750 4629 1103 1073 4630 1105 1075 4631 748 751 4632 747 750 4633 1105 1075 4634 745 748 4635 748 751 4636 1109 1079 4637 749 752 4638 745 748 4639 1114 1084 4640 750 753 4641 749 752 4642 1119 1089 4643 746 749 4644 750 753 4645 1097 1067 4646 1124 1094 4647 1125 1095 4648 1126 1096 4649 1124 1094 4650 1126 1096 4651 1152 1097 4652 1129 1098 4653 1158 1099 4654 1130 1100 4655 1129 1098 4656 1130 1100 4657 1127 1101 4658 1130 1100 4659 1131 1102 4660 1128 1103 4661 1130 1100 4662 1128 1103 4663 1127 1101 4664 1133 1104 4665 1134 1105 4666 1135 1106 4667 1133 1104 4668 1135 1106 4669 1142 1107 4670 1136 1108 4671 1137 1109 4672 1160 1110 4673 1136 1108 4674 1160 1110 4675 1163 1111 4676 1137 1109 4677 1136 1108 4678 1138 1112 4679 1137 1109 4680 1138 1112 4681 1132 1113 4682 1139 761 4683 755 760 4684 1140 1114 4685 1139 761 4686 1140 1114 4687 1141 1115 4688 1133 1104 4689 1142 1107 4690 1143 1116 4691 1133 1104 4692 1143 1116 4693 1153 1117 4694 754 759 4695 1144 758 4696 1159 1118 4697 754 759 4698 1159 1118 4699 1145 1119 4700 1146 1120 4701 1147 1121 4702 1148 755 4703 1146 1120 4704 1148 755 4705 1149 1122 4706 1150 1123 4707 1151 1124 4708 1124 1094 4709 1150 1123 4710 1124 1094 4711 1152 1097 4712 1153 1117 4713 1143 1116 4714 1182 1125 4715 1153 1117 4716 1182 1125 4717 1154 1126 4718 1155 1127 4719 1140 1114 4720 1147 1121 4721 1155 1127 4722 1147 1121 4723 1156 1128 4724 1132 1113 4725 1157 1129 4726 1158 1099 4727 1132 1113 4728 1158 1099 4729 1129 1098 4730 1145 1119 4731 1159 1118 4732 1151 1124 4733 1145 1119 4734 1151 1124 4735 1150 1123 4736 1160 1110 4737 1161 1130 4738 1162 1131 4739 1160 1110 4740 1162 1131 4741 1163 1111 4742 1164 1132 4743 1165 1133 4744 1166 1134 4745 1164 1132 4746 1166 1134 4747 1167 1135 4748 1172 1136 4749 1173 1137 4750 1153 1117 4751 1174 1138 4752 1175 1139 4753 1176 1140 4754 1177 1141 4755 1178 1142 4756 1158 1099 4757 1177 1141 4758 1158 1099 4759 1157 1129 4760 1179 1143 4761 1180 1144 4762 1181 1145 4763 1186 1146 4764 1187 1147 4765 1128 1103 4766 1200 1148 4767 1129 1098 4768 1127 1101 4769 1200 1148 4770 1127 1101 4771 1184 1149 4772 1185 1150 4773 1130 1100 4774 1158 1099 4775 1185 1150 4776 1158 1099 4777 1188 1151 4778 1189 1152 4779 1131 1102 4780 1130 1100 4781 1189 1152 4782 1130 1100 4783 1185 1150 4784 1190 1153 4785 1128 1103 4786 1131 1102 4787 1190 1153 4788 1131 1102 4789 1183 1154 4790 1184 1149 4791 1127 1101 4792 1128 1103 4793 1184 1149 4794 1128 1103 4795 1187 1147 4796 1191 1155 4797 1154 1126 4798 1176 1140 4799 1191 1155 4800 1176 1140 4801 1175 1139 4802 1179 1143 4803 1181 1145 4804 1182 1125 4805 1179 1143 4806 1182 1125 4807 1192 1156 4808 1193 1157 4809 1181 1145 4810 1180 1144 4811 1147 1121 4812 1146 1120 4813 1156 1128 4814 1174 1138 4815 1176 1140 4816 1194 1158 4817 1174 1138 4818 1194 1158 4819 1195 1159 4820 1166 1134 4821 1196 1160 4822 1167 1135 4823 1164 1132 4824 1126 1096 4825 1165 1133 4826 1168 1161 4827 1137 1109 4828 1132 1113 4829 1168 1161 4830 1132 1113 4831 1199 1162 4832 1197 1163 4833 1138 1112 4834 1136 1108 4835 1197 1163 4836 1136 1108 4837 1169 1164 4838 1132 1113 4839 1138 1112 4840 1157 1129 4841 1155 1127 4842 1141 1115 4843 1140 1114 4844 1198 1165 4845 1143 1116 4846 1142 1107 4847 1198 1165 4848 1142 1107 4849 1170 1166 4850 1172 1136 4851 1153 1117 4852 1154 1126 4853 1172 1136 4854 1154 1126 4855 1191 1155 4856 1192 1156 4857 1182 1125 4858 1143 1116 4859 1192 1156 4860 1143 1116 4861 1198 1165 4862 1199 1162 4863 1132 1113 4864 1129 1098 4865 1199 1162 4866 1129 1098 4867 1200 1148 4868 1157 1129 4869 1138 1112 4870 1197 1163 4871 1157 1129 4872 1197 1163 4873 1177 1141 4874 1173 1137 4875 1171 1167 4876 1133 1104 4877 1173 1137 4878 1133 1104 4879 1153 1117 4880 1188 1151 4881 1158 1099 4882 1178 1142 4883 1131 1102 4884 1189 1152 4885 1183 1154 4886 1128 1103 4887 1190 1153 4888 1186 1146 4889 1203 1168 4890 1181 1145 4891 1193 1157 4892 1201 1169 4893 1169 1164 4894 1136 1108 4895 1201 1169 4896 1136 1108 4897 1163 1111 4898 1204 1170 4899 1201 1169 4900 1163 1111 4901 1204 1170 4902 1163 1111 4903 1162 1131 4904 1171 1167 4905 1205 1171 4906 1134 1105 4907 1171 1167 4908 1134 1105 4909 1133 1104 4910 1168 1161 4911 1202 1172 4912 1160 1110 4913 1168 1161 4914 1160 1110 4915 1137 1109 4916 1206 1173 4917 1170 1166 4918 1142 1107 4919 1206 1173 4920 1142 1107 4921 1135 1106 4922 1202 1172 4923 1207 1174 4924 1161 1130 4925 1202 1172 4926 1161 1130 4927 1160 1110 4928 1208 1175 4929 751 754 4930 1196 1160 4931 1208 1175 4932 1196 1160 4933 1166 1134 4934 1126 1096 4935 1125 1095 4936 1165 1133 4937 1209 1176 4938 1210 1177 4939 1329 1178 4940 1210 1177 4941 1211 1179 4942 1329 1178 4943 1212 1180 4944 1213 1181 4945 1214 1182 4946 1212 1180 4947 1214 1182 4948 1215 1183 4949 1213 1181 4950 1216 1184 4951 1214 1182 4952 1218 1185 4953 1210 1177 4954 1209 1176 4955 1213 1181 4956 1219 1186 4957 1216 1184 4958 1219 1186 4959 1217 1187 4960 1216 1184 4961 1218 1185 4962 1220 1188 4963 1210 1177 4964 1220 1188 4965 1221 1189 4966 1210 1177 4967 1222 1190 4968 1223 1191 4969 1213 1181 4970 1222 1190 4971 1213 1181 4972 1212 1180 4973 1223 1191 4974 1224 1192 4975 1213 1181 4976 1224 1192 4977 1219 1186 4978 1213 1181 4979 1219 1186 4980 1225 1193 4981 1217 1187 4982 1226 1194 4983 1220 1188 4984 1218 1185 4985 1224 1192 4986 1225 1193 4987 1219 1186 4988 1226 1194 4989 1227 1195 4990 1220 1188 4991 1228 1196 4992 1229 1197 4993 1223 1191 4994 1228 1196 4995 1223 1191 4996 1222 1190 4997 1229 1197 4998 1224 1192 4999 1223 1191 5000 1229 1197 5001 1230 1198 5002 1224 1192 5003 1230 1198 5004 1231 1199 5005 1225 1193 5006 1230 1198 5007 1225 1193 5008 1224 1192 5009 1232 1200 5010 1227 1195 5011 1226 1194 5012 1228 1196 5013 1233 1201 5014 1229 1197 5015 1233 1201 5016 1230 1198 5017 1229 1197 5018 1232 1200 5019 1234 1202 5020 1227 1195 5021 1235 1203 5022 1233 1201 5023 1228 1196 5024 1233 1201 5025 1236 1204 5026 1230 1198 5027 1236 1204 5028 1231 1199 5029 1230 1198 5030 1237 1205 5031 1234 1202 5032 1232 1200 5033 1235 1203 5034 1238 1206 5035 1233 1201 5036 1238 1206 5037 1236 1204 5038 1233 1201 5039 1239 1207 5040 1234 1202 5041 1237 1205 5042 1240 1208 5043 1238 1206 5044 1235 1203 5045 1238 1206 5046 1241 1209 5047 1236 1204 5048 1242 1210 5049 1244 1211 5050 1243 1212 5051 1244 1211 5052 1245 1213 5053 1246 1214 5054 1247 1215 5055 1248 1216 5056 1249 1217 5057 1242 1210 5058 1250 1218 5059 1244 1211 5060 1250 1218 5061 1245 1213 5062 1244 1211 5063 1247 1215 5064 1251 1219 5065 1248 1216 5066 1252 1220 5067 1253 1221 5068 1242 1210 5069 1253 1221 5070 1250 1218 5071 1242 1210 5072 1254 1222 5073 1251 1219 5074 1247 1215 5075 1253 1221 5076 1255 1223 5077 1250 1218 5078 1255 1223 5079 1245 1213 5080 1250 1218 5081 1254 1222 5082 1256 1224 5083 1251 1219 5084 1257 1225 5085 1258 1226 5086 1253 1221 5087 1257 1225 5088 1253 1221 5089 1252 1220 5090 1258 1226 5091 1259 1227 5092 1255 1223 5093 1258 1226 5094 1255 1223 5095 1253 1221 5096 1259 1227 5097 1260 1228 5098 1245 1213 5099 1259 1227 5100 1245 1213 5101 1255 1223 5102 1261 1229 5103 1256 1224 5104 1254 1222 5105 1258 1226 5106 1262 1230 5107 1259 1227 5108 1262 1230 5109 1260 1228 5110 1259 1227 5111 1263 1231 5112 1264 1232 5113 1256 1224 5114 1263 1231 5115 1256 1224 5116 1261 1229 5117 1265 1233 5118 1258 1226 5119 1257 1225 5120 1258 1226 5121 1266 1234 5122 1262 1230 5123 1266 1234 5124 1267 1235 5125 1260 1228 5126 1266 1234 5127 1260 1228 5128 1262 1230 5129 1265 1233 5130 1266 1234 5131 1258 1226 5132 1268 1236 5133 1269 1237 5134 1263 1231 5135 1269 1237 5136 1264 1232 5137 1263 1231 5138 1265 1233 5139 1271 1238 5140 1266 1234 5141 1271 1238 5142 1267 1235 5143 1266 1234 5144 1272 1239 5145 1269 1237 5146 1268 1236 5147 1251 1219 5148 1276 1240 5149 1248 1216 5150 1276 1240 5151 1273 1241 5152 1248 1216 5153 1276 1240 5154 1277 1242 5155 1273 1241 5156 1277 1242 5157 1278 1243 5158 1274 1244 5159 1277 1242 5160 1274 1244 5161 1273 1241 5162 1278 1243 5163 1279 1245 5164 1275 1246 5165 1278 1243 5166 1275 1246 5167 1274 1244 5168 1279 1245 5169 1218 1185 5170 1209 1176 5171 1279 1245 5172 1209 1176 5173 1275 1246 5174 1256 1224 5175 1280 1247 5176 1276 1240 5177 1256 1224 5178 1276 1240 5179 1251 1219 5180 1280 1247 5181 1277 1242 5182 1276 1240 5183 1280 1247 5184 1281 1248 5185 1278 1243 5186 1280 1247 5187 1278 1243 5188 1277 1242 5189 1281 1248 5190 1282 1249 5191 1279 1245 5192 1281 1248 5193 1279 1245 5194 1278 1243 5195 1282 1249 5196 1226 1194 5197 1218 1185 5198 1282 1249 5199 1218 1185 5200 1279 1245 5201 1283 1250 5202 1282 1249 5203 1281 1248 5204 1264 1232 5205 1284 1251 5206 1280 1247 5207 1264 1232 5208 1280 1247 5209 1256 1224 5210 1284 1251 5211 1285 1252 5212 1281 1248 5213 1284 1251 5214 1281 1248 5215 1280 1247 5216 1285 1252 5217 1283 1250 5218 1281 1248 5219 1283 1250 5220 1286 1253 5221 1282 1249 5222 1286 1253 5223 1232 1200 5224 1226 1194 5225 1286 1253 5226 1226 1194 5227 1282 1249 5228 1285 1252 5229 1287 1254 5230 1283 1250 5231 1287 1254 5232 1286 1253 5233 1283 1250 5234 1269 1237 5235 1288 1255 5236 1264 1232 5237 1288 1255 5238 1284 1251 5239 1264 1232 5240 1288 1255 5241 1289 1256 5242 1284 1251 5243 1289 1256 5244 1285 1252 5245 1284 1251 5246 1287 1254 5247 1237 1205 5248 1286 1253 5249 1237 1205 5250 1232 1200 5251 1286 1253 5252 1289 1256 5253 1290 1257 5254 1285 1252 5255 1290 1257 5256 1287 1254 5257 1285 1252 5258 1290 1257 5259 1237 1205 5260 1287 1254 5261 1291 1258 5262 1292 1259 5263 1238 1206 5264 1291 1258 5265 1238 1206 5266 1240 1208 5267 1292 1259 5268 1241 1209 5269 1238 1206 5270 1237 1205 5271 1294 1260 5272 1239 1207 5273 1292 1259 5274 1295 1261 5275 1241 1209 5276 1295 1261 5277 1293 1262 5278 1241 1209 5279 1290 1257 5280 1294 1260 5281 1237 1205 5282 1296 1263 5283 1297 1264 5284 1292 1259 5285 1296 1263 5286 1292 1259 5287 1291 1258 5288 1297 1264 5289 1298 1265 5290 1292 1259 5291 1298 1265 5292 1295 1261 5293 1292 1259 5294 1295 1261 5295 1299 1266 5296 1293 1262 5297 1290 1257 5298 1300 1267 5299 1294 1260 5300 1298 1265 5301 1299 1266 5302 1295 1261 5303 1289 1256 5304 1300 1267 5305 1290 1257 5306 1301 1268 5307 1302 1269 5308 1297 1264 5309 1301 1268 5310 1297 1264 5311 1296 1263 5312 1302 1269 5313 1298 1265 5314 1297 1264 5315 1302 1269 5316 1303 1270 5317 1298 1265 5318 1303 1270 5319 1304 1271 5320 1299 1266 5321 1303 1270 5322 1299 1266 5323 1298 1265 5324 1289 1256 5325 1305 1272 5326 1300 1267 5327 1301 1268 5328 1306 1273 5329 1302 1269 5330 1306 1273 5331 1303 1270 5332 1302 1269 5333 1288 1255 5334 1305 1272 5335 1289 1256 5336 1306 1273 5337 1307 1274 5338 1303 1270 5339 1307 1274 5340 1270 1275 5341 1304 1271 5342 1307 1274 5343 1304 1271 5344 1303 1270 5345 1288 1255 5346 1269 1237 5347 1305 1272 5348 1301 1268 5349 1271 1238 5350 1306 1273 5351 1271 1238 5352 1307 1274 5353 1306 1273 5354 1269 1237 5355 1272 1239 5356 1305 1272 5357 1267 1235 5358 1271 1238 5359 1301 1268 5360 1271 1238 5361 1265 1233 5362 1307 1274 5363 1265 1233 5364 1270 1275 5365 1307 1274 5366 1248 1216 5367 1308 1276 5368 1249 1217 5369 1246 1214 5370 1309 1277 5371 1244 1211 5372 1309 1277 5373 1243 1212 5374 1244 1211 5375 1273 1241 5376 1308 1276 5377 1248 1216 5378 1309 1277 5379 1311 1278 5380 1243 1212 5381 1311 1278 5382 1310 1279 5383 1243 1212 5384 1273 1241 5385 1312 1280 5386 1308 1276 5387 1313 1281 5388 1314 1282 5389 1309 1277 5390 1313 1281 5391 1309 1277 5392 1246 1214 5393 1314 1282 5394 1315 1283 5395 1309 1277 5396 1315 1283 5397 1311 1278 5398 1309 1277 5399 1311 1278 5400 1316 1284 5401 1310 1279 5402 1274 1244 5403 1317 1285 5404 1273 1241 5405 1317 1285 5406 1312 1280 5407 1273 1241 5408 1315 1283 5409 1316 1284 5410 1311 1278 5411 1318 1286 5412 1319 1287 5413 1314 1282 5414 1318 1286 5415 1314 1282 5416 1313 1281 5417 1319 1287 5418 1315 1283 5419 1314 1282 5420 1319 1287 5421 1320 1288 5422 1315 1283 5423 1320 1288 5424 1316 1284 5425 1315 1283 5426 1275 1246 5427 1321 1289 5428 1317 1285 5429 1275 1246 5430 1317 1285 5431 1274 1244 5432 1322 1290 5433 1323 1291 5434 1324 1292 5435 1323 1291 5436 1325 1293 5437 1324 1292 5438 1323 1291 5439 1326 1294 5440 1325 1293 5441 1326 1294 5442 1327 1295 5443 1328 1296 5444 1326 1294 5445 1328 1296 5446 1325 1293 5447 1209 1176 5448 1329 1178 5449 1321 1289 5450 1209 1176 5451 1321 1289 5452 1275 1246 5453 1322 1290 5454 1214 1182 5455 1323 1291 5456 1214 1182 5457 1326 1294 5458 1323 1291 5459 1215 1183 5460 1214 1182 5461 1322 1290 5462 1214 1182 5463 1216 1184 5464 1326 1294 5465 1216 1184 5466 1327 1295 5467 1326 1294 5468 751 754 5469 1208 1175 5470 1149 1122 5471 751 754 5472 1149 1122 5473 1148 755 5474 753 757 5475 754 759 5476 1330 1297 5477 753 757 5478 1330 1297 5479 1331 1298 5480 756 762 5481 1332 1299 5482 1333 1300 5483 756 762 5484 1333 1300 5485 755 760 5486 1181 1145 5487 1176 1140 5488 1154 1126 5489 1181 1145 5490 1154 1126 5491 1182 1125 5492 1203 1168 5493 1194 1158 5494 1176 1140 5495 1203 1168 5496 1176 1140 5497 1181 1145 5498 1335 1301 5499 1336 1302 5500 1338 1303 5501 1334 1304 5502 1342 1305 5503 1343 1306 5504 1344 1307 5505 1345 1308 5506 1336 1302 5507 1344 1307 5508 1336 1302 5509 1335 1301 5510 1343 1306 5511 1342 1305 5512 1361 1309 5513 1361 1309 5514 1342 1305 5515 1346 1310 5516 1348 1311 5517 1345 1308 5518 1344 1307 5519 1350 1312 5520 1349 1313 5521 1337 1314 5522 1339 1315 5523 1349 1313 5524 1350 1312 5525 1353 1316 5526 1354 1317 5527 1355 1318 5528 1353 1316 5529 1355 1318 5530 1356 1319 5531 1356 1319 5532 1355 1318 5533 1357 1320 5534 1357 1320 5535 1355 1318 5536 1359 1321 5537 1337 1314 5538 1334 1304 5539 1361 1309 5540 1337 1314 5541 1361 1309 5542 1362 1322 5543 1340 1323 5544 1339 1315 5545 1363 1324 5546 1340 1323 5547 1363 1324 5548 1364 1325 5549 1341 1326 5550 1340 1323 5551 1364 1325 5552 1341 1326 5553 1364 1325 5554 1365 1327 5555 1334 1304 5556 1343 1306 5557 1361 1309 5558 1347 1328 5559 1348 1311 5560 1366 1329 5561 1348 1311 5562 1344 1307 5563 1366 1329 5564 1337 1314 5565 1362 1322 5566 1350 1312 5567 1338 1303 5568 1341 1326 5569 1365 1327 5570 1339 1315 5571 1350 1312 5572 1363 1324 5573 1352 1330 5574 1351 1331 5575 1367 1332 5576 1352 1330 5577 1367 1332 5578 1358 1333 5579 1353 1316 5580 1356 1319 5581 1368 1334 5582 1357 1320 5583 1359 1321 5584 1369 1335 5585 1359 1321 5586 1360 1336 5587 1369 1335 5588 1360 1336 5589 1347 1328 5590 1369 1335 5591 1335 1301 5592 1371 1337 5593 1372 1338 5594 1361 1309 5595 1370 1339 5596 1362 1322 5597 1338 1303 5598 1373 1340 5599 1371 1337 5600 1338 1303 5601 1371 1337 5602 1335 1301 5603 1364 1325 5604 1383 1341 5605 1365 1327 5606 1361 1309 5607 1374 1342 5608 1370 1339 5609 1335 1301 5610 1372 1338 5611 1375 1343 5612 1335 1301 5613 1375 1343 5614 1344 1307 5615 1366 1329 5616 1377 1344 5617 1378 1345 5618 1366 1329 5619 1378 1345 5620 1347 1328 5621 1346 1310 5622 1376 1346 5623 1374 1342 5624 1346 1310 5625 1374 1342 5626 1361 1309 5627 1366 1329 5628 1379 1347 5629 1377 1344 5630 1344 1307 5631 1375 1343 5632 1379 1347 5633 1344 1307 5634 1379 1347 5635 1366 1329 5636 1362 1322 5637 1380 1348 5638 1350 1312 5639 1338 1303 5640 1381 1349 5641 1373 1340 5642 1350 1312 5643 1380 1348 5644 1382 1350 5645 1365 1327 5646 1383 1341 5647 1381 1349 5648 1365 1327 5649 1381 1349 5650 1338 1303 5651 1350 1312 5652 1382 1350 5653 1363 1324 5654 1368 1334 5655 1386 1351 5656 1385 1352 5657 1367 1332 5658 1384 1353 5659 1358 1333 5660 1356 1319 5661 1386 1351 5662 1368 1334 5663 1358 1333 5664 1384 1353 5665 1387 1354 5666 1356 1319 5667 1388 1355 5668 1386 1351 5669 1357 1320 5670 1389 1356 5671 1388 1355 5672 1357 1320 5673 1388 1355 5674 1356 1319 5675 1358 1333 5676 1387 1354 5677 1390 1357 5678 1369 1335 5679 1391 1358 5680 1389 1356 5681 1369 1335 5682 1389 1356 5683 1357 1320 5684 1358 1333 5685 1390 1357 5686 1392 1359 5687 1369 1335 5688 1393 1360 5689 1391 1358 5690 1358 1333 5691 1392 1359 5692 1376 1346 5693 1358 1333 5694 1376 1346 5695 1346 1310 5696 1347 1328 5697 1378 1345 5698 1393 1360 5699 1347 1328 5700 1393 1360 5701 1369 1335 5702 1337 1314 5703 1336 1302 5704 1334 1304 5705 1339 1315 5706 1340 1323 5707 1341 1326 5708 1334 1304 5709 1336 1302 5710 1345 1308 5711 1334 1304 5712 1345 1308 5713 1342 1305 5714 1346 1310 5715 1348 1311 5716 1347 1328 5717 1342 1305 5718 1348 1311 5719 1346 1310 5720 1342 1305 5721 1345 1308 5722 1348 1311 5723 1349 1313 5724 1338 1303 5725 1336 1302 5726 1349 1313 5727 1336 1302 5728 1337 1314 5729 1349 1313 5730 1341 1326 5731 1338 1303 5732 1339 1315 5733 1341 1326 5734 1349 1313 5735 1352 1330 5736 1355 1318 5737 1354 1317 5738 1358 1333 5739 1359 1321 5740 1355 1318 5741 1358 1333 5742 1355 1318 5743 1352 1330 5744 1358 1333 5745 1360 1336 5746 1359 1321 5747 1346 1310 5748 1347 1328 5749 1360 1336 5750 1346 1310 5751 1360 1336 5752 1358 1333 5753 1395 1361 5754 1396 1362 5755 1398 1363 5756 1402 1364 5757 1394 1365 5758 1403 1366 5759 1395 1361 5760 1404 1367 5761 1405 1368 5762 1395 1361 5763 1405 1368 5764 1396 1362 5765 1406 1369 5766 1402 1364 5767 1407 1370 5768 1402 1364 5769 1403 1366 5770 1417 1371 5771 1402 1364 5772 1417 1371 5773 1407 1370 5774 1404 1367 5775 1408 1372 5776 1405 1368 5777 1410 1373 5778 1411 1374 5779 1397 1375 5780 1410 1373 5781 1399 1376 5782 1411 1374 5783 1352 1330 5784 1412 1377 5785 1351 1331 5786 1354 1317 5787 1353 1316 5788 1413 1378 5789 1414 1379 5790 1354 1317 5791 1413 1378 5792 1412 1377 5793 1415 1380 5794 1351 1331 5795 1417 1371 5796 1394 1365 5797 1397 1375 5798 1417 1371 5799 1397 1375 5800 1418 1381 5801 1419 1382 5802 1399 1376 5803 1400 1383 5804 1419 1382 5805 1400 1383 5806 1420 1384 5807 1420 1384 5808 1400 1383 5809 1401 1385 5810 1420 1384 5811 1401 1385 5812 1421 1386 5813 1417 1371 5814 1403 1366 5815 1394 1365 5816 1422 1387 5817 1408 1372 5818 1409 1388 5819 1405 1368 5820 1408 1372 5821 1422 1387 5822 1418 1381 5823 1397 1375 5824 1411 1374 5825 1421 1386 5826 1401 1385 5827 1398 1363 5828 1411 1374 5829 1399 1376 5830 1419 1382 5831 1368 1334 5832 1413 1378 5833 1353 1316 5834 1367 1332 5835 1351 1331 5836 1415 1380 5837 1423 1389 5838 1413 1378 5839 1368 1334 5840 1423 1389 5841 1414 1379 5842 1413 1378 5843 1424 1390 5844 1414 1379 5845 1423 1389 5846 1415 1380 5847 1406 1369 5848 1425 1391 5849 1424 1390 5850 1416 1392 5851 1414 1379 5852 1425 1391 5853 1406 1369 5854 1407 1370 5855 1409 1388 5856 1416 1392 5857 1424 1390 5858 1427 1393 5859 1428 1394 5860 1396 1362 5861 1418 1381 5862 1426 1395 5863 1417 1371 5864 1428 1394 5865 1429 1396 5866 1398 1363 5867 1428 1394 5868 1398 1363 5869 1396 1362 5870 1439 1397 5871 1420 1384 5872 1421 1386 5873 1426 1395 5874 1430 1398 5875 1417 1371 5876 1431 1399 5877 1427 1393 5878 1396 1362 5879 1431 1399 5880 1396 1362 5881 1405 1368 5882 1433 1400 5883 1434 1401 5884 1422 1387 5885 1433 1400 5886 1422 1387 5887 1409 1388 5888 1430 1398 5889 1432 1402 5890 1407 1370 5891 1430 1398 5892 1407 1370 5893 1417 1371 5894 1434 1401 5895 1435 1403 5896 1422 1387 5897 1435 1403 5898 1431 1399 5899 1405 1368 5900 1435 1403 5901 1405 1368 5902 1422 1387 5903 1436 1404 5904 1418 1381 5905 1411 1374 5906 1429 1396 5907 1437 1405 5908 1398 1363 5909 1438 1406 5910 1436 1404 5911 1411 1374 5912 1437 1405 5913 1439 1397 5914 1421 1386 5915 1437 1405 5916 1421 1386 5917 1398 1363 5918 1438 1406 5919 1411 1374 5920 1419 1382 5921 1440 1407 5922 1384 1353 5923 1367 1332 5924 1385 1352 5925 1441 1408 5926 1368 1334 5927 1442 1409 5928 1440 1407 5929 1367 1332 5930 1442 1409 5931 1367 1332 5932 1415 1380 5933 1441 1408 5934 1423 1389 5935 1368 1334 5936 1441 1408 5937 1443 1410 5938 1423 1389 5939 1443 1410 5940 1444 1411 5941 1423 1389 5942 1445 1412 5943 1442 1409 5944 1415 1380 5945 1444 1411 5946 1446 1413 5947 1424 1390 5948 1444 1411 5949 1424 1390 5950 1423 1389 5951 1425 1391 5952 1445 1412 5953 1415 1380 5954 1446 1413 5955 1447 1414 5956 1424 1390 5957 1432 1402 5958 1425 1391 5959 1407 1370 5960 1447 1414 5961 1433 1400 5962 1409 1388 5963 1447 1414 5964 1409 1388 5965 1424 1390 5966 1395 1361 5967 1397 1375 5968 1394 1365 5969 1401 1385 5970 1400 1383 5971 1399 1376 5972 1404 1367 5973 1395 1361 5974 1394 1365 5975 1404 1367 5976 1394 1365 5977 1402 1364 5978 1409 1388 5979 1408 1372 5980 1406 1369 5981 1408 1372 5982 1402 1364 5983 1406 1369 5984 1408 1372 5985 1404 1367 5986 1402 1364 5987 1395 1361 5988 1398 1363 5989 1410 1373 5990 1395 1361 5991 1410 1373 5992 1397 1375 5993 1398 1363 5994 1401 1385 5995 1410 1373 5996 1401 1385 5997 1399 1376 5998 1410 1373 5999 1354 1317 6000 1412 1377 6001 1352 1330 6002 1354 1317 6003 1414 1379 6004 1412 1377 6005 1414 1379 6006 1415 1380 6007 1412 1377 6008 1414 1379 6009 1416 1392 6010 1406 1369 6011 1414 1379 6012 1406 1369 6013 1415 1380 6014 1416 1392 6015 1409 1388 6016 1406 1369 6017 1616 1415 6018 1448 1416 6019 1449 1417 6020 1616 1415 6021 1449 1417 6022 1450 1418 6023 1451 1419 6024 1452 1420 6025 1449 1417 6026 1451 1419 6027 1449 1417 6028 1448 1416 6029 1454 1421 6030 1455 1422 6031 1456 1423 6032 1459 1424 6033 1460 1425 6034 770 768 6035 1459 1424 6036 770 768 6037 765 1426 6038 1463 1427 6039 1464 1428 6040 1465 1429 6041 768 1430 6042 1463 1427 6043 1465 1429 6044 768 1430 6045 1465 1429 6046 1466 1431 6047 1459 1424 6048 1467 1432 6049 1468 1433 6050 1460 1425 6051 1459 1424 6052 1468 1433 6053 764 1434 6054 1469 1435 6055 1470 1436 6056 764 1434 6057 1470 1436 6058 1471 1437 6059 763 1438 6060 764 1434 6061 1471 1437 6062 763 1438 6063 1472 1439 6064 1473 1440 6065 766 766 6066 1464 1428 6067 1474 1441 6068 766 766 6069 1474 1441 6070 1473 1440 6071 759 765 6072 766 766 6073 1473 1440 6074 1475 1442 6075 1476 1443 6076 765 1426 6077 769 767 6078 1475 1442 6079 765 1426 6080 769 767 6081 765 1426 6082 770 768 6083 762 1444 6084 1487 1445 6085 1463 1427 6086 767 1446 6087 762 1444 6088 1463 1427 6089 767 1446 6090 1463 1427 6091 768 1430 6092 1479 1447 6093 1477 1448 6094 1478 1449 6095 1479 1447 6096 1478 1449 6097 1480 1450 6098 1475 1442 6099 769 767 6100 1471 1437 6101 1484 1451 6102 1483 1452 6103 1640 1453 6104 1484 1451 6105 1640 1453 6106 1644 1454 6107 1473 1440 6108 1485 1455 6109 764 1434 6110 763 1438 6111 1473 1440 6112 764 1434 6113 760 1456 6114 761 1457 6115 1468 1433 6116 762 1444 6117 767 1446 6118 761 1457 6119 762 1444 6120 761 1457 6121 760 1456 6122 1469 1435 6123 764 1434 6124 1485 1455 6125 1488 1458 6126 765 1426 6127 1476 1443 6128 1465 1429 6129 1464 1428 6130 766 766 6131 1465 1429 6132 766 766 6133 758 764 6134 1465 1429 6135 758 764 6136 1466 1431 6137 1459 1424 6138 765 1426 6139 1488 1458 6140 1473 1440 6141 1474 1441 6142 1485 1455 6143 1466 1431 6144 758 764 6145 757 763 6146 1475 1442 6147 1471 1437 6148 1470 1436 6149 760 1456 6150 1468 1433 6151 1467 1432 6152 760 1456 6153 1467 1432 6154 1486 1459 6155 762 1444 6156 760 1456 6157 1486 1459 6158 762 1444 6159 1486 1459 6160 1487 1445 6161 1472 1439 6162 763 1438 6163 1471 1437 6164 1472 1439 6165 1471 1437 6166 1490 1460 6167 1481 1461 6168 1491 1462 6169 1492 1463 6170 757 763 6171 770 768 6172 1460 1425 6173 757 763 6174 1460 1425 6175 1466 1431 6176 1493 1464 6177 1494 1465 6178 1495 1466 6179 1483 1452 6180 1496 1467 6181 1497 1468 6182 1499 1469 6183 1454 1421 6184 1456 1423 6185 1499 1469 6186 1456 1423 6187 1500 1470 6188 768 1430 6189 1466 1431 6190 1460 1425 6191 768 1430 6192 1460 1425 6193 1468 1433 6194 1498 1471 6195 1492 1463 6196 1491 1462 6197 1472 1439 6198 1490 1460 6199 759 765 6200 1472 1439 6201 759 765 6202 1473 1440 6203 1502 1472 6204 1493 1464 6205 1495 1466 6206 1502 1472 6207 1495 1466 6208 1503 1473 6209 1504 1474 6210 1478 1449 6211 1477 1448 6212 1504 1474 6213 1477 1448 6214 1505 1475 6215 769 767 6216 757 763 6217 1490 1460 6218 769 767 6219 1490 1460 6220 1471 1437 6221 1468 1433 6222 761 1457 6223 767 1446 6224 1468 1433 6225 767 1446 6226 768 1430 6227 759 765 6228 1490 1460 6229 757 763 6230 1585 1476 6231 1584 1477 6232 1517 1478 6233 1585 1476 6234 1517 1478 6235 1458 1479 6236 1588 1480 6237 1587 1481 6238 1515 1482 6239 1588 1480 6240 1515 1482 6241 1506 1483 6242 1584 1477 6243 1588 1480 6244 1506 1483 6245 1584 1477 6246 1506 1483 6247 1517 1478 6248 1507 1484 6249 1637 1485 6250 1508 1486 6251 1509 1487 6252 1510 1488 6253 1511 1489 6254 1512 1490 6255 1513 1491 6256 1514 1492 6257 1515 1482 6258 1512 1490 6259 1514 1492 6260 1517 1478 6261 1506 1483 6262 1516 1493 6263 1506 1483 6264 1515 1482 6265 1516 1493 6266 1458 1479 6267 1517 1478 6268 1518 1494 6269 1458 1479 6270 1518 1494 6271 1519 1495 6272 1521 1496 6273 1520 1497 6274 1630 1498 6275 1521 1496 6276 1519 1495 6277 1520 1497 6278 1629 1499 6279 1630 1498 6280 1522 1500 6281 1507 1484 6282 1508 1486 6283 1523 1501 6284 1513 1491 6285 1509 1487 6286 1511 1489 6287 1524 1502 6288 1637 1485 6289 1629 1499 6290 1524 1502 6291 1629 1499 6292 1522 1500 6293 1508 1486 6294 1637 1485 6295 1524 1502 6296 1514 1492 6297 1513 1491 6298 1525 1503 6299 1526 1504 6300 1515 1482 6301 1514 1492 6302 1527 1505 6303 1517 1478 6304 1516 1493 6305 1516 1493 6306 1515 1482 6307 1526 1504 6308 1518 1494 6309 1517 1478 6310 1527 1505 6311 1528 1506 6312 1520 1497 6313 1519 1495 6314 1528 1506 6315 1519 1495 6316 1529 1507 6317 1529 1507 6318 1519 1495 6319 1518 1494 6320 1530 1508 6321 1630 1498 6322 1520 1497 6323 1530 1508 6324 1522 1500 6325 1630 1498 6326 1533 1509 6327 1582 1510 6328 1586 1511 6329 1582 1510 6330 1533 1509 6331 1535 1512 6332 1533 1509 6333 1586 1511 6334 1536 1513 6335 1538 1514 6336 1539 1515 6337 1540 1516 6338 1536 1513 6339 1586 1511 6340 1537 1517 6341 1539 1515 6342 1541 1518 6343 1540 1516 6344 1542 1519 6345 1547 1520 6346 1543 1521 6347 1542 1519 6348 1543 1521 6349 1544 1522 6350 1541 1518 6351 1542 1519 6352 1544 1522 6353 1509 1487 6354 1534 1523 6355 1510 1488 6356 1538 1514 6357 1537 1517 6358 1539 1515 6359 1545 1524 6360 1546 1525 6361 1547 1520 6362 1545 1524 6363 1548 1526 6364 1546 1525 6365 1536 1513 6366 1537 1517 6367 1538 1514 6368 1583 1527 6369 1535 1512 6370 1534 1523 6371 1583 1527 6372 1582 1510 6373 1535 1512 6374 1552 1528 6375 1553 1529 6376 1550 1530 6377 1552 1528 6378 1550 1530 6379 1549 1531 6380 1539 1515 6381 1551 1532 6382 1541 1518 6383 1549 1531 6384 1550 1530 6385 1555 1533 6386 1549 1531 6387 1555 1533 6388 1554 1534 6389 1556 1535 6390 1557 1536 6391 1558 1537 6392 1556 1535 6393 1558 1537 6394 1559 1538 6395 1560 1539 6396 1555 1533 6397 1561 1540 6398 1560 1539 6399 1561 1540 6400 1562 1541 6401 1559 1538 6402 1558 1537 6403 1563 1542 6404 1563 1542 6405 1558 1537 6406 1564 1543 6407 1565 1544 6408 1566 1545 6409 1567 1546 6410 1542 1519 6411 1545 1524 6412 1547 1520 6413 1568 1547 6414 1566 1545 6415 1565 1544 6416 1565 1544 6417 1567 1546 6418 1569 1548 6419 1569 1548 6420 1567 1546 6421 1570 1549 6422 1569 1548 6423 1570 1549 6424 1571 1550 6425 1571 1550 6426 1570 1549 6427 1572 1551 6428 1571 1550 6429 1572 1551 6430 1573 1552 6431 1573 1552 6432 1572 1551 6433 1553 1529 6434 1573 1552 6435 1553 1529 6436 1552 1528 6437 1541 1518 6438 1551 1532 6439 1542 1519 6440 1574 1553 6441 1575 1554 6442 1576 1555 6443 1577 1556 6444 1575 1554 6445 1574 1553 6446 1568 1547 6447 1576 1555 6448 1566 1545 6449 1574 1553 6450 1576 1555 6451 1568 1547 6452 1563 1542 6453 1564 1543 6454 1577 1556 6455 1577 1556 6456 1564 1543 6457 1575 1554 6458 1578 1557 6459 1557 1536 6460 1556 1535 6461 1554 1534 6462 1555 1533 6463 1560 1539 6464 1580 1558 6465 1629 1499 6466 1579 1559 6467 1579 1559 6468 1637 1485 6469 1507 1484 6470 1586 1511 6471 1587 1481 6472 1537 1517 6473 1590 1560 6474 1591 1561 6475 1598 1562 6476 1590 1560 6477 1598 1562 6478 1592 1563 6479 1595 1564 6480 1596 1565 6481 1597 1566 6482 1595 1564 6483 1597 1566 6484 1593 1567 6485 1605 1568 6486 1604 1569 6487 1600 1570 6488 1605 1568 6489 1600 1570 6490 1601 1571 6491 1602 1572 6492 1603 1573 6493 1604 1569 6494 1602 1572 6495 1604 1569 6496 1605 1568 6497 1606 1574 6498 1607 1575 6499 1608 1576 6500 1609 1577 6501 1610 1578 6502 1611 1579 6503 1617 1580 6504 1618 1581 6505 1499 1469 6506 1612 1582 6507 1613 1583 6508 1614 1584 6509 1612 1582 6510 1614 1584 6511 1619 1585 6512 1609 1577 6513 1611 1579 6514 1613 1583 6515 1609 1577 6516 1613 1583 6517 1612 1582 6518 1620 1586 6519 1621 1587 6520 1611 1579 6521 1620 1586 6522 1611 1579 6523 1610 1578 6524 1499 1469 6525 1500 1470 6526 1617 1580 6527 1607 1575 6528 1597 1566 6529 1596 1565 6530 1607 1575 6531 1596 1565 6532 1608 1576 6533 1624 1588 6534 1614 1584 6535 1602 1572 6536 1624 1588 6537 1602 1572 6538 1625 1589 6539 1619 1585 6540 1614 1584 6541 1624 1588 6542 1602 1572 6543 1627 1590 6544 1628 1591 6545 1628 1591 6546 1625 1589 6547 1602 1572 6548 1454 1421 6549 1616 1415 6550 1450 1418 6551 1613 1583 6552 1603 1573 6553 1614 1584 6554 1548 1526 6555 1580 1558 6556 1579 1559 6557 1601 1571 6558 1615 1592 6559 1605 1568 6560 1615 1592 6561 1627 1590 6562 1602 1572 6563 1615 1592 6564 1602 1572 6565 1605 1568 6566 1603 1573 6567 1602 1572 6568 1614 1584 6569 1539 1515 6570 1588 1480 6571 1584 1477 6572 1537 1517 6573 1588 1480 6574 1539 1515 6575 1537 1517 6576 1587 1481 6577 1588 1480 6578 1539 1515 6579 1584 1477 6580 1585 1476 6581 1539 1515 6582 1585 1476 6583 1551 1532 6584 1542 1519 6585 1457 1593 6586 1581 1594 6587 1542 1519 6588 1581 1594 6589 1545 1524 6590 1551 1532 6591 1585 1476 6592 1457 1593 6593 1551 1532 6594 1457 1593 6595 1542 1519 6596 1509 1487 6597 1513 1491 6598 1582 1510 6599 1509 1487 6600 1582 1510 6601 1583 1527 6602 1629 1499 6603 1580 1558 6604 1630 1498 6605 1630 1498 6606 1580 1558 6607 1545 1524 6608 1630 1498 6609 1545 1524 6610 1521 1496 6611 1545 1524 6612 1581 1594 6613 1521 1496 6614 1545 1524 6615 1580 1558 6616 1548 1526 6617 1579 1559 6618 1629 1499 6619 1637 1485 6620 1611 1579 6621 1604 1569 6622 1603 1573 6623 1611 1579 6624 1603 1573 6625 1613 1583 6626 1611 1579 6627 1621 1587 6628 1600 1570 6629 1611 1579 6630 1600 1570 6631 1604 1569 6632 1534 1523 6633 1509 1487 6634 1583 1527 6635 1532 1595 6636 1507 1484 6637 1523 1501 6638 1631 1596 6639 1632 1597 6640 1589 1598 6641 1631 1596 6642 1589 1598 6643 1606 1574 6644 1622 1599 6645 1626 1600 6646 1633 1601 6647 1499 1469 6648 1618 1581 6649 1626 1600 6650 1499 1469 6651 1626 1600 6652 1622 1599 6653 1499 1469 6654 1616 1415 6655 1454 1421 6656 1531 1602 6657 1579 1559 6658 1532 1595 6659 1532 1595 6660 1579 1559 6661 1507 1484 6662 1449 1417 6663 1452 1420 6664 1634 1603 6665 1449 1417 6666 1634 1603 6667 1635 1604 6668 1450 1418 6669 1449 1417 6670 1501 1605 6671 1450 1418 6672 1501 1605 6673 1453 1606 6674 1454 1421 6675 1450 1418 6676 1453 1606 6677 1454 1421 6678 1453 1606 6679 1455 1422 6680 1449 1417 6681 1635 1604 6682 1501 1605 6683 1608 1576 6684 1631 1596 6685 1606 1574 6686 1448 1416 6687 1616 1415 6688 1499 1469 6689 1448 1416 6690 1499 1469 6691 1622 1599 6692 1451 1419 6693 1448 1416 6694 1622 1599 6695 1451 1419 6696 1622 1599 6697 1633 1601 6698 1599 1607 6699 1623 1608 6700 1592 1563 6701 1599 1607 6702 1592 1563 6703 1598 1562 6704 1594 1609 6705 1636 1610 6706 1595 1564 6707 1594 1609 6708 1595 1564 6709 1593 1567 6710 1623 1608 6711 1599 1607 6712 1589 1598 6713 1623 1608 6714 1589 1598 6715 1632 1597 6716 1579 1559 6717 1531 1602 6718 1548 1526 6719 1638 1611 6720 778 774 6721 771 769 6722 774 1612 6723 1639 1613 6724 1654 1614 6725 774 1612 6726 1654 1614 6727 775 1615 6728 1638 1611 6729 771 769 6730 773 771 6731 1638 1611 6732 773 771 6733 1656 1616 6734 778 774 6735 1638 1611 6736 1641 1617 6737 778 774 6738 1641 1617 6739 1642 1618 6740 1643 1619 6741 1494 1465 6742 1484 1451 6743 1643 1619 6744 1484 1451 6745 1644 1454 6746 1491 1462 6747 1645 1620 6748 1498 1471 6749 1646 1621 6750 1647 1622 6751 775 1615 6752 1646 1621 6753 775 1615 6754 1654 1614 6755 1498 1471 6756 1645 1620 6757 1649 1623 6758 1498 1471 6759 1649 1623 6760 1461 1624 6761 1497 1468 6762 1648 1625 6763 1640 1453 6764 1497 1468 6765 1640 1453 6766 1483 1452 6767 1649 1623 6768 1479 1447 6769 1480 1450 6770 1649 1623 6771 1480 1450 6772 1462 1626 6773 1494 1465 6774 1643 1619 6775 1495 1466 6776 1646 1621 6777 772 770 6778 771 769 6779 1646 1621 6780 771 769 6781 1647 1622 6782 1491 1462 6783 1481 1461 6784 1650 1627 6785 1656 1616 6786 1651 1628 6787 1641 1617 6788 1656 1616 6789 1641 1617 6790 1638 1611 6791 1652 1629 6792 782 1630 6793 781 1631 6794 1652 1629 6795 781 1631 6796 1668 1632 6797 1653 1633 6798 1654 1614 6799 782 1630 6800 1653 1633 6801 782 1630 6802 1652 1629 6803 1655 1634 6804 1656 1616 6805 1657 1635 6806 777 773 6807 1647 1622 6808 771 769 6809 1658 1636 6810 1659 1637 6811 1482 1638 6812 1658 1636 6813 1482 1638 6814 1489 1639 6815 1660 1640 6816 1642 1618 6817 1667 1641 6818 1661 1642 6819 779 1643 6820 1662 1644 6821 777 773 6822 776 772 6823 1663 1645 6824 777 773 6825 1663 1645 6826 1647 1622 6827 776 772 6828 1664 1646 6829 1663 1645 6830 779 1643 6831 1661 1642 6832 1665 1647 6833 780 1648 6834 1666 1649 6835 1667 1641 6836 1639 1613 6837 774 1612 6838 781 1631 6839 1639 1613 6840 781 1631 6841 782 1630 6842 1654 1614 6843 1639 1613 6844 782 1630 6845 780 1648 6846 1642 1618 6847 1651 1628 6848 1667 1641 6849 1642 1618 6850 780 1648 6851 1656 1616 6852 773 771 6853 1657 1635 6854 1650 1627 6855 1481 1461 6856 1482 1638 6857 1650 1627 6858 1482 1638 6859 1659 1637 6860 1669 1650 6861 781 1631 6862 774 1612 6863 1669 1650 6864 774 1612 6865 775 1615 6866 1669 1650 6867 1668 1632 6868 781 1631 6869 779 1643 6870 1657 1635 6871 773 771 6872 779 1643 6873 773 771 6874 772 770 6875 1665 1647 6876 1657 1635 6877 779 1643 6878 1642 1618 6879 776 772 6880 778 774 6881 1660 1640 6882 1664 1646 6883 776 772 6884 1660 1640 6885 776 772 6886 1642 1618 6887 1642 1618 6888 1641 1617 6889 1651 1628 6890 1656 1616 6891 780 1648 6892 1651 1628 6893 1655 1634 6894 1666 1649 6895 780 1648 6896 1655 1634 6897 780 1648 6898 1656 1616 6899 1654 1614 6900 1662 1644 6901 1646 1621 6902 1653 1633 6903 1662 1644 6904 1654 1614 6905 1663 1645 6906 1669 1650 6907 775 1615 6908 1663 1645 6909 775 1615 6910 1647 1622 6911 1664 1646 6912 1669 1650 6913 1663 1645 6914 1461 1624 6915 1649 1623 6916 1462 1626 6917 772 770 6918 1646 1621 6919 1662 1644 6920 772 770 6921 1662 1644 6922 779 1643 6923 1581 1594 6924 1519 1495 6925 1521 1496 6926 1587 1481 6927 1586 1511 6928 1512 1490 6929 1587 1481 6930 1512 1490 6931 1515 1482 6932 1457 1593 6933 1585 1476 6934 1458 1479 6935 1457 1593 6936 1458 1479 6937 1519 1495 6938 1581 1594 6939 1457 1593 6940 1519 1495 6941 1586 1511 6942 1513 1491 6943 1512 1490 6944 1586 1511 6945 1582 1510 6946 1513 1491 6947 1525 1503 6948 1513 1491 6949 1511 1489 6950 1670 1651 6951 1671 1652 6952 1672 1653 6953 1670 1651 6954 1672 1653 6955 1673 1654 6956 1679 1655 6957 1670 1651 6958 1673 1654 6959 1679 1655 6960 1673 1654 6961 1674 1656 6962 1675 1657 6963 1676 1658 6964 1677 1659 6965 1675 1657 6966 1677 1659 6967 1678 1660 6968 1679 1655 6969 1674 1656 6970 1562 1541 6971 1676 1658 6972 1680 1661 6973 1677 1659 6974 1681 1662 6975 1682 1663 6976 1683 1664 6977 1682 1663 6978 1684 1665 6979 1683 1664 6980 1685 1666 6981 1686 1667 6982 1687 1668 6983 1688 1669 6984 1685 1666 6985 1687 1668 6986 1681 1662 6987 1683 1664 6988 1686 1667 6989 1685 1666 6990 1681 1662 6991 1686 1667 6992 1561 1540 6993 1679 1655 6994 1562 1541 6995 1689 1670 6996 1691 1671 6997 1692 1672 6998 1689 1670 6999 1692 1672 7000 1690 1673 7001 1691 1671 7002 1693 1674 7003 1694 1675 7004 1691 1671 7005 1694 1675 7006 1692 1672 7007 1671 1652 7008 1689 1670 7009 1690 1673 7010 1671 1652 7011 1690 1673 7012 1672 1653 7013 1693 1674 7014 1695 1676 7015 1694 1675 7016 1695 1676 7017 1696 1677 7018 1694 1675 7019 1688 1669 7020 1687 1668 7021 1696 1677 7022 1695 1676 7023 1688 1669 7024 1696 1677 7025 1682 1663 7026 1675 1657 7027 1684 1665 7028 1675 1657 7029 1678 1660 7030 1684 1665 7031 1697 1678 7032 1698 1679 7033 1699 1680 7034 1700 1681 7035 1698 1679 7036 1701 1682 7037 1701 1682 7038 1697 1678 7039 1705 1683 7040 1705 1683 7041 1697 1678 7042 1706 1684 7043 1711 1685 7044 1712 1686 7045 1713 1687 7046 1715 1688 7047 1744 1689 7048 1716 1690 7049 1724 1691 7050 1725 1692 7051 1726 1693 7052 1723 1694 7053 1730 1695 7054 1724 1691 7055 1724 1691 7056 1730 1695 7057 1725 1692 7058 1702 1696 7059 1732 1697 7060 1733 1698 7061 1707 1699 7062 1702 1696 7063 1733 1698 7064 1707 1699 7065 1733 1698 7066 1734 1700 7067 1708 1701 7068 1707 1699 7069 1734 1700 7070 1708 1701 7071 1734 1700 7072 1735 1702 7073 1709 1703 7074 1710 1704 7075 1736 1705 7076 1737 1706 7077 1722 1707 7078 1727 1708 7079 1718 1709 7080 1738 1710 7081 1739 1711 7082 1718 1709 7083 1720 1712 7084 1738 1710 7085 1719 1713 7086 1718 1709 7087 1739 1711 7088 1724 1691 7089 1726 1693 7090 1740 1714 7091 1719 1713 7092 1739 1711 7093 1741 1715 7094 1737 1706 7095 1742 1716 7096 1722 1707 7097 1742 1716 7098 1721 1717 7099 1722 1707 7100 1714 1718 7101 1743 1719 7102 1747 1720 7103 1714 1718 7104 1747 1720 7105 1715 1688 7106 1715 1688 7107 1747 1720 7108 1744 1689 7109 1745 1721 7110 1743 1719 7111 1714 1718 7112 1717 1722 7113 1745 1721 7114 1714 1718 7115 1721 1717 7116 1742 1716 7117 1745 1721 7118 1721 1717 7119 1745 1721 7120 1717 1722 7121 1743 1719 7122 1746 1723 7123 1747 1720 7124 1747 1720 7125 1748 1724 7126 1749 1725 7127 1745 1721 7128 1750 1726 7129 1746 1723 7130 1745 1721 7131 1746 1723 7132 1743 1719 7133 1747 1720 7134 1749 1725 7135 1744 1689 7136 1751 1727 7137 1750 1726 7138 1745 1721 7139 1742 1716 7140 1751 1727 7141 1745 1721 7142 1742 1716 7143 1737 1706 7144 1752 1728 7145 1742 1716 7146 1752 1728 7147 1751 1727 7148 1753 1729 7149 1723 1694 7150 1724 1691 7151 1753 1729 7152 1724 1691 7153 1754 1730 7154 1754 1730 7155 1724 1691 7156 1755 1731 7157 1754 1730 7158 1755 1731 7159 1756 1732 7160 1757 1733 7161 1723 1694 7162 1753 1729 7163 1724 1691 7164 1740 1714 7165 1755 1731 7166 1757 1733 7167 1727 1708 7168 1723 1694 7169 1752 1728 7170 1737 1706 7171 1727 1708 7172 1752 1728 7173 1727 1708 7174 1757 1733 7175 783 1734 7176 1758 1735 7177 1759 1736 7178 1759 1736 7179 1758 1735 7180 1760 1737 7181 783 1734 7182 1759 1736 7183 1761 1738 7184 784 1739 7185 783 1734 7186 1761 1738 7187 784 1739 7188 1761 1738 7189 1762 1740 7190 1762 1740 7191 1761 1738 7192 1763 1741 7193 1764 1742 7194 1765 1743 7195 1766 1744 7196 1764 1742 7197 1766 1744 7198 1767 1745 7199 1768 1746 7200 1765 1743 7201 1764 1742 7202 1768 1746 7203 1770 1747 7204 1765 1743 7205 1769 1748 7206 1770 1747 7207 1768 1746 7208 1766 1744 7209 1765 1743 7210 1772 1749 7211 1769 1748 7212 1773 1750 7213 1770 1747 7214 1771 1751 7215 1773 1750 7216 1769 1748 7217 1774 1752 7218 1773 1750 7219 1771 1751 7220 1776 1753 7221 1777 1754 7222 1774 1752 7223 1775 1755 7224 1776 1753 7225 1774 1752 7226 1778 1756 7227 1779 1757 7228 1780 1758 7229 1780 1758 7230 1781 1759 7231 1782 1760 7232 1776 1753 7233 1775 1755 7234 1779 1757 7235 1776 1753 7236 1779 1757 7237 1778 1756 7238 1783 1761 7239 1784 1762 7240 1776 1753 7241 1780 1758 7242 1782 1760 7243 1785 1763 7244 1783 1761 7245 1776 1753 7246 1778 1756 7247 1746 1723 7248 1778 1756 7249 1780 1758 7250 1746 1723 7251 1780 1758 7252 1747 1720 7253 1747 1720 7254 1780 1758 7255 1785 1763 7256 1747 1720 7257 1785 1763 7258 1786 1764 7259 1787 1765 7260 1783 1761 7261 1778 1756 7262 1787 1765 7263 1778 1756 7264 1746 1723 7265 1779 1757 7266 1701 1682 7267 1705 1683 7268 1775 1755 7269 1701 1682 7270 1779 1757 7271 1779 1757 7272 1705 1683 7273 1780 1758 7274 1780 1758 7275 1705 1683 7276 1788 1766 7277 1780 1758 7278 1788 1766 7279 1781 1759 7280 1705 1683 7281 1706 1684 7282 1788 1766 7283 1775 1755 7284 1700 1681 7285 1701 1682 7286 1703 1767 7287 1700 1681 7288 1775 1755 7289 1775 1755 7290 1774 1752 7291 1703 1767 7292 1703 1767 7293 1774 1752 7294 1771 1751 7295 1704 1768 7296 1703 1767 7297 1771 1751 7298 1769 1748 7299 1704 1768 7300 1771 1751 7301 1789 1769 7302 1790 1770 7303 1791 1771 7304 1789 1769 7305 1791 1771 7306 1792 1772 7307 1704 1768 7308 1769 1748 7309 1790 1770 7310 1704 1768 7311 1790 1770 7312 1789 1769 7313 1790 1770 7314 1793 1773 7315 1791 1771 7316 1764 1742 7317 1767 1745 7318 1793 1773 7319 1790 1770 7320 1764 1742 7321 1793 1773 7322 1769 1748 7323 1768 1746 7324 1764 1742 7325 1769 1748 7326 1764 1742 7327 1790 1770 7328 1747 1720 7329 1786 1764 7330 1748 1724 7331 1750 1726 7332 1787 1765 7333 1746 1723 7334 1794 1774 7335 1784 1762 7336 1783 1761 7337 1794 1774 7338 1783 1761 7339 1787 1765 7340 1750 1726 7341 1751 1727 7342 1794 1774 7343 1750 1726 7344 1794 1774 7345 1787 1765 7346 1795 1775 7347 1796 1776 7348 1784 1762 7349 1795 1775 7350 1784 1762 7351 1794 1774 7352 1751 1727 7353 1752 1728 7354 1795 1775 7355 1751 1727 7356 1795 1775 7357 1794 1774 7358 1797 1777 7359 1753 1729 7360 1754 1730 7361 1797 1777 7362 1754 1730 7363 1798 1778 7364 1798 1778 7365 1754 1730 7366 1799 1779 7367 1798 1778 7368 1799 1779 7369 1800 1780 7370 1801 1781 7371 1753 1729 7372 1797 1777 7373 1796 1776 7374 1795 1775 7375 1753 1729 7376 1796 1776 7377 1753 1729 7378 1801 1781 7379 1754 1730 7380 1756 1732 7381 1799 1779 7382 1795 1775 7383 1752 1728 7384 1757 1733 7385 1795 1775 7386 1757 1733 7387 1753 1729 7388 1802 1782 7389 1798 1778 7390 1803 1783 7391 1802 1782 7392 1803 1783 7393 1804 1784 7394 1806 1785 7395 1801 1781 7396 1802 1782 7397 1806 1785 7398 1805 1786 7399 1801 1781 7400 1758 1735 7401 1802 1782 7402 1804 1784 7403 1758 1735 7404 1804 1784 7405 1760 1737 7406 1806 1785 7407 1802 1782 7408 1758 1735 7409 783 1734 7410 1806 1785 7411 1758 1735 7412 1806 1785 7413 783 1734 7414 784 1739 7415 1807 1787 7416 784 1739 7417 1762 1740 7418 1807 1787 7419 1762 1740 7420 1808 1788 7421 1808 1788 7422 1762 1740 7423 1809 1789 7424 1810 1790 7425 784 1739 7426 1807 1787 7427 1806 1785 7428 784 1739 7429 1810 1790 7430 1762 1740 7431 1763 1741 7432 1809 1789 7433 1765 1743 7434 1807 1787 7435 1808 1788 7436 1765 1743 7437 1808 1788 7438 1809 1789 7439 1765 1743 7440 1809 1789 7441 1772 1749 7442 1770 1747 7443 1810 1790 7444 1807 1787 7445 1770 1747 7446 1807 1787 7447 1765 1743 7448 1811 1791 7449 1810 1790 7450 1770 1747 7451 1770 1747 7452 1773 1750 7453 1811 1791 7454 1773 1750 7455 1777 1754 7456 1812 1792 7457 1773 1750 7458 1812 1792 7459 1811 1791 7460 1773 1750 7461 1774 1752 7462 1777 1754 7463 1796 1776 7464 1812 1792 7465 1777 1754 7466 1777 1754 7467 1784 1762 7468 1796 1776 7469 1796 1776 7470 1801 1781 7471 1812 1792 7472 1805 1786 7473 1811 1791 7474 1812 1792 7475 1798 1778 7476 1800 1780 7477 1813 1793 7478 1805 1786 7479 1812 1792 7480 1801 1781 7481 1802 1782 7482 1797 1777 7483 1798 1778 7484 1798 1778 7485 1813 1793 7486 1803 1783 7487 1801 1781 7488 1797 1777 7489 1802 1782 7490 1805 1786 7491 1806 1785 7492 1811 1791 7493 1811 1791 7494 1806 1785 7495 1810 1790 7496 1777 1754 7497 1776 1753 7498 1784 1762 7499 1824 1794 7500 1825 1795 7501 1826 1796 7502 1827 1797 7503 1828 1798 7504 1829 1799 7505 1832 1800 7506 1833 1801 7507 1834 1802 7508 1835 1803 7509 1836 1804 7510 1891 1805 7511 1836 1804 7512 1839 1806 7513 1840 1807 7514 1836 1804 7515 1840 1807 7516 1891 1805 7517 1843 1808 7518 1845 1809 7519 1846 1810 7520 1847 1811 7521 1857 1812 7522 1848 1813 7523 1854 1814 7524 1851 1815 7525 1852 1816 7526 1854 1814 7527 1852 1816 7528 1855 1817 7529 1815 1818 7530 1854 1814 7531 1855 1817 7532 1857 1812 7533 1858 1819 7534 1859 1820 7535 1857 1812 7536 1842 1821 7537 1858 1819 7538 1857 1812 7539 1859 1820 7540 1848 1813 7541 1860 1822 7542 1820 1823 7543 1821 1824 7544 1828 1798 7545 1862 1825 7546 1829 1799 7547 1864 1826 7548 1830 1827 7549 1863 1828 7550 1864 1826 7551 1863 1828 7552 1865 1829 7553 1866 1830 7554 1867 1831 7555 1868 1832 7556 1866 1830 7557 1868 1832 7558 1869 1833 7559 1872 1834 7560 1866 1830 7561 1869 1833 7562 1828 1798 7563 1870 1835 7564 1862 1825 7565 1825 1795 7566 1872 1834 7567 1869 1833 7568 1825 1795 7569 1869 1833 7570 1826 1796 7571 1839 1806 7572 1873 1836 7573 1840 1807 7574 1873 1836 7575 1860 1822 7576 1821 1824 7577 1873 1836 7578 1821 1824 7579 1840 1807 7580 1874 1837 7581 1835 1803 7582 1891 1805 7583 1874 1837 7584 1891 1805 7585 1875 1838 7586 1877 1839 7587 1874 1837 7588 1875 1838 7589 1879 1840 7590 1877 1839 7591 1875 1838 7592 1879 1840 7593 1875 1838 7594 1868 1832 7595 1867 1831 7596 1879 1840 7597 1868 1832 7598 1882 1841 7599 1864 1826 7600 1865 1829 7601 1833 1801 7602 1886 1842 7603 1834 1802 7604 1833 1801 7605 1883 1843 7606 1886 1842 7607 2731 1844 7608 1889 1845 7609 1821 1824 7610 1868 1832 7611 1826 1796 7612 1869 1833 7613 1868 1832 7614 1890 1846 7615 1826 1796 7616 1875 1838 7617 1890 1846 7618 1868 1832 7619 1889 1845 7620 1890 1846 7621 1875 1838 7622 1889 1845 7623 1875 1838 7624 1891 1805 7625 1821 1824 7626 1891 1805 7627 1840 1807 7628 1889 1845 7629 1891 1805 7630 1821 1824 7631 1892 1847 7632 1814 1848 7633 1816 1849 7634 1893 1850 7635 1892 1847 7636 1816 1849 7637 1893 1850 7638 1816 1849 7639 1817 1851 7640 1894 1852 7641 1893 1850 7642 1817 1851 7643 1894 1852 7644 1817 1851 7645 1818 1853 7646 1897 1854 7647 1898 1855 7648 1832 1800 7649 1897 1854 7650 1832 1800 7651 1831 1856 7652 1898 1855 7653 1833 1801 7654 1832 1800 7655 1977 1857 7656 1838 1858 7657 1837 1859 7658 1899 1860 7659 1900 1861 7660 1843 1808 7661 1899 1860 7662 1843 1808 7663 1842 1821 7664 1901 1862 7665 1897 1854 7666 1831 1856 7667 1901 1862 7668 1831 1856 7669 1844 1863 7670 1900 1861 7671 1902 1864 7672 1845 1809 7673 1900 1861 7674 1845 1809 7675 1843 1808 7676 1903 1865 7677 1857 1812 7678 1847 1811 7679 1903 1865 7680 1847 1811 7681 1849 1866 7682 1904 1867 7683 1903 1865 7684 1849 1866 7685 1904 1867 7686 1849 1866 7687 1850 1868 7688 1905 1869 7689 1906 1870 7690 1853 1871 7691 1905 1869 7692 1853 1871 7693 1851 1815 7694 1854 1814 7695 1905 1869 7696 1851 1815 7697 1906 1870 7698 1907 1872 7699 1856 1873 7700 1906 1870 7701 1856 1873 7702 1853 1871 7703 1857 1812 7704 1899 1860 7705 1842 1821 7706 1908 1874 7707 1895 1875 7708 1822 1876 7709 1908 1874 7710 1822 1876 7711 1823 1877 7712 1910 1878 7713 1871 1879 7714 1870 1835 7715 1911 1880 7716 1910 1878 7717 1870 1835 7718 1911 1880 7719 1870 1835 7720 1828 1798 7721 1841 1881 7722 1912 1882 7723 1861 1883 7724 1912 1882 7725 1908 1874 7726 1823 1877 7727 1912 1882 7728 1823 1877 7729 1861 1883 7730 2047 1884 7731 1977 1857 7732 1837 1859 7733 2047 1884 7734 1837 1859 7735 1876 1885 7736 1913 1886 7737 2047 1884 7738 1876 1885 7739 1913 1886 7740 1876 1885 7741 1878 1887 7742 1913 1886 7743 1878 1887 7744 1880 1888 7745 1910 1878 7746 1913 1886 7747 1880 1888 7748 1910 1878 7749 1880 1888 7750 1871 1879 7751 1881 1889 7752 1909 1890 7753 1882 1841 7754 1909 1890 7755 1864 1826 7756 1882 1841 7757 1907 1872 7758 1914 1891 7759 1887 1892 7760 1907 1872 7761 1887 1892 7762 1856 1873 7763 1915 1893 7764 1904 1867 7765 1850 1868 7766 1915 1893 7767 1850 1868 7768 1888 1894 7769 1916 1895 7770 1917 1896 7771 786 1897 7772 1916 1895 7773 786 1897 7774 785 1898 7775 785 1898 7776 1918 1899 7777 1916 1895 7778 1920 1900 7779 1921 1901 7780 1922 1902 7781 1920 1900 7782 1922 1902 7783 1923 1903 7784 1924 1904 7785 1925 1905 7786 1815 1818 7787 1924 1904 7788 1815 1818 7789 1814 1848 7790 1920 1900 7791 1926 1906 7792 1927 1907 7793 1928 1908 7794 1920 1900 7795 1923 1903 7796 1892 1847 7797 1924 1904 7798 1814 1848 7799 1926 1906 7800 1920 1900 7801 1928 1908 7802 1928 1908 7803 1923 1903 7804 1929 1909 7805 1930 1910 7806 1927 1907 7807 1926 1906 7808 1930 1910 7809 1938 1911 7810 1927 1907 7811 1931 1912 7812 1893 1850 7813 1894 1852 7814 1932 1913 7815 1926 1906 7816 1928 1908 7817 1930 1910 7818 1926 1906 7819 1932 1913 7820 1933 1914 7821 1928 1908 7822 1929 1909 7823 1932 1913 7824 1928 1908 7825 1933 1914 7826 1934 1915 7827 1931 1912 7828 1894 1852 7829 1933 1914 7830 1929 1909 7831 1935 1916 7832 1936 1917 7833 1932 1913 7834 1933 1914 7835 1937 1918 7836 1930 1910 7837 1932 1913 7838 1937 1918 7839 1932 1913 7840 1936 1917 7841 1938 1911 7842 1930 1910 7843 1937 1918 7844 1939 1919 7845 1933 1914 7846 1935 1916 7847 1936 1917 7848 1933 1914 7849 1939 1919 7850 1939 1919 7851 1935 1916 7852 1940 1920 7853 1941 1921 7854 1934 1915 7855 1894 1852 7856 2702 1922 7857 1990 1923 7858 1944 1924 7859 1945 1925 7860 1990 1923 7861 2702 1922 7862 1987 1926 7863 1988 1927 7864 1946 1928 7865 1948 1929 7866 1949 1930 7867 1895 1875 7868 1952 1931 7869 1911 1880 7870 2625 1932 7871 2625 1932 7872 1911 1880 7873 1828 1798 7874 1955 1933 7875 2629 1934 7876 1958 1935 7877 1959 1936 7878 1898 1855 7879 1897 1854 7880 1960 1937 7881 1961 1938 7882 1959 1936 7883 1966 1939 7884 1964 1940 7885 1963 1941 7886 1965 1942 7887 1964 1940 7888 1966 1939 7889 1965 1942 7890 1998 1943 7891 1967 1944 7892 1968 1945 7893 1997 1946 7894 1970 1947 7895 1968 1945 7896 1970 1947 7897 1969 1948 7898 1970 1947 7899 1971 1949 7900 1969 1948 7901 1971 1949 7902 1973 1950 7903 1974 1951 7904 1971 1949 7905 1974 1951 7906 1972 1952 7907 1974 1951 7908 1975 1953 7909 1972 1952 7910 1974 1951 7911 1976 1954 7912 1975 1953 7913 1977 1857 7914 1978 1955 7915 1838 1858 7916 1979 1956 7917 1980 1957 7918 1981 1958 7919 1976 1954 7920 1979 1956 7921 1975 1953 7922 1978 1955 7923 1983 1959 7924 1912 1882 7925 1978 1955 7926 1912 1882 7927 1841 1881 7928 1978 1955 7929 1841 1881 7930 1838 1858 7931 1979 1956 7932 1984 1960 7933 1985 1961 7934 1979 1956 7935 1985 1961 7936 1980 1957 7937 1976 1954 7938 1984 1960 7939 1979 1956 7940 1947 1962 7941 1976 1954 7942 1982 1963 7943 1982 1963 7944 1986 1964 7945 1947 1962 7946 1986 1964 7947 2698 1965 7948 1947 1962 7949 1986 1964 7950 1987 1926 7951 2698 1965 7952 1989 1966 7953 1990 1923 7954 1945 1925 7955 1991 1967 7956 2704 1968 7957 1944 1924 7958 1991 1967 7959 1943 1969 7960 2704 1968 7961 1992 1970 7962 1938 1911 7963 1943 1969 7964 1991 1967 7965 1992 1970 7966 1943 1969 7967 1938 1911 7968 2635 1971 7969 1943 1969 7970 1938 1911 7971 1942 1972 7972 2635 1971 7973 1938 1911 7974 1937 1918 7975 1942 1972 7976 2015 1973 7977 1992 1970 7978 1991 1967 7979 1944 1924 7980 2014 1974 7981 2015 1973 7982 1944 1924 7983 2015 1973 7984 1991 1967 7985 1990 1923 7986 2014 1974 7987 1944 1924 7988 1989 1966 7989 1993 1975 7990 1990 1923 7991 1994 1976 7992 1995 1977 7993 1988 1927 7994 1988 1927 7995 1987 1926 7996 1994 1976 7997 1987 1926 7998 1986 1964 7999 1994 1976 8000 1996 1978 8001 1986 1964 8002 1982 1963 8003 1982 1963 8004 1974 1951 8005 1996 1978 8006 1973 1950 8007 2010 1979 8008 1996 1978 8009 1973 1950 8010 1996 1978 8011 1974 1951 8012 1982 1963 8013 1976 1954 8014 1974 1951 8015 1970 1947 8016 2009 1980 8017 1973 1950 8018 1973 1950 8019 1971 1949 8020 1970 1947 8021 1997 1946 8022 1967 1944 8023 1919 1981 8024 1998 1943 8025 1919 1981 8026 1967 1944 8027 1997 1946 8028 1968 1945 8029 1967 1944 8030 1966 1939 8031 2006 1982 8032 1998 1943 8033 1998 1943 8034 1965 1942 8035 1966 1939 8036 1999 1983 8037 2001 1984 8038 2000 1985 8039 2000 1985 8040 1900 1861 8041 1899 1860 8042 1999 1983 8043 1962 1986 8044 2001 1984 8045 1966 1939 8046 1963 1941 8047 1962 1986 8048 1966 1939 8049 1962 1986 8050 1999 1983 8051 2002 1987 8052 1959 1936 8053 1897 1854 8054 2002 1987 8055 1897 1854 8056 1901 1862 8057 2003 1988 8058 1960 1937 8059 1959 1936 8060 2003 1988 8061 1959 1936 8062 2002 1987 8063 2000 1985 8064 2001 1984 8065 1902 1864 8066 2000 1985 8067 1902 1864 8068 1900 1861 8069 2005 1989 8070 2006 1982 8071 2004 1990 8072 2008 1991 8073 2004 1990 8074 1903 1865 8075 2007 1992 8076 2005 1989 8077 2004 1990 8078 2007 1992 8079 2004 1990 8080 2008 1991 8081 2008 1991 8082 1903 1865 8083 1904 1867 8084 788 1993 8085 2007 1992 8086 2008 1991 8087 787 1994 8088 2009 1980 8089 788 1993 8090 2010 1979 8091 2009 1980 8092 787 1994 8093 787 1994 8094 2011 1995 8095 2010 1979 8096 2012 1996 8097 1996 1978 8098 2010 1979 8099 2011 1995 8100 2012 1996 8101 2010 1979 8102 1917 1896 8103 1916 1895 8104 2013 1997 8105 1995 1977 8106 1994 1976 8107 2012 1996 8108 1916 1895 8109 1990 1923 8110 1993 1975 8111 1916 1895 8112 1993 1975 8113 2013 1997 8114 1916 1895 8115 2014 1974 8116 1990 1923 8117 1918 1899 8118 2015 1973 8119 2014 1974 8120 1916 1895 8121 1918 1899 8122 2014 1974 8123 2015 1973 8124 2016 1998 8125 1992 1970 8126 2015 1973 8127 1918 1899 8128 2016 1998 8129 2017 1999 8130 1992 1970 8131 2016 1998 8132 2017 1999 8133 1927 1907 8134 1938 1911 8135 1938 1911 8136 1992 1970 8137 2017 1999 8138 2018 2000 8139 2019 2001 8140 2020 2002 8141 2022 2003 8142 2023 2004 8143 2018 2000 8144 2017 1999 8145 2016 1998 8146 2023 2004 8147 2017 1999 8148 2023 2004 8149 2022 2003 8150 2018 2000 8151 2024 2005 8152 2025 2006 8153 2018 2000 8154 2025 2006 8155 2019 2001 8156 2023 2004 8157 2024 2005 8158 2018 2000 8159 2016 1998 8160 1918 1899 8161 2023 2004 8162 1921 1901 8163 2018 2000 8164 2020 2002 8165 1921 1901 8166 2020 2002 8167 2026 2007 8168 1854 1814 8169 2021 2008 8170 1905 1869 8171 2022 2003 8172 2018 2000 8173 1921 1901 8174 1927 1907 8175 2017 1999 8176 2022 2003 8177 1921 1901 8178 2026 2007 8179 1922 1902 8180 1925 1905 8181 1854 1814 8182 1815 1818 8183 1920 1900 8184 2022 2003 8185 1921 1901 8186 1927 1907 8187 2022 2003 8188 1920 1900 8189 2024 2005 8190 2027 2009 8191 2025 2006 8192 2023 2004 8193 785 1898 8194 2024 2005 8195 1918 1899 8196 785 1898 8197 2023 2004 8198 1994 1976 8199 1986 1964 8200 1996 1978 8201 1994 1976 8202 1996 1978 8203 2012 1996 8204 2010 1979 8205 1973 1950 8206 2009 1980 8207 1919 1981 8208 2007 1992 8209 788 1993 8210 1997 1946 8211 1919 1981 8212 788 1993 8213 2009 1980 8214 1970 1947 8215 1997 1946 8216 2009 1980 8217 1997 1946 8218 788 1993 8219 1919 1981 8220 2005 1989 8221 2007 1992 8222 1919 1981 8223 2006 1982 8224 2005 1989 8225 1919 1981 8226 1998 1943 8227 2006 1982 8228 1966 1939 8229 1999 1983 8230 2006 1982 8231 2006 1982 8232 1999 1983 8233 2028 2010 8234 2029 2011 8235 1899 1860 8236 1857 1812 8237 2028 2010 8238 2000 1985 8239 1899 1860 8240 2028 2010 8241 1899 1860 8242 2029 2011 8243 1999 1983 8244 2000 1985 8245 2028 2010 8246 2004 1990 8247 2028 2010 8248 2029 2011 8249 2004 1990 8250 2029 2011 8251 1903 1865 8252 1903 1865 8253 2029 2011 8254 1857 1812 8255 2006 1982 8256 2028 2010 8257 2004 1990 8258 2030 2012 8259 1948 1929 8260 1908 1874 8261 1984 1960 8262 1951 2013 8263 2031 2014 8264 1948 1929 8265 1895 1875 8266 1908 1874 8267 1984 1960 8268 1950 2015 8269 1951 2013 8270 1976 1954 8271 1950 2015 8272 1984 1960 8273 1953 2016 8274 2041 2017 8275 2033 2018 8276 1953 2016 8277 2033 2018 8278 1954 2019 8279 1952 1931 8280 2032 2020 8281 1911 1880 8282 1953 2016 8283 1955 1933 8284 2034 2021 8285 2036 2022 8286 1957 2023 8287 1956 2024 8288 2035 2025 8289 1896 2026 8290 1909 1890 8291 1909 1890 8292 1896 2026 8293 1864 1826 8294 2035 2025 8295 1956 2024 8296 1896 2026 8297 2036 2022 8298 1956 2024 8299 2035 2025 8300 2034 2021 8301 1955 1933 8302 1958 1935 8303 2038 2027 8304 1953 2016 8305 2034 2021 8306 2039 2028 8307 2040 2029 8308 1910 1878 8309 2041 2017 8310 2042 2030 8311 2043 2031 8312 2041 2017 8313 2043 2031 8314 2044 2032 8315 2038 2027 8316 2042 2030 8317 2041 2017 8318 2034 2021 8319 2037 2033 8320 2038 2027 8321 2039 2028 8322 1910 1878 8323 1911 1880 8324 2041 2017 8325 2044 2032 8326 2045 2034 8327 2032 2020 8328 2039 2028 8329 1911 1880 8330 2041 2017 8331 2045 2034 8332 2033 2018 8333 1953 2016 8334 2038 2027 8335 2041 2017 8336 1983 1959 8337 2030 2012 8338 1912 1882 8339 1984 1960 8340 2046 2035 8341 1985 1961 8342 2030 2012 8343 1908 1874 8344 1912 1882 8345 1984 1960 8346 2031 2014 8347 2046 2035 8348 1979 1956 8349 1981 1958 8350 2048 2036 8351 2049 2037 8352 2047 1884 8353 1913 1886 8354 2042 2030 8355 1979 1956 8356 2048 2036 8357 2042 2030 8358 2048 2036 8359 2050 2038 8360 1975 1953 8361 1979 1956 8362 2042 2030 8363 2051 2039 8364 1972 1952 8365 1975 1953 8366 2052 2040 8367 2049 2037 8368 1913 1886 8369 2042 2030 8370 2050 2038 8371 2053 2041 8372 2051 2039 8373 1975 1953 8374 2042 2030 8375 2051 2039 8376 2054 2042 8377 1972 1952 8378 2040 2029 8379 2052 2040 8380 1913 1886 8381 2040 2029 8382 1913 1886 8383 1910 1878 8384 2042 2030 8385 2053 2041 8386 2043 2031 8387 2042 2030 8388 2038 2027 8389 2051 2039 8390 2055 2043 8391 2054 2042 8392 2051 2039 8393 2038 2027 8394 2037 2033 8395 2055 2043 8396 2038 2027 8397 2055 2043 8398 2051 2039 8399 2057 2044 8400 1909 1890 8401 1881 1889 8402 2058 2045 8403 2059 2046 8404 2056 2047 8405 2056 2047 8406 2035 2025 8407 1909 1890 8408 2056 2047 8409 1909 1890 8410 2057 2044 8411 2059 2046 8412 2036 2022 8413 2035 2025 8414 2059 2046 8415 2035 2025 8416 2056 2047 8417 2061 2048 8418 1884 2049 8419 1883 1843 8420 2062 2050 8421 2063 2051 8422 2060 2052 8423 2060 2052 8424 2066 2053 8425 2061 2048 8426 2061 2048 8427 2066 2053 8428 1885 2054 8429 2061 2048 8430 1885 2054 8431 1884 2049 8432 2063 2051 8433 2067 2055 8434 2066 2053 8435 2063 2051 8436 2066 2053 8437 2060 2052 8438 2066 2053 8439 2056 2047 8440 2057 2044 8441 2066 2053 8442 2057 2044 8443 1881 1889 8444 2066 2053 8445 1881 1889 8446 1885 2054 8447 2067 2055 8448 2058 2045 8449 2056 2047 8450 2067 2055 8451 2056 2047 8452 2066 2053 8453 2064 2056 8454 1968 1945 8455 1969 1948 8456 2064 2056 8457 1969 1948 8458 2065 2057 8459 1969 1948 8460 1971 1949 8461 2068 2058 8462 1969 1948 8463 2068 2058 8464 2065 2057 8465 2054 2042 8466 2068 2058 8467 1971 1949 8468 1971 1949 8469 1972 1952 8470 2054 2042 8471 1967 1944 8472 1968 1945 8473 2064 2056 8474 2064 2056 8475 1964 1940 8476 1967 1944 8477 1964 1940 8478 1965 1942 8479 1967 1944 8480 2069 2059 8481 1833 1801 8482 1898 1855 8483 2069 2059 8484 2060 2052 8485 2061 2048 8486 2069 2059 8487 2061 2048 8488 1883 1843 8489 2069 2059 8490 1883 1843 8491 1833 1801 8492 2070 2060 8493 2062 2050 8494 2060 2052 8495 2070 2060 8496 2060 2052 8497 2069 2059 8498 1959 1936 8499 2069 2059 8500 1898 1855 8501 1961 1938 8502 2070 2060 8503 2069 2059 8504 1961 1938 8505 2069 2059 8506 1959 1936 8507 2024 2005 8508 2071 2061 8509 2072 2062 8510 2024 2005 8511 2072 2062 8512 2027 2009 8513 785 1898 8514 786 1897 8515 2071 2061 8516 785 1898 8517 2071 2061 8518 2024 2005 8519 2073 2063 8520 2008 1991 8521 1904 1867 8522 2073 2063 8523 1904 1867 8524 2074 2064 8525 2074 2064 8526 1904 1867 8527 1915 1893 8528 787 1994 8529 788 1993 8530 2008 1991 8531 787 1994 8532 2008 1991 8533 2073 2063 8534 1701 1682 8535 1698 1679 8536 1697 1678 8537 1703 1767 8538 1704 1768 8539 1700 1681 8540 1700 1681 8541 1704 1768 8542 1789 1769 8543 1700 1681 8544 1789 1769 8545 1698 1679 8546 1698 1679 8547 1789 1769 8548 1792 1772 8549 1698 1679 8550 1792 1772 8551 1699 1680 8552 2075 2065 8553 1721 1717 8554 1717 1722 8555 1717 1722 8556 1714 1718 8557 2076 2066 8558 2076 2066 8559 1714 1718 8560 1715 1688 8561 2077 2067 8562 2078 2068 8563 2079 2069 8564 2077 2067 8565 2080 2070 8566 2078 2068 8567 2081 2071 8568 1720 1712 8569 2080 2070 8570 2082 2072 8571 2083 2073 8572 2093 2074 8573 2084 2075 8574 2085 2076 8575 1708 1701 8576 2084 2075 8577 1708 1701 8578 2086 2077 8579 2087 2078 8580 2088 2079 8581 2085 2076 8582 2087 2078 8583 2085 2076 8584 2084 2075 8585 2089 2080 8586 2088 2079 8587 2087 2078 8588 1720 1712 8589 2078 2068 8590 2080 2070 8591 2260 2081 8592 2076 2066 8593 1715 1688 8594 1716 1690 8595 2260 2081 8596 1715 1688 8597 2096 2082 8598 2097 2083 8599 2098 2084 8600 2096 2082 8601 2098 2084 8602 2099 2085 8603 2096 2082 8604 2099 2085 8605 2100 2086 8606 2096 2082 8607 2100 2086 8608 2101 2087 8609 2102 2088 8610 2096 2082 8611 2101 2087 8612 2102 2088 8613 2101 2087 8614 2103 2089 8615 2102 2088 8616 2103 2089 8617 2104 2090 8618 2102 2088 8619 2104 2090 8620 2105 2091 8621 2106 2092 8622 2102 2088 8623 2105 2091 8624 2106 2092 8625 2105 2091 8626 2107 2093 8627 2106 2092 8628 2107 2093 8629 2108 2094 8630 2109 2095 8631 2106 2092 8632 2108 2094 8633 2109 2095 8634 2108 2094 8635 2110 2096 8636 2109 2095 8637 2110 2096 8638 2111 2097 8639 2112 2098 8640 2109 2095 8641 2111 2097 8642 2112 2098 8643 2111 2097 8644 2113 2099 8645 2112 2098 8646 2113 2099 8647 2114 2100 8648 2115 2101 8649 2112 2098 8650 2114 2100 8651 2115 2101 8652 2114 2100 8653 2116 2102 8654 2115 2101 8655 2116 2102 8656 2117 2103 8657 2118 2104 8658 2115 2101 8659 2117 2103 8660 2118 2104 8661 2117 2103 8662 2119 2105 8663 2118 2104 8664 2119 2105 8665 2120 2106 8666 2118 2104 8667 2120 2106 8668 2121 2107 8669 2118 2104 8670 2121 2107 8671 2122 2108 8672 2123 2109 8673 2118 2104 8674 2122 2108 8675 2123 2109 8676 2122 2108 8677 2124 2110 8678 2123 2109 8679 2124 2110 8680 2125 2111 8681 2164 2112 8682 2175 2113 8683 2126 2114 8684 2159 2115 8685 2128 2116 8686 2130 2117 8687 2130 2117 8688 2128 2116 8689 2132 2118 8690 2130 2117 8691 2132 2118 8692 2133 2119 8693 2130 2117 8694 2133 2119 8695 2131 2120 8696 2132 2118 8697 2134 2121 8698 2133 2119 8699 2128 2116 8700 2173 2122 8701 2132 2118 8702 2132 2118 8703 2173 2122 8704 2135 2123 8705 2132 2118 8706 2135 2123 8707 2134 2121 8708 2129 2124 8709 2172 2125 8710 2128 2116 8711 2128 2116 8712 2172 2125 8713 2173 2122 8714 2138 2126 8715 2167 2127 8716 2139 2128 8717 2139 2128 8718 2141 2129 8719 2140 2130 8720 2144 2131 8721 2142 2132 8722 2145 2133 8723 2147 2134 8724 2149 2135 8725 2148 2136 8726 2144 2131 8727 2146 2137 8728 2147 2134 8729 2146 2137 8730 2144 2131 8731 2145 2133 8732 2146 2137 8733 2145 2133 8734 2150 2138 8735 2165 2139 8736 2164 2112 8737 2143 2140 8738 2165 2139 8739 2138 2126 8740 2154 2141 8741 2165 2139 8742 2154 2141 8743 2151 2142 8744 2152 2143 8745 2154 2141 8746 2155 2144 8747 2152 2143 8748 2155 2144 8749 2153 2145 8750 2151 2142 8751 2154 2141 8752 2152 2143 8753 2143 2140 8754 2138 2126 8755 2165 2139 8756 2156 2146 8757 2143 2140 8758 2142 2132 8759 2142 2132 8760 2144 2131 8761 2156 2146 8762 2156 2146 8763 2144 2131 8764 2157 2147 8765 2157 2147 8766 2148 2136 8767 2158 2148 8768 2144 2131 8769 2147 2134 8770 2157 2147 8771 2157 2147 8772 2147 2134 8773 2148 2136 8774 2162 2149 8775 2159 2115 8776 2160 2150 8777 2162 2149 8778 2160 2150 8779 2161 2151 8780 2162 2149 8781 2161 2151 8782 2163 2152 8783 2146 2137 8784 2159 2115 8785 2162 2149 8786 2162 2149 8787 2163 2152 8788 2149 2135 8789 2146 2137 8790 2162 2149 8791 2147 2134 8792 2147 2134 8793 2162 2149 8794 2149 2135 8795 2159 2115 8796 2146 2137 8797 2137 2153 8798 2146 2137 8799 2150 2138 8800 2137 2153 8801 2145 2133 8802 2172 2125 8803 2150 2138 8804 2136 2154 8805 2145 2133 8806 2142 2132 8807 2164 2112 8808 2136 2154 8809 2142 2132 8810 2164 2112 8811 2142 2132 8812 2143 2140 8813 2152 2143 8814 2153 2145 8815 2166 2155 8816 2138 2126 8817 2139 2128 8818 2154 2141 8819 2154 2141 8820 2140 2130 8821 2155 2144 8822 2154 2141 8823 2139 2128 8824 2140 2130 8825 2167 2127 8826 2138 2126 8827 2143 2140 8828 2167 2127 8829 2143 2140 8830 2156 2146 8831 2168 2156 8832 2169 2157 8833 2170 2158 8834 2167 2127 8835 2156 2146 8836 2157 2147 8837 2167 2127 8838 2157 2147 8839 2168 2156 8840 2168 2156 8841 2158 2148 8842 2169 2157 8843 2168 2156 8844 2157 2147 8845 2158 2148 8846 2160 2150 8847 2171 2159 8848 2161 2151 8849 2172 2125 8850 2129 2124 8851 2137 2153 8852 2172 2125 8853 2137 2153 8854 2150 2138 8855 2136 2154 8856 2164 2112 8857 2126 2114 8858 2136 2154 8859 2126 2114 8860 2173 2122 8861 2173 2122 8862 2126 2114 8863 2127 2160 8864 2173 2122 8865 2127 2160 8866 2174 2161 8867 2164 2112 8868 2165 2139 8869 2175 2113 8870 2175 2113 8871 2165 2139 8872 2151 2142 8873 2176 2162 8874 2152 2143 8875 2166 2155 8876 2175 2113 8877 2151 2142 8878 2152 2143 8879 2175 2113 8880 2152 2143 8881 2176 2162 8882 2173 2122 8883 2174 2161 8884 2177 2163 8885 2172 2125 8886 2136 2154 8887 2173 2122 8888 2173 2122 8889 2177 2163 8890 2135 2123 8891 2172 2125 8892 2145 2133 8893 2136 2154 8894 2129 2124 8895 2128 2116 8896 2137 2153 8897 2137 2153 8898 2128 2116 8899 2159 2115 8900 2159 2115 8901 2130 2117 8902 2178 2164 8903 2159 2115 8904 2178 2164 8905 2160 2150 8906 2171 2159 8907 2178 2164 8908 2179 2165 8909 2160 2150 8910 2178 2164 8911 2171 2159 8912 2178 2164 8913 2131 2120 8914 2179 2165 8915 2178 2164 8916 2130 2117 8917 2131 2120 8918 2126 2114 8919 2175 2113 8920 2176 2162 8921 2126 2114 8922 2176 2162 8923 2127 2160 8924 2167 2127 8925 2168 2156 8926 2139 2128 8927 2141 2129 8928 2168 2156 8929 2170 2158 8930 2139 2128 8931 2168 2156 8932 2141 2129 8933 2180 2166 8934 2181 2167 8935 2102 2088 8936 2181 2167 8937 2096 2082 8938 2102 2088 8939 2181 2167 8940 2182 2168 8941 2096 2082 8942 2183 2169 8943 2184 2170 8944 2118 2104 8945 2183 2169 8946 2118 2104 8947 2123 2109 8948 2184 2170 8949 2185 2171 8950 2115 2101 8951 2184 2170 8952 2115 2101 8953 2118 2104 8954 2185 2171 8955 2186 2172 8956 2115 2101 8957 2186 2172 8958 2187 2173 8959 2112 2098 8960 2186 2172 8961 2112 2098 8962 2115 2101 8963 2187 2173 8964 2188 2174 8965 2112 2098 8966 2188 2174 8967 2189 2175 8968 2112 2098 8969 2189 2175 8970 2109 2095 8971 2112 2098 8972 2190 2176 8973 2191 2177 8974 2109 2095 8975 2189 2175 8976 2190 2176 8977 2109 2095 8978 2191 2177 8979 2192 2178 8980 2106 2092 8981 2191 2177 8982 2106 2092 8983 2109 2095 8984 2192 2178 8985 2193 2179 8986 2106 2092 8987 2193 2179 8988 2102 2088 8989 2106 2092 8990 2193 2179 8991 2180 2166 8992 2102 2088 8993 2182 2168 8994 2097 2083 8995 2096 2082 8996 2127 2160 8997 2194 2180 8998 2195 2181 8999 2131 2120 9000 2133 2119 9001 2197 2182 9002 2131 2120 9003 2197 2182 9004 2196 2183 9005 2133 2119 9006 2134 2121 9007 2198 2184 9008 2133 2119 9009 2198 2184 9010 2197 2182 9011 2134 2121 9012 2135 2123 9013 2199 2185 9014 2134 2121 9015 2199 2185 9016 2198 2184 9017 2140 2130 9018 2141 2129 9019 2200 2186 9020 2140 2130 9021 2200 2186 9022 2201 2187 9023 2148 2136 9024 2202 2188 9025 2203 2189 9026 2148 2136 9027 2149 2135 9028 2204 2190 9029 2148 2136 9030 2204 2190 9031 2202 2188 9032 2158 2148 9033 2205 2191 9034 2206 2192 9035 2158 2148 9036 2148 2136 9037 2203 2189 9038 2158 2148 9039 2203 2189 9040 2205 2191 9041 2163 2152 9042 2161 2151 9043 2207 2193 9044 2163 2152 9045 2207 2193 9046 2208 2194 9047 2163 2152 9048 2208 2194 9049 2209 2195 9050 2149 2135 9051 2163 2152 9052 2209 2195 9053 2149 2135 9054 2209 2195 9055 2204 2190 9056 2155 2144 9057 2140 2130 9058 2201 2187 9059 2169 2157 9060 2158 2148 9061 2206 2192 9062 2169 2157 9063 2206 2192 9064 2210 2196 9065 2161 2151 9066 2171 2159 9067 2211 2197 9068 2161 2151 9069 2211 2197 9070 2207 2193 9071 2174 2161 9072 2195 2181 9073 2212 2198 9074 2174 2161 9075 2127 2160 9076 2195 2181 9077 2176 2162 9078 2166 2155 9079 2213 2199 9080 2177 2163 9081 2174 2161 9082 2212 2198 9083 2177 2163 9084 2212 2198 9085 2214 2200 9086 2177 2163 9087 2214 2200 9088 2215 2201 9089 2135 2123 9090 2177 2163 9091 2215 2201 9092 2135 2123 9093 2215 2201 9094 2199 2185 9095 2171 2159 9096 2179 2165 9097 2211 2197 9098 2179 2165 9099 2131 2120 9100 2196 2183 9101 2176 2162 9102 2213 2199 9103 2194 2180 9104 2127 2160 9105 2176 2162 9106 2194 2180 9107 2141 2129 9108 2170 2158 9109 2200 2186 9110 2088 2079 9111 2090 2202 9112 2216 2203 9113 2216 2203 9114 2090 2202 9115 2217 2204 9116 2216 2203 9117 2085 2076 9118 2088 2079 9119 2085 2076 9120 2216 2203 9121 1708 1701 9122 1708 1701 9123 2216 2203 9124 2218 2205 9125 2219 2206 9126 2093 2074 9127 2083 2073 9128 2219 2206 9129 2083 2073 9130 2220 2207 9131 2078 2068 9132 1720 1712 9133 2221 2208 9134 2078 2068 9135 2221 2208 9136 2222 2209 9137 2083 2073 9138 2078 2068 9139 2222 2209 9140 2083 2073 9141 2222 2209 9142 2220 2207 9143 2219 2206 9144 2223 2210 9145 2093 2074 9146 2223 2210 9147 2224 2211 9148 2093 2074 9149 2224 2211 9150 2092 2212 9151 2093 2074 9152 2091 2213 9153 2225 2214 9154 2226 2215 9155 2225 2214 9156 2091 2213 9157 2092 2212 9158 2092 2212 9159 2224 2211 9160 2225 2214 9161 2090 2202 9162 2091 2213 9163 2226 2215 9164 2090 2202 9165 2226 2215 9166 2227 2216 9167 2090 2202 9168 2227 2216 9169 2217 2204 9170 2228 2217 9171 1708 1701 9172 2218 2205 9173 2075 2065 9174 1722 1707 9175 1721 1717 9176 2229 2218 9177 2230 2219 9178 2217 2204 9179 2229 2218 9180 2217 2204 9181 2227 2216 9182 1730 1695 9183 1723 1694 9184 2231 2220 9185 2232 2221 9186 2233 2222 9187 2216 2203 9188 2232 2221 9189 2216 2203 9190 2217 2204 9191 1723 1694 9192 1727 1708 9193 2231 2220 9194 2230 2219 9195 2232 2221 9196 2217 2204 9197 2236 2223 9198 2237 2224 9199 2216 2203 9200 2237 2224 9201 2239 2225 9202 2218 2205 9203 2237 2224 9204 2218 2205 9205 2216 2203 9206 2235 2226 9207 2234 2227 9208 2240 2228 9209 2235 2226 9210 2240 2228 9211 2241 2229 9212 2242 2230 9213 2243 2231 9214 2218 2205 9215 2234 2227 9216 2238 2232 9217 2244 2233 9218 2234 2227 9219 2244 2233 9220 2240 2228 9221 2238 2232 9222 2252 2234 9223 2244 2233 9224 2239 2225 9225 2242 2230 9226 2218 2205 9227 2245 2235 9228 2246 2236 9229 2220 2207 9230 2247 2237 9231 2248 2238 9232 2221 2208 9233 2240 2228 9234 2249 2239 9235 2250 2240 9236 2241 2229 9237 2240 2228 9238 2250 2240 9239 2248 2238 9240 2251 2241 9241 2222 2209 9242 2248 2238 9243 2222 2209 9244 2221 2208 9245 2240 2228 9246 2244 2233 9247 2249 2239 9248 2251 2241 9249 2253 2242 9250 2222 2209 9251 2250 2240 9252 2249 2239 9253 2254 2243 9254 2250 2240 9255 2254 2243 9256 2255 2244 9257 2253 2242 9258 2245 2235 9259 2220 2207 9260 2253 2242 9261 2220 2207 9262 2222 2209 9263 2256 2245 9264 2257 2246 9265 2223 2210 9266 2256 2245 9267 2223 2210 9268 2219 2206 9269 2257 2246 9270 2258 2247 9271 2223 2210 9272 2258 2247 9273 2259 2248 9274 2224 2211 9275 2258 2247 9276 2224 2211 9277 2223 2210 9278 2283 2249 9279 2260 2081 9280 1716 1690 9281 2261 2250 9282 2262 2251 9283 2225 2214 9284 2261 2250 9285 2225 2214 9286 2224 2211 9287 2259 2248 9288 2261 2250 9289 2224 2211 9290 2263 2252 9291 2247 2237 9292 2221 2208 9293 2262 2251 9294 2264 2253 9295 2226 2215 9296 2262 2251 9297 2226 2215 9298 2225 2214 9299 2264 2253 9300 2265 2254 9301 2226 2215 9302 1725 1692 9303 2266 2255 9304 2267 2256 9305 2265 2254 9306 2229 2218 9307 2227 2216 9308 2265 2254 9309 2227 2216 9310 2226 2215 9311 1730 1695 9312 2231 2220 9313 2266 2255 9314 1725 1692 9315 1730 1695 9316 2266 2255 9317 2243 2231 9318 2268 2257 9319 2228 2217 9320 2243 2231 9321 2228 2217 9322 2218 2205 9323 2233 2222 9324 2236 2223 9325 2216 2203 9326 2246 2236 9327 2269 2258 9328 2219 2206 9329 2246 2236 9330 2219 2206 9331 2220 2207 9332 2269 2258 9333 2256 2245 9334 2219 2206 9335 2086 2077 9336 1708 1701 9337 1735 1702 9338 2272 2259 9339 2090 2202 9340 2088 2079 9341 2272 2259 9342 2088 2079 9343 2089 2080 9344 2273 2260 9345 2091 2213 9346 2090 2202 9347 2273 2260 9348 2090 2202 9349 2272 2259 9350 2274 2261 9351 2091 2213 9352 2273 2260 9353 2275 2262 9354 2092 2212 9355 2091 2213 9356 2275 2262 9357 2091 2213 9358 2274 2261 9359 2276 2263 9360 2092 2212 9361 2277 2264 9362 2277 2264 9363 2092 2212 9364 2275 2262 9365 2276 2263 9366 2093 2074 9367 2092 2212 9368 2278 2265 9369 2093 2074 9370 2276 2263 9371 2279 2266 9372 2093 2074 9373 2278 2265 9374 2082 2072 9375 2093 2074 9376 2279 2266 9377 2079 2069 9378 2083 2073 9379 2082 2072 9380 2079 2069 9381 2078 2068 9382 2083 2073 9383 2231 2220 9384 1727 1708 9385 2270 2267 9386 1727 1708 9387 1722 1707 9388 2271 2268 9389 1727 1708 9390 2271 2268 9391 2270 2267 9392 2267 2256 9393 2266 2255 9394 2280 2269 9395 2075 2065 9396 2281 2270 9397 2271 2268 9398 1722 1707 9399 2075 2065 9400 2271 2268 9401 2285 2271 9402 2282 2272 9403 2076 2066 9404 2285 2271 9405 2076 2066 9406 2260 2081 9407 2283 2249 9408 2285 2271 9409 2260 2081 9410 2282 2272 9411 2284 2273 9412 2076 2066 9413 2076 2066 9414 2284 2273 9415 1717 1722 9416 2284 2273 9417 2281 2270 9418 2075 2065 9419 2284 2273 9420 2075 2065 9421 1717 1722 9422 2285 2271 9423 2286 2274 9424 2282 2272 9425 2287 2275 9426 2285 2271 9427 2288 2276 9428 2286 2274 9429 2289 2277 9430 2284 2273 9431 2286 2274 9432 2284 2273 9433 2282 2272 9434 2288 2276 9435 2285 2271 9436 2283 2249 9437 2289 2277 9438 2290 2278 9439 2284 2273 9440 2290 2278 9441 2281 2270 9442 2284 2273 9443 2291 2279 9444 2271 2268 9445 2281 2270 9446 2291 2279 9447 2281 2270 9448 2290 2278 9449 2266 2255 9450 2231 2220 9451 2292 2280 9452 2266 2255 9453 2292 2280 9454 2293 2281 9455 2294 2282 9456 2266 2255 9457 2293 2281 9458 2294 2282 9459 2293 2281 9460 2295 2283 9461 2231 2220 9462 2296 2284 9463 2292 2280 9464 2280 2269 9465 2266 2255 9466 2294 2282 9467 2231 2220 9468 2270 2267 9469 2296 2284 9470 2270 2267 9471 2271 2268 9472 2291 2279 9473 2270 2267 9474 2291 2279 9475 2296 2284 9476 2297 2285 9477 789 2286 9478 2298 2287 9479 2299 2288 9480 2297 2285 9481 2298 2287 9482 2298 2287 9483 789 2286 9484 2301 2289 9485 2301 2289 9486 789 2286 9487 790 2290 9488 2301 2289 9489 790 2290 9490 2302 2291 9491 2301 2289 9492 2302 2291 9493 2303 2292 9494 2304 2293 9495 2305 2294 9496 2306 2295 9497 2307 2296 9498 2304 2293 9499 2306 2295 9500 2305 2294 9501 2308 2297 9502 2306 2295 9503 2305 2294 9504 2310 2298 9505 2308 2297 9506 2310 2298 9507 2309 2299 9508 2308 2297 9509 2312 2300 9510 2305 2294 9511 2304 2293 9512 2310 2298 9513 2313 2301 9514 2309 2299 9515 2313 2301 9516 2311 2302 9517 2309 2299 9518 2313 2301 9519 2314 2303 9520 2311 2302 9521 2314 2303 9522 2316 2304 9523 2317 2305 9524 2317 2305 9525 2315 2306 9526 2314 2303 9527 2318 2307 9528 2319 2308 9529 2320 2309 9530 2321 2310 9531 2318 2307 9532 2322 2311 9533 2319 2308 9534 2315 2306 9535 2317 2305 9536 2319 2308 9537 2317 2305 9538 2320 2309 9539 2317 2305 9540 2323 2312 9541 2324 2313 9542 2322 2311 9543 2318 2307 9544 2325 2314 9545 2320 2309 9546 2317 2305 9547 2324 2313 9548 2318 2307 9549 2320 2309 9550 2286 2274 9551 2318 2307 9552 2286 2274 9553 2285 2271 9554 2325 2314 9555 2318 2307 9556 2285 2271 9557 2325 2314 9558 2285 2271 9559 2326 2315 9560 2320 2309 9561 2324 2313 9562 2327 2316 9563 2320 2309 9564 2327 2316 9565 2286 2274 9566 2254 2243 9567 2249 2239 9568 2319 2308 9569 2249 2239 9570 2315 2306 9571 2319 2308 9572 2254 2243 9573 2319 2308 9574 2318 2307 9575 2328 2317 9576 2254 2243 9577 2318 2307 9578 2328 2317 9579 2318 2307 9580 2321 2310 9581 2255 2244 9582 2254 2243 9583 2328 2317 9584 2249 2239 9585 2244 2233 9586 2315 2306 9587 2244 2233 9588 2252 2234 9589 2315 2306 9590 2252 2234 9591 2314 2303 9592 2315 2306 9593 2311 2302 9594 2314 2303 9595 2252 2234 9596 2252 2234 9597 2238 2232 9598 2311 2302 9599 2238 2232 9600 2309 2299 9601 2311 2302 9602 2330 2318 9603 2329 2319 9604 2234 2227 9605 2330 2318 9606 2234 2227 9607 2235 2226 9608 2329 2319 9609 2309 2299 9610 2238 2232 9611 2329 2319 9612 2238 2232 9613 2234 2227 9614 2331 2320 9615 2329 2319 9616 2330 2318 9617 2307 2296 9618 2306 2295 9619 2331 2320 9620 2331 2320 9621 2306 2295 9622 2329 2319 9623 2306 2295 9624 2308 2297 9625 2309 2299 9626 2306 2295 9627 2309 2299 9628 2329 2319 9629 2326 2315 9630 2285 2271 9631 2287 2275 9632 2286 2274 9633 2327 2316 9634 2289 2277 9635 2324 2313 9636 2323 2312 9637 2332 2321 9638 2324 2313 9639 2332 2321 9640 2327 2316 9641 2332 2321 9642 2290 2278 9643 2289 2277 9644 2332 2321 9645 2289 2277 9646 2327 2316 9647 2323 2312 9648 2333 2322 9649 2334 2323 9650 2323 2312 9651 2334 2323 9652 2332 2321 9653 2334 2323 9654 2291 2279 9655 2290 2278 9656 2334 2323 9657 2290 2278 9658 2332 2321 9659 2293 2281 9660 2292 2280 9661 2335 2324 9662 2293 2281 9663 2335 2324 9664 2336 2325 9665 2337 2326 9666 2293 2281 9667 2336 2325 9668 2337 2326 9669 2336 2325 9670 2338 2327 9671 2292 2280 9672 2339 2328 9673 2335 2324 9674 2292 2280 9675 2334 2323 9676 2333 2322 9677 2292 2280 9678 2333 2322 9679 2339 2328 9680 2295 2283 9681 2293 2281 9682 2337 2326 9683 2296 2284 9684 2291 2279 9685 2334 2323 9686 2296 2284 9687 2334 2323 9688 2292 2280 9689 2341 2329 9690 2336 2325 9691 2340 2330 9692 2341 2329 9693 2340 2330 9694 2342 2331 9695 2340 2330 9696 2339 2328 9697 2300 2332 9698 2339 2328 9699 2094 2333 9700 2300 2332 9701 2342 2331 9702 2340 2330 9703 2297 2285 9704 2342 2331 9705 2297 2285 9706 2299 2288 9707 2340 2330 9708 2300 2332 9709 2297 2285 9710 2297 2285 9711 2300 2332 9712 789 2286 9713 790 2290 9714 789 2286 9715 2300 2332 9716 2302 2291 9717 790 2290 9718 2343 2334 9719 2302 2291 9720 2343 2334 9721 2344 2335 9722 2345 2336 9723 2302 2291 9724 2344 2335 9725 790 2290 9726 2346 2337 9727 2343 2334 9728 790 2290 9729 2300 2332 9730 2346 2337 9731 2303 2292 9732 2302 2291 9733 2345 2336 9734 2344 2335 9735 2343 2334 9736 2305 2294 9737 2345 2336 9738 2344 2335 9739 2305 2294 9740 2345 2336 9741 2305 2294 9742 2312 2300 9743 2343 2334 9744 2346 2337 9745 2310 2298 9746 2343 2334 9747 2310 2298 9748 2305 2294 9749 2346 2337 9750 2347 2338 9751 2310 2298 9752 2313 2301 9753 2310 2298 9754 2347 2338 9755 1713 1687 9756 2095 2339 9757 1711 1685 9758 2348 2340 9759 2316 2304 9760 2313 2301 9761 2348 2340 9762 2313 2301 9763 2347 2338 9764 2316 2304 9765 2314 2303 9766 2313 2301 9767 2348 2340 9768 2333 2322 9769 2316 2304 9770 2333 2322 9771 2323 2312 9772 2316 2304 9773 2348 2340 9774 2339 2328 9775 2333 2322 9776 2347 2338 9777 2094 2333 9778 2348 2340 9779 2338 2327 9780 2336 2325 9781 2349 2341 9782 2339 2328 9783 2348 2340 9784 2094 2333 9785 2336 2325 9786 2335 2324 9787 2340 2330 9788 2349 2341 9789 2336 2325 9790 2341 2329 9791 2335 2324 9792 2339 2328 9793 2340 2330 9794 2347 2338 9795 2300 2332 9796 2094 2333 9797 2346 2337 9798 2300 2332 9799 2347 2338 9800 2323 2312 9801 2317 2305 9802 2316 2304 9803 1710 1704 9804 1719 1713 9805 1741 1715 9806 1710 1704 9807 1741 1715 9808 1736 1705 9809 1709 1703 9810 1736 1705 9811 2350 2342 9812 1709 1703 9813 2350 2342 9814 2351 2343 9815 1709 1703 9816 2351 2343 9817 2352 2344 9818 1728 2345 9819 1709 1703 9820 2352 2344 9821 1728 2345 9822 2353 2346 9823 2354 2347 9824 1728 2345 9825 2352 2344 9826 2353 2346 9827 1720 1712 9828 2081 2071 9829 1738 1710 9830 1729 2348 9831 2354 2347 9832 2355 2349 9833 1729 2348 9834 1728 2345 9835 2354 2347 9836 1729 2348 9837 2355 2349 9838 2356 2350 9839 1731 2351 9840 1729 2348 9841 2356 2350 9842 1731 2351 9843 2356 2350 9844 2357 2352 9845 1702 1696 9846 1731 2351 9847 2357 2352 9848 1702 1696 9849 2357 2352 9850 1732 1697 9851 2386 2353 9852 2387 2354 9853 2388 2355 9854 2386 2353 9855 2388 2355 9856 2389 2356 9857 2386 2353 9858 2389 2356 9859 2390 2357 9860 2391 2358 9861 2392 2359 9862 2393 2360 9863 2228 2217 9864 2268 2257 9865 2397 2361 9866 2400 2362 9867 2401 2363 9868 2403 2364 9869 2400 2362 9870 2403 2364 9871 2404 2365 9872 2404 2365 9873 2403 2364 9874 2405 2366 9875 2402 2367 9876 2399 2368 9877 1818 1853 9878 2404 2365 9879 2406 2369 9880 2407 2370 9881 2402 2367 9882 1818 1853 9883 1819 2371 9884 1821 1824 9885 1820 1823 9886 2408 2372 9887 1821 1824 9888 2408 2372 9889 2731 1844 9890 2404 2365 9891 2405 2366 9892 2406 2369 9893 2458 2373 9894 1824 1794 9895 1826 1796 9896 1830 1827 9897 1864 1826 9898 2411 2374 9899 2412 2375 9900 2413 2376 9901 2263 2252 9902 2412 2375 9903 2263 2252 9904 2221 2208 9905 2416 2377 9906 2417 2378 9907 2418 2379 9908 2419 2380 9909 2577 2381 9910 2414 2382 9911 2730 2383 9912 2420 2384 9913 2421 2385 9914 2407 2370 9915 2417 2378 9916 2416 2377 9917 2424 2386 9918 2425 2387 9919 2420 2384 9920 2424 2386 9921 2420 2384 9922 2730 2383 9923 2407 2370 9924 2406 2369 9925 2417 2378 9926 2416 2377 9927 2418 2379 9928 2428 2388 9929 2416 2377 9930 2428 2388 9931 2429 2389 9932 2429 2389 9933 2428 2388 9934 2432 2390 9935 2433 2391 9936 2434 2392 9937 2430 2393 9938 2435 2394 9939 2450 2395 9940 2436 2396 9941 2429 2389 9942 2432 2390 9943 2387 2354 9944 2429 2389 9945 2387 2354 9946 2386 2353 9947 2390 2357 9948 2438 2397 9949 2439 2398 9950 2390 2357 9951 2439 2398 9952 2412 2375 9953 2412 2375 9954 2439 2398 9955 2443 2399 9956 2442 2400 9957 2441 2401 9958 2445 2402 9959 2442 2400 9960 2445 2402 9961 2446 2403 9962 2412 2375 9963 2443 2399 9964 2447 2404 9965 2446 2403 9966 2445 2402 9967 2394 2405 9968 2412 2375 9969 2447 2404 9970 2413 2376 9971 2449 2406 9972 2450 2395 9973 2451 2407 9974 2449 2406 9975 2427 2408 9976 2450 2395 9977 2390 2357 9978 2389 2356 9979 2438 2397 9980 2452 2409 9981 2453 2410 9982 2454 2411 9983 2451 2407 9984 2450 2395 9985 2435 2394 9986 2228 2217 9987 2397 2361 9988 2453 2410 9989 2228 2217 9990 2453 2410 9991 2452 2409 9992 2731 1844 9993 2408 2372 9994 2455 2412 9995 2452 2409 9996 2454 2411 9997 2457 2413 9998 2452 2409 9999 2457 2413 10000 2392 2359 10001 2452 2409 10002 2392 2359 10003 2391 2358 10004 2458 2373 10005 2459 2414 10006 1824 1794 10007 2391 2358 10008 2460 2415 10009 2461 2416 10010 2391 2358 10011 2393 2360 10012 2460 2415 10013 1830 1827 10014 2411 2374 10015 2462 2417 10016 2391 2358 10017 2461 2416 10018 2401 2363 10019 2391 2358 10020 2401 2363 10021 2400 2362 10022 2400 2362 10023 1731 2351 10024 2391 2358 10025 2404 2365 10026 1729 2348 10027 1731 2351 10028 2404 2365 10029 1731 2351 10030 2400 2362 10031 2221 2208 10032 1718 1709 10033 2412 2375 10034 2221 2208 10035 1720 1712 10036 1718 1709 10037 2416 2377 10038 1728 2345 10039 2407 2370 10040 1729 2348 10041 2407 2370 10042 1728 2345 10043 2407 2370 10044 1729 2348 10045 2404 2365 10046 1728 2345 10047 2416 2377 10048 1709 1703 10049 1709 1703 10050 2416 2377 10051 2429 2389 10052 1709 1703 10053 2429 2389 10054 2386 2353 10055 2412 2375 10056 1719 1713 10057 1710 1704 10058 2412 2375 10059 1710 1704 10060 2390 2357 10061 1718 1709 10062 1719 1713 10063 2412 2375 10064 2390 2357 10065 1710 1704 10066 2386 2353 10067 1709 1703 10068 2386 2353 10069 1710 1704 10070 2228 2217 10071 1707 1699 10072 1708 1701 10073 1702 1696 10074 1707 1699 10075 2391 2358 10076 2452 2409 10077 1707 1699 10078 2228 2217 10079 2391 2358 10080 1707 1699 10081 2452 2409 10082 1731 2351 10083 1702 1696 10084 2391 2358 10085 2359 2418 10086 2463 2419 10087 2358 2420 10088 2360 2421 10089 2464 2422 10090 2465 2423 10091 2361 2424 10092 2464 2422 10093 2360 2421 10094 2362 2425 10095 2466 2426 10096 2363 2427 10097 2363 2427 10098 2467 2428 10099 2364 2429 10100 2365 2430 10101 2468 2431 10102 2469 2432 10103 2365 2430 10104 2469 2432 10105 2366 2433 10106 2367 2434 10107 2468 2431 10108 2365 2430 10109 2368 2435 10110 2470 2436 10111 2468 2431 10112 2368 2435 10113 2468 2431 10114 2367 2434 10115 2369 2437 10116 2464 2422 10117 2361 2424 10118 2370 2438 10119 2465 2423 10120 2470 2436 10121 2370 2438 10122 2470 2436 10123 2368 2435 10124 2364 2429 10125 2467 2428 10126 2471 2439 10127 2364 2429 10128 2471 2439 10129 2371 2440 10130 2372 2441 10131 2472 2442 10132 2374 2443 10133 2372 2441 10134 2374 2443 10135 2373 2444 10136 2375 2445 10137 2473 2446 10138 2376 2447 10139 2378 2448 10140 2474 2449 10141 2379 2450 10142 2378 2448 10143 2475 2451 10144 2474 2449 10145 2380 2452 10146 2475 2451 10147 2378 2448 10148 2371 2440 10149 2471 2439 10150 2475 2451 10151 2371 2440 10152 2475 2451 10153 2380 2452 10154 2381 2453 10155 2476 2454 10156 2472 2442 10157 2381 2453 10158 2472 2442 10159 2382 2455 10160 2382 2455 10161 2472 2442 10162 2372 2441 10163 2379 2450 10164 2476 2454 10165 2383 2456 10166 2379 2450 10167 2474 2449 10168 2476 2454 10169 2383 2456 10170 2476 2454 10171 2381 2453 10172 2358 2420 10173 2463 2419 10174 2473 2446 10175 2358 2420 10176 2473 2446 10177 2375 2445 10178 2366 2433 10179 2469 2432 10180 2384 2457 10181 2384 2457 10182 2469 2432 10183 2477 2458 10184 2384 2457 10185 2477 2458 10186 2385 2459 10187 2385 2459 10188 2477 2458 10189 2478 2460 10190 2385 2459 10191 2478 2460 10192 2466 2426 10193 2385 2459 10194 2466 2426 10195 2362 2425 10196 2360 2421 10197 2465 2423 10198 2370 2438 10199 2481 2461 10200 2482 2462 10201 2483 2463 10202 2481 2461 10203 2483 2463 10204 2484 2464 10205 2484 2464 10206 2485 2465 10207 2486 2466 10208 2484 2464 10209 2486 2466 10210 2489 2467 10211 2484 2464 10212 2483 2463 10213 2485 2465 10214 2489 2467 10215 2486 2466 10216 2490 2468 10217 2489 2467 10218 2490 2468 10219 2491 2469 10220 2489 2467 10221 2491 2469 10222 2492 2470 10223 2492 2470 10224 2491 2469 10225 2493 2471 10226 2492 2470 10227 2493 2471 10228 2495 2472 10229 2492 2470 10230 2495 2472 10231 2494 2473 10232 2494 2473 10233 2495 2472 10234 2496 2474 10235 2494 2473 10236 2496 2474 10237 2480 2475 10238 2494 2473 10239 2480 2475 10240 2479 2476 10241 2479 2476 10242 2480 2475 10243 2488 2477 10244 2479 2476 10245 2488 2477 10246 2487 2478 10247 2097 2083 10248 2182 2168 10249 2498 2479 10250 2097 2083 10251 2498 2479 10252 2497 2480 10253 2497 2480 10254 2498 2479 10255 2499 2481 10256 2497 2480 10257 2499 2481 10258 2481 2461 10259 2481 2461 10260 2499 2481 10261 2482 2462 10262 2502 2482 10263 2500 2483 10264 2463 2419 10265 2359 2418 10266 2502 2482 10267 2463 2419 10268 2502 2482 10269 2501 2484 10270 2500 2483 10271 2464 2422 10272 2504 2485 10273 2465 2423 10274 2464 2422 10275 791 2486 10276 2504 2485 10277 2466 2426 10278 2505 2487 10279 2506 2488 10280 2466 2426 10281 2506 2488 10282 2363 2427 10283 2506 2488 10284 2508 2489 10285 2467 2428 10286 2363 2427 10287 2506 2488 10288 2467 2428 10289 2506 2488 10290 2505 2487 10291 2507 2490 10292 2506 2488 10293 2507 2490 10294 2508 2489 10295 2503 2491 10296 2509 2492 10297 2507 2490 10298 2503 2491 10299 2510 2493 10300 2509 2492 10301 2512 2494 10302 2513 2495 10303 2511 2496 10304 2468 2431 10305 2514 2497 10306 2469 2432 10307 2514 2497 10308 2512 2494 10309 2511 2496 10310 2470 2436 10311 2514 2497 10312 2468 2431 10313 2522 2498 10314 2523 2499 10315 791 2486 10316 2522 2498 10317 791 2486 10318 2464 2422 10319 2369 2437 10320 2522 2498 10321 2464 2422 10322 2523 2499 10323 2524 2500 10324 791 2486 10325 791 2486 10326 2524 2500 10327 2515 2501 10328 2465 2423 10329 2504 2485 10330 2514 2497 10331 2465 2423 10332 2514 2497 10333 2470 2436 10334 2504 2485 10335 2515 2501 10336 2512 2494 10337 2504 2485 10338 2512 2494 10339 2514 2497 10340 2509 2492 10341 2510 2493 10342 2511 2496 10343 2509 2492 10344 2511 2496 10345 2516 2502 10346 2467 2428 10347 2508 2489 10348 2471 2439 10349 2472 2442 10350 2517 2503 10351 2502 2482 10352 2374 2443 10353 2472 2442 10354 2502 2482 10355 2517 2503 10356 2518 2504 10357 2501 2484 10358 2517 2503 10359 2501 2484 10360 2502 2482 10361 2374 2443 10362 2502 2482 10363 2359 2418 10364 2518 2504 10365 2520 2505 10366 2501 2484 10367 2519 2506 10368 2501 2484 10369 2520 2505 10370 2473 2446 10371 2500 2483 10372 2521 2507 10373 2473 2446 10374 2521 2507 10375 2376 2447 10376 2500 2483 10377 2519 2506 10378 2521 2507 10379 2377 2508 10380 2522 2498 10381 2369 2437 10382 2525 2509 10383 2512 2494 10384 2515 2501 10385 2525 2509 10386 2515 2501 10387 2520 2505 10388 2513 2495 10389 2512 2494 10390 2525 2509 10391 2516 2502 10392 2511 2496 10393 2513 2495 10394 2516 2502 10395 2529 2510 10396 2509 2492 10397 2529 2510 10398 2507 2490 10399 2509 2492 10400 2474 2449 10401 2526 2511 10402 2527 2512 10403 2526 2511 10404 2529 2510 10405 2527 2512 10406 2475 2451 10407 2526 2511 10408 2474 2449 10409 2526 2511 10410 2507 2490 10411 2529 2510 10412 2471 2439 10413 2508 2489 10414 2526 2511 10415 2471 2439 10416 2526 2511 10417 2475 2451 10418 2508 2489 10419 2507 2490 10420 2526 2511 10421 2476 2454 10422 2527 2512 10423 2517 2503 10424 2527 2512 10425 2528 2513 10426 2517 2503 10427 2476 2454 10428 2517 2503 10429 2472 2442 10430 2517 2503 10431 2528 2513 10432 2518 2504 10433 2528 2513 10434 2525 2509 10435 2518 2504 10436 2525 2509 10437 2520 2505 10438 2518 2504 10439 2524 2500 10440 2519 2506 10441 2520 2505 10442 2521 2507 10443 2523 2499 10444 2522 2498 10445 2376 2447 10446 2521 2507 10447 2522 2498 10448 2376 2447 10449 2522 2498 10450 2377 2508 10451 2521 2507 10452 2519 2506 10453 2524 2500 10454 2521 2507 10455 2524 2500 10456 2523 2499 10457 2520 2505 10458 2515 2501 10459 2524 2500 10460 2513 2495 10461 2528 2513 10462 2529 2510 10463 2513 2495 10464 2529 2510 10465 2516 2502 10466 2527 2512 10467 2529 2510 10468 2528 2513 10469 2474 2449 10470 2527 2512 10471 2476 2454 10472 2513 2495 10473 2525 2509 10474 2528 2513 10475 2463 2419 10476 2500 2483 10477 2473 2446 10478 2500 2483 10479 2501 2484 10480 2519 2506 10481 2514 2497 10482 2511 2496 10483 2503 2491 10484 2511 2496 10485 2510 2493 10486 2503 2491 10487 2469 2432 10488 2514 2497 10489 2530 2514 10490 2469 2432 10491 2530 2514 10492 2477 2458 10493 2514 2497 10494 2503 2491 10495 2530 2514 10496 2477 2458 10497 2530 2514 10498 2478 2460 10499 2478 2460 10500 2530 2514 10501 2505 2487 10502 2478 2460 10503 2505 2487 10504 2466 2426 10505 2530 2514 10506 2503 2491 10507 2505 2487 10508 2505 2487 10509 2503 2491 10510 2507 2490 10511 2504 2485 10512 791 2486 10513 2515 2501 10514 2531 2515 10515 2487 2478 10516 2532 2516 10517 2533 2517 10518 2479 2476 10519 2487 2478 10520 2533 2517 10521 2487 2478 10522 2531 2515 10523 2534 2518 10524 2479 2476 10525 2533 2517 10526 2535 2519 10527 2479 2476 10528 2534 2518 10529 2536 2520 10530 2479 2476 10531 2535 2519 10532 2537 2521 10533 2494 2473 10534 2479 2476 10535 2537 2521 10536 2479 2476 10537 2536 2520 10538 2538 2522 10539 2494 2473 10540 2537 2521 10541 2539 2523 10542 2494 2473 10543 2538 2522 10544 2539 2523 10545 2492 2470 10546 2494 2473 10547 2540 2524 10548 2492 2470 10549 2539 2523 10550 2541 2525 10551 2492 2470 10552 2540 2524 10553 2541 2525 10554 2489 2467 10555 2492 2470 10556 2542 2526 10557 2489 2467 10558 2541 2525 10559 2543 2527 10560 2489 2467 10561 2542 2526 10562 2543 2527 10563 2484 2464 10564 2489 2467 10565 2544 2528 10566 2484 2464 10567 2543 2527 10568 2545 2529 10569 2484 2464 10570 2544 2528 10571 2545 2529 10572 2481 2461 10573 2484 2464 10574 2546 2530 10575 2481 2461 10576 2545 2529 10577 2547 2531 10578 2481 2461 10579 2546 2530 10580 2548 2532 10581 2497 2480 10582 2481 2461 10583 2548 2532 10584 2481 2461 10585 2547 2531 10586 2549 2533 10587 2497 2480 10588 2548 2532 10589 2550 2534 10590 2097 2083 10591 2497 2480 10592 2550 2534 10593 2497 2480 10594 2549 2533 10595 2098 2084 10596 2097 2083 10597 2550 2534 10598 2551 2535 10599 793 2536 10600 792 2537 10601 2551 2535 10602 792 2537 10603 2552 2538 10604 2553 2539 10605 2554 2540 10606 2555 2541 10607 2553 2539 10608 2551 2535 10609 2552 2538 10610 2553 2539 10611 2552 2538 10612 2554 2540 10613 2556 2542 10614 795 2543 10615 794 2544 10616 2556 2542 10617 794 2544 10618 2557 2545 10619 2560 2546 10620 2556 2542 10621 2557 2545 10622 2560 2546 10623 2557 2545 10624 2561 2547 10625 2568 2548 10626 2569 2549 10627 2570 2550 10628 2568 2548 10629 2570 2550 10630 2687 2551 10631 2568 2548 10632 2687 2551 10633 2571 2552 10634 2573 2553 10635 2574 2554 10636 2569 2549 10637 2573 2553 10638 2569 2549 10639 2568 2548 10640 2575 2555 10641 2576 2556 10642 2568 2548 10643 2575 2555 10644 2568 2548 10645 2577 2381 10646 2576 2556 10647 2573 2553 10648 2568 2548 10649 2577 2381 10650 2568 2548 10651 2571 2552 10652 2693 2557 10653 2578 2558 10654 2566 2559 10655 2693 2557 10656 2566 2559 10657 2572 2560 10658 2565 2561 10659 2693 2557 10660 2572 2560 10661 2579 2562 10662 2562 2563 10663 2563 2564 10664 2580 2565 10665 2579 2562 10666 2563 2564 10667 2580 2565 10668 2563 2564 10669 2564 2566 10670 2580 2565 10671 2564 2566 10672 2581 2567 10673 2564 2566 10674 2565 2561 10675 2572 2560 10676 2564 2566 10677 2572 2560 10678 2581 2567 10679 2582 2568 10680 2583 2569 10681 2584 2570 10682 2582 2568 10683 2584 2570 10684 2585 2571 10685 2586 2572 10686 2587 2573 10687 2588 2574 10688 2587 2573 10689 2582 2568 10690 2585 2571 10691 2585 2571 10692 2584 2570 10693 2589 2575 10694 2585 2571 10695 2589 2575 10696 2573 2553 10697 2588 2574 10698 2587 2573 10699 2576 2556 10700 2588 2574 10701 2576 2556 10702 2590 2576 10703 2587 2573 10704 2585 2571 10705 2573 2553 10706 2587 2573 10707 2573 2553 10708 2576 2556 10709 2573 2553 10710 2589 2575 10711 2574 2554 10712 2590 2576 10713 2576 2556 10714 2575 2555 10715 2593 2577 10716 2594 2578 10717 2595 2579 10718 2593 2577 10719 2595 2579 10720 2582 2568 10721 2596 2580 10722 2593 2577 10723 2582 2568 10724 2582 2568 10725 2595 2579 10726 2583 2569 10727 2596 2580 10728 2587 2573 10729 2586 2572 10730 2596 2580 10731 2582 2568 10732 2587 2573 10733 2592 2581 10734 2591 2582 10735 2597 2583 10736 2592 2581 10737 2597 2583 10738 2598 2584 10739 2579 2562 10740 2592 2581 10741 2598 2584 10742 2598 2584 10743 2597 2583 10744 2599 2585 10745 2600 2586 10746 2599 2585 10747 2601 2587 10748 2602 2588 10749 2604 2589 10750 2605 2590 10751 2602 2588 10752 2605 2590 10753 2603 2591 10754 2562 2563 10755 2579 2562 10756 2598 2584 10757 2599 2585 10758 2606 2592 10759 2598 2584 10760 2607 2593 10761 2599 2585 10762 2600 2586 10763 2602 2588 10764 2608 2594 10765 2604 2589 10766 2562 2563 10767 2598 2584 10768 2606 2592 10769 2609 2595 10770 2606 2592 10771 2599 2585 10772 2610 2596 10773 2609 2595 10774 2599 2585 10775 2610 2596 10776 2599 2585 10777 2607 2593 10778 2611 2597 10779 2608 2594 10780 2602 2588 10781 2612 2598 10782 2609 2595 10783 2610 2596 10784 2614 2599 10785 1950 2015 10786 2615 2600 10787 2616 2601 10788 2618 2602 10789 2617 2603 10790 2615 2600 10791 1950 2015 10792 2619 2604 10793 2617 2603 10794 2618 2602 10795 2620 2605 10796 2621 2606 10797 2597 2583 10798 1953 2016 10799 2622 2607 10800 2621 2606 10801 2623 2608 10802 2624 2609 10803 2626 2610 10804 2625 1932 10805 2627 2611 10806 2621 2606 10807 2622 2607 10808 2624 2609 10809 2628 2612 10810 2626 2610 10811 2597 2583 10812 2591 2582 10813 2629 1934 10814 2599 2585 10815 2597 2583 10816 2621 2606 10817 2601 2587 10818 2599 2585 10819 2621 2606 10820 2601 2587 10821 2621 2606 10822 2627 2611 10823 2603 2591 10824 2605 2590 10825 2628 2612 10826 2603 2591 10827 2628 2612 10828 2624 2609 10829 2629 1934 10830 1953 2016 10831 2597 2583 10832 2630 2613 10833 2629 1934 10834 2591 2582 10835 1956 2024 10836 2594 2578 10837 2593 2577 10838 2596 2580 10839 1956 2024 10840 2593 2577 10841 1956 2024 10842 1957 2023 10843 2594 2578 10844 1896 2026 10845 1956 2024 10846 2596 2580 10847 2629 1934 10848 1955 1933 10849 1953 2016 10850 2623 2608 10851 2621 2606 10852 1953 2016 10853 2625 1932 10854 2626 2610 10855 2631 2614 10856 2633 2615 10857 2634 2616 10858 2616 2601 10859 2632 2617 10860 1950 2015 10861 2614 2599 10862 2616 2601 10863 2634 2616 10864 2618 2602 10865 2638 2618 10866 2637 2619 10867 2681 2620 10868 2450 2395 10869 2639 2621 10870 2679 2622 10871 2639 2621 10872 2638 2618 10873 2681 2620 10874 2639 2621 10875 2681 2620 10876 2679 2622 10877 2683 2623 10878 2640 2624 10879 2638 2618 10880 2641 2625 10881 2683 2623 10882 2638 2618 10883 2641 2625 10884 2638 2618 10885 2639 2621 10886 2641 2625 10887 2639 2621 10888 2450 2395 10889 2638 2618 10890 2640 2624 10891 2637 2619 10892 2637 2619 10893 2640 2624 10894 2642 2626 10895 2637 2619 10896 2643 2627 10897 2636 2628 10898 2637 2619 10899 2636 2628 10900 2680 2629 10901 2678 2630 10902 2680 2629 10903 2636 2628 10904 2644 2631 10905 2694 2632 10906 2645 2633 10907 2644 2631 10908 2645 2633 10909 793 2536 10910 2636 2628 10911 2644 2631 10912 793 2536 10913 793 2536 10914 2678 2630 10915 2636 2628 10916 2645 2633 10917 2695 2634 10918 2646 2635 10919 2647 2636 10920 2648 2637 10921 2649 2638 10922 2649 2638 10923 2699 2639 10924 2650 2640 10925 794 2544 10926 2651 2641 10927 2652 2642 10928 2557 2545 10929 794 2544 10930 2652 2642 10931 2561 2547 10932 2557 2545 10933 2654 2643 10934 2657 2644 10935 2656 2645 10936 2720 2646 10937 2658 2647 10938 2657 2644 10939 2720 2646 10940 2445 2402 10941 2659 2648 10942 2394 2405 10943 2660 2649 10944 2658 2647 10945 2661 2650 10946 2657 2644 10947 2655 2651 10948 2656 2645 10949 2662 2652 10950 2657 2644 10951 2658 2647 10952 2666 2653 10953 2663 2654 10954 2445 2402 10955 2664 2655 10956 2662 2652 10957 2658 2647 10958 2664 2655 10959 2658 2647 10960 2660 2649 10961 2652 2642 10962 2651 2641 10963 2665 2656 10964 2557 2545 10965 2652 2642 10966 2662 2652 10967 2654 2643 10968 2557 2545 10969 2662 2652 10970 2654 2643 10971 2662 2652 10972 2667 2657 10973 2652 2642 10974 2665 2656 10975 2655 2651 10976 2652 2642 10977 2655 2651 10978 2657 2644 10979 2662 2652 10980 2652 2642 10981 2657 2644 10982 2667 2657 10983 2662 2652 10984 2664 2655 10985 2635 1971 10986 1942 1972 10987 2655 2651 10988 2668 2658 10989 2635 1971 10990 2655 2651 10991 1942 1972 10992 2656 2645 10993 2655 2651 10994 2668 2658 10995 2655 2651 10996 2665 2656 10997 2665 2656 10998 2651 2641 10999 2670 2659 11000 2668 2658 11001 2665 2656 11002 2670 2659 11003 2651 2641 11004 2672 2660 11005 2671 2661 11006 2670 2659 11007 2651 2641 11008 2671 2661 11009 2674 2662 11010 2675 2663 11011 2673 2664 11012 2671 2661 11013 2672 2660 11014 2673 2664 11015 2674 2662 11016 2673 2664 11017 2672 2660 11018 2649 2638 11019 2650 2640 11020 2676 2665 11021 2672 2660 11022 2677 2666 11023 2674 2662 11024 2649 2638 11025 2676 2665 11026 2646 2635 11027 2646 2635 11028 2647 2636 11029 2649 2638 11030 2646 2635 11031 2676 2665 11032 792 2537 11033 2645 2633 11034 2646 2635 11035 792 2537 11036 793 2536 11037 2645 2633 11038 792 2537 11039 2551 2535 11040 2678 2630 11041 793 2536 11042 2679 2622 11043 2551 2535 11044 2553 2539 11045 2681 2620 11046 2680 2629 11047 2678 2630 11048 2681 2620 11049 2678 2630 11050 2551 2535 11051 2679 2622 11052 2681 2620 11053 2551 2535 11054 2681 2620 11055 2637 2619 11056 2680 2629 11057 2684 2667 11058 2682 2668 11059 2683 2623 11060 2684 2667 11061 2683 2623 11062 2685 2669 11063 2687 2551 11064 2688 2670 11065 2689 2671 11066 2687 2551 11067 2689 2671 11068 2690 2672 11069 2691 2673 11070 2687 2551 11071 2690 2672 11072 2691 2673 11073 2690 2672 11074 2692 2674 11075 2686 2675 11076 2567 2676 11077 2642 2626 11078 2686 2675 11079 2642 2626 11080 2640 2624 11081 2682 2668 11082 2686 2675 11083 2640 2624 11084 2685 2669 11085 2683 2623 11086 2641 2625 11087 2683 2623 11088 2682 2668 11089 2640 2624 11090 2642 2626 11091 2578 2558 11092 2643 2627 11093 2643 2627 11094 2637 2619 11095 2642 2626 11096 2693 2557 11097 2565 2561 11098 2644 2631 11099 2636 2628 11100 2643 2627 11101 2693 2557 11102 2636 2628 11103 2693 2557 11104 2644 2631 11105 2694 2632 11106 2563 2564 11107 2695 2634 11108 2695 2634 11109 2645 2633 11110 2694 2632 11111 2696 2677 11112 2697 2678 11113 2648 2637 11114 2647 2636 11115 2646 2635 11116 2695 2634 11117 2647 2636 11118 2695 2634 11119 2696 2677 11120 2648 2637 11121 2697 2678 11122 2698 1965 11123 2647 2636 11124 2696 2677 11125 2648 2637 11126 2699 2639 11127 2649 2638 11128 2648 2637 11129 2699 2639 11130 2648 2637 11131 2698 1965 11132 2699 2639 11133 1946 1928 11134 2700 2679 11135 2650 2640 11136 2699 2639 11137 2700 2679 11138 2675 2663 11139 2701 2680 11140 2702 1922 11141 2673 2664 11142 2675 2663 11143 2702 1922 11144 2671 2661 11145 2673 2664 11146 2702 1922 11147 2671 2661 11148 2702 1922 11149 2703 2681 11150 2670 2659 11151 2671 2661 11152 2703 2681 11153 2670 2659 11154 2703 2681 11155 2704 1968 11156 2668 2658 11157 2670 2659 11158 2704 1968 11159 2668 2658 11160 2704 1968 11161 1943 1969 11162 2635 1971 11163 2668 2658 11164 1943 1969 11165 2701 2680 11166 1945 1925 11167 2702 1922 11168 1946 1928 11169 2699 2639 11170 1987 1926 11171 2698 1965 11172 1987 1926 11173 2699 2639 11174 2697 2678 11175 1947 1962 11176 2698 1965 11177 1950 2015 11178 2697 2678 11179 2609 2595 11180 2619 2604 11181 1950 2015 11182 2609 2595 11183 2619 2604 11184 2609 2595 11185 2705 2682 11186 2426 2683 11187 2617 2603 11188 2706 2684 11189 2426 2683 11190 2706 2684 11191 2422 2685 11192 2617 2603 11193 2620 2605 11194 2706 2684 11195 2609 2595 11196 2697 2678 11197 2606 2592 11198 2705 2682 11199 2609 2595 11200 2612 2598 11201 2422 2685 11202 2706 2684 11203 2613 2686 11204 2697 2678 11205 2696 2677 11206 2606 2592 11207 2606 2592 11208 2696 2677 11209 2562 2563 11210 2696 2677 11211 2695 2634 11212 2563 2564 11213 2696 2677 11214 2563 2564 11215 2562 2563 11216 2563 2564 11217 2694 2632 11218 2564 2566 11219 2694 2632 11220 2644 2631 11221 2565 2561 11222 2694 2632 11223 2565 2561 11224 2564 2566 11225 2693 2557 11226 2643 2627 11227 2578 2558 11228 2566 2559 11229 2578 2558 11230 2642 2626 11231 2566 2559 11232 2642 2626 11233 2567 2676 11234 2687 2551 11235 2570 2550 11236 2688 2670 11237 2571 2552 11238 2687 2551 11239 2691 2673 11240 2623 2608 11241 1953 2016 11242 1954 2019 11243 2625 1932 11244 2631 2614 11245 1952 1931 11246 1950 2015 11247 1976 1954 11248 2697 2678 11249 1951 2013 11250 1950 2015 11251 2632 2617 11252 2633 2615 11253 2707 2687 11254 2634 2616 11255 1947 1962 11256 2697 2678 11257 1976 1954 11258 2703 2681 11259 2702 1922 11260 1944 1924 11261 2704 1968 11262 2703 2681 11263 1944 1924 11264 2708 2688 11265 1941 1921 11266 1894 1852 11267 2708 2688 11268 2709 2689 11269 1941 1921 11270 2710 2690 11271 1939 1919 11272 1940 1920 11273 2669 2691 11274 1942 1972 11275 1937 1918 11276 2711 2692 11277 2669 2691 11278 1937 1918 11279 2711 2692 11280 1937 1918 11281 1936 1917 11282 2712 2693 11283 2711 2692 11284 1936 1917 11285 2712 2693 11286 1936 1917 11287 1939 1919 11288 2710 2690 11289 2712 2693 11290 1939 1919 11291 2708 2688 11292 2713 2694 11293 2709 2689 11294 2714 2695 11295 2712 2693 11296 2710 2690 11297 2715 2696 11298 2669 2691 11299 2711 2692 11300 2716 2697 11301 2715 2696 11302 2711 2692 11303 2716 2697 11304 2711 2692 11305 2712 2693 11306 2717 2698 11307 2713 2694 11308 2708 2688 11309 2714 2695 11310 2716 2697 11311 2712 2693 11312 2656 2645 11313 1942 1972 11314 2669 2691 11315 2715 2696 11316 2656 2645 11317 2669 2691 11318 2719 2699 11319 2716 2697 11320 2714 2695 11321 2720 2646 11322 2715 2696 11323 2716 2697 11324 2395 2700 11325 2721 2701 11326 2718 2702 11327 2719 2699 11328 2720 2646 11329 2716 2697 11330 2656 2645 11331 2715 2696 11332 2720 2646 11333 2394 2405 11334 2659 2648 11335 2721 2701 11336 2394 2405 11337 2721 2701 11338 2395 2700 11339 2661 2650 11340 2658 2647 11341 2720 2646 11342 2661 2650 11343 2720 2646 11344 2719 2699 11345 2672 2660 11346 2651 2641 11347 794 2544 11348 795 2543 11349 2677 2666 11350 2672 2660 11351 795 2543 11352 2672 2660 11353 794 2544 11354 2440 2703 11355 2553 2539 11356 2555 2541 11357 2440 2703 11358 2555 2541 11359 2722 2704 11360 2723 2705 11361 2558 2706 11362 2559 2707 11363 2723 2705 11364 2559 2707 11365 2448 2708 11366 2411 2374 11367 2596 2580 11368 2724 2709 11369 2724 2709 11370 2596 2580 11371 2586 2572 11372 2725 2710 11373 2602 2588 11374 2603 2591 11375 2725 2710 11376 2603 2591 11377 2726 2711 11378 2727 2712 11379 2602 2588 11380 2725 2710 11381 2728 2713 11382 2611 2597 11383 2602 2588 11384 2728 2713 11385 2602 2588 11386 2727 2712 11387 2423 2714 11388 2613 2686 11389 2611 2597 11390 2423 2714 11391 2611 2597 11392 2728 2713 11393 2410 2715 11394 2616 2601 11395 2617 2603 11396 2410 2715 11397 2617 2603 11398 2456 2716 11399 2456 2716 11400 2617 2603 11401 2426 2683 11402 2729 2717 11403 2624 2609 11404 2625 1932 11405 2729 2717 11406 2625 1932 11407 1827 1797 11408 2726 2711 11409 2603 2591 11410 2624 2609 11411 2726 2711 11412 2624 2609 11413 2729 2717 11414 2411 2374 11415 1896 2026 11416 2596 2580 11417 2409 2718 11418 2633 2615 11419 2616 2601 11420 2409 2718 11421 2616 2601 11422 2410 2715 11423 2427 2408 11424 2641 2625 11425 2450 2395 11426 2448 2708 11427 2559 2707 11428 2653 2719 11429 2448 2708 11430 2653 2719 11431 2444 2720 11432 2441 2401 11433 2666 2653 11434 2445 2402 11435 2444 2720 11436 2653 2719 11437 2666 2653 11438 2444 2720 11439 2666 2653 11440 2441 2401 11441 2437 2721 11442 2679 2622 11443 2553 2539 11444 2437 2721 11445 2553 2539 11446 2440 2703 11447 2436 2396 11448 2679 2622 11449 2437 2721 11450 2450 2395 11451 2679 2622 11452 2436 2396 11453 2434 2392 11454 2684 2667 11455 2685 2669 11456 2434 2392 11457 2685 2669 11458 2430 2393 11459 2415 2722 11460 2691 2673 11461 2692 2674 11462 2415 2722 11463 2692 2674 11464 2431 2723 11465 2430 2393 11466 2685 2669 11467 2641 2625 11468 2430 2393 11469 2641 2625 11470 2427 2408 11471 2422 2685 11472 2613 2686 11473 2423 2714 11474 2577 2381 11475 2571 2552 11476 2414 2382 11477 2414 2382 11478 2571 2552 11479 2691 2673 11480 2414 2382 11481 2691 2673 11482 2415 2722 11483 1864 1826 11484 1896 2026 11485 2411 2374 11486 1827 1797 11487 2625 1932 11488 1828 1798 11489 1818 1853 11490 2708 2688 11491 1894 1852 11492 2399 2368 11493 2708 2688 11494 1818 1853 11495 2398 2724 11496 2708 2688 11497 2399 2368 11498 2398 2724 11499 2717 2698 11500 2708 2688 11501 2396 2725 11502 2718 2702 11503 2717 2698 11504 2396 2725 11505 2717 2698 11506 2398 2724 11507 2395 2700 11508 2718 2702 11509 2396 2725 11510 2730 2383 11511 1889 1845 11512 2731 1844 11513 2424 2386 11514 2730 2383 11515 2731 1844 11516 2732 2726 11517 1889 1845 11518 2730 2383 11519 1890 1846 11520 1889 1845 11521 2732 2726 11522 1890 1846 11523 2732 2726 11524 2733 2727 11525 1826 1796 11526 1890 1846 11527 2733 2727 11528 1826 1796 11529 2733 2727 11530 2458 2373 11531 2575 2555 11532 2577 2381 11533 2734 2728 11534 2734 2728 11535 2577 2381 11536 2419 2380 11537 2733 2727 11538 2735 2729 11539 2736 2730 11540 2732 2726 11541 2737 2731 11542 2735 2729 11543 2732 2726 11544 2735 2729 11545 2733 2727 11546 2732 2726 11547 2738 2732 11548 2737 2731 11549 2730 2383 11550 2421 2385 11551 2738 2732 11552 2730 2383 11553 2738 2732 11554 2732 2726 11555 2731 1844 11556 2455 2412 11557 2739 2733 11558 2731 1844 11559 2739 2733 11560 2424 2386 11561 2424 2386 11562 2739 2733 11563 2425 2387 11564 2458 2373 11565 2740 2734 11566 2459 2414 11567 2733 2727 11568 2736 2730 11569 2740 2734 11570 2733 2727 11571 2740 2734 11572 2458 2373 11573 2749 2735 11574 2751 2736 11575 2750 2737 11576 2751 2736 11577 2745 2738 11578 2750 2737 11579 2756 2739 11580 2757 2740 11581 2758 2741 11582 2756 2739 11583 2759 2742 11584 2757 2740 11585 2760 2743 11586 2756 2739 11587 2758 2741 11588 2760 2743 11589 2758 2741 11590 2761 2744 11591 2764 2745 11592 2762 2746 11593 2763 2747 11594 2764 2745 11595 2763 2747 11596 2765 2748 11597 2759 2742 11598 2768 2749 11599 2757 2740 11600 2777 2750 11601 2778 2751 11602 2762 2746 11603 2777 2750 11604 2779 2752 11605 2780 2753 11606 2777 2750 11607 2780 2753 11608 2778 2751 11609 2779 2752 11610 2781 2754 11611 2761 2744 11612 2779 2752 11613 2761 2744 11614 2780 2753 11615 2781 2754 11616 2760 2743 11617 2761 2744 11618 2782 2755 11619 2783 2756 11620 2784 2757 11621 2785 2758 11622 2782 2755 11623 2786 2759 11624 2782 2755 11625 2784 2757 11626 2786 2759 11627 2787 2760 11628 2785 2758 11629 2788 2761 11630 2787 2760 11631 2788 2761 11632 2789 2762 11633 2790 2763 11634 2789 2762 11635 2791 2764 11636 2790 2763 11637 2787 2760 11638 2789 2762 11639 2792 2765 11640 2793 2766 11641 2794 2767 11642 2792 2765 11643 2794 2767 11644 2795 2768 11645 2796 2769 11646 2797 2770 11647 2798 2771 11648 2796 2769 11649 2798 2771 11650 2799 2772 11651 2793 2766 11652 2796 2769 11653 2799 2772 11654 2793 2766 11655 2799 2772 11656 2794 2767 11657 2800 2773 11658 2801 2774 11659 2802 2775 11660 2803 2776 11661 2800 2773 11662 2802 2775 11663 2800 2773 11664 2803 2776 11665 2804 2777 11666 2805 2778 11667 2806 2779 11668 2807 2780 11669 2812 2781 11670 2808 2782 11671 2809 2783 11672 2812 2781 11673 2805 2778 11674 2813 2784 11675 2805 2778 11676 2812 2781 11677 2809 2783 11678 2805 2778 11679 2809 2783 11680 2806 2779 11681 2797 2770 11682 2810 2785 11683 2798 2771 11684 2811 2786 11685 2812 2781 11686 2813 2784 11687 2812 2781 11688 2811 2786 11689 2814 2787 11690 2812 2781 11691 2814 2787 11692 2808 2782 11693 2811 2786 11694 2813 2784 11695 2784 2757 11696 2783 2756 11697 2811 2786 11698 2784 2757 11699 2815 2788 11700 2790 2763 11701 2791 2764 11702 2815 2788 11703 2791 2764 11704 2816 2789 11705 2785 2758 11706 2786 2759 11707 2788 2761 11708 2817 2790 11709 2792 2765 11710 2795 2768 11711 2801 2774 11712 2817 2790 11713 2795 2768 11714 2801 2774 11715 2795 2768 11716 2802 2775 11717 2818 2791 11718 2819 2792 11719 2820 2793 11720 2818 2791 11721 2820 2793 11722 2860 2794 11723 2821 2795 11724 2822 2796 11725 2823 2797 11726 2822 2796 11727 2824 2798 11728 2825 2799 11729 2824 2798 11730 2826 2800 11731 2827 2801 11732 2824 2798 11733 2827 2801 11734 2825 2799 11735 2826 2800 11736 2828 2802 11737 2827 2801 11738 2830 2803 11739 2831 2804 11740 2832 2805 11741 2833 2806 11742 2834 2807 11743 2835 2808 11744 2837 2809 11745 2838 2810 11746 2835 2808 11747 2835 2808 11748 2838 2810 11749 2839 2811 11750 2834 2807 11751 2837 2809 11752 2835 2808 11753 2835 2808 11754 2839 2811 11755 2836 2812 11756 2840 2813 11757 2841 2814 11758 2842 2815 11759 2840 2813 11760 2842 2815 11761 3053 2816 11762 2843 2817 11763 2844 2818 11764 2845 2819 11765 2844 2818 11766 2833 2806 11767 2835 2808 11768 2844 2818 11769 2835 2808 11770 2845 2819 11771 2846 2820 11772 2847 2821 11773 2848 2822 11774 2849 2823 11775 2846 2820 11776 2848 2822 11777 2849 2823 11778 2848 2822 11779 2839 2811 11780 2838 2810 11781 2849 2823 11782 2839 2811 11783 2850 2824 11784 2840 2813 11785 3053 2816 11786 2841 2814 11787 2830 2803 11788 2842 2815 11789 2830 2803 11790 2832 2805 11791 2842 2815 11792 2851 2825 11793 2852 2826 11794 2853 2827 11795 2853 2827 11796 2852 2826 11797 2854 2828 11798 2852 2826 11799 2855 2829 11800 2854 2828 11801 2855 2829 11802 2843 2817 11803 2845 2819 11804 2855 2829 11805 2845 2819 11806 2854 2828 11807 2846 2820 11808 2856 2830 11809 2857 2831 11810 2846 2820 11811 2857 2831 11812 2847 2821 11813 2858 2832 11814 2859 2833 11815 2860 2794 11816 2859 2833 11817 2818 2791 11818 2860 2794 11819 2861 2834 11820 2850 2824 11821 2862 2835 11822 2863 2836 11823 2858 2832 11824 2860 2794 11825 2863 2836 11826 2860 2794 11827 2864 2837 11828 2864 2837 11829 2860 2794 11830 2978 2838 11831 2864 2837 11832 2978 2838 11833 2829 2839 11834 2828 2802 11835 2864 2837 11836 2827 2801 11837 2827 2801 11838 2864 2837 11839 2829 2839 11840 2856 2830 11841 2865 2840 11842 2857 2831 11843 2866 2841 11844 2821 2795 11845 2867 2842 11846 2867 2842 11847 2821 2795 11848 2823 2797 11849 2819 2792 11850 2861 2834 11851 2862 2835 11852 2819 2792 11853 2862 2835 11854 2820 2793 11855 2743 2843 11856 2744 2844 11857 2869 2845 11858 2745 2738 11859 2746 2846 11860 2898 2847 11861 2746 2846 11862 2747 2848 11863 2898 2847 11864 2748 2849 11865 2743 2843 11866 2869 2845 11867 2744 2844 11868 2741 2850 11869 2869 2845 11870 2749 2735 11871 2750 2737 11872 2870 2851 11873 2750 2737 11874 2745 2738 11875 2870 2851 11876 2752 2852 11877 2753 2853 11878 2899 2854 11879 2752 2852 11880 2899 2854 11881 2897 2855 11882 2747 2848 11883 2752 2852 11884 2897 2855 11885 2747 2848 11886 2897 2855 11887 2898 2847 11888 2758 2741 11889 2757 2740 11890 2871 2856 11891 2758 2741 11892 2871 2856 11893 2872 2857 11894 2757 2740 11895 2768 2749 11896 2871 2856 11897 2761 2744 11898 2758 2741 11899 2872 2857 11900 2761 2744 11901 2872 2857 11902 2873 2858 11903 2874 2859 11904 2763 2747 11905 2762 2746 11906 2771 2860 11907 2772 2861 11908 2875 2862 11909 2753 2853 11910 2771 2860 11911 2875 2862 11912 2753 2853 11913 2875 2862 11914 2899 2854 11915 2772 2861 11916 2876 2863 11917 2875 2862 11918 2776 2864 11919 2774 2865 11920 2877 2866 11921 2778 2751 11922 2780 2753 11923 2878 2867 11924 2780 2753 11925 2761 2744 11926 2873 2858 11927 2775 2868 11928 3164 2869 11929 2772 2861 11930 2772 2861 11931 3164 2869 11932 2876 2863 11933 2742 2870 11934 796 2871 11935 2741 2850 11936 2880 2872 11937 2769 2873 11938 2770 2874 11939 2900 2875 11940 2823 2797 11941 2822 2796 11942 2900 2875 11943 2822 2796 11944 2825 2799 11945 2900 2875 11946 2825 2799 11947 2827 2801 11948 2900 2875 11949 2879 2876 11950 2823 2797 11951 2884 2877 11952 2883 2878 11953 2885 2879 11954 2884 2877 11955 2890 2880 11956 2886 2881 11957 2886 2881 11958 2890 2880 11959 2887 2882 11960 2884 2877 11961 2888 2883 11962 2889 2884 11963 2884 2877 11964 2889 2884 11965 2890 2880 11966 2887 2882 11967 2786 2759 11968 2784 2757 11969 2885 2879 11970 2891 2885 11971 2884 2877 11972 2892 2886 11973 2885 2879 11974 2882 2887 11975 2885 2879 11976 2883 2878 11977 2882 2887 11978 2892 2886 11979 2882 2887 11980 2881 2888 11981 2880 2872 11982 2892 2886 11983 2881 2888 11984 796 2871 11985 2869 2845 11986 2741 2850 11987 2869 2845 11988 796 2871 11989 2768 2749 11990 2891 2885 11991 2892 2886 11992 2893 2889 11993 2893 2889 11994 2892 2886 11995 2894 2890 11996 2895 2891 11997 2891 2885 11998 2893 2889 11999 2893 2889 12000 2894 2890 12001 2745 2738 12002 2745 2738 12003 2894 2890 12004 2870 2851 12005 2895 2891 12006 2893 2889 12007 2745 2738 12008 2896 2892 12009 2895 2891 12010 2897 2855 12011 2897 2855 12012 2895 2891 12013 2898 2847 12014 2898 2847 12015 2895 2891 12016 2745 2738 12017 2896 2892 12018 2897 2855 12019 2899 2854 12020 2901 2893 12021 2902 2894 12022 2903 2895 12023 2901 2893 12024 2903 2895 12025 2904 2896 12026 2905 2897 12027 2901 2893 12028 2904 2896 12029 2905 2897 12030 2904 2896 12031 2906 2898 12032 2907 2899 12033 2905 2897 12034 2906 2898 12035 2908 2900 12036 2907 2899 12037 2906 2898 12038 2908 2900 12039 2906 2898 12040 2909 2901 12041 2908 2900 12042 2909 2901 12043 3296 2902 12044 3295 2903 12045 2908 2900 12046 3296 2902 12047 2910 2904 12048 2911 2905 12049 2762 2746 12050 2910 2904 12051 2762 2746 12052 2778 2751 12053 2911 2905 12054 2874 2859 12055 2762 2746 12056 2911 2905 12057 2912 2906 12058 2874 2859 12059 2913 2907 12060 2914 2908 12061 2931 2909 12062 2916 2910 12063 2910 2904 12064 2778 2751 12065 2916 2910 12066 2778 2751 12067 2878 2867 12068 2915 2911 12069 2916 2910 12070 2878 2867 12071 2915 2911 12072 2878 2867 12073 2914 2908 12074 2919 2912 12075 2917 2913 12076 2918 2914 12077 2920 2915 12078 2919 2912 12079 2918 2914 12080 2920 2915 12081 2918 2914 12082 2921 2916 12083 2922 2917 12084 2920 2915 12085 2921 2916 12086 2923 2918 12087 2924 2919 12088 2925 2920 12089 2924 2919 12090 2926 2921 12091 2927 2922 12092 2924 2919 12093 2927 2922 12094 2925 2920 12095 2902 2894 12096 2923 2918 12097 2925 2920 12098 2902 2894 12099 2925 2920 12100 2903 2895 12101 2926 2921 12102 2928 2923 12103 2927 2922 12104 2929 2924 12105 2930 2925 12106 2931 2909 12107 2930 2925 12108 2913 2907 12109 2931 2909 12110 2929 2924 12111 2931 2909 12112 2918 2914 12113 2917 2913 12114 2929 2924 12115 2918 2914 12116 2932 2926 12117 2877 2866 12118 2774 2865 12119 2933 2927 12120 2932 2926 12121 2774 2865 12122 2933 2927 12123 2774 2865 12124 2773 2928 12125 2934 2929 12126 2935 2930 12127 2773 2928 12128 2934 2929 12129 2773 2928 12130 2754 2931 12131 2935 2930 12132 2933 2927 12133 2773 2928 12134 2936 2932 12135 2937 2933 12136 2766 2934 12137 2936 2932 12138 2766 2934 12139 2767 2935 12140 2937 2933 12141 2938 2936 12142 2755 2937 12143 2937 2933 12144 2755 2937 12145 2766 2934 12146 2938 2936 12147 2934 2929 12148 2754 2931 12149 2938 2936 12150 2754 2931 12151 2755 2937 12152 2912 2906 12153 2939 2938 12154 2764 2745 12155 2912 2906 12156 2764 2745 12157 2765 2748 12158 2939 2938 12159 2936 2932 12160 2767 2935 12161 2939 2938 12162 2767 2935 12163 2764 2745 12164 2912 2906 12165 2765 2748 12166 2874 2859 12167 2928 2923 12168 2940 2939 12169 797 2940 12170 2928 2923 12171 797 2940 12172 2927 2922 12173 2941 2941 12174 2922 2917 12175 2921 2916 12176 2941 2941 12177 2921 2916 12178 2942 2942 12179 2945 2943 12180 2946 2944 12181 2944 2945 12182 2945 2943 12183 2944 2945 12184 2943 2946 12185 2949 2947 12186 2945 2943 12187 2943 2946 12188 3013 2948 12189 2947 2949 12190 2950 2950 12191 2921 2916 12192 2954 2951 12193 2953 2952 12194 2954 2951 12195 2955 2953 12196 2953 2952 12197 2854 2828 12198 2956 2954 12199 2853 2827 12200 2957 2955 12201 2956 2954 12202 2854 2828 12203 2957 2955 12204 2958 2956 12205 2956 2954 12206 2959 2957 12207 2960 2958 12208 2961 2959 12209 2962 2960 12210 2831 2804 12211 2868 2961 12212 2960 2958 12213 2832 2805 12214 2961 2959 12215 2964 2962 12216 2966 2963 12217 2965 2964 12218 2967 2965 12219 2965 2964 12220 2966 2963 12221 3056 2966 12222 2967 2965 12223 2968 2967 12224 2971 2968 12225 2972 2969 12226 2970 2970 12227 2971 2968 12228 2970 2970 12229 2969 2971 12230 3056 2966 12231 2968 2967 12232 2973 2972 12233 2976 2973 12234 2971 2968 12235 2969 2971 12236 3056 2966 12237 2973 2972 12238 2974 2974 12239 2969 2971 12240 2975 2975 12241 2904 2896 12242 2872 2857 12243 2978 2838 12244 2860 2794 12245 2873 2858 12246 2872 2857 12247 2860 2794 12248 2873 2858 12249 798 2976 12250 2780 2753 12251 798 2976 12252 2914 2908 12253 2878 2867 12254 798 2976 12255 2980 2977 12256 2979 2978 12257 798 2976 12258 2878 2867 12259 2780 2753 12260 2980 2977 12261 2820 2793 12262 2862 2835 12263 2980 2977 12264 798 2976 12265 2820 2793 12266 2981 2979 12267 3072 2980 12268 2982 2981 12269 2981 2979 12270 2983 2982 12271 2984 2983 12272 2981 2979 12273 2984 2983 12274 3072 2980 12275 2985 2984 12276 2986 2985 12277 2987 2986 12278 2985 2984 12279 2988 2987 12280 2984 2983 12281 2989 2988 12282 2990 2989 12283 2991 2990 12284 2992 2991 12285 2993 2992 12286 2985 2984 12287 2992 2991 12288 2985 2984 12289 2987 2986 12290 2991 2990 12291 3015 2993 12292 2994 2994 12293 2994 2994 12294 2996 2995 12295 2995 2996 12296 2996 2995 12297 2998 2997 12298 2997 2998 12299 2996 2995 12300 2997 2998 12301 2995 2996 12302 2999 2999 12303 2997 2998 12304 2998 2997 12305 3001 3000 12306 2960 2958 12307 3000 3001 12308 3000 3001 12309 3012 3002 12310 3001 3000 12311 3002 3003 12312 2964 2962 12313 3001 3000 12314 3011 3004 12315 3002 3003 12316 3001 3000 12317 3002 3003 12318 3003 3005 12319 3004 3006 12320 3002 3003 12321 3004 3006 12322 2966 2963 12323 3006 3007 12324 3007 3008 12325 3005 3009 12326 3004 3006 12327 2968 2967 12328 2966 2963 12329 3006 3007 12330 3005 3009 12331 3008 3010 12332 2968 2967 12333 3004 3006 12334 3009 3011 12335 3007 3008 12336 3010 3012 12337 3005 3009 12338 3002 3003 12339 3011 3004 12340 3003 3005 12341 3011 3004 12342 3001 3000 12343 3012 3002 12344 2999 2999 12345 3014 3013 12346 3013 2948 12347 3012 3002 12348 3000 3001 12349 2999 2999 12350 3012 3002 12351 2999 2999 12352 3013 2948 12353 2998 2997 12354 2996 2995 12355 3014 3013 12356 2999 2999 12357 2998 2997 12358 3014 3013 12359 2994 2994 12360 3015 2993 12361 3030 3014 12362 2996 2995 12363 2994 2994 12364 3030 3014 12365 3015 2993 12366 2991 2990 12367 2990 2989 12368 2989 2988 12369 3016 3015 12370 2990 2989 12371 2985 2984 12372 3017 3016 12373 3018 3017 12374 2986 2985 12375 2985 2984 12376 3018 3017 12377 3017 3016 12378 3019 3018 12379 3018 3017 12380 2985 2984 12381 2984 2983 12382 2983 2982 12383 2985 2984 12384 2983 2982 12385 3017 3016 12386 3020 3019 12387 3019 3018 12388 3017 3016 12389 2990 2989 12390 3021 3020 12391 3022 3021 12392 3407 3022 12393 3032 3023 12394 3031 3024 12395 3040 3025 12396 3032 3023 12397 3407 3022 12398 3026 3026 12399 3025 3027 12400 3039 3028 12401 3040 3025 12402 3414 3029 12403 3027 3030 12404 3011 3004 12405 3029 3031 12406 3003 3005 12407 3007 3008 12408 3028 3032 12409 3010 3012 12410 3028 3032 12411 2949 2947 12412 2943 2946 12413 3028 3032 12414 2943 2946 12415 3010 3012 12416 3029 3031 12417 3013 2948 12418 2950 2950 12419 3012 3002 12420 3013 2948 12421 3029 3031 12422 3011 3004 12423 3012 3002 12424 3029 3031 12425 3014 3013 12426 2947 2949 12427 3013 2948 12428 3015 2993 12429 3024 3033 12430 3031 3024 12431 3030 3014 12432 3015 2993 12433 3031 3024 12434 3015 2993 12435 3023 3034 12436 3024 3033 12437 3015 2993 12438 2990 2989 12439 3023 3034 12440 2990 2989 12441 3016 3015 12442 3021 3020 12443 3030 3014 12444 3031 3024 12445 3032 3023 12446 3032 3023 12447 3033 3035 12448 3030 3014 12449 3032 3023 12450 3034 3036 12451 3033 3035 12452 2996 2995 12453 3030 3014 12454 3033 3035 12455 3033 3035 12456 2948 3037 12457 2996 2995 12458 3036 3038 12459 3037 3039 12460 3035 3040 12461 3038 3041 12462 3036 3038 12463 3035 3040 12464 3038 3041 12465 3035 3040 12466 2944 2945 12467 2946 2944 12468 3038 3041 12469 2944 2945 12470 3037 3039 12471 3039 3028 12472 3035 3040 12473 3034 3036 12474 3040 3025 12475 3041 3042 12476 3034 3036 12477 3032 3023 12478 3040 3025 12479 3037 3039 12480 3026 3026 12481 3039 3028 12482 3040 3025 12483 3027 3030 12484 3041 3042 12485 2948 3037 12486 2947 2949 12487 3014 3013 12488 2948 3037 12489 3014 3013 12490 2996 2995 12491 3043 3043 12492 3044 3044 12493 3008 3010 12494 3043 3043 12495 3008 3010 12496 3042 3045 12497 2968 2967 12498 3009 3011 12499 3045 3046 12500 2972 2969 12501 3043 3043 12502 3042 3045 12503 2972 2969 12504 3042 3045 12505 2970 2970 12506 2968 2967 12507 3045 3046 12508 2973 2972 12509 3044 3044 12510 3006 3007 12511 3008 3010 12512 2968 2967 12513 2967 2965 12514 2966 2963 12515 2964 2962 12516 3002 3003 12517 2966 2963 12518 2960 2958 12519 3001 3000 12520 2964 2962 12521 2964 2962 12522 2963 3047 12523 2960 2958 12524 2960 2958 12525 2959 2957 12526 3000 3001 12527 2999 2999 12528 3000 3001 12529 2959 2957 12530 3046 3048 12531 2997 2998 12532 2999 2999 12533 2959 2957 12534 3046 3048 12535 2999 2999 12536 3047 3049 12537 3048 3050 12538 3049 3051 12539 2958 2956 12540 2957 2955 12541 3047 3049 12542 2958 2956 12543 3047 3049 12544 3049 3051 12545 3050 3052 12546 3051 3053 12547 3047 3049 12548 3050 3052 12549 3047 3049 12550 2957 2955 12551 3052 3054 12552 2854 2828 12553 2845 2819 12554 3052 3054 12555 2957 2955 12556 2854 2828 12557 3050 3052 12558 2957 2955 12559 3052 3054 12560 2963 3047 12561 3053 2816 12562 2842 2815 12563 2963 3047 12564 3054 3055 12565 3053 2816 12566 3054 3055 12567 2980 2977 12568 3053 2816 12569 3054 3055 12570 2965 2964 12571 3055 3056 12572 3055 3056 12573 2980 2977 12574 3054 3055 12575 2967 2965 12576 3056 2966 12577 2918 2914 12578 3056 2966 12579 2921 2916 12580 2918 2914 12581 2953 2952 12582 2942 2942 12583 2921 2916 12584 3057 3057 12585 3058 3058 12586 2925 2920 12587 3056 2966 12588 3059 3059 12589 2954 2951 12590 2951 3060 12591 2925 2920 12592 2927 2922 12593 2951 3060 12594 3057 3057 12595 2925 2920 12596 2921 2916 12597 3056 2966 12598 2954 2951 12599 3058 3058 12600 3060 3061 12601 2903 2895 12602 3058 3058 12603 2903 2895 12604 2925 2920 12605 2903 2895 12606 2969 2971 12607 2904 2896 12608 3060 3061 12609 2976 2973 12610 2969 2971 12611 3060 3061 12612 2969 2971 12613 2903 2895 12614 3059 3059 12615 2974 2974 12616 2977 3062 12617 3059 3059 12618 2977 3062 12619 3061 3063 12620 3056 2966 12621 2974 2974 12622 3059 3059 12623 2967 2965 12624 3055 3056 12625 2965 2964 12626 3054 3055 12627 2964 2962 12628 2965 2964 12629 3054 3055 12630 2963 3047 12631 2964 2962 12632 2832 2805 12633 2960 2958 12634 2963 3047 12635 2963 3047 12636 2842 2815 12637 2832 2805 12638 3055 3056 12639 2931 2909 12640 2979 2978 12641 2979 2978 12642 2980 2977 12643 3055 3056 12644 798 2976 12645 2979 2978 12646 2931 2909 12647 798 2976 12648 2931 2909 12649 2914 2908 12650 3053 2816 12651 2862 2835 12652 2850 2824 12653 3062 3064 12654 3064 3065 12655 3063 3066 12656 3065 3067 12657 3064 3065 12658 3062 3064 12659 3064 3065 12660 3067 3068 12661 3066 3069 12662 3064 3065 12663 3066 3069 12664 3063 3066 12665 3064 3065 12666 3051 3053 12667 3067 3068 12668 3066 3069 12669 3068 3070 12670 3069 3071 12671 3067 3068 12672 3068 3070 12673 3066 3069 12674 3051 3053 12675 3050 3052 12676 3067 3068 12677 3050 3052 12678 3071 3072 12679 3067 3068 12680 3070 3073 12681 2845 2819 12682 2835 2808 12683 3070 3073 12684 3052 3054 12685 2845 2819 12686 3071 3072 12687 3052 3054 12688 3070 3073 12689 3071 3072 12690 3050 3052 12691 3052 3054 12692 3068 3070 12693 3071 3072 12694 3069 3071 12695 3067 3068 12696 3071 3072 12697 3068 3070 12698 3070 3073 12699 2835 2808 12700 2836 2812 12701 3071 3072 12702 3070 3073 12703 2836 2812 12704 3072 2980 12705 2988 2987 12706 3074 3074 12707 3072 2980 12708 3074 3074 12709 3073 3075 12710 2988 2987 12711 3065 3067 12712 3062 3064 12713 2988 2987 12714 3062 3064 12715 3074 3074 12716 3072 2980 12717 3073 3075 12718 2982 2981 12719 2984 2983 12720 2988 2987 12721 3072 2980 12722 2988 2987 12723 2985 2984 12724 2993 2992 12725 3075 3076 12726 3065 3067 12727 2988 2987 12728 3075 3076 12729 2988 2987 12730 2993 2992 12731 2993 2992 12732 2992 2991 12733 3075 3076 12734 2992 2991 12735 3049 3051 12736 3048 3050 12737 2992 2991 12738 3048 3050 12739 3075 3076 12740 3048 3050 12741 3064 3065 12742 3065 3067 12743 3048 3050 12744 3065 3067 12745 3075 3076 12746 3048 3050 12747 3047 3049 12748 3051 3053 12749 3048 3050 12750 3051 3053 12751 3064 3065 12752 3053 2816 12753 2980 2977 12754 2862 2835 12755 3055 3056 12756 2967 2965 12757 3076 3077 12758 3076 3077 12759 2931 2909 12760 3055 3056 12761 2967 2965 12762 2918 2914 12763 3076 3077 12764 3076 3077 12765 2918 2914 12766 2931 2909 12767 2978 2838 12768 2871 2856 12769 2829 2839 12770 2872 2857 12771 2871 2856 12772 2978 2838 12773 798 2976 12774 2860 2794 12775 2820 2793 12776 2873 2858 12777 2860 2794 12778 798 2976 12779 2962 2960 12780 2832 2805 12781 2831 2804 12782 2961 2959 12783 2832 2805 12784 2962 2960 12785 797 2940 12786 2951 3060 12787 2927 2922 12788 797 2940 12789 2952 3078 12790 2951 3060 12791 3091 3079 12792 2943 2946 12793 2944 2945 12794 3078 3080 12795 3077 3081 12796 2975 2975 12797 3078 3080 12798 2975 2975 12799 2969 2971 12800 2975 2975 12801 2906 2898 12802 2904 2896 12803 2975 2975 12804 3077 3081 12805 2906 2898 12806 3078 3080 12807 3080 3082 12808 3077 3081 12809 3077 3081 12810 2909 2901 12811 2906 2898 12812 3077 3081 12813 3079 3083 12814 2909 2901 12815 3079 3083 12816 3455 3084 12817 2909 2901 12818 3089 3085 12819 3008 3010 12820 3005 3009 12821 3081 3086 12822 3082 3087 12823 3008 3010 12824 3081 3086 12825 3083 3088 12826 3082 3087 12827 3078 3080 12828 3082 3087 12829 3083 3088 12830 3083 3088 12831 3084 3089 12832 3085 3090 12833 3085 3090 12834 3086 3091 12835 3078 3080 12836 3085 3090 12837 3078 3080 12838 3083 3088 12839 3080 3082 12840 3078 3080 12841 3086 3091 12842 3079 3083 12843 3077 3081 12844 3080 3082 12845 3455 3084 12846 3079 3083 12847 3080 3082 12848 3087 3092 12849 3088 3093 12850 3084 3089 12851 3084 3089 12852 3083 3088 12853 3081 3086 12854 3084 3089 12855 3081 3086 12856 3087 3092 12857 3089 3085 12858 3081 3086 12859 3008 3010 12860 3464 3094 12861 3092 3095 12862 3093 3096 12863 3464 3094 12864 3087 3092 12865 3092 3095 12866 3088 3093 12867 3087 3092 12868 3464 3094 12869 3081 3086 12870 3092 3095 12871 3087 3092 12872 3090 3097 12873 3092 3095 12874 3081 3086 12875 3081 3086 12876 3089 3085 12877 3090 3097 12878 3089 3085 12879 3005 3009 12880 3010 3012 12881 3091 3079 12882 2944 2945 12883 3035 3040 12884 3093 3096 12885 3091 3079 12886 3039 3028 12887 3092 3095 12888 3090 3097 12889 3091 3079 12890 3092 3095 12891 3091 3079 12892 3093 3096 12893 3091 3079 12894 3035 3040 12895 3039 3028 12896 3089 3085 12897 3091 3079 12898 3090 3097 12899 2943 2946 12900 3089 3085 12901 3010 3012 12902 3091 3079 12903 3089 3085 12904 2943 2946 12905 3082 3087 12906 3078 3080 12907 2970 2970 12908 3082 3087 12909 2970 2970 12910 3042 3045 12911 2970 2970 12912 3078 3080 12913 2969 2971 12914 3082 3087 12915 3042 3045 12916 3008 3010 12917 2795 2768 12918 3094 3098 12919 2802 2775 12920 3095 3099 12921 3096 3100 12922 3094 3098 12923 3095 3099 12924 3094 3098 12925 2795 2768 12926 3097 3101 12927 3098 3102 12928 3095 3099 12929 3095 3099 12930 3123 3103 12931 3097 3101 12932 3098 3102 12933 3096 3100 12934 3095 3099 12935 2888 2883 12936 3099 3104 12937 2889 2884 12938 2887 2882 12939 2788 2761 12940 2786 2759 12941 2890 2880 12942 2788 2761 12943 2887 2882 12944 2889 2884 12945 3099 3104 12946 2890 2880 12947 2900 2875 12948 2880 2872 12949 2879 2876 12950 2829 2839 12951 2900 2875 12952 2827 2801 12953 3130 3105 12954 3103 3106 12955 2816 2789 12956 3130 3105 12957 2816 2789 12958 2791 2764 12959 3102 3107 12960 3103 3106 12961 3130 3105 12962 3104 3108 12963 2887 2882 12964 2784 2757 12965 2886 2881 12966 2887 2882 12967 3104 3108 12968 2883 2878 12969 2884 2877 12970 2886 2881 12971 3104 3108 12972 2784 2757 12973 2813 2784 12974 3112 3109 12975 2886 2881 12976 3104 3108 12977 3105 3110 12978 2883 2878 12979 2886 2881 12980 3105 3110 12981 2886 2881 12982 3112 3109 12983 2882 2887 12984 2883 2878 12985 3105 3110 12986 3105 3110 12987 2881 2888 12988 2882 2887 12989 2881 2888 12990 3106 3111 12991 2880 2872 12992 2879 2876 12993 2880 2872 12994 3106 3111 12995 2879 2876 12996 2867 2842 12997 2823 2797 12998 2857 2831 12999 3107 3112 13000 2847 2821 13001 3108 3113 13002 2857 2831 13003 2865 2840 13004 3108 3113 13005 3107 3112 13006 2857 2831 13007 3109 3114 13008 3107 3112 13009 3108 3113 13010 3110 3115 13011 3106 3111 13012 2881 2888 13013 2881 2888 13014 3105 3110 13015 3110 3115 13016 3105 3110 13017 3119 3116 13018 3110 3115 13019 3111 3117 13020 3104 3108 13021 2813 2784 13022 3112 3109 13023 3104 3108 13024 3111 3117 13025 3113 3118 13026 3121 3119 13027 2798 2771 13028 3113 3118 13029 2798 2771 13030 2810 2785 13031 3490 3120 13032 3121 3119 13033 3113 3118 13034 3114 3121 13035 3122 3122 13036 3490 3120 13037 2982 2981 13038 3114 3121 13039 2981 2979 13040 3127 3123 13041 2839 2811 13042 2848 2822 13043 3107 3112 13044 3127 3123 13045 2848 2822 13046 3107 3112 13047 2848 2822 13048 2847 2821 13049 3115 3124 13050 3127 3123 13051 3107 3112 13052 3109 3114 13053 3116 3125 13054 3115 3124 13055 3107 3112 13056 3109 3114 13057 3115 3124 13058 3117 3126 13059 3098 3102 13060 3116 3125 13061 3117 3126 13062 3116 3125 13063 3109 3114 13064 3110 3115 13065 3118 3127 13066 3106 3111 13067 3110 3115 13068 3119 3116 13069 3118 3127 13070 3120 3128 13071 2813 2784 13072 2805 2778 13073 3120 3128 13074 3111 3117 13075 2813 2784 13076 3119 3116 13077 3111 3117 13078 3120 3128 13079 3119 3116 13080 3112 3109 13081 3111 3117 13082 3119 3116 13083 3105 3110 13084 3112 3109 13085 3118 3127 13086 3119 3116 13087 3120 3128 13088 3094 3098 13089 2803 2776 13090 2802 2775 13091 3096 3100 13092 3117 3126 13093 3094 3098 13094 3098 3102 13095 3117 3126 13096 3096 3100 13097 3121 3119 13098 3095 3099 13099 2794 2767 13100 3122 3122 13101 3095 3099 13102 3121 3119 13103 3121 3119 13104 2794 2767 13105 2799 2772 13106 3121 3119 13107 2799 2772 13108 2798 2771 13109 3125 3129 13110 3097 3101 13111 3123 3103 13112 3123 3103 13113 3124 3130 13114 3125 3129 13115 3125 3129 13116 3073 3075 13117 3074 3074 13118 3126 3131 13119 3125 3129 13120 3074 3074 13121 3126 3131 13122 3074 3074 13123 3062 3064 13124 3063 3066 13125 3126 3131 13126 3062 3064 13127 2836 2812 13128 3127 3123 13129 3071 3072 13130 2839 2811 13131 3127 3123 13132 2836 2812 13133 3128 3132 13134 3066 3069 13135 3069 3071 13136 3115 3124 13137 3128 3132 13138 3069 3071 13139 3127 3123 13140 3115 3124 13141 3069 3071 13142 3098 3102 13143 3129 3133 13144 3128 3132 13145 3116 3125 13146 3098 3102 13147 3128 3132 13148 3115 3124 13149 3116 3125 13150 3128 3132 13151 3097 3101 13152 3129 3133 13153 3098 3102 13154 3125 3129 13155 3129 3133 13156 3097 3101 13157 3125 3129 13158 3126 3131 13159 3129 3133 13160 3126 3131 13161 3128 3132 13162 3129 3133 13163 3126 3131 13164 3063 3066 13165 3128 3132 13166 3063 3066 13167 3066 3069 13168 3128 3132 13169 3127 3123 13170 3069 3071 13171 3071 3072 13172 3073 3075 13173 3124 3130 13174 2982 2981 13175 3073 3075 13176 3125 3129 13177 3124 3130 13178 3114 3121 13179 3124 3130 13180 3123 3103 13181 3123 3103 13182 3122 3122 13183 3114 3121 13184 3124 3130 13185 3114 3121 13186 2982 2981 13187 3123 3103 13188 3095 3099 13189 3122 3122 13190 3490 3120 13191 3122 3122 13192 3121 3119 13193 3095 3099 13194 2795 2768 13195 2794 2767 13196 3102 3107 13197 3131 3134 13198 3101 3135 13199 3130 3105 13200 2791 2764 13201 2789 2762 13202 3130 3105 13203 2789 2762 13204 2788 2761 13205 3099 3104 13206 3102 3107 13207 3130 3105 13208 2890 2880 13209 3130 3105 13210 2788 2761 13211 3099 3104 13212 3130 3105 13213 2890 2880 13214 3131 3134 13215 3102 3107 13216 3099 3104 13217 3099 3104 13218 3132 3136 13219 3131 3134 13220 3132 3136 13221 3101 3135 13222 3131 3134 13223 3132 3136 13224 2875 2862 13225 2876 2863 13226 3101 3135 13227 3132 3136 13228 2876 2863 13229 3101 3135 13230 2876 2863 13231 3100 3137 13232 3133 3138 13233 2899 2854 13234 2875 2862 13235 3133 3138 13236 2896 2892 13237 2899 2854 13238 3132 3136 13239 3133 3138 13240 2875 2862 13241 3132 3136 13242 3099 3104 13243 3133 3138 13244 2888 2883 13245 2896 2892 13246 3133 3138 13247 3099 3104 13248 2888 2883 13249 3133 3138 13250 2891 2885 13251 2895 2891 13252 2896 2892 13253 2888 2883 13254 2891 2885 13255 2896 2892 13256 2888 2883 13257 2884 2877 13258 2891 2885 13259 2891 2885 13260 2885 2879 13261 2892 2886 13262 2894 2890 13263 2749 2735 13264 2870 2851 13265 2894 2890 13266 2880 2872 13267 2770 2874 13268 2894 2890 13269 2770 2874 13270 2749 2735 13271 2892 2886 13272 2880 2872 13273 2894 2890 13274 2880 2872 13275 2742 2870 13276 2769 2873 13277 2880 2872 13278 796 2871 13279 2742 2870 13280 2880 2872 13281 2900 2875 13282 796 2871 13283 2768 2749 13284 2829 2839 13285 2871 2856 13286 2900 2875 13287 2829 2839 13288 2768 2749 13289 796 2871 13290 2900 2875 13291 2768 2749 13292 2869 2845 13293 2768 2749 13294 2748 2849 13295 3142 3139 13296 3144 3140 13297 3143 3141 13298 3139 3142 13299 3144 3140 13300 3142 3139 13301 3149 3143 13302 3150 3144 13303 3151 3145 13304 3149 3143 13305 3152 3146 13306 3150 3144 13307 3151 3145 13308 3150 3144 13309 3153 3147 13310 3151 3145 13311 3153 3147 13312 3154 3148 13313 3155 3149 13314 3156 3150 13315 3158 3151 13316 3155 3149 13317 3158 3151 13318 3157 3152 13319 3161 3153 13320 3152 3146 13321 3149 3143 13322 2775 2868 13323 3168 3154 13324 3164 2869 13325 3171 3155 13326 3170 3156 13327 3156 3150 13328 3172 3157 13329 3173 3158 13330 3170 3156 13331 3172 3157 13332 3170 3156 13333 3171 3155 13334 3154 3148 13335 3174 3159 13336 3173 3158 13337 3154 3148 13338 3173 3158 13339 3172 3157 13340 3154 3148 13341 3153 3147 13342 3174 3159 13343 3175 3160 13344 3176 3161 13345 3177 3162 13346 3178 3163 13347 3177 3162 13348 3179 3164 13349 3175 3160 13350 3177 3162 13351 3178 3163 13352 3180 3165 13353 3179 3164 13354 3181 3166 13355 3180 3165 13356 3181 3166 13357 3182 3167 13358 3182 3167 13359 3183 3168 13360 2816 2789 13361 3182 3167 13362 3181 3166 13363 3183 3168 13364 3184 3169 13365 3185 3170 13366 3186 3171 13367 3187 3172 13368 3188 3173 13369 3189 3174 13370 3187 3172 13371 3189 3174 13372 3190 3175 13373 3190 3175 13374 3189 3174 13375 3184 3169 13376 3184 3169 13377 3189 3174 13378 3185 3170 13379 3191 3176 13380 3192 3177 13381 3193 3178 13382 3191 3176 13383 3193 3178 13384 3194 3179 13385 3195 3180 13386 3194 3179 13387 3193 3178 13388 3197 3181 13389 3196 3182 13390 3198 3183 13391 3200 3184 13392 3199 3185 13393 3201 3186 13394 3196 3182 13395 3199 3185 13396 3202 3187 13397 3201 3186 13398 3199 3185 13399 3196 3182 13400 3201 3186 13401 3196 3182 13402 3197 3181 13403 2810 2785 13404 2797 2770 13405 3188 3173 13406 2810 2785 13407 3188 3173 13408 3187 3172 13409 3202 3187 13410 3199 3185 13411 3203 3188 13412 3204 3189 13413 3203 3188 13414 3199 3185 13415 3204 3189 13416 3199 3185 13417 3200 3184 13418 3202 3187 13419 3203 3188 13420 3175 3160 13421 3175 3160 13422 3203 3188 13423 3176 3161 13424 2816 2789 13425 3183 3168 13426 2815 2788 13427 3178 3163 13428 3179 3164 13429 3180 3165 13430 3186 3171 13431 3185 3170 13432 3205 3190 13433 3186 3171 13434 3205 3190 13435 3192 3177 13436 3186 3171 13437 3192 3177 13438 3191 3176 13439 3206 3191 13440 3207 3192 13441 3208 3193 13442 3206 3191 13443 3208 3193 13444 3248 3194 13445 3209 3195 13446 3210 3196 13447 3211 3197 13448 3212 3198 13449 3213 3199 13450 3209 3195 13451 3214 3200 13452 3215 3201 13453 3213 3199 13454 3214 3200 13455 3213 3199 13456 3212 3198 13457 3214 3200 13458 3216 3202 13459 3215 3201 13460 3218 3203 13461 3219 3204 13462 3220 3205 13463 3221 3206 13464 3222 3207 13465 3223 3208 13466 3225 3209 13467 3226 3210 13468 3221 3206 13469 3227 3211 13470 3225 3209 13471 3221 3206 13472 3221 3206 13473 3226 3210 13474 3222 3207 13475 3227 3211 13476 3221 3206 13477 3224 3212 13478 3230 3213 13479 3229 3214 13480 3228 3215 13481 3230 3213 13482 3228 3215 13483 3427 3216 13484 3231 3217 13485 3232 3218 13486 3233 3219 13487 3221 3206 13488 3223 3208 13489 3232 3218 13490 3221 3206 13491 3232 3218 13492 3231 3217 13493 3234 3220 13494 3235 3221 13495 3236 3222 13496 3236 3222 13497 3235 3221 13498 3237 3223 13499 3236 3222 13500 3237 3223 13501 3227 3211 13502 3227 3211 13503 3237 3223 13504 3225 3209 13505 3427 3216 13506 3228 3215 13507 3238 3224 13508 3230 3213 13509 3219 3204 13510 3229 3214 13511 3220 3205 13512 3219 3204 13513 3230 3213 13514 3239 3225 13515 3240 3226 13516 3241 3227 13517 3242 3228 13518 3239 3225 13519 3241 3227 13520 3242 3228 13521 3243 3229 13522 3239 3225 13523 3231 3217 13524 3233 3219 13525 3243 3229 13526 3231 3217 13527 3243 3229 13528 3242 3228 13529 3244 3230 13530 3245 3231 13531 3235 3221 13532 3244 3230 13533 3235 3221 13534 3234 3220 13535 3248 3194 13536 3246 3232 13537 3247 3233 13538 3208 3193 13539 3246 3232 13540 3248 3194 13541 3238 3224 13542 3250 3234 13543 3249 3235 13544 3248 3194 13545 3247 3233 13546 3251 3236 13547 3248 3194 13548 3251 3236 13549 3252 3237 13550 3248 3194 13551 3252 3237 13552 3365 3238 13553 3365 3238 13554 3252 3237 13555 3217 3239 13556 3252 3237 13557 3216 3202 13558 3214 3200 13559 3217 3239 13560 3252 3237 13561 3214 3200 13562 3253 3240 13563 3245 3231 13564 3244 3230 13565 3210 3196 13566 3254 3241 13567 3255 3242 13568 3211 3197 13569 3210 3196 13570 3255 3242 13571 3249 3235 13572 3250 3234 13573 3207 3192 13574 3249 3235 13575 3207 3192 13576 3206 3191 13577 3257 3243 13578 3136 3244 13579 3137 3245 13580 3286 3246 13581 3138 3247 13582 3139 3142 13583 3286 3246 13584 3140 3248 13585 3138 3247 13586 3257 3243 13587 3137 3245 13588 3141 3249 13589 3135 3250 13590 3136 3244 13591 3257 3243 13592 3258 3251 13593 3142 3139 13594 3143 3141 13595 3139 3142 13596 3142 3139 13597 3258 3251 13598 3287 3252 13599 3145 3253 13600 3146 3254 13601 3287 3252 13602 3146 3254 13603 3285 3255 13604 3285 3255 13605 3146 3254 13606 3140 3248 13607 3285 3255 13608 3140 3248 13609 3286 3246 13610 3259 3256 13611 3149 3143 13612 3151 3145 13613 3259 3256 13614 3151 3145 13615 3260 3257 13616 3161 3153 13617 3149 3143 13618 3259 3256 13619 3260 3257 13620 3151 3145 13621 3154 3148 13622 3260 3257 13623 3154 3148 13624 3261 3258 13625 3156 3150 13626 3155 3149 13627 3262 3259 13628 3263 3260 13629 3164 2869 13630 3165 3261 13631 3263 3260 13632 3165 3261 13633 3287 3252 13634 3287 3252 13635 3165 3261 13636 3145 3253 13637 3264 3262 13638 3167 3263 13639 3169 3264 13640 3265 3265 13641 3172 3157 13642 3171 3155 13643 3261 3258 13644 3154 3148 13645 3172 3157 13646 2876 2863 13647 3164 2869 13648 3263 3260 13649 3135 3250 13650 799 3266 13651 3134 3267 13652 3162 3268 13653 3266 3269 13654 3163 3270 13655 3209 3195 13656 3211 3197 13657 3268 3271 13658 3209 3195 13659 3268 3271 13660 3212 3198 13661 3212 3198 13662 3268 3271 13663 3214 3200 13664 3211 3197 13665 3267 3272 13666 3268 3271 13667 3271 3273 13668 3272 3274 13669 3273 3275 13670 3278 3276 13671 3272 3274 13672 3274 3277 13673 3275 3278 13674 3278 3276 13675 3274 3277 13676 3276 3279 13677 3277 3280 13678 3272 3274 13679 3278 3276 13680 3276 3279 13681 3272 3274 13682 3178 3163 13683 3275 3278 13684 3175 3160 13685 3272 3274 13686 3279 3281 13687 3273 3275 13688 3273 3275 13689 3280 3282 13690 3270 3283 13691 3270 3283 13692 3271 3273 13693 3273 3275 13694 3270 3283 13695 3280 3282 13696 3269 3284 13697 3269 3284 13698 3280 3282 13699 3266 3269 13700 3257 3243 13701 799 3266 13702 3135 3250 13703 3161 3153 13704 799 3266 13705 3257 3243 13706 3280 3282 13707 3279 3281 13708 3281 3285 13709 3282 3286 13710 3280 3282 13711 3281 3285 13712 3281 3285 13713 3279 3281 13714 3283 3287 13715 3282 3286 13716 3281 3285 13717 3139 3142 13718 3258 3251 13719 3282 3286 13720 3139 3142 13721 3139 3142 13722 3281 3285 13723 3283 3287 13724 3283 3287 13725 3284 3288 13726 3285 3255 13727 3283 3287 13728 3285 3255 13729 3286 3246 13730 3139 3142 13731 3283 3287 13732 3286 3246 13733 3285 3255 13734 3284 3288 13735 3287 3252 13736 3288 3289 13737 3289 3290 13738 3290 3291 13739 3288 3289 13740 3290 3291 13741 3291 3292 13742 3291 3292 13743 3290 3291 13744 3292 3293 13745 3291 3292 13746 3292 3293 13747 3293 3294 13748 3293 3294 13749 3292 3293 13750 3294 3295 13751 3293 3294 13752 3294 3295 13753 3295 2903 13754 3293 3294 13755 3295 2903 13756 3296 2902 13757 3156 3150 13758 3297 3296 13759 3298 3297 13760 3156 3150 13761 3298 3297 13762 3171 3155 13763 3262 3259 13764 3297 3296 13765 3156 3150 13766 3262 3259 13767 3299 3298 13768 3297 3296 13769 3300 3299 13770 3301 3300 13771 3316 3301 13772 3171 3155 13773 3298 3297 13774 3303 3302 13775 3171 3155 13776 3303 3302 13777 3265 3265 13778 3265 3265 13779 3303 3302 13780 3302 3303 13781 3265 3265 13782 3302 3303 13783 3300 3299 13784 3304 3304 13785 3305 3305 13786 3306 3306 13787 3304 3304 13788 3306 3306 13789 3307 3307 13790 3304 3304 13791 3307 3307 13792 3308 3308 13793 3308 3308 13794 3307 3307 13795 3309 3309 13796 3310 3310 13797 3311 3311 13798 3312 3312 13799 3313 3313 13800 3314 3314 13801 3311 3311 13802 3313 3313 13803 3311 3311 13804 3310 3310 13805 3310 3310 13806 3312 3312 13807 3289 3290 13808 3310 3310 13809 3289 3290 13810 3288 3289 13811 3313 3313 13812 3315 3315 13813 3314 3314 13814 3316 3301 13815 3317 3316 13816 3318 3317 13817 3316 3301 13818 3301 3300 13819 3317 3316 13820 3316 3301 13821 3318 3317 13822 3304 3304 13823 3304 3304 13824 3318 3317 13825 3305 3305 13826 3264 3262 13827 3319 3318 13828 3167 3263 13829 3167 3263 13830 3319 3318 13831 3320 3319 13832 3167 3263 13833 3320 3319 13834 3166 3320 13835 3166 3320 13836 3321 3321 13837 3322 3322 13838 3166 3320 13839 3322 3322 13840 3148 3323 13841 3166 3320 13842 3320 3319 13843 3321 3321 13844 3159 3324 13845 3323 3325 13846 3324 3326 13847 3159 3324 13848 3324 3326 13849 3160 3327 13850 3147 3328 13851 3325 3329 13852 3323 3325 13853 3147 3328 13854 3323 3325 13855 3159 3324 13856 3148 3323 13857 3322 3322 13858 3325 3329 13859 3148 3323 13860 3325 3329 13861 3147 3328 13862 3158 3151 13863 3326 3330 13864 3299 3298 13865 3158 3151 13866 3299 3298 13867 3157 3152 13868 3160 3327 13869 3324 3326 13870 3326 3330 13871 3160 3327 13872 3326 3330 13873 3158 3151 13874 3157 3152 13875 3299 3298 13876 3262 3259 13877 800 3331 13878 3327 3332 13879 3315 3315 13880 800 3331 13881 3315 3315 13882 3313 3313 13883 3308 3308 13884 3309 3309 13885 3328 3333 13886 3308 3308 13887 3328 3333 13888 3329 3334 13889 3330 3335 13890 3332 3336 13891 3333 3337 13892 3330 3335 13893 3333 3337 13894 3331 3338 13895 3331 3338 13896 3333 3337 13897 3336 3339 13898 3335 3340 13899 3395 3341 13900 3337 3342 13901 3340 3343 13902 3341 3344 13903 3308 3308 13904 3342 3345 13905 3341 3344 13906 3340 3343 13907 3241 3227 13908 3343 3346 13909 3242 3228 13910 3343 3346 13911 3344 3347 13912 3242 3228 13913 3345 3348 13914 3344 3347 13915 3343 3346 13916 3346 3349 13917 3347 3350 13918 3348 3351 13919 3218 3203 13920 3349 3352 13921 3256 3353 13922 3348 3351 13923 3220 3205 13924 3346 3349 13925 3353 3354 13926 3351 3355 13927 3352 3356 13928 3352 3356 13929 3430 3357 13930 3353 3354 13931 3430 3357 13932 3431 3358 13933 3354 3359 13934 3355 3360 13935 3357 3361 13936 3358 3362 13937 3355 3360 13938 3358 3362 13939 3356 3363 13940 3359 3364 13941 3354 3359 13942 3431 3358 13943 3356 3363 13944 3361 3365 13945 3362 3366 13946 3356 3363 13947 3358 3362 13948 3363 3367 13949 3356 3363 13950 3363 3367 13951 3361 3365 13952 3359 3364 13953 3431 3358 13954 3360 3368 13955 3362 3366 13956 3361 3365 13957 3291 3292 13958 3365 3238 13959 3260 3257 13960 3248 3194 13961 3260 3257 13962 3261 3258 13963 3248 3194 13964 3172 3157 13965 801 3369 13966 3261 3258 13967 3300 3299 13968 801 3369 13969 3265 3265 13970 3366 3370 13971 3367 3371 13972 801 3369 13973 3265 3265 13974 801 3369 13975 3172 3157 13976 3206 3191 13977 3367 3371 13978 3249 3235 13979 3206 3191 13980 801 3369 13981 3367 3371 13982 3368 3372 13983 3447 3373 13984 2981 2979 13985 3369 3374 13986 2983 2982 13987 2981 2979 13988 3369 3374 13989 2981 2979 13990 3447 3373 13991 3371 3375 13992 3372 3376 13993 3370 3377 13994 3369 3374 13995 3373 3378 13996 3370 3377 13997 3370 3377 13998 3376 3379 13999 3377 3380 14000 3370 3377 14001 3377 3380 14002 3371 3375 14003 3378 3381 14004 3397 3382 14005 3374 3383 14006 3404 3384 14007 3378 3381 14008 3379 3385 14009 3380 3386 14010 3381 3387 14011 3404 3384 14012 3380 3386 14013 3404 3384 14014 3379 3385 14015 3380 3386 14016 3382 3388 14017 3381 3387 14018 3383 3389 14019 3346 3349 14020 3384 3390 14021 3384 3390 14022 3394 3391 14023 3383 3389 14024 3384 3390 14025 3351 3355 14026 3386 3392 14027 3386 3392 14028 3385 3393 14029 3384 3390 14030 3389 3394 14031 3393 3395 14032 3386 3392 14033 3389 3394 14034 3386 3392 14035 3353 3354 14036 3387 3396 14037 3392 3397 14038 3388 3398 14039 3353 3354 14040 3354 3359 14041 3389 3394 14042 3387 3396 14043 3388 3398 14044 3390 3399 14045 3389 3394 14046 3354 3359 14047 3391 3400 14048 3401 3401 14049 3392 3397 14050 3387 3396 14051 3385 3393 14052 3386 3392 14053 3393 3395 14054 3394 3391 14055 3384 3390 14056 3385 3393 14057 3396 3402 14058 3382 3388 14059 3395 3341 14060 3382 3388 14061 3383 3389 14062 3394 3391 14063 3382 3388 14064 3394 3391 14065 3395 3341 14066 3404 3384 14067 3381 3387 14068 3396 3402 14069 3381 3387 14070 3382 3388 14071 3396 3402 14072 3397 3382 14073 3378 3381 14074 3405 3403 14075 3378 3381 14076 3404 3384 14077 3405 3403 14078 3375 3404 14079 3374 3383 14080 3397 3382 14081 3375 3404 14082 3398 3405 14083 3399 3406 14084 3400 3407 14085 3017 3016 14086 3370 3377 14087 3370 3377 14088 3372 3376 14089 3400 3407 14090 3400 3407 14091 3020 3019 14092 3017 3016 14093 2983 2982 14094 3369 3374 14095 3370 3377 14096 2983 2982 14097 3370 3377 14098 3017 3016 14099 3407 3022 14100 3414 3029 14101 3040 3025 14102 3403 3408 14103 3385 3393 14104 3393 3395 14105 3401 3401 14106 3402 3409 14107 3392 3397 14108 3331 3338 14109 3336 3339 14110 3402 3409 14111 3331 3338 14112 3402 3409 14113 3401 3401 14114 3337 3342 14115 3395 3341 14116 3403 3408 14117 3395 3341 14118 3394 3391 14119 3403 3408 14120 3394 3391 14121 3385 3393 14122 3403 3408 14123 3395 3341 14124 3335 3340 14125 3396 3402 14126 3397 3382 14127 3405 3403 14128 3406 3410 14129 3023 3034 14130 2990 2989 14131 3375 3404 14132 3375 3404 14133 3397 3382 14134 3023 3034 14135 3022 3021 14136 3398 3405 14137 3375 3404 14138 3022 3021 14139 3375 3404 14140 2990 2989 14141 3023 3034 14142 3397 3382 14143 3406 3410 14144 3406 3410 14145 3405 3403 14146 3407 3022 14147 3405 3403 14148 3408 3411 14149 3407 3022 14150 3405 3403 14151 3404 3384 14152 3408 3411 14153 3404 3384 14154 3334 3412 14155 3408 3411 14156 3462 3413 14157 3409 3414 14158 3410 3415 14159 3462 3413 14160 3410 3415 14161 3412 3416 14162 3462 3413 14163 3412 3416 14164 3330 3335 14165 3411 3417 14166 3408 3411 14167 3413 3418 14168 3330 3335 14169 3412 3416 14170 3332 3336 14171 3413 3418 14172 3408 3411 14173 3334 3412 14174 3025 3027 14175 3409 3414 14176 3462 3413 14177 3414 3029 14178 3408 3411 14179 3411 3417 14180 3407 3022 14181 3408 3411 14182 3414 3029 14183 3407 3022 14184 3031 3024 14185 3406 3410 14186 3031 3024 14187 3024 3033 14188 3406 3410 14189 3025 3027 14190 3415 3419 14191 3409 3414 14192 3025 3027 14193 3026 3026 14194 3415 3419 14195 3024 3033 14196 3023 3034 14197 3406 3410 14198 3396 3402 14199 3335 3340 14200 3334 3412 14201 3396 3402 14202 3334 3412 14203 3404 3384 14204 3390 3399 14205 3417 3420 14206 3418 3421 14207 3390 3399 14208 3418 3421 14209 3416 3422 14210 3391 3400 14211 3354 3359 14212 3419 3423 14213 3416 3422 14214 3418 3421 14215 3357 3361 14216 3416 3422 14217 3357 3361 14218 3355 3360 14219 3419 3423 14220 3354 3359 14221 3359 3364 14222 3390 3399 14223 3388 3398 14224 3417 3420 14225 3353 3354 14226 3430 3357 14227 3354 3359 14228 3386 3392 14229 3351 3355 14230 3353 3354 14231 3384 3390 14232 3346 3349 14233 3351 3355 14234 3346 3349 14235 3350 3424 14236 3351 3355 14237 3383 3389 14238 3347 3350 14239 3346 3349 14240 3383 3389 14241 3382 3388 14242 3347 3350 14243 3380 3386 14244 3420 3425 14245 3382 3388 14246 3420 3425 14247 3347 3350 14248 3382 3388 14249 3421 3426 14250 3422 3427 14251 3423 3428 14252 3423 3428 14253 3344 3347 14254 3345 3348 14255 3423 3428 14256 3345 3348 14257 3421 3426 14258 3423 3428 14259 3424 3429 14260 3425 3430 14261 3423 3428 14262 3425 3430 14263 3344 3347 14264 3242 3228 14265 3426 3431 14266 3231 3217 14267 3242 3228 14268 3344 3347 14269 3426 3431 14270 3344 3347 14271 3425 3430 14272 3426 3431 14273 3427 3216 14274 3350 3424 14275 3230 3213 14276 3428 3432 14277 3350 3424 14278 3427 3216 14279 3427 3216 14280 3367 3371 14281 3428 3432 14282 3429 3433 14283 3352 3356 14284 3428 3432 14285 3428 3432 14286 3367 3371 14287 3429 3433 14288 3431 3358 14289 3430 3357 14290 3304 3304 14291 3304 3304 14292 3308 3308 14293 3431 3358 14294 3329 3334 14295 3340 3343 14296 3308 3308 14297 3310 3310 14298 3432 3434 14299 3433 3435 14300 3434 3436 14301 3431 3358 14302 3341 3344 14303 3310 3310 14304 3338 3437 14305 3313 3313 14306 3310 3310 14307 3433 3435 14308 3338 3437 14309 3341 3344 14310 3431 3358 14311 3308 3308 14312 3288 3289 14313 3435 3438 14314 3432 3434 14315 3288 3289 14316 3432 3434 14317 3310 3310 14318 3291 3292 14319 3361 3365 14320 3288 3289 14321 3361 3365 14322 3363 3367 14323 3435 3438 14324 3361 3365 14325 3435 3438 14326 3288 3289 14327 3364 3439 14328 3360 3368 14329 3434 3436 14330 3364 3439 14331 3434 3436 14332 3436 3440 14333 3360 3368 14334 3431 3358 14335 3434 3436 14336 3352 3356 14337 3429 3433 14338 3430 3357 14339 3351 3355 14340 3428 3432 14341 3352 3356 14342 3351 3355 14343 3350 3424 14344 3428 3432 14345 3350 3424 14346 3346 3349 14347 3220 3205 14348 3230 3213 14349 3350 3424 14350 3220 3205 14351 3316 3301 14352 3429 3433 14353 3366 3370 14354 3429 3433 14355 3367 3371 14356 3366 3370 14357 3316 3301 14358 3366 3370 14359 801 3369 14360 3316 3301 14361 801 3369 14362 3300 3299 14363 3238 3224 14364 3249 3235 14365 3427 3216 14366 3437 3441 14367 3439 3442 14368 3438 3443 14369 3439 3442 14370 3446 3444 14371 3438 3443 14372 3440 3445 14373 3441 3446 14374 3439 3442 14375 3440 3445 14376 3439 3442 14377 3437 3441 14378 3424 3429 14379 3439 3442 14380 3441 3446 14381 3442 3447 14382 3443 3448 14383 3440 3445 14384 3443 3448 14385 3441 3446 14386 3440 3445 14387 3425 3430 14388 3424 3429 14389 3441 3446 14390 3441 3446 14391 3445 3449 14392 3425 3430 14393 3231 3217 14394 3444 3450 14395 3221 3206 14396 3231 3217 14397 3426 3431 14398 3444 3450 14399 3426 3431 14400 3445 3449 14401 3444 3450 14402 3426 3431 14403 3425 3430 14404 3445 3449 14405 3445 3449 14406 3443 3448 14407 3442 3447 14408 3445 3449 14409 3441 3446 14410 3443 3448 14411 3221 3206 14412 3444 3450 14413 3224 3212 14414 3224 3212 14415 3444 3450 14416 3445 3449 14417 3448 3451 14418 3373 3378 14419 3447 3373 14420 3448 3451 14421 3447 3373 14422 3449 3452 14423 3438 3443 14424 3446 3444 14425 3373 3378 14426 3438 3443 14427 3373 3378 14428 3448 3451 14429 3449 3452 14430 3447 3373 14431 3368 3372 14432 3447 3373 14433 3373 3378 14434 3369 3374 14435 3376 3379 14436 3370 3377 14437 3373 3378 14438 3373 3378 14439 3446 3444 14440 3450 3453 14441 3373 3378 14442 3450 3453 14443 3376 3379 14444 3377 3380 14445 3376 3379 14446 3450 3453 14447 3422 3427 14448 3421 3426 14449 3377 3380 14450 3422 3427 14451 3377 3380 14452 3450 3453 14453 3446 3444 14454 3439 3442 14455 3422 3427 14456 3446 3444 14457 3422 3427 14458 3450 3453 14459 3424 3429 14460 3423 3428 14461 3422 3427 14462 3424 3429 14463 3422 3427 14464 3439 3442 14465 3249 3235 14466 3367 3371 14467 3427 3216 14468 3430 3357 14469 3429 3433 14470 3451 3454 14471 3429 3433 14472 3316 3301 14473 3451 3454 14474 3451 3454 14475 3304 3304 14476 3430 3357 14477 3304 3304 14478 3451 3454 14479 3316 3301 14480 3217 3239 14481 3259 3256 14482 3365 3238 14483 3259 3256 14484 3260 3257 14485 3365 3238 14486 3248 3194 14487 801 3369 14488 3206 3191 14489 3248 3194 14490 3261 3258 14491 801 3369 14492 3220 3205 14493 3349 3352 14494 3218 3203 14495 3220 3205 14496 3348 3351 14497 3349 3352 14498 3313 3313 14499 3338 3437 14500 800 3331 14501 3338 3437 14502 3339 3455 14503 800 3331 14504 3331 3338 14505 3452 3456 14506 3330 3335 14507 3362 3366 14508 3453 3457 14509 3356 3363 14510 3293 3294 14511 3362 3366 14512 3291 3292 14513 3293 3294 14514 3453 3457 14515 3362 3366 14516 3296 2902 14517 3455 3084 14518 3293 3294 14519 3455 3084 14520 3453 3457 14521 3293 3294 14522 2909 2901 14523 3455 3084 14524 3296 2902 14525 3390 3399 14526 3456 3458 14527 3387 3396 14528 3458 3459 14529 3457 3460 14530 3390 3399 14531 3459 3461 14532 3457 3460 14533 3458 3459 14534 3458 3459 14535 3454 3462 14536 3459 3461 14537 3085 3090 14538 3084 3089 14539 3459 3461 14540 3454 3462 14541 3086 3091 14542 3085 3090 14543 3454 3462 14544 3085 3090 14545 3459 3461 14546 3454 3462 14547 3080 3082 14548 3086 3091 14549 3454 3462 14550 3453 3457 14551 3455 3084 14552 3455 3084 14553 3080 3082 14554 3454 3462 14555 3457 3460 14556 3459 3461 14557 3084 3089 14558 3457 3460 14559 3084 3089 14560 3088 3093 14561 3460 3463 14562 3456 3458 14563 3457 3460 14564 3390 3399 14565 3457 3460 14566 3456 3458 14567 3025 3027 14568 3093 3096 14569 3039 3028 14570 3464 3094 14571 3461 3464 14572 3088 3093 14573 3461 3464 14574 3457 3460 14575 3088 3093 14576 3461 3464 14577 3460 3463 14578 3457 3460 14579 3460 3463 14580 3452 3456 14581 3456 3458 14582 3387 3396 14583 3456 3458 14584 3401 3401 14585 3401 3401 14586 3456 3458 14587 3452 3456 14588 3330 3335 14589 3463 3465 14590 3462 3413 14591 3330 3335 14592 3452 3456 14593 3463 3465 14594 3452 3456 14595 3460 3463 14596 3463 3465 14597 3461 3464 14598 3464 3094 14599 3460 3463 14600 3025 3027 14601 3463 3465 14602 3093 3096 14603 3463 3465 14604 3460 3463 14605 3464 3094 14606 3463 3465 14607 3464 3094 14608 3093 3096 14609 3462 3413 14610 3463 3465 14611 3025 3027 14612 3401 3401 14613 3452 3456 14614 3331 3338 14615 3454 3462 14616 3355 3360 14617 3356 3363 14618 3356 3363 14619 3453 3457 14620 3454 3462 14621 3454 3462 14622 3458 3459 14623 3355 3360 14624 3355 3360 14625 3458 3459 14626 3416 3422 14627 3416 3422 14628 3458 3459 14629 3390 3399 14630 3191 3176 14631 3489 3466 14632 3186 3171 14633 3489 3466 14634 3465 3467 14635 3466 3468 14636 3489 3466 14637 3466 3468 14638 3186 3171 14639 3465 3467 14640 3467 3469 14641 3466 3468 14642 3468 3470 14643 3469 3471 14644 3467 3469 14645 3469 3471 14646 3470 3472 14647 3467 3469 14648 3465 3467 14649 3468 3470 14650 3467 3469 14651 3497 3473 14652 3471 3474 14653 3472 3475 14654 3497 3473 14655 3472 3475 14656 3276 3279 14657 3472 3475 14658 3277 3280 14659 3276 3279 14660 3180 3165 14661 3275 3278 14662 3178 3163 14663 3180 3165 14664 3278 3276 14665 3275 3278 14666 3278 3276 14667 3497 3473 14668 3276 3279 14669 3267 3272 14670 3266 3269 14671 3268 3271 14672 3214 3200 14673 3268 3271 14674 3217 3239 14675 3263 3260 14676 3100 3137 14677 2876 2863 14678 3175 3160 14679 3275 3278 14680 3473 3476 14681 3275 3278 14682 3274 3277 14683 3473 3476 14684 3274 3277 14685 3272 3274 14686 3271 3273 14687 3175 3160 14688 3473 3476 14689 3202 3187 14690 3473 3476 14691 3274 3277 14692 3481 3477 14693 3274 3277 14694 3271 3273 14695 3474 3478 14696 3274 3277 14697 3474 3478 14698 3481 3477 14699 3271 3273 14700 3270 3283 14701 3474 3478 14702 3270 3283 14703 3269 3284 14704 3474 3478 14705 3266 3269 14706 3478 3479 14707 3269 3284 14708 3266 3269 14709 3267 3272 14710 3478 3479 14711 3255 3242 14712 3267 3272 14713 3211 3197 14714 3234 3220 14715 3475 3480 14716 3244 3230 14717 3244 3230 14718 3476 3481 14719 3253 3240 14720 3244 3230 14721 3475 3480 14722 3476 3481 14723 3475 3480 14724 3477 3482 14725 3476 3481 14726 3478 3479 14727 3479 3483 14728 3269 3284 14729 3479 3483 14730 3474 3478 14731 3269 3284 14732 3479 3483 14733 3487 3484 14734 3474 3478 14735 3202 3187 14736 3473 3476 14737 3480 3485 14738 3473 3476 14739 3481 3477 14740 3480 3485 14741 3187 3172 14742 3113 3118 14743 2810 2785 14744 2981 2979 14745 3114 3121 14746 3368 3372 14747 3227 3211 14748 3482 3486 14749 3236 3222 14750 3236 3222 14751 3482 3486 14752 3475 3480 14753 3236 3222 14754 3475 3480 14755 3234 3220 14756 3482 3486 14757 3483 3487 14758 3475 3480 14759 3484 3488 14760 3477 3482 14761 3483 3487 14762 3477 3482 14763 3475 3480 14764 3483 3487 14765 3484 3488 14766 3468 3470 14767 3485 3489 14768 3484 3488 14769 3485 3489 14770 3477 3482 14771 3486 3490 14772 3479 3483 14773 3478 3479 14774 3487 3484 14775 3479 3483 14776 3486 3490 14777 3202 3187 14778 3488 3491 14779 3196 3182 14780 3202 3187 14781 3480 3485 14782 3488 3491 14783 3480 3485 14784 3487 3484 14785 3488 3491 14786 3480 3485 14787 3481 3477 14788 3487 3484 14789 3481 3477 14790 3474 3478 14791 3487 3484 14792 3488 3491 14793 3487 3484 14794 3486 3490 14795 3194 3179 14796 3489 3466 14797 3191 3176 14798 3489 3466 14799 3485 3489 14800 3465 3467 14801 3485 3489 14802 3468 3470 14803 3465 3467 14804 3184 3169 14805 3466 3468 14806 3490 3120 14807 3466 3468 14808 3467 3469 14809 3490 3120 14810 3184 3169 14811 3490 3120 14812 3190 3175 14813 3190 3175 14814 3490 3120 14815 3113 3118 14816 3190 3175 14817 3113 3118 14818 3187 3172 14819 3467 3469 14820 3470 3472 14821 3490 3120 14822 3491 3492 14823 3490 3120 14824 3470 3472 14825 3470 3472 14826 3469 3471 14827 3492 3493 14828 3470 3472 14829 3492 3493 14830 3491 3492 14831 3448 3451 14832 3491 3492 14833 3492 3493 14834 3492 3493 14835 3493 3494 14836 3448 3451 14837 3448 3451 14838 3493 3494 14839 3438 3443 14840 3438 3443 14841 3493 3494 14842 3437 3441 14843 3445 3449 14844 3482 3486 14845 3224 3212 14846 3224 3212 14847 3482 3486 14848 3227 3211 14849 3442 3447 14850 3440 3445 14851 3494 3495 14852 3494 3495 14853 3483 3487 14854 3442 3447 14855 3483 3487 14856 3482 3486 14857 3442 3447 14858 3494 3495 14859 3495 3496 14860 3468 3470 14861 3468 3470 14862 3484 3488 14863 3494 3495 14864 3484 3488 14865 3483 3487 14866 3494 3495 14867 3495 3496 14868 3469 3471 14869 3468 3470 14870 3495 3496 14871 3492 3493 14872 3469 3471 14873 3493 3494 14874 3492 3493 14875 3495 3496 14876 3494 3495 14877 3493 3494 14878 3495 3496 14879 3437 3441 14880 3493 3494 14881 3494 3495 14882 3494 3495 14883 3440 3445 14884 3437 3441 14885 3442 3447 14886 3482 3486 14887 3445 3449 14888 3449 3452 14889 3491 3492 14890 3448 3451 14891 3368 3372 14892 3496 3497 14893 3449 3452 14894 3496 3497 14895 3491 3492 14896 3449 3452 14897 3114 3121 14898 3490 3120 14899 3491 3492 14900 3491 3492 14901 3496 3497 14902 3114 3121 14903 3368 3372 14904 3114 3121 14905 3496 3497 14906 3186 3171 14907 3466 3468 14908 3184 3169 14909 3100 3137 14910 3498 3498 14911 3101 3135 14912 3498 3498 14913 3471 3474 14914 3101 3135 14915 3471 3474 14916 3102 3107 14917 3101 3135 14918 3497 3473 14919 3102 3107 14920 3471 3474 14921 2816 2789 14922 3103 3106 14923 3182 3167 14924 3103 3106 14925 3102 3107 14926 3497 3473 14927 3182 3167 14928 3103 3106 14929 3180 3165 14930 3180 3165 14931 3103 3106 14932 3278 3276 14933 3103 3106 14934 3497 3473 14935 3278 3276 14936 3471 3474 14937 3498 3498 14938 3472 3475 14939 3263 3260 14940 3498 3498 14941 3100 3137 14942 3287 3252 14943 3284 3288 14944 3472 3475 14945 3287 3252 14946 3472 3475 14947 3498 3498 14948 3287 3252 14949 3498 3498 14950 3263 3260 14951 3284 3288 14952 3277 3280 14953 3472 3475 14954 3284 3288 14955 3283 3287 14956 3279 3281 14957 3279 3281 14958 3277 3280 14959 3284 3288 14960 3279 3281 14961 3272 3274 14962 3277 3280 14963 3280 3282 14964 3273 3275 14965 3279 3281 14966 3143 3141 14967 3282 3286 14968 3258 3251 14969 3163 3270 14970 3266 3269 14971 3282 3286 14972 3163 3270 14973 3282 3286 14974 3143 3141 14975 3266 3269 14976 3280 3282 14977 3282 3286 14978 3134 3267 14979 3266 3269 14980 3162 3268 14981 3134 3267 14982 799 3266 14983 3266 3269 14984 799 3266 14985 3268 3271 14986 3266 3269 14987 3259 3256 14988 3217 3239 14989 3161 3153 14990 3217 3239 14991 3268 3271 14992 3161 3153 14993 3268 3271 14994 799 3266 14995 3161 3153 14996 3161 3153 14997 3257 3243 14998 3141 3249 14999</p>
        </triangles>
      </mesh>
    </geometry>
  </library_geometries>
  <library_visual_scenes>
    <visual_scene id="Scene" name="Scene">
      <node id="rfs_aimcore_v1" name="rfs_aimcore_v1" type="NODE">
        <matrix sid="transform">1 0 0 0 0 1 0 0 0 0 1 0 0 0 0 1</matrix>
        <instance_geometry url="#rfs_aimcore_v1-mesh" name="rfs_aimcore_v1">
          <bind_material>
            <technique_common>
              <instance_material symbol="cone-material" target="#cone-material">
                <bind_vertex_input semantic="UVMap" input_semantic="TEXCOORD" input_set="0"/>
              </instance_material>
              <instance_material symbol="guyujg-material" target="#guyujg-material">
                <bind_vertex_input semantic="UVMap" input_semantic="TEXCOORD" input_set="0"/>
              </instance_material>
            </technique_common>
          </bind_material>
        </instance_geometry>
      </node>
    </visual_scene>
  </library_visual_scenes>
  <scene>
    <instance_visual_scene url="#Scene"/>
  </scene>
</COLLADA>