<?xml version="1.0" encoding="utf-8"?>
<COLLADA xmlns="http://www.collada.org/2005/11/COLLADASchema" version="1.4.1" xmlns:xsi="http://www.w3.org/2001/XMLSchema-instance">
  <asset>
    <contributor>
      <author>Blender User</author>
      <authoring_tool>Blender 4.5.10 LTS commit date:2026-05-18, commit time:13:28, hash:6dc0b208d1b5</authoring_tool>
    </contributor>
    <created>2026-09-14T13:02:57</created>
    <modified>2026-09-14T13:02:57</modified>
    <unit name="meter" meter="1"/>
    <up_axis>Z_UP</up_axis>
  </asset>
  <library_effects>
    <effect id="craftingstation_body-effect">
      <profile_COMMON>
        <technique sid="common">
          <lambert>
            <emission>
              <color sid="emission">0 0 0 1</color>
            </emission>
            <diffuse>
              <color sid="diffuse">0.8 0.8 0.8 1</color>
            </diffuse>
            <reflectivity>
              <float sid="specular">0.5</float>
            </reflectivity>
          </lambert>
        </technique>
      </profile_COMMON>
    </effect>
    <effect id="craftingstation_screen-effect">
      <profile_COMMON>
        <technique sid="common">
          <lambert>
            <emission>
              <color sid="emission">0 0 0 1</color>
            </emission>
            <diffuse>
              <color sid="diffuse">0.8 0.8 0.8 1</color>
            </diffuse>
            <reflectivity>
              <float sid="specular">0.5</float>
            </reflectivity>
          </lambert>
        </technique>
      </profile_COMMON>
    </effect>
    <effect id="craftingstation_slider-effect">
      <profile_COMMON>
        <technique sid="common">
          <lambert>
            <emission>
              <color sid="emission">0 0 0 1</color>
            </emission>
            <diffuse>
              <color sid="diffuse">0.8 0.8 0.8 1</color>
            </diffuse>
            <reflectivity>
              <float sid="specular">0.5</float>
            </reflectivity>
          </lambert>
        </technique>
      </profile_COMMON>
    </effect>
    <effect id="submesh_light_01-effect">
      <profile_COMMON>
        <technique sid="common">
          <lambert>
            <emission>
              <color sid="emission">0 0 0 1</color>
            </emission>
            <diffuse>
              <color sid="diffuse">0.8 0.8 0.8 1</color>
            </diffuse>
            <reflectivity>
              <float sid="specular">0.5</float>
            </reflectivity>
          </lambert>
        </technique>
      </profile_COMMON>
    </effect>
    <effect id="submesh_light_02-effect">
      <profile_COMMON>
        <technique sid="common">
          <lambert>
            <emission>
              <color sid="emission">0 0 0 1</color>
            </emission>
            <diffuse>
              <color sid="diffuse">0.8 0.8 0.8 1</color>
            </diffuse>
            <reflectivity>
              <float sid="specular">0.5</float>
            </reflectivity>
          </lambert>
        </technique>
      </profile_COMMON>
    </effect>
  </library_effects>
  <library_images/>
  <library_materials>
    <material id="craftingstation_body-material" name="craftingstation_body">
      <instance_effect url="#craftingstation_body-effect"/>
    </material>
    <material id="craftingstation_screen-material" name="craftingstation_screen">
      <instance_effect url="#craftingstation_screen-effect"/>
    </material>
    <material id="craftingstation_slider-material" name="craftingstation_slider">
      <instance_effect url="#craftingstation_slider-effect"/>
    </material>
    <material id="submesh_light_01-material" name="submesh_light_01">
      <instance_effect url="#submesh_light_01-effect"/>
    </material>
    <material id="submesh_light_02-material" name="submesh_light_02">
      <instance_effect url="#submesh_light_02-effect"/>
    </material>
  </library_materials>
  <library_geometries>
    <geometry id="craftingstation_body-mesh" name="craftingstation_body">
      <mesh>
        <source id="craftingstation_body-mesh-positions">
          <float_array id="craftingstation_body-mesh-positions-array" count="4557">2.972126 -0.0480619 -0.7925263 2.972126 -0.04805785 -0.1078881 2.972126 -0.2134019 -0.1537509 2.972126 -0.2133979 -0.7466635 2.972126 0.238326 -0.6213688 2.972126 0.238326 -0.2790497 2.972126 0.117282 -0.1537509 2.972126 0.117282 -0.7466635 2.972126 -0.3344379 -0.6213688 2.972126 -0.3344379 -0.2790496 2.972126 -0.3787379 -0.4502071 2.972126 0.2826261 -0.4502072 2.216744 0.1175981 -0.1531919 2.216744 0.238866 -0.2787226 2.216744 0.238866 -0.6216918 2.216744 0.117598 -0.7472266 2.216744 -0.04805791 -0.7931764 3.28 0.2755221 -0.256814 3.207911 0.16163 -0.07423627 3.28 0.3255821 -0.4502072 3.207911 0.3713181 -0.4502072 3.28 0.2755221 -0.6436005 3.207911 0.16163 -0.8261823 3.28 0.238862 -0.2787226 3.28 0.238862 -0.6216918 2.216744 0.161634 -0.8261823 2.216744 -0.04805791 -0.884343 2.957237 0.3151341 -0.6672772 2.216744 0.1616341 -0.07423627 3.137593 0.16163 -0.07423627 2.216744 -0.04805386 -0.01607125 3.207911 0.3151341 -0.6672772 2.957237 0.3713221 -0.4502072 3.207911 0.3151341 -0.2331413 3.28 0.1175941 -0.1531919 2.957237 0.2832541 -0.4502072 3.28 0.2832501 -0.4502072 3.137593 0.1175941 -0.1531919 3.137593 -0.04805785 -0.1072421 3.137593 -0.04805392 -0.884343 3.137593 0.16163 -0.8261823 3.137593 0.117598 -0.7472266 3.28 0.138766 -0.7851765 3.28 0.117598 -0.7472266 3.28 0.1387621 -0.115242 2.216744 0.3151381 -0.6672772 2.957237 0.238862 -0.6216918 2.216744 0.3151381 -0.2331413 2.957237 0.238862 -0.2787226 2.957237 0.3151341 -0.2331413 2.216744 -0.2137098 -0.1531919 2.216744 -0.04805785 -0.1072421 2.216744 -0.2137099 -0.7472266 2.216744 -0.3349779 -0.6216918 3.207911 -0.4112539 -0.2331413 3.28 -0.371638 -0.2568139 3.207911 -0.4674339 -0.4502071 3.28 -0.4217019 -0.4502071 3.28 -0.371638 -0.6436004 3.207911 -0.2577499 -0.8261821 3.28 -0.3793659 -0.4502071 3.28 -0.3349819 -0.6216918 2.216744 -0.2577459 -0.8261821 3.137593 -0.2577499 -0.8261821 2.957237 -0.4112499 -0.6672772 2.216744 -0.2577459 -0.07423621 3.137593 -0.2577499 -0.07423621 3.137593 -0.04805785 -0.01607125 3.207911 -0.4112539 -0.6672772 2.957237 -0.4674339 -0.4502071 3.28 -0.2137138 -0.1531919 3.28 -0.3349819 -0.2787225 3.28 -0.2137139 -0.7472266 3.137593 -0.2137138 -0.1531919 3.137593 -0.0480619 -0.7931764 3.137593 -0.2137099 -0.7472266 3.28 -0.2348779 -0.7851765 3.207911 -0.2577499 -0.07423621 3.28 -0.2348818 -0.115242 2.216744 -0.4112499 -0.2331413 2.216744 -0.4112499 -0.6672772 2.216744 -0.3349779 -0.2787225 2.957237 -0.3349819 -0.2787225 2.957237 -0.3793659 -0.4502071 2.957237 -0.3349819 -0.6216918 2.957237 -0.4112539 -0.2331413 3.056993 0.4934741 -0.1265545 3.056993 0.2645901 0.1103744 3.215138 0.2321581 0.05221778 3.215138 0.4372901 -0.1601318 3.215138 -0.04805785 0.1299436 3.215138 -0.3282779 0.05221784 3.056993 -0.5895859 -0.1265544 3.215138 -0.5334099 -0.1601317 3.056993 -0.6733579 -0.4502071 3.215138 -0.6084939 -0.4502071 3.056993 -0.5895859 -0.7738598 3.215138 -0.53341 -0.7402825 3.056993 -0.360706 -1.010789 3.215138 -0.328278 -0.9526363 3.056993 -0.04806196 -1.097512 3.056993 0.264594 -1.010789 3.215138 0.232158 -0.9526363 3.215138 -0.04806196 -1.030362 3.056993 0.4934741 -0.7738599 3.215138 0.4372901 -0.7402826 3.215138 0.5123741 -0.4502072 3.215138 -0.2764939 -0.04062998 3.215138 -0.04805785 0.02273154 3.215138 -0.27649 -0.8597843 3.215138 0.347598 -0.6866766 3.215138 0.4088061 -0.4502072 3.215138 0.3475981 -0.2137378 3.000327 0.3475981 -0.2137378 3.000327 0.4088061 -0.4502072 3.215138 0.1803741 -0.04063004 3.000327 0.1803781 -0.04063004 3.000327 -0.04805785 0.02273154 3.000327 -0.2764939 -0.04062998 3.215138 -0.4437179 -0.2137377 3.000327 -0.4437179 -0.2137377 3.215138 -0.5049259 -0.4502071 3.000327 -0.5049259 -0.4502071 3.215138 -0.443718 -0.6866765 3.000327 -0.443718 -0.6866765 3.000327 -0.27649 -0.8597843 3.215138 -0.04805392 -0.9231459 3.215138 0.180378 -0.8597844 3.000327 0.180378 -0.8597844 3.000327 -0.04805392 -0.9231459 3.000327 0.3476021 -0.6866766 2.968736 -0.04805785 0.02273154 2.968736 -0.2764939 -0.04062998 2.968736 -0.27649 -0.8597843 2.968736 0.3476021 -0.6866766 2.968736 0.3475981 -0.2137378 2.968736 0.1803781 -0.04063004 2.968736 0.180378 -0.8597844 2.968736 -0.443718 -0.6866765 2.968736 -0.4437179 -0.2137377 2.968736 -0.5049259 -0.4502071 2.968736 -0.04805392 -0.9231459 2.968736 0.4088061 -0.4502072 3.056993 0.4951902 0.2496109 3.056993 0.5890862 0.2093504 2.889158 0.6439502 0.2661491 2.888956 0.5125142 0.3240491 3.056993 0.6279782 0.1121549 2.888956 0.6998862 0.1300885 3.056993 0.627978 -1.012573 2.888956 0.699886 -1.030503 3.056993 -0.5913099 0.249611 2.888956 -0.6086339 0.3240492 3.056993 -0.6852019 0.2093505 2.889158 -0.7400699 0.2661492 3.056993 -0.7240938 0.112155 2.888956 -0.7960018 0.1300886 3.056993 -0.72409 -1.012573 2.888956 -0.795998 -1.030503 3.056993 -0.685198 -1.109769 2.889158 -0.7400659 -1.166563 3.056993 -0.591306 -1.150025 2.888956 -0.6086301 -1.224463 3.056993 0.495194 -1.150025 2.888956 0.5125141 -1.224464 3.056993 0.5890861 -1.109769 2.889158 0.643954 -1.166563 3.056993 -0.04805785 0.1970981 3.056993 -0.3607099 0.1103744 3.056993 0.5772421 -0.4502072 -2.972125 -0.04805392 -0.9125263 -2.972125 -0.04805785 -0.2278881 -2.972125 0.1172861 -0.2737509 -2.972125 0.117282 -0.8666635 -2.972125 -0.3344419 -0.7413688 -2.972125 -0.3344419 -0.3990496 -2.972125 -0.2133978 -0.2737509 -2.972125 -0.2133979 -0.8666635 -2.972125 0.238322 -0.7413688 -2.972125 0.238322 -0.3990497 -2.972125 0.2826221 -0.5702072 -2.972125 -0.3787419 -0.5702071 -3.137593 -0.2137138 -0.8672266 -3.28 -0.3716419 -0.3768139 -3.207911 -0.2577459 -0.1942362 -3.28 -0.4216979 -0.5702071 -3.207911 -0.4674379 -0.5702071 -3.28 -0.3716419 -0.7636004 -3.28 -0.2348819 -0.9051765 -3.28 -0.2137138 -0.2731919 -3.28 -0.3349779 -0.3987225 -3.207911 -0.4112499 -0.7872772 -2.957238 -0.4674379 -0.5702071 -3.207911 -0.4112499 -0.3531413 -2.957238 -0.3793699 -0.5702071 -3.28 -0.3793699 -0.5702071 -3.28 -0.3349779 -0.7416917 -3.28 -0.2137138 -0.8672266 -3.137593 -0.2137138 -0.2731919 -3.137593 -0.2577459 -0.1942362 -3.137593 -0.0480619 -1.004343 -3.207911 -0.2577459 -0.9461821 -3.28 -0.2348778 -0.235242 -2.957238 -0.4112499 -0.7872772 -2.957238 -0.4112499 -0.3531413 -2.957238 -0.3349779 -0.3987225 -2.957238 -0.3349779 -0.7416917 -3.137593 -0.2577459 -0.9461821 -3.137593 -0.04805785 -0.2272421 -3.137593 0.1175941 -0.2731919 -2.957238 0.238866 -0.3987226 -2.957238 0.238866 -0.7416918 -3.137593 0.1175941 -0.8672266 -3.28 0.1387621 -0.235242 -3.207911 0.1616341 -0.1942363 -3.207911 0.3151381 -0.3531413 -3.28 0.2755221 -0.376814 -3.28 0.3255821 -0.5702072 -3.207911 0.3151341 -0.7872772 -3.28 0.2755221 -0.7636005 -3.207911 0.16163 -0.9461823 -3.28 0.138762 -0.9051765 -3.28 0.1175941 -0.2731919 -3.28 0.2832501 -0.5702072 -3.137593 0.16163 -0.9461823 -3.137593 0.1616341 -0.1942363 -3.137593 -0.04805785 -0.1360713 -3.207911 0.3713181 -0.5702072 -3.28 0.238866 -0.3987226 -3.28 0.238866 -0.7416918 -3.28 0.1175941 -0.8672266 -3.137593 -0.04805392 -0.9131764 -2.957238 0.3151341 -0.7872772 -2.957238 0.3713181 -0.5702072 -2.957238 0.2832501 -0.5702072 -2.957238 0.3151381 -0.3531413 -3.056992 -0.3607099 -0.009625554 -3.215139 -0.3282739 -0.06778216 -3.215139 -0.5334059 -0.2801318 -3.056992 -0.04805785 0.07709813 -3.056992 0.2645941 -0.009625554 -3.215139 0.2321621 -0.06778222 -3.215139 -0.04805785 0.009943604 -3.215139 0.4372941 -0.2801318 -3.056992 0.5772421 -0.5702072 -3.215139 0.5123741 -0.5702072 -3.215139 0.4372941 -0.8602826 -3.056992 0.26459 -1.130789 -3.215139 0.232162 -1.072636 -3.056992 -0.04805392 -1.217512 -3.056992 -0.3607099 -1.130789 -3.215139 -0.328278 -1.072636 -3.215139 -0.04805392 -1.150362 -3.056992 -0.58959 -0.8938598 -3.215139 -0.53341 -0.8602825 -3.056992 -0.6733579 -0.5702071 -3.215139 -0.6084899 -0.5702071 -3.215139 -0.2764939 -0.16063 -3.215139 0.4088101 -0.5702072 -3.215139 0.180374 -0.9797843 -3.215139 -0.0480619 -1.043146 -3.215139 -0.2764939 -0.9797843 -3.215139 -0.5049219 -0.5702071 -3.215139 -0.4437139 -0.3337377 -3.000328 -0.4437139 -0.3337377 -3.000328 -0.5049219 -0.5702071 -3.000328 -0.2764939 -0.16063 -3.000328 -0.04805785 -0.0972684 -3.215139 -0.04805785 -0.0972684 -3.215139 0.1803781 -0.1606301 -3.000328 0.1803781 -0.1606301 -3.215139 0.3476021 -0.3337378 -3.000328 0.3476021 -0.3337378 -3.000328 0.4088101 -0.5702072 -3.215139 0.3476021 -0.8066766 -3.000328 0.3476021 -0.8066766 -3.000328 0.180374 -0.9797843 -3.000328 -0.0480619 -1.043146 -3.000328 -0.2764939 -0.9797843 -3.215139 -0.443718 -0.8066765 -3.000328 -0.443718 -0.8066765 -2.968736 -0.04805785 -0.0972684 -2.968736 0.1803781 -0.1606301 -2.968736 0.180374 -0.9797843 -2.968736 -0.443718 -0.8066765 -2.968736 -0.4437139 -0.3337377 -2.968736 -0.2764939 -0.16063 -2.968736 -0.2764939 -0.9797843 -2.968736 0.3476021 -0.8066766 -2.968736 0.3476021 -0.3337378 -2.968736 0.4088101 -0.5702072 -2.968736 -0.0480619 -1.043146 -2.968736 -0.5049219 -0.5702071 -3.056992 -0.5913059 0.129611 -3.056992 -0.6852019 0.08935058 -2.889163 -0.7400659 0.1461491 -2.888961 -0.6086298 0.2040491 -3.056992 -0.7240938 -0.007844984 -2.888961 -0.7960018 0.01008862 -3.056992 -0.724094 -1.132573 -2.888961 -0.796002 -1.150503 -3.056992 0.4951941 0.1296109 -2.888961 0.5125182 0.204049 -3.056992 0.5890862 0.08935046 -2.889163 0.6439542 0.146149 -3.056992 0.6279782 -0.007845103 -2.888961 0.6998862 0.0100885 -3.056992 0.627974 -1.132574 -2.888961 0.699882 -1.150503 -3.056992 0.589082 -1.229769 -2.889163 0.6439501 -1.286563 -3.056992 0.49519 -1.270025 -2.888961 0.5125141 -1.344463 -3.056992 -0.5913099 -1.270025 -2.888961 -0.6086301 -1.344463 -3.056992 -0.685202 -1.229769 -2.889163 -0.74007 -1.286563 -3.056992 -0.58959 -0.2465544 -3.056992 0.4934701 -0.2465545 -3.056992 0.4934701 -0.8938599 -1.744245 -0.7656351 2 -1.746585 -0.9616999 1.941651 0.4682108 -0.9660184 1.920549 0.470551 -0.7699539 1.978898 0.470178 -0.6405763 1.916589 -1.744618 -0.6362577 1.937691 -1.762828 -0.7005365 1.001192 0.4519675 -0.7048551 0.9800861 0.4569233 -0.2898852 1.10358 -1.757873 -0.2855665 1.124686 0.3506977 -0.3322988 1.203421 0.1316037 -0.3318732 1.20551 0.1328487 -0.2274636 1.236581 0.3519427 -0.2278891 1.234495 0.3548492 -0.4776218 1.609686 0.357075 -0.3636544 1.54924 0.1367358 -0.4676344 1.520254 0.1379859 -0.3632248 1.551325 -0.1041345 -0.3334006 1.21237 -1.474429 -0.3307296 1.225423 -1.450151 -0.2373812 1.287256 -0.126568 -0.2399623 1.274644 -0.1219136 -0.363076 1.560051 -0.09893882 -0.4707931 1.530888 -1.466685 -0.5355829 1.700336 -1.442912 -0.4287793 1.73098 -0.3546488 -0.3626217 1.562271 -0.3273221 -0.4703506 1.533064 -0.3247688 -0.5378113 1.689459 -0.3520693 -0.4309102 1.720588 -1.106793 -0.4836066 1.84685 -1.156377 -0.5927928 1.828641 -0.4024206 -0.594265 1.821456 -0.4499192 -0.4848877 1.84059 -1.108233 -0.4382232 1.756039 -0.4513591 -0.4395043 1.749779 -1.158513 -0.5361843 1.697401 -0.4045575 -0.5376524 1.690219 2.243935 -0.8570292 1.009313 2.243993 -0.05365329 1.009313 2.21713 -9.13292e-4 1.009313 2.152269 0.0209307 1.009313 1.845609 0.0209307 1.009313 1.780748 -9.13292e-4 1.009313 1.753869 -0.05364531 1.009313 1.753815 -0.8570212 1.009313 1.780679 -0.9097573 1.009313 1.84554 -0.9316013 1.009313 2.1522 -0.9316013 1.009313 2.217061 -0.9097613 1.009313 2.531287 -1.197585 1.031992 1.46013 -1.197585 1.031992 2.70692 -1.066297 1.031992 2.706915 0.1910947 1.031991 1.289127 -1.066297 1.031992 1.289122 0.1910947 1.031991 1.334795 -1.154669 1.031992 2.660307 -1.154669 1.031992 1.361561 -1.044673 1.096248 1.351971 0.1694707 1.096247 1.396601 -1.111317 1.096248 1.475421 -1.138633 1.096248 2.51604 -1.138633 1.096248 2.607677 -1.111317 1.096248 2.64407 -1.044673 1.096248 2.634481 0.1694707 1.096247 1.464754 0.3223827 1.031987 2.535913 0.3223827 1.031987 2.661242 0.2794627 1.031991 1.335735 0.2794627 1.031991 2.599446 0.2361147 1.096247 2.520626 0.2634307 1.096247 1.480007 0.2634307 1.096247 1.38837 0.2361147 1.096247 1.753815 -0.8570212 1.096248 1.753869 -0.05364525 1.096247 2.1522 -0.9316013 1.096248 1.84554 -0.9316013 1.096248 1.780679 -0.9097573 1.096248 2.217061 -0.9097613 1.096248 2.243935 -0.8570292 1.096248 2.243993 -0.05365324 1.096247 1.845609 0.0209307 1.096247 2.152269 0.0209307 1.096247 2.21713 -9.13292e-4 1.096247 1.780748 -9.13292e-4 1.096247 1.555209 -1.49901 -0.9287821 1.555209 -2.49901 -1.963967 1.555209 -1.49901 0.1063946 1.555209 -2.49901 1.141584 2.785232 -1.49901 0.1063946 2.785232 -2.49901 1.141584 2.785232 -1.49901 -0.9287821 2.785232 -2.49901 -1.963967 1.964541 -1.556746 -0.8690146 2.375895 -1.556746 -0.8690146 1.964541 -2.49901 -1.849426 2.375895 -2.49901 -1.849426 2.375895 -1.556746 0.04663133 1.964541 -1.556746 0.04663133 2.375895 -2.49901 1.027039 1.964541 -2.49901 1.027039 2.483261 -2.49901 -1.963967 2.483261 -1.49901 -0.9287821 2.483261 -1.49901 0.1063946 2.483261 -2.49901 1.141584 1.857174 -1.49901 0.1063946 1.857174 -1.49901 -0.9287821 1.857174 -2.49901 1.141584 1.857174 -2.49901 -1.963967 -2.671135 -1.49901 -0.9287821 -2.671135 -2.49901 -1.963967 -2.671135 -1.49901 0.1063946 -2.671135 -2.49901 1.141584 -1.441112 -1.49901 0.1063946 -1.441112 -2.49901 1.141584 -1.441112 -1.49901 -0.9287821 -1.441112 -2.49901 -1.963967 -2.261798 -1.556746 -0.8690146 -1.850449 -1.556746 -0.8690146 -2.261798 -2.49901 -1.849426 -1.850449 -2.49901 -1.849426 -1.850449 -1.556746 0.04663133 -2.261798 -1.556746 0.04663133 -1.850449 -2.49901 1.027039 -2.261798 -2.49901 1.027039 -1.743077 -2.49901 -1.963967 -1.743077 -1.49901 -0.9287821 -1.743077 -1.49901 0.1063946 -1.743077 -2.49901 1.141584 -2.369164 -1.49901 0.1063946 -2.369164 -1.49901 -0.9287821 -2.369164 -2.49901 1.141584 -2.369164 -2.49901 -1.963967 -2.061688 2.235098 0.4458854 -2.061688 2.235142 -1.357676 -2.061688 2.287638 -1.35768 -1.570889 2.235142 -1.357676 -1.570889 2.287638 -1.35768 -1.570889 2.235142 0.4458854 -1.356481 2.235098 0.1795736 -1.356481 2.235098 -1.096056 -1.356481 2.419466 -1.096056 -1.356481 2.419466 0.1795736 -2.26687 2.235098 -1.096056 -2.26687 2.235098 0.1795736 -2.26687 2.419466 0.1795736 -2.26687 2.419466 -1.096056 -1.407518 2.419466 0.2225296 -1.570889 2.287638 0.4458854 -1.488094 2.353594 0.0894587 -1.488094 2.419466 0.0894587 -1.488094 2.419466 -1.005949 -1.488094 2.353594 -1.005949 -1.514593 2.353594 -1.028251 -1.514593 2.419466 -1.028251 -2.108758 2.419466 -1.028251 -2.108758 2.353594 -1.028251 -2.135258 2.353594 -1.005949 -2.135258 2.419466 -1.005949 -2.135258 2.419466 0.0894587 -2.135258 2.353594 0.0894587 -1.514593 2.419466 0.1117607 -1.514593 2.353594 0.1117607 -2.108758 2.353594 0.1117607 -2.108758 2.419466 0.1117607 -2.215834 2.419466 -1.139012 -1.407518 2.419466 -1.139012 -2.215834 2.419466 0.2225296 -2.061688 2.287638 0.4458854 1.559337 2.230654 0.4458854 1.559337 2.230698 -1.357676 1.559337 2.283194 -1.35768 2.050135 2.230698 -1.357676 2.050135 2.283194 -1.35768 2.050135 2.230698 0.4458854 2.264543 2.230654 0.1795736 2.264543 2.230654 -1.096056 2.264543 2.415022 -1.096056 2.264543 2.415022 0.1795736 1.354154 2.230654 -1.096056 1.354154 2.230654 0.1795736 1.354154 2.415022 0.1795736 1.354154 2.415022 -1.096056 2.213507 2.415022 0.2225296 2.050135 2.283194 0.4458854 2.132931 2.34915 0.0894587 2.132931 2.415022 0.0894587 2.132931 2.415022 -1.005949 2.132931 2.34915 -1.005949 2.106431 2.34915 -1.028251 2.106431 2.415022 -1.028251 1.512266 2.415022 -1.028251 1.512266 2.34915 -1.028251 1.485766 2.34915 -1.005949 1.485766 2.415022 -1.005949 1.485766 2.415022 0.0894587 1.485766 2.34915 0.0894587 2.106431 2.415022 0.1117607 2.106431 2.34915 0.1117607 1.512266 2.34915 0.1117607 1.512266 2.415022 0.1117607 1.40519 2.415022 -1.139012 2.213507 2.415022 -1.139012 1.40519 2.415022 0.2225296 1.559337 2.283194 0.4458854 -2.160016 2.050842 -1.733328 -0.809328 0.952746 -1.733328 -0.8457514 0.92313 -1.776682 -2.196439 2.02123 -1.776677 -2.160016 2.050842 -1.820031 -0.809328 0.952746 -1.820031 -2.123593 2.080458 -1.776677 -0.7729045 0.982358 -1.776682 -0.8459433 2.078278 -1.776677 -2.163908 0.947554 -1.733328 -2.200331 0.97717 -1.776682 -0.8095199 2.048666 -1.820031 -2.163908 0.947554 -1.820031 -0.7730914 2.019054 -1.776677 -2.127484 0.9179419 -1.776682 -0.8095199 2.048666 -1.733328 -2.039252 0.878822 -1.903984 -2.248455 1.048902 -1.903984 -2.382768 1.263214 -1.903984 -0.7183997 1.048902 -1.903984 -0.4245523 0.886518 -1.903984 -0.5840813 1.263214 -1.903984 -2.542297 2.115046 -1.903984 -0.4245523 2.115046 -1.903984 -2.238988 0.639926 -1.903984 -2.542297 0.886518 -1.649374 -2.039252 0.878822 -1.649374 -2.382768 1.263214 -1.649375 -2.428958 1.501278 -1.649375 -0.4245523 0.886518 -1.649374 -0.4245523 2.115046 -1.649375 -0.5840813 1.263214 -1.649375 -0.5378029 1.500782 -1.903984 -0.5378029 1.500782 -1.649375 -0.7183997 1.048902 -1.649374 -0.927602 0.878822 -1.903984 -0.927602 0.878822 -1.649374 -1.191211 0.769622 -1.903984 -1.191211 0.769622 -1.649374 -1.483425 0.731994 -1.903984 -1.483425 0.731994 -1.649374 -1.775639 0.769622 -1.903984 -1.775639 0.769622 -1.649374 -2.429052 1.500782 -1.903984 -2.248455 1.048902 -1.649374 -0.7278661 0.639926 -1.649374 -2.542297 0.886518 -1.903984 -2.238988 0.639926 -1.649374 -0.7278661 0.639926 -1.903984 -2.248455 1.952662 -1.649375 -1.191211 2.231942 -1.649375 -0.5840813 1.73835 -1.649375 -2.248455 1.952662 -1.903984 -1.775639 2.231942 -1.903984 -0.7183997 1.952662 -1.903984 -0.927602 2.122746 -1.903984 -1.191211 2.231942 -1.903984 -0.5840813 1.73835 -1.903984 -0.7183997 1.952662 -1.649375 -0.927602 2.122746 -1.649375 -1.483425 2.26957 -1.649375 -1.775639 2.231942 -1.649375 -1.483425 2.26957 -1.903984 -2.039252 2.122746 -1.649375 -2.039252 2.122746 -1.903984 -2.382675 1.738846 -1.649375 -2.382675 1.738846 -1.903984 -2.542297 2.115046 -1.649375 -2.238988 2.361638 -1.649375 -2.238988 2.361638 -1.903984 -0.7278661 2.361638 -1.649375 -0.7278661 2.361638 -1.903984 -0.9865693 1.207302 -1.776682 -0.944965 1.182726 -1.819965 -0.8504256 1.33357 -1.819965 -1.122438 1.096842 -1.776682 -1.092209 1.063014 -1.819965 -1.293642 1.025922 -1.776682 -1.27775 0.986158 -1.819965 -1.483425 0.959674 -1.819965 -1.673207 1.025922 -1.776682 -1.689099 0.986158 -1.819965 -1.874646 1.063014 -1.819965 -1.98028 1.207302 -1.776682 -2.021889 1.182726 -1.819965 -2.067513 1.34649 -1.776682 -2.116429 1.33357 -1.819965 -2.097575 1.500782 -1.776682 -2.149005 1.500782 -1.819965 -2.116429 1.667994 -1.819965 -2.021889 1.818838 -1.819965 -1.844412 1.904722 -1.776677 -1.874641 1.93855 -1.819965 -1.689099 2.01541 -1.819965 -1.483425 2.041894 -1.819965 -1.27775 2.01541 -1.819965 -1.092209 1.93855 -1.819965 -0.9865693 1.794262 -1.776677 -0.944965 1.818838 -1.819965 -0.8504256 1.667994 -1.819965 -0.8178496 1.500782 -1.819965 -0.9033558 1.15815 -1.776682 -0.8015099 1.32065 -1.776682 -1.06198 1.02919 -1.776682 -1.261858 0.94639 -1.776682 -1.904875 1.02919 -1.776682 -2.165344 1.32065 -1.776682 -2.165344 1.680914 -1.776677 -1.704996 2.055174 -1.776677 -1.06198 1.972378 -1.776677 -0.9033558 1.843414 -1.776677 -0.8015099 1.680914 -1.776677 -0.7664198 1.500782 -1.776682 -0.944965 1.182726 -1.733394 -0.8504256 1.33357 -1.733394 -1.092209 1.063014 -1.733394 -1.27775 0.986158 -1.733394 -1.483425 0.917858 -1.776682 -1.483425 0.959674 -1.733394 -1.704996 0.94639 -1.776682 -1.689099 0.986158 -1.733394 -1.874646 1.063014 -1.733394 -2.063498 1.15815 -1.776682 -2.021889 1.182726 -1.733394 -2.116429 1.33357 -1.733394 -2.200435 1.500782 -1.776682 -2.149005 1.500782 -1.733394 -2.116429 1.667994 -1.733394 -2.063498 1.843414 -1.776677 -2.021889 1.818838 -1.733394 -1.904875 1.972378 -1.776677 -1.874641 1.93855 -1.733394 -1.689099 2.01541 -1.733394 -1.483425 2.083706 -1.776677 -1.483425 2.041894 -1.733394 -1.261858 2.055174 -1.776677 -1.27775 2.01541 -1.733394 -1.092209 1.93855 -1.733394 -0.944965 1.818838 -1.733394 -0.8504256 1.667994 -1.733394 -0.8178496 1.500782 -1.733394 -0.8993362 1.34649 -1.776682 -1.483425 1.001486 -1.776682 -1.844412 1.096842 -1.776682 -2.067513 1.655074 -1.776677 -1.98028 1.794262 -1.776677 -1.673207 1.975642 -1.776677 -1.483425 2.000078 -1.776677 -1.293642 1.975642 -1.776677 -1.122442 1.904722 -1.776677 -0.8993362 1.655074 -1.776677 -0.8692793 1.500782 -1.776682 -1.407793 1.394278 -1.903984 -1.614427 1.56227 -1.903984 -1.332157 1.500782 -1.903984 -1.614427 1.439294 -1.649375 -1.407793 1.394278 -1.649375 -1.634693 1.500782 -1.649375 -1.614427 1.56227 -1.649375 -1.382046 1.358022 -1.863215 -1.584808 1.358022 -1.863215 -1.584808 1.358022 -1.690144 -1.659023 1.418362 -1.863215 -1.659023 1.418362 -1.690144 -1.686187 1.500782 -1.690144 -1.659023 1.583206 -1.863215 -1.584808 1.643542 -1.863215 -1.584808 1.643542 -1.690144 -1.483425 1.665626 -1.863215 -1.382046 1.643542 -1.863215 -1.382046 1.643542 -1.690144 -1.280663 1.500782 -1.863215 -1.280663 1.500782 -1.690144 -1.352422 1.56227 -1.903984 -1.307832 1.583206 -1.863215 -1.483425 1.623762 -1.903984 -1.634693 1.500782 -1.903984 -1.686187 1.500782 -1.863215 -1.614427 1.439294 -1.903984 -1.559061 1.394278 -1.903984 -1.483425 1.377802 -1.903984 -1.483425 1.335938 -1.863215 -1.352422 1.439294 -1.903984 -1.307832 1.418362 -1.863215 -1.483425 1.335938 -1.690144 -1.559061 1.394278 -1.649375 -1.483425 1.377802 -1.649375 -1.659023 1.583206 -1.690144 -1.559061 1.607286 -1.649375 -1.483425 1.665626 -1.690144 -1.307832 1.583206 -1.690144 -1.352422 1.56227 -1.649375 -1.407793 1.607286 -1.649375 -1.332157 1.500782 -1.649375 -1.307832 1.418362 -1.690144 -1.352422 1.439294 -1.649375 -1.382046 1.358022 -1.690144 -1.407793 1.607286 -1.903984 -1.559061 1.607286 -1.903984 -1.483425 1.623762 -1.649375 -0.672761 0.837566 -1.626542 -0.6977305 0.829154 -1.626542 -0.6573267 0.8250179 -1.651826 -0.6977305 0.81141 -1.651826 -0.7227049 0.837566 -1.626542 -0.7381392 0.8250179 -1.651826 -0.7330469 0.8578659 -1.626542 -0.7548773 0.8578659 -1.651826 -0.7227049 0.87817 -1.626542 -0.7381392 0.890718 -1.651826 -0.6977305 0.886578 -1.626542 -0.6977305 0.904322 -1.651826 -0.672761 0.87817 -1.626542 -0.6573267 0.890718 -1.651826 -0.662419 0.8578659 -1.626542 -0.6405886 0.8578659 -1.651826 -0.6977305 0.8578659 -1.616886 -0.672761 2.116998 -1.626543 -0.6977305 2.10859 -1.626543 -0.6573267 2.10445 -1.651826 -0.6977305 2.090842 -1.651826 -0.7227049 2.116998 -1.626543 -0.7381392 2.10445 -1.651826 -0.7330469 2.137302 -1.626543 -0.7548773 2.137302 -1.651826 -0.7227049 2.157602 -1.626543 -0.7381392 2.17015 -1.651826 -0.6977305 2.16601 -1.626543 -0.6977305 2.183758 -1.651826 -0.672761 2.157602 -1.626543 -0.6573267 2.17015 -1.651826 -0.662419 2.137302 -1.626543 -0.6405886 2.137302 -1.651826 -0.6977305 2.137302 -1.616886 -2.23426 2.116998 -1.626543 -2.259234 2.10859 -1.626543 -2.218826 2.10445 -1.651826 -2.259234 2.090842 -1.651826 -2.284204 2.116998 -1.626543 -2.299638 2.10445 -1.651826 -2.294551 2.137302 -1.626543 -2.316376 2.137302 -1.651826 -2.284204 2.157602 -1.626543 -2.299638 2.17015 -1.651826 -2.259234 2.16601 -1.626543 -2.259234 2.183758 -1.651826 -2.23426 2.157602 -1.626543 -2.218826 2.17015 -1.651826 -2.223918 2.137302 -1.626543 -2.202093 2.137302 -1.651826 -2.259234 2.137302 -1.616886 -2.23426 0.837566 -1.626542 -2.259234 0.829154 -1.626542 -2.218826 0.8250179 -1.651826 -2.259234 0.81141 -1.651826 -2.284204 0.837566 -1.626542 -2.299638 0.8250179 -1.651826 -2.294551 0.8578659 -1.626542 -2.316376 0.8578659 -1.651826 -2.284204 0.87817 -1.626542 -2.299638 0.890718 -1.651826 -2.259234 0.886578 -1.626542 -2.259234 0.904322 -1.651826 -2.23426 0.87817 -1.626542 -2.218826 0.890718 -1.651826 -2.223918 0.8578659 -1.626542 -2.202093 0.8578659 -1.651826 -2.259234 0.8578659 -1.616886 -2.284204 0.837566 -1.927872 -2.259234 0.829154 -1.927872 -2.299638 0.8250179 -1.902589 -2.259234 0.81141 -1.902589 -2.23426 0.837566 -1.927872 -2.218826 0.8250179 -1.902589 -2.223918 0.8578659 -1.927872 -2.202093 0.8578659 -1.902589 -2.23426 0.87817 -1.927872 -2.218826 0.890718 -1.902589 -2.259234 0.886578 -1.927872 -2.259234 0.904322 -1.902589 -2.284204 0.87817 -1.927872 -2.299638 0.890718 -1.902589 -2.294551 0.8578659 -1.927872 -2.316376 0.8578659 -1.902589 -2.259234 0.8578659 -1.937529 -2.284204 2.116998 -1.927873 -2.259234 2.10859 -1.927873 -2.299638 2.10445 -1.902589 -2.259234 2.090842 -1.902589 -2.23426 2.116998 -1.927873 -2.218826 2.10445 -1.902589 -2.223918 2.137302 -1.927873 -2.202093 2.137302 -1.902589 -2.23426 2.157602 -1.927873 -2.218826 2.17015 -1.902589 -2.259234 2.16601 -1.927873 -2.259234 2.183758 -1.902589 -2.284204 2.157602 -1.927873 -2.299638 2.17015 -1.902589 -2.294551 2.137302 -1.927873 -2.316376 2.137302 -1.902589 -0.7227049 2.116998 -1.927873 -0.6977305 2.10859 -1.927873 -0.7381392 2.10445 -1.902589 -0.6977305 2.090842 -1.902589 -0.672761 2.116998 -1.927873 -0.6573267 2.10445 -1.902589 -0.662419 2.137302 -1.927873 -0.6405886 2.137302 -1.902589 -0.672761 2.157602 -1.927873 -0.6573267 2.17015 -1.902589 -0.6977305 2.16601 -1.927873 -0.6977305 2.183758 -1.902589 -0.7227049 2.157602 -1.927873 -0.7381392 2.17015 -1.902589 -0.7330469 2.137302 -1.927873 -0.7548773 2.137302 -1.902589 -0.6977305 2.137302 -1.937529 -0.7227049 0.837566 -1.927872 -0.6977305 0.829154 -1.927872 -0.7381392 0.8250179 -1.902589 -0.6977305 0.81141 -1.902589 -0.672761 0.837566 -1.927872 -0.6573267 0.8250179 -1.902589 -0.662419 0.8578659 -1.927872 -0.6405886 0.8578659 -1.902589 -0.672761 0.87817 -1.927872 -0.6573267 0.890718 -1.902589 -0.6977305 0.886578 -1.927872 -0.6977305 0.904322 -1.902589 -0.7227049 0.87817 -1.927872 -0.7381392 0.890718 -1.902589 -0.7330469 0.8578659 -1.927872 -0.7548773 0.8578659 -1.902589 -0.6977305 0.8578659 -1.937529 1.052469 2.025926 -1.799833 2.376436 0.94955 -1.799832 2.34073 0.920522 -1.842329 1.016764 1.996898 -1.842329 1.052469 2.025926 -1.884825 2.376436 0.94955 -1.884825 1.088174 2.054954 -1.842329 2.412141 0.978578 -1.842329 2.376249 2.02379 -1.799833 2.340543 2.052818 -1.842329 1.048651 0.944466 -1.799832 2.376249 2.02379 -1.884825 1.012946 0.9734899 -1.842329 1.048651 0.944466 -1.884825 2.411954 1.994762 -1.842329 1.084356 0.9154379 -1.842329 1.715672 0.73317 -1.967118 2.002105 0.7700499 -1.967118 2.465563 1.043806 -1.967118 2.642588 1.486746 -1.967118 0.6777449 2.088862 -1.967118 0.6777449 0.884634 -1.717543 2.7536 0.884634 -1.967118 2.7536 2.088862 -1.717543 0.9750562 0.642918 -1.717543 0.9750562 0.6429179 -1.967118 2.456284 0.6429179 -1.967118 0.9657768 1.043806 -1.717543 0.8341202 1.253878 -1.717543 1.42924 0.7700499 -1.717543 0.7888455 1.48723 -1.717543 2.642588 1.486746 -1.717543 2.7536 0.884634 -1.717543 2.597225 1.253878 -1.717543 2.465563 1.043806 -1.717543 2.260499 0.87709 -1.717543 1.715672 0.73317 -1.717543 2.597225 1.253878 -1.967118 2.260499 0.87709 -1.967118 2.002105 0.7700499 -1.717543 1.42924 0.7700499 -1.967118 1.170841 0.87709 -1.967118 1.170841 0.87709 -1.717543 0.8341202 1.253878 -1.967118 0.7887521 1.486746 -1.967118 0.9657768 1.043806 -1.967118 2.456284 0.642918 -1.717543 0.6777449 0.884634 -1.967118 2.7536 2.088862 -1.967118 1.170841 2.096406 -1.717543 0.9750562 2.330574 -1.717543 0.8342136 1.720102 -1.717543 2.465563 1.92969 -1.717543 2.456284 2.330574 -1.717543 2.456284 2.330574 -1.967118 2.597225 1.719614 -1.717543 2.597225 1.719614 -1.967118 2.465563 1.92969 -1.967118 2.260499 2.096406 -1.717543 2.260499 2.096406 -1.967118 2.002105 2.203442 -1.717543 2.002105 2.203442 -1.967118 1.715672 2.240326 -1.717543 1.715672 2.240326 -1.967118 1.42924 2.203442 -1.717543 1.42924 2.203442 -1.967118 1.170841 2.096406 -1.967118 0.8342136 1.720102 -1.967118 0.9657768 1.92969 -1.717543 0.9657768 1.92969 -1.967118 0.6777449 2.088862 -1.717543 0.9750562 2.330574 -1.967118 2.202698 1.199074 -1.842329 2.243485 1.174982 -1.884759 2.33615 1.322842 -1.884759 2.099149 1.057638 -1.884759 1.901701 1.021282 -1.842329 1.917278 0.982302 -1.884759 1.715672 0.997326 -1.842329 1.715672 0.956342 -1.884759 1.529644 1.021282 -1.842329 1.514067 0.982302 -1.884759 1.332196 1.057638 -1.884759 1.18786 1.174982 -1.884759 1.09519 1.322842 -1.884759 1.113675 1.486746 -1.842329 1.063259 1.486746 -1.884759 1.09519 1.65065 -1.884759 1.228647 1.774422 -1.842329 1.18786 1.79851 -1.884759 1.361825 1.882698 -1.842329 1.332196 1.915854 -1.884759 1.529644 1.952214 -1.842329 1.514067 1.991194 -1.884759 1.715672 1.976166 -1.842329 1.715672 2.017154 -1.884759 1.917278 1.991194 -1.884759 2.099149 1.915854 -1.884759 2.202698 1.774422 -1.842329 2.243485 1.79851 -1.884759 2.288204 1.637986 -1.842329 2.33615 1.65065 -1.884759 2.31767 1.486746 -1.842329 2.368081 1.486746 -1.884759 2.284268 1.15089 -1.842329 2.384096 1.310178 -1.842329 1.932855 0.943322 -1.842329 1.302562 1.024482 -1.842329 1.147077 1.150894 -1.842329 1.498485 2.030174 -1.842329 1.932855 2.030174 -1.842329 2.284268 1.822602 -1.842329 2.384096 1.663318 -1.842329 2.243485 1.174982 -1.799903 2.33615 1.322842 -1.799903 2.128783 1.024482 -1.842329 2.099149 1.057638 -1.799903 1.917278 0.982302 -1.799903 1.715672 0.915354 -1.842329 1.715672 0.956342 -1.799903 1.498485 0.943322 -1.842329 1.514067 0.982302 -1.799903 1.332196 1.057638 -1.799903 1.18786 1.174982 -1.799903 1.047244 1.310178 -1.842329 1.09519 1.322842 -1.799903 1.012847 1.486746 -1.842329 1.063259 1.486746 -1.799903 1.047244 1.663318 -1.842329 1.09519 1.65065 -1.799903 1.147077 1.822602 -1.842329 1.18786 1.79851 -1.799903 1.302562 1.949014 -1.842329 1.332196 1.915854 -1.799903 1.514067 1.991194 -1.799903 1.715672 2.058138 -1.842329 1.715672 2.017154 -1.799903 1.917278 1.991194 -1.799903 2.128783 1.949014 -1.842329 2.099149 1.915854 -1.799903 2.243485 1.79851 -1.799903 2.33615 1.65065 -1.799903 2.418498 1.486746 -1.842329 2.368081 1.486746 -1.799903 2.288204 1.335506 -1.842329 2.069516 1.090798 -1.842329 1.361825 1.090798 -1.842329 1.228647 1.199074 -1.842329 1.143136 1.335506 -1.842329 1.143136 1.637986 -1.842329 1.901701 1.952214 -1.842329 2.069516 1.882698 -1.842329 1.789808 1.38235 -1.967118 1.567396 1.486746 -1.967118 1.863949 1.486746 -1.967118 1.844082 1.426474 -1.717543 1.587263 1.426474 -1.717543 1.567396 1.486746 -1.717543 1.587263 1.547018 -1.717543 1.844082 1.547018 -1.717543 1.715672 1.325162 -1.757506 1.815049 1.346814 -1.757506 1.616297 1.346814 -1.757506 1.543548 1.405954 -1.757506 1.51692 1.486746 -1.927156 1.51692 1.486746 -1.757506 1.543548 1.567538 -1.927156 1.543548 1.567538 -1.757506 1.616297 1.626682 -1.757506 1.914425 1.486746 -1.757506 1.887797 1.405954 -1.757506 1.844082 1.547018 -1.967118 1.887797 1.567538 -1.927156 1.815049 1.626682 -1.927156 1.789808 1.591142 -1.967118 1.715672 1.64833 -1.927156 1.641537 1.591142 -1.967118 1.616297 1.626682 -1.927156 1.587263 1.547018 -1.967118 1.587263 1.426474 -1.967118 1.543548 1.405954 -1.927156 1.641537 1.38235 -1.967118 1.616297 1.346814 -1.927152 1.715672 1.325162 -1.927152 1.815049 1.346814 -1.927152 1.844082 1.426474 -1.967118 1.887797 1.405954 -1.927156 1.914425 1.486746 -1.927156 1.641537 1.38235 -1.717543 1.715672 1.366198 -1.717543 1.641537 1.591142 -1.717543 1.715672 1.64833 -1.757506 1.715672 1.607294 -1.717543 1.887797 1.567538 -1.757506 1.815049 1.626682 -1.757506 1.863949 1.486746 -1.717543 1.789808 1.38235 -1.717543 1.715672 1.366198 -1.967118 1.715672 1.607294 -1.967118 1.789808 1.591142 -1.717543 2.510302 0.83665 -1.695163 2.485824 0.828406 -1.695163 2.525431 0.82435 -1.719945 2.485824 0.8110139 -1.719945 2.461347 0.83665 -1.695163 2.446218 0.82435 -1.719945 2.451206 0.85655 -1.695163 2.429809 0.85655 -1.719945 2.461347 0.87645 -1.695163 2.446218 0.88875 -1.719945 2.485824 0.884694 -1.695163 2.485824 0.902086 -1.719945 2.510302 0.87645 -1.695163 2.525431 0.88875 -1.719945 2.520442 0.85655 -1.695163 2.541834 0.85655 -1.719945 2.485824 0.85655 -1.685697 2.510302 2.090774 -1.695163 2.485824 2.08253 -1.695163 2.525431 2.078474 -1.719945 2.485824 2.065134 -1.719945 2.461347 2.090774 -1.695163 2.446218 2.078474 -1.719945 2.451206 2.110674 -1.695163 2.429809 2.110674 -1.719945 2.461347 2.130574 -1.695163 2.446218 2.142874 -1.719945 2.485824 2.138818 -1.695163 2.485824 2.15621 -1.719945 2.510302 2.130574 -1.695163 2.525431 2.142874 -1.719945 2.520442 2.110674 -1.695163 2.541834 2.110674 -1.719945 2.485824 2.110674 -1.685697 0.9796909 2.090774 -1.695163 0.9552134 2.08253 -1.695163 0.9948201 2.078474 -1.719945 0.9552134 2.065134 -1.719945 0.930736 2.090774 -1.695163 0.9156067 2.078474 -1.719945 0.9205957 2.110674 -1.695163 0.8991982 2.110674 -1.719945 0.930736 2.130574 -1.695163 0.9156067 2.142874 -1.719945 0.9552134 2.138818 -1.695163 0.9552134 2.15621 -1.719945 0.9796909 2.130574 -1.695163 0.9948201 2.142874 -1.719945 0.9898312 2.110674 -1.695163 1.011224 2.110674 -1.719945 0.9552134 2.110674 -1.685697 0.9796909 0.83665 -1.695163 0.9552134 0.828406 -1.695163 0.9948201 0.82435 -1.719945 0.9552134 0.8110139 -1.719945 0.930736 0.83665 -1.695163 0.9156067 0.82435 -1.719945 0.9205957 0.85655 -1.695163 0.8991982 0.85655 -1.719945 0.930736 0.87645 -1.695163 0.9156067 0.88875 -1.719945 0.9552134 0.884694 -1.695163 0.9552134 0.902086 -1.719945 0.9796909 0.87645 -1.695163 0.9948201 0.88875 -1.719945 0.9898312 0.85655 -1.695163 1.011224 0.85655 -1.719945 0.9552134 0.85655 -1.685697 0.930736 0.8366499 -1.990534 0.9552134 0.828406 -1.990534 0.9156067 0.82435 -1.965748 0.9552134 0.8110139 -1.965748 0.9796909 0.8366499 -1.990534 0.9948201 0.82435 -1.965748 0.9898312 0.85655 -1.990534 1.011224 0.85655 -1.965748 0.9796909 0.87645 -1.990534 0.9948201 0.88875 -1.965748 0.9552134 0.884694 -1.990534 0.9552134 0.902086 -1.965748 0.930736 0.87645 -1.990534 0.9156067 0.88875 -1.965748 0.9205957 0.85655 -1.990534 0.8991982 0.85655 -1.965748 0.9552134 0.85655 -2 0.930736 2.090774 -1.990534 0.9552134 2.08253 -1.990534 0.9156067 2.078474 -1.965748 0.9552134 2.065134 -1.965748 0.9796909 2.090774 -1.990534 0.9948201 2.078474 -1.965748 0.9898312 2.110674 -1.990534 1.011224 2.110674 -1.965748 0.9796909 2.130574 -1.990534 0.9948201 2.142874 -1.965748 0.9552134 2.138818 -1.990534 0.9552134 2.15621 -1.965748 0.930736 2.130574 -1.990534 0.9156067 2.142874 -1.965748 0.9205957 2.110674 -1.990534 0.8991982 2.110674 -1.965748 0.9552134 2.110674 -2 2.461347 2.090774 -1.990534 2.485824 2.08253 -1.990534 2.446218 2.078474 -1.965748 2.485824 2.065134 -1.965748 2.510302 2.090774 -1.990534 2.525431 2.078474 -1.965748 2.520442 2.110674 -1.990534 2.541834 2.110674 -1.965748 2.510302 2.130574 -1.990534 2.525431 2.142874 -1.965748 2.485824 2.138818 -1.990534 2.485824 2.15621 -1.965748 2.461347 2.130574 -1.990534 2.446218 2.142874 -1.965748 2.451206 2.110674 -1.990534 2.429809 2.110674 -1.965748 2.485824 2.110674 -2 2.461347 0.8366499 -1.990534 2.485824 0.828406 -1.990534 2.446218 0.82435 -1.965748 2.485824 0.8110139 -1.965748 2.510302 0.8366499 -1.990534 2.525431 0.82435 -1.965748 2.520442 0.85655 -1.990534 2.541834 0.85655 -1.965748 2.510302 0.87645 -1.990534 2.525431 0.88875 -1.965748 2.485824 0.884694 -1.990534 2.485824 0.902086 -1.965748 2.461347 0.87645 -1.990534 2.446218 0.88875 -1.965748 2.451206 0.85655 -1.990534 2.429809 0.85655 -1.965748 2.485824 0.85655 -2 2.815219 2.49901 -1.951429 2.815219 -1.595126 -1.951429 2.815219 2.49901 0.998848 2.815219 2.243126 1.154126 2.815219 -1.595126 0.9988482 -3.027389 2.243126 -1.951429 -2.719883 2.49901 -1.951429 -2.719883 -1.595126 -1.951429 -3.027389 2.243126 0.998848 -2.719883 2.243126 1.154126 -2.719883 2.49901 0.998848 -2.719883 -1.595126 0.9988482 -2.719883 -1.339242 1.154126 2.815219 -1.339242 1.154126 2.856144 -1.477454 0.6261817 2.681929 -1.477454 0.3881016 2.333498 -1.477454 0.8642619 2.159283 -1.477454 0.6261817 3.122725 -1.339242 0.9988482 3.122725 2.243126 0.998848 3.122725 2.243126 -1.951429 3.122725 -1.339242 -1.951429 2.969509 -0.9631659 0.6384714 2.969509 1.86705 0.6384711 2.969509 1.86705 -1.591052 2.969509 -0.963166 -1.591052 2.955693 1.86705 -1.591052 3.122725 2.002842 -1.721179 3.122725 -1.098958 -1.721179 2.955693 -0.963166 -1.591052 2.955693 1.86705 0.6384711 3.122725 2.002842 0.768598 3.122725 -1.098958 0.7685983 2.955693 -0.9631659 0.6384714 -3.027389 -1.339242 0.9988482 -3.027389 -1.339242 -1.951429 -2.89491 -1.129342 -1.750292 -2.89491 -1.129342 0.7977119 -2.89491 2.033226 0.7977116 -2.89491 2.033226 -1.750293 -2.899491 -1.129342 -1.750293 -3.027389 -1.233322 -1.849931 -3.027389 -1.233322 0.8973506 -2.899491 -1.129342 0.7977119 -3.027389 2.137206 0.8973503 -2.899491 2.033226 0.7977116 -3.027389 2.137206 -1.849931 -2.899491 2.033226 -1.750293 -2.711797 -1.339242 1.154126 2.752657 -1.290509 0.9642201 1.244216 -1.290509 0.9642201 2.752657 0.4268227 0.9642199 1.244216 0.4268227 0.9642199 2.812185 -1.338909 1.15587 2.752657 -1.290509 1.109494 1.244216 -1.290509 1.109494 1.184688 -1.338909 1.15587 2.752657 0.4268227 1.109494 2.812185 0.4752187 1.15587 1.184688 0.4752187 1.15587 1.244216 0.4268227 1.109494 2.664291 2.49901 0.998848 -1.73464 2.49901 0.998848 2.664291 2.49901 -1.951429 2.335697 2.324598 -1.172291 2.335697 2.324598 0.2933032 1.281735 2.324598 -1.172291 1.281735 2.324598 0.2933032 -1.261868 2.324598 -1.208622 -1.261868 2.324598 0.3546524 -2.382001 2.324598 -1.208622 -2.382001 2.324598 0.3546524 2.408805 2.49901 -1.296488 2.335697 2.369406 -1.172291 2.335697 2.369406 0.2933032 2.405351 2.49901 0.4428667 1.281735 2.369406 -1.172291 1.122319 2.49901 -1.296488 1.122319 2.49901 0.4418936 1.281735 2.369406 0.2933032 -1.102452 2.49901 -1.332815 -1.261868 2.369406 -1.208622 -1.261868 2.369406 0.3546524 -1.102452 2.49901 0.4788497 -2.382001 2.369406 -1.208622 -2.541421 2.49901 -1.332815 -2.541421 2.49901 0.4788497 -2.382001 2.369406 0.3546524 0.7602598 2.49901 -1.951429 -0.4227712 -1.595126 -1.951429 -2.524471 -1.595126 -1.951429 2.668729 0.651058 -1.951429 0.7668281 0.651058 -1.951429 2.66651 2.33077 -1.951429 0.7635464 2.33077 -1.951429 -0.4284637 2.336918 -1.951429 -0.4256199 0.67421 -1.951429 -2.534509 2.336918 -1.951429 -2.52949 0.67421 -1.951429 2.66651 2.33077 -1.683122 2.668729 0.651058 -1.683121 0.7635464 2.33077 -1.683122 0.7668281 0.651058 -1.683121 -0.4284637 2.336918 -1.683122 -0.4256199 0.67421 -1.683121 -2.534509 2.336918 -1.683122 -2.52949 0.67421 -1.683121 -2.719883 -0.1333497 1.154126 1.184688 -0.1171092 1.15587 -2.768389 0.1616341 -0.1942363 -2.747619 -0.2577459 -0.1942362 -2.820928 -0.04805785 -0.1360713 -2.75296 0.3151381 -0.3531413 -2.757776 0.238866 -0.3987226 -2.756608 -0.04805785 -0.2272421 -2.75226 0.1175941 -0.2731919 -2.756608 -0.2137138 -0.2731919 -2.957238 -0.3349779 -0.3987225 -2.957238 -0.4112499 -0.3531413 -2.586991 -0.4112499 -0.3531413 -2.586991 -0.3349779 -0.3987225 -3.137593 0.16163 -0.9461823 -3.137593 -0.0480619 -1.004343 -3.137593 -0.2577459 -0.9461821 -3.137593 -0.0480619 -1.004343 -3.137593 0.16163 -0.9461823 -3.137593 -0.2577459 -0.9461821 -2.815076 -0.04805791 -1.004343 -2.809349 0.16163 -0.9461823 -2.807209 -0.2577459 -0.9461821 -2.802791 -0.2137138 -0.8672266 -2.794368 0.1175941 -0.8672266 -2.80372 -0.04805392 -0.9131764 -2.809428 -0.4112499 -0.7872772 -2.729383 -0.3349779 -0.7416917 -2.779538 0.238866 -0.7416918 -2.760232 0.3151341 -0.7872772 -2.789634 0.3151341 -0.7872772 0.7092123 2.239316 -0.5021702 0.7092123 0.2575079 -0.5021701 -2.720204 2.239316 -0.5021702 -2.720204 0.2575079 -0.5021701 -2.720204 0.257508 1.151674 -2.720204 0.259876 1.154126 0.7092123 2.239316 1.151674 0.7092123 0.257508 1.151674 -2.459231 0.1197941 1.154126 -2.461106 0.1179782 1.154126 -2.720204 2.239316 1.1529 0.9722222 2.103354 1.153488 0.9722172 0.1179502 1.153488 -2.461106 0.1197941 1.154126 -2.461214 2.10321 1.153732 -2.461795 0.1173061 1.154126 -2.461795 0.1173061 1.154126 -2.461795 0.1173061 1.154126 0.9739738 0.1163541 1.154126 0.9739738 0.1163541 1.154126 0.9739738 0.1163541 1.154126 0.9714546 0.1173021 1.154126 0.9714546 0.1173021 1.154126 -2.462149 0.1197941 1.154126 -2.462149 0.1197941 1.154126 0.9729356 2.10397 1.154126 0.9729356 2.10397 1.154126 0.9729356 2.10397 1.154126 0.9722419 2.10337 1.153505 0.9722419 2.10337 1.153505 -2.461214 2.10321 1.153732 -2.461214 2.10321 1.153732 -2.462149 2.10397 1.154126 -2.462149 2.10397 1.154126 -2.462149 2.10397 1.154126 0.7092123 2.239316 0.3247521 2.823306 2.243126 1.154126 2.824362 0.4752187 1.15587 -2.711797 0.2636932 1.154126 -2.711797 -0.4436498 1.154126 1.185678 0.4519422 1.154126 0.702036 2.243126 1.154126 0.05575454 -1.339242 1.154126 0.702036 0.2624832 1.154126 1.196865 -1.338909 1.15587 1.43953 2.243126 1.154126 1.197855 0.4730139 1.154126 1.194052 -0.4436498 1.154126 -2.899491 -1.129342 0.7977119 -2.899491 2.033226 0.7977116 -2.899491 -1.129342 -1.750293 -2.899491 2.033226 -1.750293 0.5758504 1.889463 0.962994 0.5758505 0.6402576 0.9629943 0.63969 1.894788 0.9969102 0.6396901 0.6349321 0.9969103 0.3599807 0.4019313 0.9969463 -2.358576 0.4019312 0.9969463 -2.352115 0.4550976 0.9631423 0.3535196 0.4550976 0.9631423 0.3599806 2.127794 0.9969462 -2.358576 2.127793 0.9969462 0.4654318 0.419705 0.9969103 0.4404707 0.4697574 0.9629943 0.5572091 0.4706477 0.9969103 0.5111716 0.5090001 0.9629943 0.6183599 0.5471045 0.9969103 0.558273 0.5678986 0.9629943 0.4707509 0.5326076 0.9557983 0.3535196 2.074623 0.9631421 -2.352115 2.074623 0.9631421 0.4404706 2.059963 0.962994 0.4654317 2.110016 0.9969102 0.5111716 2.02072 0.9629942 0.557209 2.059073 0.99691 0.478998 1.934393 0.9557982 0.5582729 1.961826 0.9629942 0.6183598 1.982616 0.9969102 -2.63829 1.894788 0.9969102 -2.63829 0.6349319 0.9969103 -2.574451 1.889463 0.962994 -2.574451 0.6402575 0.9629943 -2.472035 0.5357986 0.9557983 -2.439071 0.4697572 0.9629943 -2.464027 0.4197048 0.9969103 -2.509767 0.509 0.9629943 -2.555804 0.4706475 0.9969103 -2.556873 0.5678984 0.9629943 -2.616955 0.5471042 0.9969103 -2.464027 2.110015 0.9969102 -2.439071 2.059963 0.962994 -2.555804 2.059073 0.99691 -2.509767 2.02072 0.9629942 -2.616955 1.982616 0.9969102 -2.556873 1.961826 0.9629942 -2.477598 1.934393 0.9557982 -2.699358 2.262084 1.153334 -2.699358 0.2620835 1.153334 0.7006409 2.262084 1.153334 0.7006409 0.2620837 1.153334 -2.699358 2.262084 0.9103584 -2.699358 0.2620834 0.9103584 0.7006409 0.2620837 0.9103584 0.7006409 2.262084 0.9103584 -2.538349 2.127948 0.9777742 -2.538349 0.3962152 0.9777743 0.5396316 0.3962153 0.9777743 0.5396315 2.127948 0.9777742 -2.613339 2.19042 0.9103583 -2.538349 2.127948 0.9718302 -2.538349 0.3962153 0.9718264 -2.613339 0.3337432 0.9103584 0.5396315 2.127948 0.9718302 0.6146218 2.19042 0.9103583 0.5396316 0.3962153 0.9718264 0.6146218 0.3337433 0.9103584 -2.699358 1.262084 0.9103581 0.7006409 1.262084 0.9103581 -2.699358 1.262084 1.153334 0.7006409 1.262084 1.153334 -2.699358 1.262084 1.031846 0.7006409 1.262084 1.031846 1.914791 -0.7032921 1.234723 2.051223 -0.7032921 1.234723 2.051223 -0.7032922 0.9894073 1.914791 -0.7032922 0.9894073 1.594851 -0.8725802 1.394615 1.594851 -0.8984481 1.281291 2.371695 -0.8984481 1.281291 2.371695 -0.8725802 1.394615 1.594851 -0.8259721 1.190415 2.371695 -0.8259721 1.190415 1.594851 -0.7097361 1.190415 2.371695 -0.7097361 1.190415 1.594851 -0.6372641 1.281291 2.371695 -0.6372641 1.281291 1.594851 -0.6631281 1.394615 2.371695 -0.6631281 1.394615 1.594851 -0.7678561 1.445047 2.371695 -0.7678561 1.445047 1.914791 -0.8325562 0.9894073 2.051223 -0.8325562 0.9894073 2.051223 -0.8325561 1.234723 1.914791 -0.8325561 1.234723 1.914791 -0.7032921 1.234723 2.051223 -0.7032921 1.234723 2.051223 -0.7032922 0.9894073 1.914791 -0.7032922 0.9894073 1.914791 -0.7032922 0.9894073 2.051223 -0.7032922 0.9894073 1.914791 -0.8325562 0.9894073 2.051223 -0.8325562 0.9894073 1.957691 1.481922 1.223785 1.957691 1.330642 1.223785 1.957691 1.330642 1.138416 1.957691 1.481922 1.138416 1.642801 1.481922 1.138416 1.642801 1.330642 1.138416 1.642801 1.330642 1.223785 1.642801 1.481922 1.223785 1.676675 1.51225 1.223785 1.923818 1.51225 1.223785 1.923818 1.51225 1.138416 1.676675 1.51225 1.138416 1.923818 1.300322 1.223785 1.676675 1.300322 1.223785 1.676675 1.300322 1.138416 1.923818 1.300322 1.138416 1.957691 1.070002 1.223785 1.957691 0.9187222 1.223785 1.957691 0.9187222 1.138416 1.957691 1.070002 1.138416 1.642801 1.070002 1.138416 1.642801 0.9187222 1.138416 1.642801 0.9187222 1.223785 1.642801 1.070002 1.223785 1.676675 1.100326 1.223785 1.923818 1.100326 1.223785 1.923818 1.100326 1.138416 1.676675 1.100326 1.138416 1.923818 0.8883942 1.223785 1.676675 0.8883942 1.223785 1.676675 0.8883942 1.138416 1.923818 0.8883942 1.138416</float_array>
          <technique_common>
            <accessor source="#craftingstation_body-mesh-positions-array" count="1519" stride="3">
              <param name="X" type="float"/>
              <param name="Y" type="float"/>
              <param name="Z" type="float"/>
            </accessor>
          </technique_common>
        </source>
        <source id="craftingstation_body-mesh-normals">
          <float_array id="craftingstation_body-mesh-normals-array" count="4329">-0.4647628 -0.5362498 -0.7045791 -0.5286735 -0.5864232 -0.6136876 -0.756959 -2.39028e-7 -0.6534624 -0.687775 -0.01617449 -0.7257438 0.5220581 -0.8529099 2.18236e-5 0.04234486 -0.0946561 0.994609 0.02210682 -0.0955044 0.9951835 0.2637411 -0.9645935 2.12138e-5 -0.2499747 -0.9682524 2.47372e-5 0.01741224 0.09697389 -0.9951347 0.04851144 0.08993107 -0.9947659 -0.4999954 -0.8660281 2.49905e-5 -0.004980146 -0.7291582 0.684327 -2.78712e-7 -0.8185247 0.5744713 0.5286747 -0.5863787 0.6137289 0.4546778 -0.5456221 0.7039636 0.08550769 0 -0.9963376 0 0 -1 -1.69298e-6 -0.4993866 -0.8663793 0.8740527 -0.4766679 0.09391361 -0.4612774 0.5397858 0.7041695 -0.5286413 0.586388 0.6137488 -0.7569069 -2.98161e-6 0.6535227 -0.6877816 0.01618254 0.7257373 0.8728747 -0.4784622 -0.09572798 -2.84339e-6 -0.4993942 0.8663749 0 5.53264e-6 1 0.08551609 -0.003215491 0.9963317 0.5905934 0.5621276 0.5789749 0.7553982 0.5712301 0.3210448 0.4034418 0.8968203 0.1815165 0.2808438 0.7282038 0.6251768 0.7546366 0.6561431 1.74595e-7 0.5597235 0.8286682 0.004322171 0.7554014 0.571227 -0.321043 0.3969672 0.900166 -0.1792159 0.5695752 0.5609232 -0.6007906 0.302923 0.7240495 -0.6196694 0.46481 -0.5362275 0.7045651 0.5286756 -0.5863642 0.613742 0.756923 -2.02918e-5 0.6535041 0.687787 -0.01617348 0.7257325 1.92834e-4 0.4181098 -0.9083966 0.5574188 -0.530143 -0.638931 0.9977458 -6.41404e-5 -0.06710863 0 1.44714e-6 -1 -6.37624e-7 1 0 0 1 0 4.92851e-7 1 0 3.66754e-7 1 0 1.55801e-7 1 0 0 3.29793e-6 1 0.9977375 -0.003934383 0.06711453 0.5568322 -0.5304755 0.6391665 2.15963e-6 0.4165185 0.9091273 0.05204367 0.9986448 2.24097e-6 -0.833563 0.4642991 0.299331 -0.8338776 0.4640277 -0.2988757 -0.01598554 -0.9992474 -0.03534466 0.2463178 -0.9685443 0.03534811 0.5568973 -0.8290944 -0.04967796 -0.0626592 0.003094255 -0.9980302 -0.3544532 0.9282733 0.1125692 -0.01842349 0.0664944 -0.9976168 -0.04938673 -0.9193577 -0.390311 -0.4295442 0.2842165 -0.857154 0.07990705 -0.9968023 0 -0.07990878 -0.9967948 0.003848791 -0.4317447 0.2841552 0.856068 -0.04961395 -0.9185983 0.3920658 -0.7065075 0.02809256 -0.7071478 -0.4456908 -0.6962858 -0.562624 -0.8847337 0.07048934 -0.460736 -0.5575431 0.5300752 0.6388787 -0.9977375 -0.003934383 0.06711536 -0.7964852 0.5500956 0.2510105 0.4612256 0.5397362 -0.7042413 0.5286633 0.5863653 -0.6137515 0.7569261 -1.8367e-5 -0.6535007 0.6877853 0.01616829 -0.7257341 0.04721206 0.09112304 -0.9947199 0.5220626 0.8529072 2.24395e-5 0.7578592 0.6524182 2.19144e-5 0.07235777 0.08255332 -0.9939564 1 0 0 0.5976318 0.6751072 -0.432512 -0.4879286 -0.4748218 0.7324411 -0.080536 -0.7080974 -0.701507 -0.7472863 0.6409294 0.1754217 0.8728805 0.478451 0.09573096 1.69928e-6 0.4993841 -0.8663807 -0.482298 0.5339276 -0.6944854 -0.528653 0.5863935 -0.6137334 -1.5865e-5 0.8184982 -0.5745091 0.008766889 0.7275428 -0.6860064 0.4612151 0.5397346 -0.7042494 0.5287054 0.5864141 -0.6136687 0.7570071 -9.56012e-7 -0.6534067 0.6877699 0.0161668 -0.7257487 0.8740428 0.4766905 -0.0938906 1.69811e-6 0.4993543 0.8663979 0.569595 -0.5609225 0.6007725 0.3029096 -0.7240638 0.6196591 0.3959463 -0.9006724 0.1789293 0.7553927 -0.5731154 0.3176801 0.5597458 -0.8286644 -2.43892e-7 0.7546405 -0.6561353 -0.002074003 0.3959402 -0.9006764 -0.1789229 0.7554034 -0.5716291 -0.3203219 0.2808876 -0.728164 -0.6252036 0.5906068 -0.5621217 -0.578967 -0.05678325 -0.06984603 0.9959404 0.05678898 0.0698502 0.9959398 0.6308239 0.7759261 0 0.6308239 0.7759261 -3.53234e-7 -1.53371e-6 -0.4167024 -0.909043 0.5568214 0.5303897 -0.639247 0 -0.9993749 -0.03535276 0.01598638 -0.9992511 -0.0352391 -0.2572981 -0.965683 0.03541535 -0.2682397 -0.9627035 -0.03534805 -1.09413e-4 -0.4175808 0.9086398 0.5574114 0.5301364 0.638943 0 -1 0 0.05201762 -0.9986395 0.003680706 -0.8338587 -0.4640841 0.2988407 -0.833481 -0.4643811 -0.2994325 0.5343374 -0.428359 0.7286921 0.5586341 -0.4078541 0.7222071 0.3371808 -0.6170617 0.7110161 0.3116803 -0.6268054 0.7141222 -0.04960954 0.9186025 -0.3920568 -0.07991302 0.9968019 3.80937e-7 0.07990515 0.9967951 0.003858804 -0.4317382 -0.2841984 -0.8560569 -0.04939848 0.919313 0.3904146 -0.4293912 -0.2842719 0.8572122 0.5286789 -0.5863637 -0.6137396 0.4592691 -0.5415647 -0.7041163 -0.5594794 -0.149137 0.8153166 -0.1031042 -0.7101494 -0.6964607 -0.07994526 -0.5005302 -0.8620199 0.7513573 -0.5746029 -0.32449 0.3993602 0.8018918 0.4443884 0.4005525 0.4614807 0.7915765 0.6975609 0.3670806 0.6153541 0.6968568 0.625465 0.3509761 0.4678189 -3.50766e-4 0.8838244 0.6975221 2.0951e-4 0.7165634 0.4004976 -0.4623513 0.7910961 0.6975977 -0.3676591 0.6149669 0.3993547 -0.7960911 0.454703 0.6968422 -0.6269187 0.348402 0.3987568 -0.9170567 -3.46178e-4 0.6964745 -0.7175794 -0.001805067 0.399392 -0.7959291 -0.454954 0.6968424 -0.6256262 -0.3507173 0.4005386 -0.4613105 -0.7916827 0.6975487 -0.3670908 -0.6153619 0.4011128 2.4585e-4 -0.9160287 0.697513 -2.10449e-4 -0.7165722 0.4005427 0.461846 -0.7913683 0.6975552 0.3676298 -0.6150327 0.3993617 0.796195 -0.454515 0.6968526 0.6269095 -0.3483977 0.4599367 0.8879517 3.51195e-4 0.6964461 0.7176069 0.001804709 0.004976689 0.7292273 0.6842535 1.59754e-5 0.8185316 0.5744616 -0.5286479 0.5863726 0.6137579 -0.4500617 0.5493935 0.7039967 -0.4612774 0.5397858 0.7041694 -0.5286436 0.5863847 0.6137501 -0.7569083 -1.67322e-6 0.6535212 -0.6877841 0.01618367 0.725735 0.4612223 0.5397366 -0.7042433 0.5286545 0.5863636 -0.6137608 0.7569248 1.94992e-5 -0.6535022 0.6877879 0.01617121 -0.7257317 0.9993707 0.001844882 0.03542512 0.9992458 0.01543337 -0.03563195 0.9295663 0.3669019 -0.03591066 0.9339085 0.3557579 0.03537386 2.73373e-6 -0.7101672 -0.7040331 -0.007595002 -0.7088449 -0.7053236 -0.2613314 -0.6528901 -0.7109434 -0.3057243 -0.634799 -0.7096217 5.5222e-7 -0.09640413 -0.9953423 7.8274e-7 -1 2.12007e-5 -0.2637495 -0.9645913 2.09585e-5 -0.01920908 -0.09648054 -0.9951496 0.9256334 -0.3784217 2.51607e-5 -0.1019111 0.05126726 -0.9934717 -0.07725125 0.07580769 -0.9941256 0.7380534 -0.6747424 2.5152e-5 0.07479083 -0.005413234 -0.9971846 -0.05492937 -0.512055 -0.8571947 -0.05520725 -0.8701253 -0.4897288 -0.05532872 -0.9984611 -0.003759086 -0.05521172 -0.8720236 0.4863402 -0.05492699 -0.5088847 0.8590806 0.07477968 -8.31231e-4 0.9971997 -3.46463e-6 -0.8724055 -0.4887827 -4.69363e-6 -1 -3.86081e-6 -4.76168e-6 -0.5112461 -0.8594345 -1.15675e-6 0.2548512 -0.9669804 -0.05492746 0.510468 -0.8581407 0 0.5112401 -0.859438 -0.05520755 0.8710733 -0.4880405 0 0.872404 -0.4887854 -0.05533379 0.9984679 -7.72936e-7 0 1 -1.46985e-7 -0.05520683 0.8710709 0.4880449 0 0.8724011 0.4887908 -0.05492734 0.5104633 0.8581435 0 0.5112348 0.8594411 0 0.2548501 0.9669806 -3.47266e-6 -0.5112445 0.8594354 -8.16334e-6 -0.8724082 0.488778 0.4648056 -0.536221 0.7045728 0.5286835 -0.5863446 0.6137539 0.7569729 1.94342e-5 0.6534464 0.6877683 -0.01615989 0.7257505 -0.004983305 -0.7291687 0.6843159 -1.32676e-6 -0.8184839 0.5745295 0.5286819 -0.5863556 0.6137447 0.4546938 -0.5456478 0.7039333 -0.1038366 -0.04555296 0.9935507 0.9256323 0.3784243 2.50802e-5 1 2.10476e-7 2.54201e-5 -0.115408 -0.001305878 0.9933173 0.5273055 0.0417819 0.8486478 0.8437711 0.3865864 0.3722921 0.4282165 0.6451618 0.6327694 0.406477 0.05003541 0.9122899 0.5268543 0.8493332 0.03252494 0.3949984 0.9177466 0.0414431 0.526838 0.8493438 -0.03251016 0.3950023 0.9177452 -0.04143512 0.5280559 -0.0412817 0.8482057 0.4064743 -0.05003845 0.912291 0.8437809 -0.3850513 0.3738574 0.4282231 -0.6451678 0.6327587 0.5278729 -0.8488777 0.02751147 0.3950065 -0.9177436 0.04143458 0.5264019 -0.849523 -0.03481221 0.3949975 -0.9177473 -0.04143702 0.8437723 -0.3863633 -0.3725209 0.4282153 -0.6451679 -0.6327638 0.5273079 -0.0417729 -0.8486469 0.4064735 -0.05003225 -0.9122917 0.5274692 0.04120492 -0.8485745 0.4064664 0.05002719 -0.9122951 0.8438065 0.3850162 -0.3738358 0.4282142 0.6451659 -0.6327666 0.05678391 -0.0698449 -0.9959405 -0.05679935 0.06986558 -0.9959381 -0.6308219 0.7759277 -2.4463e-7 -0.6308218 0.7759277 -4.54151e-7 -0.004975795 0.7292273 -0.6842536 -1.51393e-5 0.8185361 -0.5744553 0.5286833 0.5863652 -0.6137343 0.4500664 0.5494013 -0.7039875 0.4682601 0.5326882 0.7049651 0.5286737 0.5863773 0.6137311 1.0591e-6 0.8185229 0.574474 -0.001239538 0.7292301 0.6842675 1 0 -2.09419e-7 1 0 0 1 0 0 1 0 0 1 0 0 0.5165157 -0.8555396 -0.03554922 0.2682367 -0.9627043 -0.03534811 0.01333189 -0.9992893 -0.03526037 -0.3249084 -0.9446133 0.04626309 -0.002846658 0.06229507 0.9980537 -0.310554 0.9438667 -0.1125692 -0.9022175 0.4030098 -0.1535799 -0.8818492 -0.4458198 -0.1535798 -0.3544531 -0.9282733 -0.1125691 0.3105487 -0.9438687 -0.1125675 0.9022164 -0.4030117 -0.1535813 -0.01211011 0.1752637 0.9844471 -0.7507871 -0.6583426 0.05388689 -0.9338643 -0.3558484 -0.03562963 -0.9992401 0.01601344 -0.03553742 -0.9250125 0.3782626 -0.03562963 -0.7464966 0.6644316 -0.03568887 -0.5165257 0.8555335 -0.03554904 -0.2682419 0.9627029 -0.03534829 -0.01333177 0.9992893 -0.03526037 0.2463272 0.968542 -0.03534829 0.5070862 0.861162 -0.0355491 0.7508507 0.659507 -0.03568881 0.9339172 0.3556891 -0.03583294 0.999233 -0.01624757 -0.03563129 0.9248664 -0.3786196 -0.03562742 0.7461976 -0.6647731 -0.03558117 0.007602155 0.7088452 0.7053232 0.3074134 0.6289219 0.7141109 0.3047803 0.6302133 -0.714101 -2.59625e-4 0.7088183 -0.7053911 0.6886078 -0.005042374 0.7251165 0.7569578 1.68561e-6 0.6534639 0.5286744 0.5863808 0.6137272 0.4592787 0.5415591 0.7041142 0.1154119 6.02598e-6 -0.9933177 1 -2.04729e-7 -1.55922e-5 0.9334445 -0.3587218 -2.23371e-5 0.1026518 -0.04933255 -0.9934934 -3.96906e-5 0.09642624 0.9953402 0 -1 2.43479e-5 0.01921057 0.09649032 0.9951485 0.5869705 -0.3627296 -0.7238045 0.5677757 -0.3765252 -0.7320243 0.2613098 -0.6529217 -0.7109222 0.2902639 -0.6421424 -0.709507 -0.4612822 0.5397753 0.7041743 -0.5286425 0.5863679 0.613767 -0.7569227 1.91092e-5 0.6535044 -0.6877775 0.01617139 0.7257415 -0.5116512 -0.8580981 0.04336929 -0.5070846 -0.8611629 0.03554916 -0.7486755 -0.6619751 0.03569465 -0.7454177 -0.6644157 0.053891 -0.2637486 -0.9645915 -2.25913e-5 -0.0173158 -0.09697782 0.9951359 -0.04721629 -0.09112936 0.9947192 -0.5220614 -0.852908 -2.22632e-5 -0.5905651 -0.5621652 0.5789675 -0.7554274 -0.5711982 0.321033 -0.4034557 -0.8968225 0.1814746 -0.2808452 -0.7281911 0.6251909 -0.7546392 -0.6561399 1.23419e-6 -0.5597214 -0.8286697 0.004321575 -0.7553949 -0.5712317 -0.3210498 -0.3966968 -0.9003009 -0.1791372 -0.5695705 -0.560924 -0.6007944 -0.3029099 -0.7240512 -0.6196737 -1 0 0 -0.4682606 0.5325713 -0.7050531 -0.5286604 0.5863969 -0.6137238 0 1 0 0 0.6052935 -0.7960023 0 -0.6052936 0.7960023 0.8338594 -0.4640821 0.2988417 -0.5799102 0.1053596 -0.8078388 0 0.7192238 0.6947786 0.1589636 0.01761078 -0.9871274 0.001460194 -0.618008 -0.7861706 0.6436573 -0.6605736 -0.3864555 0.389653 -0.8034485 0.450157 -0.6813241 -0.4926782 -0.5413554 -0.06895607 -0.4319074 -0.8992781 0.4234983 -0.1689878 0.8899957 0.2735907 -0.1645653 0.9476637 -0.05203759 -0.9986451 2.34858e-6 -0.00499165 -0.7291972 0.6842855 1.65562e-5 -0.8184952 0.5745135 0.5286648 -0.5863423 0.6137722 0.4547045 -0.5456345 0.7039367 0.04938441 0.9193589 -0.3903082 0.629504 0.047809 -0.7755251 -0.07991141 0.996802 0 0.07990354 0.9967953 0.003838896 0.4317436 -0.2841543 0.8560689 0.04961359 0.9185941 0.3920759 1 0 0 -0.2499734 0.9682527 2.42833e-5 0.01911038 -0.09657883 -0.9951419 0 1 2.42971e-5 -0.3371776 0.6170632 -0.7110165 -0.3047969 0.630247 -0.7140642 0.01515358 0.7098699 -0.7041699 -0.2573029 0.9656816 0.03541529 -0.5165256 0.8555335 0.03554904 4.15498e-5 -0.4934602 -0.8697684 -4.15498e-5 0.4934601 0.8697685 -0.4999985 -0.8660263 2.5529e-5 -0.7380608 -0.6747343 2.61754e-5 0.5343397 0.4283444 0.728699 0.5683932 0.3938695 0.7223546 0.6836837 -2.41249e-6 0.7297785 0.6713818 -0.01322203 0.7409938 -0.464764 -0.5362507 -0.7045778 -0.5286762 -0.5864239 -0.6136844 -0.756962 1.98771e-6 -0.653459 -0.687778 -0.01617348 -0.725741 -0.5696129 0.5609226 0.6007555 -0.3029046 0.7240365 0.6196935 -0.3959533 0.9006699 0.1789272 -0.7553953 0.5731123 0.3176795 -0.5597511 0.8286609 -5.6484e-6 -0.7546465 0.6561282 -0.002080619 -0.3959295 0.9006794 -0.1789321 -0.7553948 0.5716384 -0.3203253 -0.2808449 0.7282028 -0.6251776 -0.5906034 0.5621293 -0.5789631 -0.04851943 -0.08994966 0.9947637 0.4999991 0.8660259 2.47344e-5 0.7380561 0.6747394 2.53365e-5 -0.07237601 -0.08257275 0.9939535 -3.80258e-5 -0.6052976 0.7959992 0 0.6052976 0.7959992 0.1953859 0.2899933 0.9368715 0.004988789 -0.7291553 -0.6843302 -1.46719e-5 -0.8185194 -0.5744789 -0.5286765 -0.5863958 -0.613711 -0.4546279 -0.5456661 -0.7039617 -0.05201905 0.9986394 0.003678262 -0.5328888 0.6100483 -0.5864049 0.5435439 0.2509533 0.8009885 -1 0 0 -1 0 0 -1 0 0 -1 0 0 -1 0 0 0.04960978 -0.9186004 -0.3920614 0.07991302 -0.9968019 -4.68846e-7 -0.07990515 -0.9967951 0.003858625 0.4317437 0.2841551 -0.8560685 0.04938352 -0.9193642 0.390296 0.4293949 0.284227 0.8572252 0.3117155 -0.6268792 -0.7140421 0.5637157 -0.3824143 -0.7321093 -0.7486727 0.6619781 0.03569453 -0.7508417 0.6595173 -0.03568887 -0.9295023 0.3670839 -0.03570735 -0.9250113 0.3782653 0.03562957 0.6350879 0.1316952 -0.7611306 0.7235634 0.5124136 -0.4624806 0.1035398 -0.04661655 -0.9935324 0.9334442 -0.3587226 2.08264e-5 0.757858 -0.6524196 2.1807e-5 0.07273244 -0.08217746 -0.9939602 -0.3993621 -0.8018932 0.444384 -0.4005511 -0.4615798 0.7915194 -0.6975622 -0.3670789 0.6153537 -0.6968573 -0.6254655 0.3509744 -0.4011239 4.92542e-5 0.9160239 -0.6975216 -2.08644e-4 0.7165639 -0.4005396 0.4619988 0.7912806 -0.6975964 0.3676594 0.6149682 -0.3993564 0.7960905 0.4547025 -0.6968418 0.6269196 0.3484011 -0.3987595 0.9170556 2.47239e-4 -0.6964802 0.7175738 -0.001806497 -0.3993529 0.7959448 -0.4549606 -0.6968422 0.6256278 -0.3507148 -0.4005792 0.4613022 -0.7916671 -0.6975473 0.3670912 -0.6153631 -0.4678466 -4.7735e-5 -0.8838097 -0.6975116 2.10725e-4 -0.7165735 -0.4005366 -0.4618345 -0.7913782 -0.6975501 -0.3676338 -0.615036 -0.4889625 -0.7570146 -0.4334103 -0.6968449 -0.6269046 -0.3484219 -0.3987719 -0.9170503 5.15942e-5 -0.6964445 -0.7176085 0.001808047 -0.04721671 -0.09111976 -0.99472 -0.5220656 -0.8529055 2.14716e-5 -0.7578546 -0.6524235 2.1668e-5 -0.07237821 -0.08257603 -0.9939531 0.004990458 0.7291885 0.6842947 -1.54069e-5 0.8185346 0.5744574 -0.5286576 0.5863953 0.6137278 -0.4500632 0.5494024 0.7039887 0.4736112 0.8807341 0 -0.7118272 -0.005038022 -0.7023367 -0.7569485 2.08703e-5 -0.6534746 0.05532628 0.9984614 0.003751337 0.05520749 0.8710762 -0.4880353 0 0.872407 -0.4887803 0 1 -8.12336e-6 0.05492746 0.510473 -0.8581377 0 0.5112451 -0.859435 -0.07477742 -3.04326e-7 -0.9972003 0 -0.2548527 -0.9669799 0.05492746 -0.5104683 -0.8581405 0 -0.5112404 -0.8594378 0.05520743 -0.8710735 -0.4880402 0 -0.8724042 -0.4887852 0.05533379 -0.9984679 -4.69632e-7 0 -1 1.56784e-7 0.05520695 -0.8710711 0.4880445 0 -0.8724012 0.4887905 0.05492711 -0.5104637 0.8581432 0 -0.5112352 0.859441 -0.07477939 2.32662e-6 0.9972001 0 0.2548544 0.9669795 0.05492717 0.5104704 0.8581394 0 0.5112419 0.8594369 0.05520671 0.8710777 0.4880326 0 0.8724079 0.4887785 -0.6884819 -0.005043029 -0.7252361 -0.7569257 1.94741e-5 -0.653501 -0.5286428 0.5863718 -0.6137629 -0.4592699 0.5415516 -0.7041257 0.4682572 0.5326926 0.7049638 0.5286719 0.5863807 0.6137295 -4.90531e-7 0.8185237 0.5744729 -0.001240491 0.7292302 0.6842674 -0.1154243 -1.69688e-5 0.9933163 1 0 -2.05581e-5 0.9256326 -0.3784233 2.04564e-5 -0.1026656 0.0493375 0.9934917 -0.5273112 -0.04178172 0.8486444 -0.8437743 -0.3865824 0.3722888 -0.4282278 -0.6451577 0.6327658 -0.406476 -0.05003619 0.9122905 -0.5268599 -0.8493296 0.03252559 -0.3949967 -0.9177472 0.04144459 -0.526116 -0.8497982 -0.03232669 -0.3950007 -0.9177459 -0.04143625 -0.5274739 0.04120904 0.8485713 -0.4064732 0.05003947 0.9122914 -0.8437839 0.3850473 0.3738548 -0.4282338 0.6451635 0.6327559 -0.5278636 0.8488811 0.02758562 -0.3950049 0.9177442 0.04143673 -0.5263936 0.849525 -0.03488451 -0.3949961 0.9177477 -0.04143899 -0.8437759 0.3863589 -0.3725175 -0.4282265 0.645163 -0.6327612 -0.5273143 0.04177206 -0.8486428 -0.4064722 0.05003213 -0.9122924 -0.5280626 -0.04127675 -0.8482018 -0.4064651 -0.05002897 -0.9122955 -0.8437791 -0.3850477 -0.3738654 -0.4282253 -0.6451625 -0.6327626 0.00499475 0.7292458 0.6842337 -1.57312e-5 0.8184949 0.574514 -0.5286527 0.5863909 0.6137362 -0.4500627 0.5493969 0.7039933 -1 -4.78641e-7 -2.05035e-5 -0.9256358 0.3784155 -2.66917e-5 -0.7578513 0.6524274 2.17455e-5 -0.5220646 0.8529059 2.27336e-5 -0.04154777 0.09508889 -0.9946014 0.1039584 -0.04544579 0.9935429 -0.7380633 0.6747315 -2.67266e-5 0.07262915 -0.08215999 0.9939693 1.21869e-6 1 0 0.7569223 1.81909e-5 0.653505 0.6877827 -0.01616859 0.7257367 0.07237422 -0.08257544 0.9939534 -0.5070914 -0.861159 -0.03554922 0.468251 -0.5325708 -0.7050599 0.5287059 -0.5864149 -0.6136674 5.12824e-7 -0.8185684 -0.5744093 -0.001240789 -0.7292195 -0.6842788 0.4682745 -0.5325955 -0.7050256 0.5287119 -0.5863937 -0.6136826 -2.78727e-7 -0.8185307 -0.5744629 -0.001241207 -0.7292701 -0.6842249 -0.4682886 -0.5327026 0.7049353 -0.5286434 -0.5863871 0.6137478 -0.332584 -0.9362965 0.1128584 -0.8818492 -0.4458197 0.1535798 -0.1153988 0.001304328 -0.9933184 -0.1039133 0.04544162 -0.9935478 -0.4999981 0.8660265 -2.55796e-5 0.04234284 -0.09464669 -0.9946101 0.02312546 -0.09521442 -0.9951882 -0.2499678 0.9682542 -2.43331e-5 0.4999895 0.8660316 -2.62465e-5 -0.04156422 -0.09512227 -0.9945975 -0.07717901 -0.07571798 -0.994138 0.7380596 0.6747356 -2.61238e-5 0.6885615 0.005042254 -0.7251605 0.7570136 9.56006e-7 -0.6533992 0.5287083 -0.586417 -0.6136633 0.4592734 -0.5415505 -0.7041244 0.461216 0.5397355 -0.7042481 0.5287068 0.5864176 -0.613664 0.4612147 0.539734 -0.7042502 0.5287071 0.586414 -0.6136673 0.75701 -3.48439e-6 -0.6534035 0.687772 0.0161665 -0.7257468 0.6035009 0.5741684 0.5532788 -0.5286431 0.5863875 0.6137477 -0.4500491 0.5494034 0.703997 -0.5099388 0.4988402 -0.7008003 -0.8709632 -0.05691915 0.4880403 0.2549349 -0.957668 0.1337172 0.2572996 0.9656826 0.03541535 -0.01333171 0.9992893 0.03526037 -0.560698 -0.3869431 0.7320472 -0.6712889 3.48399e-5 0.7411959 -0.671376 0.01320558 -0.7409994 -0.5634511 -0.3828645 -0.7320778 -1 -1.49861e-6 2.0997e-5 -0.1035453 0.04661905 0.9935316 -0.9334408 0.3587315 2.10195e-5 -0.1313204 0.7540705 0.6435313 0.1366807 0.2693538 0.9532927 -0.00377351 0.9084253 0.4180303 0.6394486 0.4564476 0.618677 0.1205947 0.9924902 -0.02049607 -0.119179 0.9877686 0.1005465 -0.07725095 -0.07571721 0.9941324 0.9256324 0.3784241 -2.62627e-5 -0.1020287 -0.05127876 0.993459 -0.9997996 0.006278693 0.01901096 -0.9988632 0.03899896 0.02741336 0.00906527 0.01272642 0.999878 0.008574783 -0.2853222 0.9583933 0.009030401 0.01435774 0.9998562 0.004446506 0.8733999 0.4869836 0.004850625 0.8742337 0.4854811 0.6836838 -1.84295e-6 -0.7297784 0.671382 0.01321399 -0.7409938 0.5683977 -0.3938738 -0.7223486 -0.004427671 -0.9635483 -0.2674981 0.005563616 0.9182373 0.3959916 -0.2613317 -0.6528899 0.7109435 -0.2902204 -0.6421499 0.709518 -0.5869922 -0.3627065 0.7237985 0.8748759 0.1468616 -0.4615452 -0.8973288 0.1426119 -0.4176879 -0.4779186 0.8741536 0.08630967 0.4923931 0.8673353 0.07265412 0.5375911 0.3104039 0.7839931 0.6680825 0.6560463 0.3510968 -0.8827381 0.1710703 0.437617 -0.4770232 0.7572877 0.4460542 0.263987 0.5903604 -0.7627487 -0.4071768 0.5902193 -0.6970281 0.9793614 0.1909074 0.06637543 -0.4723012 -0.1269652 0.872245 0.3371811 -0.6170611 -0.7110167 0.008701443 -0.2595955 0.9656783 0.008609533 -0.2775463 0.9606737 0.971126 0.2244102 0.08095937 0.009064674 -0.1684948 0.9856609 0.006004095 0.8945361 0.4469556 -0.910341 0.370328 0.1847607 0.9202905 0.3609349 0.1509684 0.9997997 -0.006279051 -0.01901042 0.9995952 0.02640295 -0.01060187 0 1.29902e-7 1 -0.9854398 -0.05468326 0.1609909 -0.6824446 -0.04255431 0.7296976 -0.6854374 0.04014849 0.727024 -0.985352 0.0555396 0.1612348 -0.8885658 -0.4308363 0.1575782 -0.5791431 -0.3015317 0.7574114 -0.01480513 -0.9957049 0.09139293 -0.004355549 -0.7338413 0.6793071 -0.2360889 -0.6862764 0.6879584 -0.3486029 -0.9346519 0.07001507 0.01545017 -0.9957554 0.09073448 0.005279123 -0.7351131 0.6779239 0.3386691 -0.9381111 0.07246267 0.223342 -0.7017 0.6765616 0.9853428 -0.05566889 0.1612476 0.6853882 -0.04012358 0.7270717 0.6138252 -0.3286859 0.7177634 0.8847003 -0.4431961 0.144508 0.9854353 0.05470705 0.1610111 0.682448 0.04255777 0.7296942 0.8885563 0.430864 0.1575564 0.5791651 0.3015494 0.7573875 0.01490795 0.9956951 0.09148287 0.004360675 0.7338371 0.6793115 0.2361055 0.6863074 0.6879219 0.3486168 0.9346466 0.07001483 -0.01546347 0.9957575 0.09070855 -0.005274474 0.735109 0.6779286 -0.338604 0.9381325 0.07249081 -0.2233461 0.7017108 0.6765491 -0.613808 0.3287065 0.7177686 -0.8846537 0.4432892 0.1445077 -0.4682582 -0.532692 0.7049635 -0.5286752 -0.5863947 0.6137132 -1.5352e-5 -0.8185182 0.5744807 0.001240909 -0.7292277 0.68427 -0.6886022 0.00504744 0.7251217 -0.7569467 -2.03923e-5 0.6534768 0.4682519 -0.5325731 -0.7050576 0.5286647 -0.5863481 -0.6137667 1.58538e-5 -0.8184987 -0.5745086 -0.001255691 -0.7292723 -0.6842225 0 2.22764e-7 1 0 2.21449e-7 1 0 2.76033e-7 1 0 2.64515e-7 1 -0.9974458 0.07142776 -2.28779e-4 -0.9974557 -0.07129007 7.05344e-7 -0.9974557 -0.07129001 1.48011e-4 -0.9974458 0.07142758 0 -0.8910666 -0.4538729 1.44799e-6 -0.3191662 -0.9476988 0 -0.03989344 -0.9992039 1.28868e-4 -0.03989338 -0.9992039 0 0.03989338 -0.9992039 0 0.03989344 -0.9992039 -1.28868e-4 0.3191662 -0.9476988 0 0.8909361 -0.4541289 0 0.9974461 -0.07142347 3.13467e-4 0.9974461 -0.07142293 0 0.9974634 0.07118183 0 0.9974634 0.07118183 -9.40554e-5 0.8910511 0.453903 0 0.319167 0.9476986 0 0.03989374 0.9992039 0 0.03989374 0.9992039 0 -0.03986376 0.9992052 0 -0.03986382 0.9992051 -1.28869e-4 -0.319113 0.9477168 0 -0.8909709 0.4540604 0 0.4751798 0.5411842 -0.6937751 0.5286746 0.5863632 -0.6137439 0.7569735 2.09059e-5 -0.6534457 0.7107744 0.02577954 -0.7029476 -0.2549712 -0.9588291 0.1250468 -0.2549359 -0.9599337 -0.1163401 0.05678904 0.06985026 -0.9959398 -0.05678308 -0.06984615 -0.9959405 -0.6308224 -0.7759273 -3.02773e-7 -0.6308224 -0.7759273 -2.44627e-7 0 0.7209929 0.6929425 -0.4682934 0.5327028 -0.7049319 -0.5286501 0.5863753 -0.6137534 1.67781e-5 0.8185347 -0.5744573 0.001244604 0.7292217 -0.6842765 1 0 0 -0.004987537 0.7291351 -0.6843516 1.61883e-5 0.818497 -0.574511 0 -1 0 -0.6034833 0.5741782 -0.5532879 0.6035032 0.5741677 -0.5532769 0 0.7192241 -0.6947783 0.6035031 0.5741679 0.5532769 0.6034324 0.5747998 0.5526976 -0.6034833 0.5741779 0.5532881 0 0.7209943 -0.6929411 0.2572944 0.9656839 0.03541547 0.2682318 0.9627057 -0.03534853 0 0.9993749 -0.03535288 -0.0132023 0.999291 0.03526204 0.7486784 0.6619718 0.03569477 0.746499 0.6644289 -0.03568893 0.5118115 0.8583614 -0.03556495 0.5070861 0.8611621 0.03554904 0 0.719224 -0.6947783 -0.003915369 0.05948036 0.9982219 -0.3105486 0.9438688 -0.1125677 -0.9022164 0.4030117 -0.1535814 -0.8818493 -0.4458197 -0.1535798 -0.3544531 -0.9282733 -0.112569 0.3105489 -0.9438687 -0.1125673 0.9022166 -0.4030115 -0.1535812 -0.01211309 0.1752713 0.9844456 -0.9338642 -0.3558484 -0.03562945 -0.9992401 0.01601469 -0.03553736 -0.5165265 0.8555331 -0.03554916 -0.2682335 0.9627053 -0.03534865 0.924869 -0.3786137 -0.03562784 0.7462826 -0.6646776 -0.0355817 0.5165143 -0.8555403 -0.0355491 0.2682381 -0.962704 -0.03534805 -0.4735935 0.8807436 0 -0.603501 0.5741682 -0.5532788 -0.6035012 0.5741682 0.5532786 0.6035011 0.5741682 -0.5532788 0 0.7209942 -0.6929411 0.7787488 0.0547074 0.6249459 0.7680866 0.05137854 0.6382815 0.7830933 0.05641072 0.6193407 -1 0 0 0 0 1 0 0 -1 -0.1038642 -0.04545807 -0.9935521 0.2549543 0.9588321 -0.1250581 0.2744395 0.5125575 -0.813614 0.5702871 0.4132815 -0.7099093 0 0.1316271 -0.9912993 0.7699447 0.04956048 -0.6361832 0.764497 0.04562252 -0.6430109 0.6439462 0 -0.7650709 0.7739753 0.04765653 0.63142 0.6439455 0 0.7650714 0.7635048 0.04226881 0.6444175 -0.7814949 0.05075508 -0.6218439 -0.6439486 0 -0.7650688 -0.7701535 0.04490774 -0.6362758 -0.7879475 0.05743247 0.6130582 -0.7816405 0.05288475 0.6214832 -0.6439478 0 0.7650694 -0.6439084 0 0.7651027 -0.643909 0 -0.7651022 0.64391 0 0.7651013 0.6439123 0 -0.7650995 -4.85808e-7 1 0 8.87903e-7 1 0 6.1526e-7 1 0 4.52315e-7 1 0 1.12502e-6 1 0 -0.7912769 0.06012982 -0.6084942 -0.786665 0.05832189 -0.6146194 -0.7750293 0.05455154 -0.6295664 0 0.8611884 0.508286 0 0.8564077 -0.5163003 0.7776049 0.05392968 -0.6264363 -0.7965298 0.06255626 0.6013542 1 0 1.26719e-7 0.7787497 0.05470633 0.6249449 0.7680872 0.05137854 0.6382807 0.7830939 0.05641072 0.6193399 1 0 0 0.1036468 0.04664677 -0.9935198 0.9334411 0.3587306 2.11802e-5 1 -1.48641e-6 2.09325e-5 0.1153866 0.001304626 -0.9933199 -0.2637469 0.964592 2.20946e-5 -0.01910471 0.09657597 0.9951423 8.31849e-7 1 2.12841e-5 -0.9334425 -0.3587272 2.08585e-5 0.7699733 0.04957181 -0.6361476 0.7644955 0.04562997 -0.6430121 0.7739781 0.04765653 0.6314166 0.6439489 0 0.7650686 0.7635074 0.04226875 0.6444144 -0.7814928 0.05075514 -0.6218463 -0.6439462 0 -0.7650709 -0.7701517 0.04490786 -0.6362781 -0.7879473 0.05743271 0.6130583 -0.7816411 0.05287647 0.621483 -0.6439441 0 0.7650727 -0.6439048 0 0.7651056 -0.6439039 0 -0.7651065 0.6439064 0 0.7651042 0.6439071 0 -0.7651037 -0.2572967 -0.9656834 0.03541529 -0.7312577 -0.02080827 0.6817839 0.2549718 0.9588292 0.1250438 4.95557e-7 -0.09640169 0.9953426 -0.7912762 0.06013035 -0.6084951 -0.7866641 0.05832242 -0.6146202 -0.7750286 0.05455213 -0.6295672 0 0.8611883 0.5082861 0 0.856408 -0.5162997 0.7776046 0.05392986 -0.6264365 -0.7965307 0.06255662 0.6013532 -0.4999917 0.8660303 2.39658e-5 0.7578591 0.6524184 2.15766e-5 0.07263439 0.08216792 0.9939682 0.103643 0.04664403 0.9935203 -0.5607163 -0.3868985 0.7320566 -0.6712805 3.8987e-5 0.7412035 -0.6714109 0.0132116 -0.7409676 -0.563557 -0.3826891 -0.7320879 0.1154046 2.63427e-6 0.9933186 -1 -2.20653e-7 2.5392e-5 -0.925636 0.3784152 2.48919e-5 0.1027258 -0.04932945 0.9934859 0.6308233 0.7759266 2.72508e-6 0.6308233 0.7759265 1.03968e-6 0.05677551 0.06983733 -0.9959415 -0.05677527 -0.06983232 -0.9959419 0.5607216 0.3868878 0.7320582 0.6712811 -1.94485e-4 0.7412029 0.6714114 -0.01321071 -0.7409672 0.5635635 0.382678 -0.7320887 0.5343127 -0.4283636 0.7287075 0.5586798 -0.4078143 0.7221942 0.3371939 -0.6170453 0.7110242 0.3116812 -0.6267998 0.7141268 0.04233318 0.09463119 0.994612 0 -0.7101536 -0.7040469 -0.00759387 -0.7088603 -0.705308 -0.2613091 -0.6529222 -0.7109222 -0.3057299 -0.6348079 -0.7096113 -0.630824 -0.775926 -3.43157e-6 -0.6308241 -0.775926 -1.71241e-6 0.3325805 -0.9362979 0.1128568 -0.5586785 -0.4078225 -0.7221906 -1.5367e-7 -0.7088151 0.7053944 0.01520645 -0.70987 0.7041687 -0.3371719 -0.6170144 0.7110614 -0.3047607 -0.6301742 0.7141439 -0.5869709 -0.3627202 0.7238088 -0.683156 0.01975512 0.7300053 -0.5869364 0.3626969 0.7238485 -0.5607208 0.3868877 0.7320588 -0.7464966 0.6644316 0.03568881 0.6831568 -0.01975458 0.7300045 -0.9295033 0.3670812 0.03570735 -0.9992401 0.01601356 0.03553742 -0.3073059 0.6288694 0.7142034 -0.3117036 0.6268692 -0.7140559 -0.5635706 0.3825908 -0.7321288 -0.0231015 -0.09509927 0.9951997 0.2499721 0.9682531 2.40059e-5 0.4682748 0.5326714 0.704968 0.5286742 0.586378 0.61373 -1.20403e-6 0.8185237 0.5744729 -0.001144707 0.7292299 0.6842678 0.7569588 -1.53466e-6 0.6534626 0.6877791 -0.0161795 0.7257398 0.6836715 0 -0.7297899 0.8922462 -0.4245202 0.1538808 -0.004986882 -0.7292469 0.6842325 -4.12521e-7 -0.8184844 0.5745288 0.5286788 -0.5863571 0.6137459 0.4546111 -0.5456658 0.7039728 -0.468298 -0.532684 0.7049431 -0.5286518 -0.5863617 0.613765 0.7486791 0.661971 0.03569453 0.5070862 0.861162 0.03554916 -0.1038461 -0.04545426 -0.9935542 -0.004981935 0.7292246 -0.6842563 3.90192e-7 0.8185667 -0.5744116 -0.6886131 0.005047738 0.7251115 -0.7569085 0 0.6535208 -0.5286442 -0.5863875 0.6137468 -0.4592602 -0.5415623 0.7041237 -0.6884842 -0.005038619 -0.7252339 -0.7569611 1.18256e-6 -0.65346 -0.5286755 0.5864236 -0.6136853 -0.4592695 0.5415439 -0.7041319 -0.2549011 0.9599432 0.1163378 -0.2549338 0.9576684 -0.1337166 -0.5286834 -0.5863993 -0.6137018 -0.4546075 -0.5456516 -0.7039862 0.8818464 0.4458249 0.1535812 -0.5286746 0.5864251 -0.6136847 -0.4592698 0.5415428 -0.7041326 -0.9338644 -0.3558484 0.03562963 -2.89857e-7 0.8185683 -0.5744093 0.00124073 0.7292196 -0.6842787 -0.9334446 -0.3587219 -2.21443e-5 -1 -4.50404e-7 -1.55922e-5 -0.4682614 0.5326074 -0.7050253 -0.5286739 0.5864257 -0.6136847 -7.3579e-7 0.8185684 -0.5744093 0.001239717 0.7292209 -0.6842774 0.7380553 -0.6747403 2.60448e-5 -0.07236373 0.08256232 -0.9939552 -0.0485171 0.08993297 -0.9947654 0.4999994 -0.8660259 2.61183e-5 0.263745 -0.9645925 -2.27899e-5 7.93271e-7 -1 -2.2689e-5 -0.001100778 -0.09643441 -0.9953387 0.7462865 -0.6646732 0.0355817 0.4612138 0.5397395 -0.7042465 0.5287064 0.5864151 -0.6136668 0.7570068 -1.06922e-6 -0.6534072 0.6877706 0.01616775 -0.7257481 -0.9334444 0.3587222 1.56521e-5 -0.07624596 0.07728415 0.9940894 -0.7578579 0.6524197 2.20683e-5 -0.750845 -0.6595137 0.03568887 0.07235336 -0.08255523 -0.9939566 0 1 -2.45977e-5 -0.02321934 -0.09510737 -0.9951963 0.2499651 0.9682549 -2.55688e-5 5.38068e-7 0.09644174 -0.9953387 7.75683e-7 1 2.3109e-5 0.2637447 0.9645925 2.31159e-5 0.01921671 0.09651207 -0.9951463 -0.2499772 -0.9682517 2.54435e-5 -0.02310752 0.09518885 -0.9951911 0.2499758 -0.9682521 2.55948e-5 0 -1 2.53761e-5 -0.5220641 0.8529062 2.24107e-5 0.004979014 0.7292475 0.6842319 1.65674e-5 0.8184939 0.5745154 -0.7578569 -0.6524209 -2.19451e-5 -0.9256354 -0.3784165 2.05362e-5 0.1027765 0.0493465 -0.9934798 -0.586978 0.3627193 -0.7238035 -0.5677995 0.3764998 -0.732019 -0.6354057 -0.6948755 0.3367605 -0.639067 0.7691297 0.005737185 -0.2637493 0.9645913 2.30452e-5 0.4885048 0.5629379 0.6666814 0.5083625 0.4603229 0.7277846 0.9334443 0.3587226 1.53307e-5 0.001100063 -0.09637856 0.9953442 0.757857 -0.6524207 -2.22832e-5 0.01911956 -0.09662818 0.9951369 -0.00109905 0.09642219 0.9953399 0.02211153 0.0955286 0.9951811 0.5220625 -0.8529073 -2.23511e-5 0.04234409 -0.09464931 0.9946098 0.1153922 -0.001304745 0.9933192 -0.01910823 0.09659302 0.9951406 -0.04233545 0.09463572 0.9946115 0.07262295 0.08215963 0.9939697 0.1036425 0.04663616 0.9935207 0.04721021 0.09112024 0.9947203 -0.007595181 -0.7088449 0.7053236 -0.3047971 0.6302466 0.7140644 0.007595539 0.7088763 0.705292 0.3074961 0.628914 0.7140822 0.304778 0.6302006 -0.7141131 -4.13472e-4 0.7088484 -0.7053608 -0.5633209 0.3829717 0.7321219 0.2549347 -0.9599331 -0.116348 0.5098215 -0.4456734 -0.7358378 -0.5683902 -0.3938592 -0.7223625 -0.6831582 0.01980841 -0.7300018 0.2902802 0.6421617 -0.7094827 0.5683932 0.3938691 -0.7223548 0.4682658 0.5326868 0.7049623 0.5286806 0.5863659 0.6137361 0.5677941 0.3765247 -0.7320104 -0.3057198 0.6347998 0.709623 2.71145e-6 0.7101674 0.7040329 -0.6831579 0.01980829 0.7300021 -0.586943 0.3627035 0.7238398 0.7569535 -1.08182e-6 0.6534689 0.6877756 -0.01617705 0.7257432 0.3371765 0.6170619 0.7110181 0.01515305 -0.7098692 0.7041706 -0.00497657 -0.7291982 0.6842846 -1.59318e-5 -0.8184965 0.5745115 -0.4682936 -0.5327026 0.704932 -0.5286642 -0.5863716 0.6137448 1.54524e-5 -0.8185173 0.574482 0.001229345 -0.7292281 0.6842696 -0.4682832 -0.5326991 0.7049416 -0.5286526 -0.5863513 0.6137741 -0.6886034 0.005049586 0.7251206 -0.756923 -1.96124e-5 0.653504 0.4682644 0.5326815 0.7049673 0.5286744 0.5863609 0.6137461 0.5286607 0.5863642 0.6137548 0.4592743 0.541557 0.7041187 1.82696e-5 -1.09209e-5 1 -0.528653 -0.5863555 -0.6137697 -0.4546213 -0.5456515 -0.7039773 -0.4682957 -0.5326957 0.7049359 -0.5286637 -0.586373 0.6137437 -0.04099172 0.04498314 -0.9981464 -0.0524125 0.02406615 -0.9983355 1.80784e-5 2.18523e-5 1 0.4577894 0.5429509 0.7040122 0.5286551 0.586358 0.6137655 -0.7569469 2.082e-5 0.6534765 -0.6877748 0.01618486 0.7257437 -0.07629024 0.07731407 0.9940837 -0.00498408 -0.7292358 0.6842443 3.90196e-7 -0.8185235 0.5744731 0.5286751 -0.5863755 0.6137316 0.4546778 -0.5456214 0.7039641 -1.09759e-5 2.21298e-5 1 0 1.20819e-7 1 0.4822802 -0.5339262 -0.6944989 0.5286844 -0.5863455 -0.6137522 -1.47277e-5 -0.8184986 -0.5745087 -0.008761644 -0.7276178 -0.6859269 0.5286936 -0.5863621 0.6137284 0.4546826 -0.5456157 0.7039654 1.62997e-5 -0.8185206 -0.5744774 -0.001240313 -0.7292288 -0.6842688 -1.14787e-5 -1.11042e-5 1 0.6885581 0.006123661 0.7251554 0.4682537 -0.5325854 -0.705047 0.5286978 -0.5863624 -0.6137245 0.6885165 0.005043625 -0.7252032 0.7569748 -1.88303e-5 -0.6534442 -0.6885235 -0.005039751 -0.7251965 -0.7569493 -2.082e-5 -0.6534736 -1.12115e-5 -1.10937e-5 -1 0.7569711 -1.83146e-5 0.6534485 -0.5286643 -0.5863756 -0.6137408 -0.4588491 -0.5562021 -0.6928902 -0.5775514 0.4991729 0.6459572 0.5775107 -0.4991927 0.6459783 1.81112e-5 2.08414e-5 -1 -0.6884837 -0.005037426 -0.7252344 -0.7569257 -2.02666e-5 -0.6535009 -0.471975 -0.528546 -0.7056053 1.82839e-5 -1.12509e-5 -1 -0.4736106 0.8807343 0 0 0.7192255 0.6947768 0 0.7192255 0.6947768 0.6308228 -0.775927 -3.02773e-7 0.6308228 -0.775927 -3.05782e-7 0.3325805 -0.9362978 0.112857 -0.3544531 -0.9282732 0.1125695 -0.892248 -0.424517 0.1538792 0.9022164 -0.4030116 0.1535815 0.8922443 0.4245238 0.1538821 0.2463193 -0.9685439 0.03534829 0.5568928 -0.8290978 -0.04967409 -0.9992401 0.01601463 0.03553736 -0.2682335 0.9627053 0.03534847 0.9993706 0.001856267 0.03542661 0.9339087 0.3557574 0.03537404 0 0.7209928 0.6929426 0 0.7192254 0.694777 0.4736129 0.8807331 0 0.3544492 0.9282751 0.1125658 0.7505965 -0.659802 0.0355817 0.9337431 -0.3561663 0.03562903 -0.5070876 0.8611612 0.0355491 -0.9250138 -0.3782591 0.03562951 -0.7380608 0.6747342 2.47327e-5 0.04852235 -0.08995866 -0.9947628 -0.7380589 -0.6747363 2.48896e-5 0.07263654 0.08217203 -0.9939677 -0.9256367 -0.3784136 2.49187e-5 -0.5286655 -0.5863748 -0.6137406 -0.1154126 0.001304507 -0.9933168 -0.00109905 0.09641283 -0.9953409 0.2499735 -0.9682527 2.45354e-5 -0.01910513 0.09657943 -0.995142 0.5000018 -0.8660244 2.51182e-5 0.004983544 -0.7292377 -0.6842423 -1.2264e-6 -0.8185286 -0.5744658 -0.5286802 -0.5864018 -0.613702 -0.4546061 -0.5456531 -0.7039859 0.5220627 0.8529072 2.12668e-5 0.2637389 0.9645941 2.1072e-5 0 1 -2.09473e-7 -0.04719728 0.09108978 0.9947236 0 1 -2.09472e-7 0.05679237 -0.06985247 -0.9959394 -0.05677622 0.06983864 -0.9959413 -0.6301758 0.7764526 2.51477e-6 -0.6308243 0.7759258 2.82593e-6 0.05677449 0.06983298 0.9959418 -0.0567764 -0.06983703 0.9959415 0.579505 -0.4968115 0.6460282 -0.5774204 0.4991623 0.6460826 0.6308242 -0.7759259 -4.59214e-6 0.6308242 -0.7759258 -2.81335e-6 -0.6831554 0.01975631 -0.7300058 -0.5586387 0.4078632 -0.7221984 -0.3057392 0.6348124 -0.7096033 -0.01520627 0.7098615 -0.7041772 0.290274 0.6421467 -0.709499 0.5683993 0.393889 -0.7223391 0.5586402 0.4078632 0.7221972 0.3057396 0.634813 0.7096026 0.01520591 0.7098623 0.7041764 -0.2902739 0.6421467 0.709499 -0.5118131 -0.8583604 0.03556513 0.2671061 -0.4929285 0.8280555 0.6766588 -0.4365625 0.5929134 -0.5286495 -0.5863652 0.6137634 -0.4592694 -0.5415416 0.7041338 -1.12599e-6 0.8185249 0.574471 -0.001241207 0.7292307 0.6842669 0 2.12658e-6 1 -0.6885322 -0.006138324 0.7251799 -0.451677 0.5480521 0.7040078 -0.5286428 0.5863892 0.6137464 -0.756908 1.15742e-6 0.6535215 -1.02662e-6 -8.17108e-7 1 0.6886051 -0.005046486 0.7251191 0.756954 1.89947e-6 0.6534683 0 -1.93802e-7 1 -0.7569592 -1.53482e-6 -0.6534622 -0.6877756 -0.01617819 -0.7257432 0 -1.12614e-6 1 0.9337436 -0.356165 0.03562939 0 2.14752e-7 -1 -0.5286746 0.5864234 -0.6136864 -0.459271 0.5415407 -0.7041335 -1.44041e-7 -1.37232e-6 -1 0.4682757 -0.5325922 -0.7050273 0.5287125 -0.5863943 -0.6136814 -0.004983067 0.7292244 -0.6842566 -6.46603e-7 0.8185678 -0.5744101 -5.12824e-7 -0.8185689 -0.5744085 -0.001241981 -0.7292193 -0.6842789 -7.6211e-7 -1.75992e-6 -1 -5.81402e-7 1.02138e-6 -1 0.9675006 -0.009337186 0.2526966 -0.1280288 0.9687577 0.2124081 -0.2351028 -0.1694019 0.9570944 0.9674737 0.009475708 0.2527942 -0.2351846 0.1693251 0.957088 -0.1279495 -0.9687922 0.2122985 -0.9674738 -0.009475171 0.2527939 0.2351843 -0.1693239 0.9570882 0.1279501 0.9687923 0.2122974 0.1280283 -0.9687576 0.2124093 0.2351033 0.1694029 0.9570941 -0.9675004 0.00933808 0.2526972 0.03874307 -0.9992492 0 0.03874301 -0.9992492 -1.80316e-4 -0.996335 -0.08553779 -3.41307e-5 -0.9963349 -0.08553791 4.43137e-4 0.3178605 3.41974e-5 0.9481375 0.2328894 0.3556095 0.9051544 0.3178602 -6.47511e-4 0.9481375 -0.9517024 -3.41207e-5 0.3070223 -0.951702 7.50017e-4 0.3070224 -0.3178598 -3.40764e-5 0.9481378 -0.3178597 3.40046e-5 0.9481378 0.9517026 3.41459e-5 0.3070217 0.9517026 -3.39383e-5 0.3070217 -3.41333e-5 0.9726904 0.2321069 -0.3556095 0.8912363 0.2814959 3.39723e-5 0.9726904 0.2321069 3.41333e-5 -0.2432359 0.9699672 -6.47575e-4 -0.2432356 0.969967 -0.03874319 0.9992492 0 -0.03874319 0.9992492 0 0.9963349 0.08553802 -3.4114e-5 0.9963349 0.08553826 3.40841e-4 3.41333e-5 -0.9726901 0.2321078 -2.3862e-4 -0.9726901 0.2321078 -3.41333e-5 0.2432367 0.969967 3.39722e-5 0.2432367 0.969967 0.03874313 0.9992493 0 0.03874313 0.9992492 0 -0.9963349 0.0855382 3.41307e-5 -0.9963349 0.08553808 -3.40898e-4 -0.03874307 -0.9992493 0 -0.03874301 -0.9992493 2.52565e-4 0.996335 -0.08553779 3.41495e-5 0.9963349 -0.08553791 -4.43044e-4 0 -1 0 0.6145665 0 -0.788865 0.6308118 -0.775936 0 0.6308115 0.7759361 0 0.6145672 0 0.7888646 0 1 0 0 0 -1 0 -1 0 0 0 1 -0.6308232 0.7759267 0 -0.6145651 0 -0.7888662 -0.6308225 -0.7759272 0 -0.6145649 0 0.7888664 0 1 0 -1.30125e-5 0 1 0 0 -1 0 -1 0 -0.9927613 0.01228713 0.1194737 -0.9927615 -0.01227873 0.1194737 0.1271135 0.009406626 0.9918436 0.1271122 -0.00953108 0.9918426 0 0 1 -0.03012502 0.9993862 0.01788419 0.03015273 0.9993853 0.01788496 -0.02320456 -0.02498 0.9994186 0.02311396 -0.02498215 0.9994207 0.02321016 0.02498638 0.9994184 -0.02311974 0.02498859 0.9994204 0.03012949 -0.999386 0.01789087 -0.03015697 -0.9993851 0.01789158 -0.1271125 -0.009414494 0.9918437 -0.0147714 -0.4265032 0.9043654 -0.1271113 0.009523332 0.9918428 0.9927616 -0.01227688 0.1194725 0.9927615 0.0122891 0.1194727 0 1 -1.62677e-7 0 1 -1.52512e-7 -0.9988464 0.04801797 -6.00837e-4 -0.9987869 0.04910826 0.003639936 0.00372833 0.9999659 -0.00738883 0.02027285 0.9997279 0.01153939 -0.009593665 0.9999268 0.007392883 -0.02735489 0.999543 -0.01287323 0.9988374 0.04820686 0 0.9988672 0.04732149 -0.005011141 -0.998881 0.04729521 0 -0.9988672 0.04732143 0.005010962 0.007684946 0.9999295 -0.009054064 0.009816408 0.999924 0.007465541 -0.03057831 0.9994548 0.01245802 -0.03057855 0.9994542 -0.01251161 0.9988833 0.04724782 0 0.9988696 0.04727023 -0.005011618 0.03013336 -0.02466225 0.9992416 -0.03015667 -0.02466154 0.9992409 0.02320873 0.9995737 0.01771849 -0.02312165 0.9995757 0.01771652 -0.02321058 0.999574 -0.01770144 0.02311694 0.9995761 -0.01769936 -0.03012865 -0.02469342 -0.999241 0.03016036 -0.02469241 -0.9992401 0.03012847 -0.02469503 0.9992409 -0.01871049 -0.02497887 0.9995129 0.01625728 0.9997127 0.01761734 -0.0231167 0.9995761 0.01770102 -0.02097564 0.9996275 -0.0174598 0.013466 0.9997609 -0.01723057 -0.01808929 -0.02475816 -0.9995298 0.03204846 -0.02453428 -0.9991852 -1 0 0 0 1 0 0 1 0 0 1 0 1 0 0 -1 0 0 1 0 0 0 -2.71709e-7 -1 0 -3.74749e-7 -1 0 -3.81601e-7 -1 0 -2.68395e-7 -1 0 0 -1 0 0 -1 0 0 -1 0 0 -1 0 0 -1 0 0 -1 0.9999981 0.001953661 0 -0.9999992 -0.001320838 0 0 0 -1 0.9999955 0.0030182 0 -0.9999986 -0.001710355 0 0 0.7192239 -0.6947784 0 1 -2.50355e-7 0.2940405 -0.005958378 -0.9557745 3.80258e-5 0.6052976 -0.7959992 3.80259e-5 -0.6052936 -0.7960023 0 0.7223235 -0.6915554 -0.02845966 -0.07654976 -0.9966596 0.2057433 0.6910132 -0.6929433 -8.5036e-7 0.5112379 -0.8594393 0.1868939 -0.2288595 0.9553503 -0.3646692 0.7388385 -0.5666869 -0.1323597 0.5043081 0.8533196 0 0.7192242 -0.6947782 0 0 1 0 1 0 1 0 0 -1 0 0 0 -1 1.44107e-7 0.7146925 0.2822455 0.6399626 0.7146619 -0.2822457 0.6399968 -0.8744279 -0.3160061 0.3681251 -0.8744103 0.3160059 0.3681669 0.2074352 0.5511233 0.8082289 0.2073665 0.5514025 0.808056 -6.25238e-4 5.08889e-4 0.9999997 -6.25629e-4 5.0891e-4 0.9999997 -6.25324e-4 5.08663e-4 0.9999997 1.3684e-4 -7.07543e-5 1 1.36939e-4 -7.07475e-5 1 1.36792e-4 -7.07008e-5 1 1.36953e-4 -7.07316e-5 1 1.36766e-4 -7.08422e-5 1 1.3675e-4 -7.08589e-5 1 2.6824e-4 -2.11285e-4 1 2.69119e-4 -2.11756e-4 1 1.36709e-4 -7.04503e-5 1 -1 0 0 0.2739155 -0.006074607 -0.9617346 0.2736269 0.006056964 -0.9618169 0.7432754 0.0173816 -0.6687598 0.7432699 -0.01732665 -0.6687673 0.6845631 -0.331703 -0.6491121 0.2876197 -0.1335728 -0.9483845 0.2804976 0.1383196 -0.9498362 0.6845722 0.3316913 -0.6491084 -0.7432762 -0.01736056 -0.6687594 -0.7432767 0.01733946 -0.6687595 -0.2862576 0.006426692 -0.9581312 -0.2858548 -0.005580842 -0.9582567 -0.2856769 -0.1408531 -0.9479184 -0.6845209 -0.3317338 -0.6491409 -0.6845189 0.3317452 -0.6491371 -0.2859345 0.1401483 -0.9479451 0.06215238 0.02693229 -0.9977033 -0.07051402 0.02436453 -0.9972133 -0.2136814 0.2578635 -0.9422562 -0.108664 0.3199785 -0.9411727 9.50666e-4 0.3172241 -0.9483501 -0.001121222 0.316511 -0.9485883 0.1080154 0.3206002 -0.9410358 0.2137489 0.2579588 -0.9422148 9.49717e-4 -0.7914684 -0.6112095 -9.25265e-4 -0.7914676 -0.6112105 6.9607e-4 -0.3287489 -0.9444172 -0.001552283 -0.3291432 -0.9442788 0.2684733 -0.7473346 -0.6077936 0.1091286 -0.3297978 -0.937723 0.5090143 -0.5910398 -0.6257607 0.2141768 -0.2638087 -0.9404963 -9.37584e-4 0.7915434 -0.6111124 8.24615e-4 0.7914729 -0.6112037 0.001541852 -0.04876708 -0.998809 -0.0978623 -0.336385 -0.9366259 -0.2125033 -0.2572414 -0.9426926 0.2685163 0.7473772 -0.6077224 0.5090261 0.5910348 -0.6257558 0.04250717 -0.01696896 -0.9989521 -0.2684876 -0.747333 -0.6077894 -0.5092301 -0.5912784 -0.6253595 -0.2684818 0.74733 -0.6077956 -0.5090098 0.590981 -0.62582 -1 0 -1.7156e-7 -1 0 -1.7156e-7 0 -1 2.45311e-7 1 0 0 1 0 0 1 0 0 0 -1.34188e-7 -1 0.9989409 5.94657e-7 -0.04601329 0.998941 -2.00868e-5 -0.04601073 -0.01582986 -0.001534759 -0.9998735 -0.01579082 0.001576483 -0.9998742 0 0.999903 -0.01393264 5.20945e-5 0.999903 -0.01393467 0.01581096 -0.001557469 -0.9998738 -0.9989409 5.53778e-7 -0.04601371 -0.9989408 1.09226e-5 -0.04601383 0.0158292 0.001531183 -0.9998736 0 -0.9999032 -0.0139206 -5.20796e-5 -0.9999032 -0.01392072 4.15247e-7 -4.43939e-7 -1 7.44423e-7 0 -1 4.15234e-7 8.87863e-7 -1 -4.15235e-7 8.69895e-7 -1 -4.15247e-7 -4.61907e-7 -1 0 1 1.0021e-5 -1 0 0 -7.44423e-7 0 -1 0 0 1 -1 0 -3.4312e-7 1 0 0 0 1 -2.42971e-7 0 -0.781824 0.6234992 0 -0.9749266 -0.2225271 0 -0.7818109 -0.6235157 0 0.4338812 -0.9009702 0 0.9749259 -0.2225299 0 0.7818297 0.6234921 0 -7.30714e-6 1 -1 0 -3.03499e-7 1 0 1.51749e-7 0 -1 2.42971e-7 0 -1.72788e-7 1 0.6669447 -0.7451073 0 0.6670448 0.7450176 0 -0.6669423 -0.7451094 0 -0.6670424 0.7450197 0 0.6670438 -0.7450186 0 0.6669948 0.7450625 0 -0.6670414 -0.7450207 0 -0.6669924 0.7450646 0 0 2.3038e-7 1</float_array>
          <technique_common>
            <accessor source="#craftingstation_body-mesh-normals-array" count="1443" stride="3">
              <param name="X" type="float"/>
              <param name="Y" type="float"/>
              <param name="Z" type="float"/>
            </accessor>
          </technique_common>
        </source>
        <source id="craftingstation_body-mesh-map-0">
          <float_array id="craftingstation_body-mesh-map-0-array" count="9108">0.133844 0.359335 0.131 0.358154 0.135361 0.353779 0.136539 0.356632 0.193575 0.332792 0.195932 0.33159 0.202228 0.340256 0.200358 0.342127 0.221495 0.284845 0.221081 0.282233 0.231793 0.282233 0.231379 0.284845 0.133844 0.363159 0.131 0.36434 0.131 0.358154 0.133844 0.359335 0.631061 0.144513 0.616149 0.144515 0.616149 0.138305 0.631061 0.1383039 0.143046 0.363159 0.1458899 0.36434 0.141529 0.368715 0.1403509 0.365863 0.599817 0.132429 0.61457 0.132427 0.61457 0.126284 0.599817 0.126284 0.652221 0.17153 0.652221 0.161696 0.650363 0.161714 0.650363 0.172166 0.652221 0.161696 0.652221 0.152049 0.650363 0.152049 0.650363 0.161714 0.652221 0.152049 0.652221 0.14239 0.650363 0.14237 0.650363 0.152049 0.652221 0.14239 0.652221 0.132564 0.650363 0.131929 0.650363 0.14237 0.133844 0.359335 0.131 0.358154 0.135361 0.353779 0.136539 0.356632 0.618598 0.146295 0.618598 0.179215 0.622936 0.179215 0.622936 0.146295 0.6820386 0.4729412 0.7668086 0.4729412 0.7696782 0.475786 0.7622999 0.4817872 0.7608174 0.4803046 0.6880247 0.4803046 0.6865422 0.4817822 0.6865118 0.5149492 0.6879945 0.5165174 0.6819933 0.5238806 0.6791435 0.5209152 0.6791938 0.4757961 0.596906 0.146295 0.596907 0.179215 0.601245 0.179215 0.601245 0.146295 0.609922 0.173355 0.609921 0.1815 0.614259 0.1815 0.61426 0.173355 0.605583 0.173355 0.605582 0.1815 0.609921 0.1815 0.609922 0.173355 0.225024 0.191464 0.199214 0.195552 0.175931 0.207415 0.131499 0.208252 0.158289 0.181462 0.291759 0.181462 0.633157 0.132095 0.628407 0.132097 0.628407 0.125894 0.633157 0.125891 0.597743 0.144719 0.602444 0.144722 0.602444 0.138574 0.597743 0.138574 0.610346 0.157868 0.611251 0.151111 0.610346 0.157868 0.611902 0.159665 0.613048 0.151111 0.611902 0.159665 0.143046 0.363159 0.1458899 0.36434 0.141529 0.368715 0.1403509 0.365863 0.231793 0.282233 0.232207 0.27962 0.243181 0.283185 0.24198 0.285543 0.605699 0.113633 0.602112 0.106458 0.600799 0.09665697 0.602112 0.08685499 0.605699 0.07967996 0.6106 0.07705396 0.615501 0.07967996 0.619088 0.08685499 0.620401 0.09665697 0.619088 0.106458 0.615501 0.113633 0.6106 0.116259 0.634252 0.141887 0.634252 0.145885 0.649621 0.145885 0.649621 0.141887 0.634282 0.1357859 0.634282 0.139784 0.649651 0.139784 0.649651 0.1357859 0.631061 0.144513 0.631061 0.1383039 0.616149 0.138305 0.616149 0.144515 0.1403509 0.356632 0.141529 0.353779 0.1458899 0.358154 0.143046 0.359335 0.143046 0.363159 0.1458899 0.36434 0.141529 0.368715 0.1403509 0.365863 0.599817 0.132429 0.599817 0.126284 0.61457 0.126284 0.61457 0.132427 0.652221 0.17153 0.650363 0.172166 0.650363 0.161714 0.652221 0.161696 0.652221 0.161696 0.650363 0.161714 0.650363 0.152049 0.652221 0.152049 0.652221 0.152049 0.650363 0.152049 0.650363 0.14237 0.652221 0.14239 0.652221 0.14239 0.650363 0.14237 0.650363 0.131929 0.652221 0.132564 0.357248 0.366492 0.357248 0.263855 0.361161 0.263856 0.361161 0.366489 0.607821 0.150661 0.606749 0.158662 0.60859 0.160789 0.609947 0.150661 0.60859 0.140534 0.606749 0.14266 0.618598 0.146295 0.622936 0.146295 0.622936 0.179215 0.618598 0.179215 0.1315079 0.155812 0.1315079 0.131838 0.1546649 0.131838 0.154664 0.155812 0.596906 0.146295 0.601245 0.146295 0.601245 0.179215 0.596907 0.179215 0.381785 0.57453 0.384946 0.570523 0.393838 0.570523 0.393838 0.679176 0.384946 0.679176 0.381785 0.675168 0.369673 0.675168 0.366512 0.679176 0.35762 0.679176 0.35762 0.570523 0.366512 0.570523 0.369673 0.57453 0.609922 0.173355 0.61426 0.173355 0.614259 0.1815 0.609921 0.1815 0.605583 0.173355 0.609922 0.173355 0.609921 0.1815 0.605582 0.1815 0.346577 0.294831 0.350841 0.294831 0.350841 0.303162 0.346577 0.303162 0.633157 0.132095 0.633157 0.125891 0.628407 0.125894 0.628407 0.132097 0.597743 0.144719 0.597743 0.138574 0.602443 0.138574 0.602443 0.144722 0.1403509 0.365863 0.141529 0.368715 0.135361 0.368715 0.136539 0.365863 0.634252 0.141887 0.649621 0.141887 0.649621 0.145885 0.634252 0.145885 0.634282 0.1357859 0.649651 0.1357859 0.649651 0.139784 0.634282 0.139784 0.641758 0.168834 0.646201 0.159947 0.64402 0.157429 0.640499 0.164472 0.646201 0.159947 0.647827 0.147809 0.645309 0.147809 0.64402 0.157429 0.647827 0.147809 0.646201 0.159948 0.64402 0.157429 0.645309 0.147809 0.646201 0.159948 0.641758 0.168834 0.640499 0.164472 0.64402 0.157429 0.641758 0.168834 0.635688 0.172086 0.635688 0.16705 0.640499 0.164472 0.635688 0.172086 0.629619 0.168834 0.630878 0.164472 0.635688 0.16705 0.629619 0.168834 0.625176 0.159948 0.627356 0.157429 0.630878 0.164472 0.625176 0.159948 0.623549 0.147809 0.626067 0.147809 0.627356 0.157429 0.623549 0.147809 0.625176 0.159948 0.627356 0.157429 0.626067 0.147809 0.625176 0.159948 0.629619 0.168834 0.630878 0.164472 0.627356 0.157429 0.629619 0.168834 0.635688 0.172086 0.635688 0.16705 0.630878 0.164472 0.635688 0.172086 0.641758 0.168834 0.640499 0.164472 0.635688 0.16705 0.143046 0.359335 0.1458899 0.358154 0.1458899 0.36434 0.143046 0.363159 0.143046 0.363159 0.1458899 0.36434 0.141529 0.368715 0.1403509 0.365863 0.143046 0.363159 0.1458899 0.36434 0.141529 0.368715 0.1403509 0.365863 0.236178 0.131839 0.236178 0.155813 0.2130219 0.155813 0.2130219 0.131839 0.324425 0.311039 0.328694 0.311039 0.328694 0.318917 0.324425 0.318917 0.24198 0.346552 0.243181 0.34891 0.232207 0.352475 0.231793 0.349863 0.195235 0.320989 0.192622 0.321403 0.192622 0.310692 0.195235 0.311106 0.640499 0.164472 0.64402 0.157429 0.645309 0.147809 0.64348 0.147809 0.642437 0.155601 0.639584 0.161305 0.635688 0.163393 0.631792 0.161305 0.62894 0.155601 0.627896 0.147809 0.626067 0.147809 0.627356 0.157429 0.630878 0.164472 0.635688 0.16705 0.63837 0.181456 0.643278 0.181456 0.643278 0.174206 0.63837 0.174206 0.643278 0.181456 0.648187 0.181456 0.648187 0.174206 0.643278 0.174206 0.648187 0.181456 0.653096 0.181456 0.653096 0.174206 0.648187 0.174206 0.653096 0.181456 0.648187 0.181456 0.648187 0.174206 0.653096 0.174206 0.648187 0.181456 0.643278 0.181456 0.643278 0.174206 0.648187 0.174206 0.643278 0.181456 0.63837 0.181456 0.63837 0.174206 0.643278 0.174206 0.63837 0.181456 0.633461 0.181456 0.633461 0.174206 0.63837 0.174206 0.633461 0.181456 0.628552 0.181456 0.628552 0.174206 0.633461 0.174206 0.628552 0.181456 0.623643 0.181456 0.623643 0.174206 0.628552 0.174206 0.623643 0.181456 0.628552 0.181456 0.628552 0.174206 0.623643 0.174206 0.628552 0.181456 0.633461 0.181456 0.633461 0.174206 0.628552 0.174206 0.633461 0.181456 0.63837 0.181456 0.63837 0.174206 0.633461 0.174206 0.133844 0.359335 0.131 0.358154 0.135361 0.353779 0.136539 0.356632 0.133844 0.363159 0.131 0.36434 0.131 0.358154 0.133844 0.359335 0.250646 0.340256 0.248775 0.338386 0.254585 0.330389 0.256942 0.33159 0.619943 0.119384 0.621463 0.1180559 0.623168 0.121451 0.620768 0.124352 0.621463 0.1180559 0.62212 0.115012 0.624626 0.116656 0.623168 0.121451 0.62212 0.115012 0.622131 0.07786697 0.624615 0.07621598 0.624626 0.116656 0.601371 0.119363 0.619943 0.119384 0.620768 0.124352 0.600548 0.1243759 0.599849 0.11805 0.601371 0.119363 0.600548 0.1243759 0.598151 0.121459 0.599184 0.115009 0.599849 0.11805 0.598151 0.121459 0.5967 0.116659 0.599195 0.07786399 0.599184 0.115009 0.5967 0.116659 0.596689 0.07621896 0.599852 0.07481998 0.599195 0.07786399 0.596689 0.07621896 0.598147 0.071424 0.601372 0.07349199 0.599852 0.07481998 0.598147 0.071424 0.600547 0.06852298 0.619944 0.07351195 0.601372 0.07349199 0.600547 0.06852298 0.620767 0.06849998 0.621466 0.074826 0.619944 0.07351195 0.620767 0.06849998 0.623164 0.07141596 0.622131 0.07786697 0.621466 0.074826 0.623164 0.07141596 0.624615 0.07621598 0.365058 0.366489 0.365075 0.263857 0.368988 0.263859 0.368971 0.36649 0.143046 0.359335 0.1458899 0.358154 0.1458899 0.36434 0.143046 0.363159 0.1403509 0.356632 0.141529 0.353779 0.1458899 0.358154 0.143046 0.359335 0.864299 0.127122 0.864299 0.1500689 0.862641 0.152191 0.862641 0.125 0.887359 0.125 0.885701 0.127122 0.175931 0.207415 0.199214 0.195552 0.225024 0.191464 0.250834 0.195552 0.291759 0.181462 0.158289 0.181462 0.131499 0.208252 0.131499 0.341721 0.158289 0.368511 0.291759 0.368511 0.318549 0.341721 0.318549 0.208252 0.292595 0.225893 0.304459 0.249177 0.308547 0.274987 0.304459 0.300796 0.292595 0.32408 0.274117 0.342558 0.250834 0.354421 0.225024 0.358509 0.199214 0.354421 0.175931 0.342558 0.157453 0.32408 0.14559 0.300796 0.141502 0.274987 0.1455979 0.249123 0.157453 0.225893 0.346577 0.359212 0.346577 0.366908 0.328694 0.366908 0.328694 0.359212 0.605583 0.173355 0.605583 0.146295 0.601245 0.146295 0.601245 0.179215 0.601244 0.1815 0.605582 0.1815 0.136539 0.356632 0.135361 0.353779 0.141529 0.353779 0.1403509 0.356632 0.256942 0.300504 0.259299 0.299303 0.262865 0.310278 0.260252 0.310692 0.24198 0.285543 0.240779 0.2879 0.231379 0.284845 0.231793 0.282233 0.324425 0.294831 0.328694 0.294831 0.328694 0.303162 0.324425 0.303162 0.143046 0.363159 0.1458899 0.36434 0.141529 0.368715 0.1403509 0.365863 0.175554 0.155813 0.175554 0.131839 0.1921319 0.131839 0.1921319 0.155813 0.220668 0.352475 0.221081 0.349863 0.231793 0.349863 0.232207 0.352475 0.652221 0.17153 0.652221 0.161696 0.650363 0.161714 0.650363 0.172166 0.652221 0.161696 0.652221 0.152049 0.650363 0.152049 0.650363 0.161714 0.652221 0.152049 0.652221 0.14239 0.650363 0.14237 0.650363 0.152049 0.652221 0.14239 0.652221 0.132564 0.650363 0.131929 0.650363 0.14237 0.635792 0.161969 0.639303 0.160088 0.641873 0.1549479 0.642814 0.147926 0.641873 0.1549479 0.639303 0.160088 0.635792 0.161969 0.632282 0.160088 0.629712 0.1549479 0.628771 0.147926 0.629712 0.1549479 0.632282 0.160088 0.1403509 0.356632 0.141529 0.353779 0.1458899 0.358154 0.143046 0.359335 0.618598 0.179215 0.618598 0.179215 0.622936 0.179215 0.622936 0.179215 0.61426 0.173355 0.614259 0.1815 0.618599 0.1815 0.618598 0.179215 0.618598 0.179215 0.618598 0.179215 0.618598 0.162755 0.61426 0.159825 0.605583 0.173355 0.605583 0.173355 0.605583 0.159825 0.601245 0.162755 0.601245 0.179215 0.601244 0.1815 0.605582 0.1815 0.596907 0.162755 0.596907 0.179215 0.601245 0.179215 0.601245 0.162755 0.609922 0.173355 0.609921 0.1815 0.614259 0.1815 0.61426 0.173355 0.605583 0.173355 0.605582 0.1815 0.609921 0.1815 0.609922 0.173355 0.133844 0.363159 0.131 0.36434 0.131 0.358154 0.133844 0.359335 0.633157 0.132095 0.628407 0.132097 0.628407 0.125894 0.633157 0.125891 0.597743 0.144719 0.602444 0.144722 0.602444 0.138574 0.597743 0.138574 0.635792 0.161969 0.639303 0.160088 0.641873 0.1549479 0.642814 0.147926 0.641873 0.1549479 0.639303 0.160088 0.635792 0.161969 0.632282 0.160088 0.629712 0.1549479 0.628771 0.147926 0.629712 0.1549479 0.632282 0.160088 0.248775 0.338386 0.250646 0.340256 0.24198 0.346552 0.240779 0.344195 0.324425 0.351334 0.328694 0.351334 0.328694 0.359212 0.324425 0.359212 0.317692 0.131839 0.317691 0.155813 0.296802 0.155813 0.296802 0.131839 0.649651 0.1357859 0.649651 0.139784 0.649651 0.139784 0.649651 0.1357859 0.231379 0.284845 0.231793 0.282233 0.24198 0.285543 0.240779 0.2879 0.346577 0.279075 0.350841 0.279075 0.350841 0.286953 0.346577 0.286953 0.133844 0.359335 0.131 0.358154 0.135361 0.353779 0.136539 0.356632 0.652221 0.17153 0.650363 0.172166 0.650363 0.161714 0.652221 0.161696 0.652221 0.161696 0.650363 0.161714 0.650363 0.152049 0.652221 0.152049 0.652221 0.152049 0.650363 0.152049 0.650363 0.14237 0.652221 0.14239 0.652221 0.14239 0.650363 0.14237 0.650363 0.131929 0.652221 0.132564 0.231793 0.349863 0.231379 0.347249 0.240779 0.344195 0.24198 0.346552 0.618598 0.179215 0.622936 0.179215 0.622936 0.179215 0.618598 0.179215 0.596907 0.162755 0.601245 0.162755 0.601245 0.179215 0.596907 0.179215 0.133844 0.363159 0.131 0.36434 0.131 0.358154 0.133844 0.359335 0.609922 0.173355 0.61426 0.173355 0.614259 0.1815 0.609921 0.1815 0.605583 0.173355 0.609922 0.173355 0.609921 0.1815 0.605582 0.1815 0.928159 0.07238799 0.821841 0.07238799 0.821841 0.177612 0.928159 0.177612 0.9315 0.1815 0.8185 0.1815 0.8185 0.06849998 0.9315 0.06849998 0.633157 0.132095 0.633157 0.125891 0.628407 0.125894 0.628407 0.132097 0.597743 0.144719 0.597743 0.138574 0.602443 0.138574 0.602443 0.144722 0.346577 0.294831 0.346577 0.303162 0.328694 0.303162 0.328694 0.294831 0.280224 0.131839 0.280224 0.155813 0.259334 0.155813 0.259334 0.131839 0.641966 0.1357859 0.649651 0.1357859 0.649651 0.139784 0.641966 0.139784 0.260252 0.310692 0.262865 0.310278 0.262865 0.321817 0.260252 0.321403 0.641758 0.168834 0.646201 0.159947 0.64402 0.157429 0.640499 0.164472 0.646201 0.159947 0.647827 0.147809 0.645309 0.147809 0.64402 0.157429 0.647827 0.147809 0.646201 0.159948 0.64402 0.157429 0.645309 0.147809 0.646201 0.159948 0.641758 0.168834 0.640499 0.164472 0.64402 0.157429 0.641758 0.168834 0.635688 0.172086 0.635688 0.16705 0.640499 0.164472 0.635688 0.172086 0.629619 0.168834 0.630878 0.164472 0.635688 0.16705 0.629619 0.168834 0.625176 0.159948 0.627356 0.157429 0.630878 0.164472 0.625176 0.159948 0.623549 0.147809 0.626067 0.147809 0.627356 0.157429 0.623549 0.147809 0.625176 0.159948 0.627356 0.157429 0.626067 0.147809 0.625176 0.159948 0.629619 0.168834 0.630878 0.164472 0.627356 0.157429 0.629619 0.168834 0.635688 0.172086 0.635688 0.16705 0.630878 0.164472 0.635688 0.172086 0.641758 0.168834 0.640499 0.164472 0.635688 0.16705 0.221081 0.349863 0.220668 0.352475 0.209693 0.34891 0.210894 0.346552 0.143046 0.359335 0.1458899 0.358154 0.1458899 0.36434 0.143046 0.363159 0.327392 0.607042 0.330553 0.609133 0.330553 0.641168 0.327392 0.64326 0.136539 0.356632 0.135361 0.353779 0.141529 0.353779 0.1403509 0.356632 0.63837 0.181456 0.643278 0.181456 0.643278 0.174206 0.63837 0.174206 0.643278 0.181456 0.648187 0.181456 0.648187 0.174206 0.643278 0.174206 0.648187 0.181456 0.653096 0.181456 0.653096 0.174206 0.648187 0.174206 0.653096 0.181456 0.648187 0.181456 0.648187 0.174206 0.653096 0.174206 0.648187 0.181456 0.643278 0.181456 0.643278 0.174206 0.648187 0.174206 0.643278 0.181456 0.63837 0.181456 0.63837 0.174206 0.643278 0.174206 0.63837 0.181456 0.633461 0.181456 0.633461 0.174206 0.63837 0.174206 0.633461 0.181456 0.628552 0.181456 0.628552 0.174206 0.633461 0.174206 0.628552 0.181456 0.623643 0.181456 0.623643 0.174206 0.628552 0.174206 0.623643 0.181456 0.628552 0.181456 0.628552 0.174206 0.623643 0.174206 0.628552 0.181456 0.633461 0.181456 0.633461 0.174206 0.628552 0.174206 0.633461 0.181456 0.63837 0.181456 0.63837 0.174206 0.633461 0.174206 0.136539 0.356632 0.135361 0.353779 0.141529 0.353779 0.1403509 0.356632 0.1403509 0.356632 0.141529 0.353779 0.1458899 0.358154 0.143046 0.359335 0.256942 0.33159 0.254585 0.330389 0.257639 0.320989 0.260252 0.321403 0.619943 0.119384 0.621463 0.1180559 0.623168 0.121451 0.620768 0.124352 0.621463 0.1180559 0.62212 0.115012 0.624626 0.116656 0.623168 0.121451 0.62212 0.115012 0.622131 0.07786697 0.624615 0.07621598 0.624626 0.116656 0.601371 0.119363 0.619943 0.119384 0.620768 0.124352 0.600548 0.1243759 0.599849 0.11805 0.601371 0.119363 0.600548 0.1243759 0.598151 0.121459 0.599184 0.115009 0.599849 0.11805 0.598151 0.121459 0.5967 0.116659 0.599195 0.07786399 0.599184 0.115009 0.5967 0.116659 0.596689 0.07621896 0.599852 0.07481998 0.599195 0.07786399 0.596689 0.07621896 0.598147 0.071424 0.601372 0.07349199 0.599852 0.07481998 0.598147 0.071424 0.600547 0.06852298 0.619944 0.07351195 0.601372 0.07349199 0.600547 0.06852298 0.620767 0.06849998 0.621466 0.074826 0.619944 0.07351195 0.620767 0.06849998 0.623164 0.07141596 0.622131 0.07786697 0.621466 0.074826 0.623164 0.07141596 0.624615 0.07621598 0.143046 0.359335 0.1458899 0.358154 0.1458899 0.36434 0.143046 0.363159 0.254585 0.301705 0.256942 0.300504 0.260252 0.310692 0.257639 0.311106 0.192622 0.310692 0.1900089 0.310278 0.193575 0.299303 0.195932 0.300504 0.192622 0.310692 0.195235 0.311106 0.195235 0.320989 0.192622 0.321403 0.627356 0.157429 0.630878 0.164472 0.635688 0.16705 0.640499 0.164472 0.64402 0.157429 0.645309 0.147809 0.64348 0.147809 0.642437 0.155601 0.639584 0.161305 0.635688 0.163393 0.631792 0.161305 0.62894 0.155601 0.627896 0.147809 0.626067 0.147809 0.7622999 0.4817872 0.7696782 0.475786 0.7696533 0.5211264 0.7667933 0.5238806 0.6819933 0.5238806 0.6879945 0.5165174 0.7608122 0.5165174 0.7622951 0.5151152 0.133844 0.359335 0.131 0.358154 0.135361 0.353779 0.136539 0.356632 0.1900089 0.321817 0.192622 0.321403 0.195932 0.33159 0.193575 0.332792 0.327392 0.607042 0.327392 0.64326 0.3185 0.64326 0.3185 0.607042 0.274117 0.207415 0.292595 0.225893 0.318549 0.208252 0.291759 0.181462 0.250834 0.195552 0.136539 0.365863 0.135361 0.368715 0.131 0.36434 0.133844 0.363159 0.136539 0.365863 0.135361 0.368715 0.131 0.36434 0.133844 0.363159 0.136539 0.365863 0.135361 0.368715 0.131 0.36434 0.133844 0.363159 0.352912 0.261605 0.368783 0.261605 0.368566 0.242633 0.352695 0.242633 0.198289 0.330389 0.195932 0.33159 0.192622 0.321403 0.195235 0.320989 0.254585 0.33039 0.256942 0.33159 0.250646 0.340256 0.248775 0.338386 0.221495 0.34725 0.221081 0.349863 0.210894 0.346552 0.212095 0.344195 0.1403509 0.365863 0.141529 0.368715 0.135361 0.368715 0.136539 0.365863 0.143046 0.363159 0.1458899 0.36434 0.141529 0.368715 0.1403509 0.365863 0.143046 0.363159 0.1458899 0.36434 0.141529 0.368715 0.1403509 0.365863 0.330553 0.574832 0.330553 0.609133 0.327392 0.607042 0.327392 0.570824 0.143046 0.359335 0.1458899 0.358154 0.1458899 0.36434 0.143046 0.363159 0.606127 0.167683 0.606131 0.163265 0.609549 0.163265 0.609488 0.172212 0.607858 0.172212 0.1546649 0.131838 0.154664 0.155812 0.1315079 0.155812 0.1315079 0.131838 0.346577 0.327248 0.346577 0.335126 0.328694 0.335126 0.328694 0.327248 0.259299 0.332792 0.256942 0.33159 0.260252 0.321403 0.262865 0.321817 0.3141739 0.5079212 0.1232606 0.5079212 0.1232606 0.473652 0.08326923 0.473652 0.08326923 0.403856 0.3141739 0.403856 0.24198 0.346552 0.240779 0.344195 0.248775 0.338386 0.250646 0.340256 0.100644 0.572371 0.102805 0.574249 0.1052139 0.59134 0.09654998 0.59134 0.09654998 0.572371 0.09825599 0.658354 0.09825599 0.66317 0.06867295 0.66317 0.06867295 0.658354 0.06867295 0.653892 0.09825599 0.653892 0.09825599 0.658354 0.06867295 0.658354 0.324425 0.286953 0.328694 0.286953 0.328694 0.294831 0.324425 0.294831 0.07854998 0.5728 0.07854998 0.586143 0.06849998 0.586143 0.06849998 0.5728 0.09825599 0.653892 0.06867295 0.653892 0.06867295 0.633587 0.09825599 0.633587 0.346577 0.318917 0.350841 0.318917 0.350841 0.327248 0.346577 0.327248 0.2185203 0.5406499 0.2541998 0.5402256 0.2535905 0.5616085 0.2195305 0.5615239 0.1988647 0.631433 0.1988647 0.5652639 0.2195305 0.5615239 0.2194688 0.6273382 0.2742718 0.5654027 0.2741099 0.6315796 0.2535058 0.627431 0.2535905 0.5616085 0.2535905 0.5616085 0.2535058 0.627431 0.2194688 0.6273382 0.2195305 0.5615239 0.2194072 0.6480969 0.2194688 0.6273382 0.2535058 0.627431 0.2534518 0.6481893 0.08326923 0.3810239 0.3141739 0.3810239 0.3141739 0.403856 0.08326923 0.403856 0.08326923 0.403856 0.08326923 0.473652 0.05763334 0.4778861 0.05756753 0.400181 0.3371212 0.4002305 0.3371212 0.5121142 0.3141739 0.5079212 0.3141739 0.403856 0.324425 0.303162 0.328694 0.303162 0.328694 0.311039 0.324425 0.311039 0.1636379 0.668702 0.1636379 0.6735 0.1608459 0.6735 0.1608459 0.668702 0.3181368 0.5318305 0.1182371 0.5318222 0.1232606 0.5079212 0.3141739 0.5079212 0.1636379 0.6735 0.163056 0.677629 0.160264 0.677629 0.1608459 0.6735 0.178416 0.609873 0.175929 0.609873 0.175929 0.596091 0.178416 0.596091 0.181497 0.609873 0.178416 0.609873 0.178416 0.596091 0.181497 0.596091 0.1815 0.612341 0.178413 0.612341 0.178416 0.609873 0.181497 0.609873 0.178416 0.596091 0.178412 0.593623 0.1815 0.593623 0.181497 0.596091 0.09654998 0.59134 0.1052139 0.59134 0.102805 0.574249 0.100644 0.572371 0.09654998 0.572371 0.848563 0.360215 0.832096 0.360216 0.831015 0.359768 0.830567 0.358687 0.830567 0.353577 0.831015 0.352496 0.832096 0.352048 0.848563 0.352048 0.849644 0.352495 0.850092 0.353576 0.850092 0.358686 0.849644 0.359767 0.88858 0.331372 0.888938 0.329627 0.913723 0.329682 0.914091 0.331319 0.888938 0.329627 0.88858 0.331372 0.886663 0.331209 0.887428 0.329423 0.818506 0.341213 0.820256 0.341069 0.820411 0.342536 0.818687 0.343451 0.820256 0.341069 0.818506 0.341213 0.8185 0.323478 0.820254 0.32362 0.820254 0.32362 0.8185 0.323478 0.818671 0.321197 0.820386 0.321936 0.918244 0.321168 0.916593 0.321508 0.916374 0.319998 0.91803 0.319226 0.916593 0.321508 0.918244 0.321168 0.918299 0.346893 0.916542 0.346565 0.916542 0.346565 0.918299 0.346893 0.91807 0.348802 0.916303 0.348061 0.829358 0.372581 0.829504 0.374333 0.828026 0.374508 0.827124 0.372771 0.829504 0.374333 0.829358 0.372581 0.847106 0.37256 0.846964 0.374314 0.846964 0.374314 0.847106 0.37256 0.84939 0.372732 0.848646 0.374449 0.914091 0.331319 0.913723 0.329682 0.915247 0.329485 0.916029 0.331161 0.136539 0.365863 0.135361 0.368715 0.131 0.36434 0.133844 0.363159 0.1403509 0.365863 0.141529 0.368715 0.135361 0.368715 0.136539 0.365863 0.136539 0.365863 0.135361 0.368715 0.131 0.36434 0.133844 0.363159 0.924831 0.408453 0.924376 0.407375 0.930883 0.402474 0.931499 0.403836 0.883199 0.391656 0.883199 0.408123 0.881477 0.408123 0.881477 0.391656 0.883199 0.408123 0.883199 0.409293 0.881477 0.409293 0.881477 0.408123 0.862947 0.362542 0.862947 0.361372 0.864668 0.361372 0.864668 0.362542 0.862947 0.361372 0.862947 0.356262 0.864668 0.356262 0.864668 0.361372 0.862947 0.356262 0.862947 0.355092 0.864668 0.355092 0.864668 0.356262 0.866411 0.374081 0.866411 0.372911 0.868132 0.372911 0.868132 0.374081 0.866411 0.372911 0.866411 0.356444 0.868132 0.356444 0.868132 0.372911 0.866411 0.356444 0.866411 0.355274 0.868132 0.355274 0.868132 0.356444 0.827531 0.359857 0.827531 0.358687 0.829253 0.358687 0.829253 0.359857 0.827531 0.358687 0.827531 0.353576 0.829253 0.353576 0.829253 0.358687 0.827531 0.353576 0.827531 0.352407 0.829253 0.352407 0.829253 0.353576 0.883199 0.390486 0.883199 0.391656 0.881477 0.391656 0.881477 0.390486 0.143046 0.363159 0.1458899 0.36434 0.141529 0.368715 0.1403509 0.365863 0.609549 0.163265 0.606131 0.163265 0.606127 0.167683 0.607858 0.172212 0.609488 0.172212 0.653311 0.142413 0.653311 0.133163 0.652221 0.132564 0.652221 0.14239 0.652221 0.152049 0.652221 0.161696 0.652221 0.17153 0.653311 0.170931 0.653311 0.161673 0.653311 0.152049 0.361161 0.366489 0.361161 0.263856 0.365075 0.263857 0.365058 0.366489 0.365058 0.366489 0.365075 0.263857 0.368988 0.263859 0.368971 0.36649 0.330553 0.609133 0.330553 0.574832 0.342665 0.574832 0.342665 0.609133 0.1403509 0.356632 0.141529 0.353779 0.1458899 0.358154 0.143046 0.359335 0.396152 0.678424 0.396152 0.572381 0.4315 0.607728 0.4315 0.643076 0.143046 0.359335 0.1458899 0.358154 0.1458899 0.36434 0.143046 0.363159 0.381785 0.675168 0.369673 0.675168 0.366512 0.679176 0.35762 0.679176 0.35762 0.570523 0.366512 0.570523 0.369673 0.57453 0.381785 0.57453 0.384946 0.570523 0.393838 0.570523 0.393838 0.679176 0.384946 0.679176 0.614259 0.146295 0.618598 0.146295 0.618598 0.179215 0.618599 0.1815 0.614259 0.1815 0.61426 0.173355 0.342665 0.67547 0.342665 0.641168 0.345826 0.64326 0.345826 0.679477 0.327392 0.64326 0.330553 0.641168 0.330553 0.67547 0.327392 0.679477 0.327392 0.679477 0.3185 0.679477 0.3185 0.64326 0.327392 0.64326 0.330553 0.574832 0.330553 0.609133 0.327392 0.607042 0.327392 0.570824 0.345826 0.607042 0.342665 0.609133 0.342665 0.574832 0.345826 0.570824 0.342665 0.641168 0.342665 0.67547 0.330553 0.67547 0.330553 0.641168 0.633157 0.1383 0.631061 0.1383039 0.616149 0.138305 0.616149 0.132095 0.628407 0.132097 0.633157 0.132095 0.1546649 0.131838 0.154664 0.155812 0.1315079 0.155812 0.1315079 0.131838 0.1921319 0.131839 0.1921319 0.155813 0.175554 0.155813 0.175554 0.131839 0.330553 0.641168 0.330553 0.609133 0.342665 0.609133 0.342665 0.641168 0.396152 0.678424 0.396152 0.572381 0.4315 0.607728 0.4315 0.643076 0.345826 0.679477 0.345826 0.64326 0.354718 0.64326 0.354718 0.679477 0.250834 0.195552 0.274117 0.207415 0.291759 0.181462 0.158289 0.181462 0.131499 0.208252 0.131499 0.341721 0.158289 0.368511 0.291759 0.368511 0.318549 0.341721 0.318549 0.208252 0.292595 0.225893 0.304459 0.249177 0.308547 0.274987 0.304459 0.300796 0.292595 0.32408 0.274117 0.342558 0.250834 0.354421 0.225024 0.358509 0.199214 0.354421 0.175931 0.342558 0.157453 0.32408 0.14559 0.300796 0.141502 0.274987 0.1455979 0.249123 0.157453 0.225893 0.175931 0.207415 0.199214 0.195552 0.225024 0.191464 0.327392 0.679477 0.3185 0.679477 0.3185 0.64326 0.327392 0.64326 0.345826 0.64326 0.342665 0.641168 0.342665 0.609133 0.345826 0.607042 0.342665 0.67547 0.342665 0.641168 0.345826 0.64326 0.345826 0.679477 0.61426 0.173355 0.614259 0.1815 0.618599 0.1815 0.618598 0.179215 0.618598 0.146295 0.614259 0.146295 0.345826 0.607042 0.342665 0.609133 0.342665 0.574832 0.345826 0.570824 0.327392 0.64326 0.330553 0.641168 0.330553 0.67547 0.327392 0.679477 0.342665 0.641168 0.342665 0.67547 0.330553 0.67547 0.330553 0.641168 0.5685 0.354536 0.5685 0.367673 0.570529 0.367673 0.570529 0.354536 0.628853 0.367673 0.628853 0.354536 0.630882 0.354536 0.630882 0.367673 0.5685 0.353798 0.570529 0.353169 0.569097 0.351301 0.5685 0.351301 0.6109399 0.5356114 0.6109399 0.5310326 0.6848834 0.5310326 0.6848834 0.5356114 0.6870095 0.5356114 0.6870095 0.5310326 0.7212824 0.5310326 0.7212824 0.5356114 0.7233783 0.5356114 0.7233783 0.5310326 0.7951154 0.5310326 0.7951154 0.5356114 0.6088689 0.5310326 0.6088689 0.5356114 0.5769986 0.5356114 0.5769986 0.5310326 0.212095 0.344195 0.210894 0.346552 0.202228 0.340256 0.2040989 0.338386 0.633157 0.1383 0.631061 0.1383039 0.623605 0.138305 0.622278 0.1320959 0.628407 0.132097 0.628407 0.132097 0.633157 0.132095 0.5685 0.368372 0.570529 0.369004 0.570529 0.368372 0.5685 0.353798 0.570529 0.353798 0.570529 0.353169 0.628853 0.368372 0.630882 0.368372 0.630882 0.369004 0.628853 0.353798 0.630882 0.353169 0.630882 0.353798 0.6848834 0.5310326 0.6870095 0.5310326 0.6870095 0.5356114 0.6848834 0.5356114 0.6088689 0.5310326 0.6109399 0.5310326 0.6109399 0.5356114 0.6088689 0.5356114 0.7212824 0.5310326 0.7233783 0.5310326 0.7233783 0.5356114 0.7212824 0.5356114 0.7951154 0.5310326 0.7972415 0.5310326 0.7972415 0.5356114 0.7951154 0.5356114 0.7696782 0.475786 0.7696533 0.5211264 0.7667933 0.5238806 0.6819933 0.5238806 0.6879945 0.5165174 0.7608122 0.5165174 0.7622951 0.5151152 0.7622999 0.4817872 0.7608174 0.4803046 0.6880247 0.4803046 0.6865422 0.4817822 0.6865118 0.5149492 0.6791435 0.5209152 0.6791938 0.4757961 0.6820386 0.4729412 0.7668086 0.4729412 0.6791435 0.5209152 0.6865118 0.5149492 0.6879945 0.5165174 0.6819933 0.5238806 0.629444 0.37084 0.628853 0.37084 0.628853 0.368372 0.630882 0.369004 0.6780932 0.5209152 0.6607431 0.5122704 0.6607179 0.4848983 0.6780731 0.4757961 0.7713519 0.475786 0.7885411 0.4849435 0.788501 0.5125116 0.7713118 0.5211264 0.570529 0.369004 0.5685 0.368372 0.5685 0.37084 0.569091 0.37084 0.62945 0.351301 0.630882 0.353169 0.628853 0.353798 0.628853 0.351301 0.5685 0.354536 0.5685 0.367673 0.570529 0.367673 0.570529 0.354536 0.628853 0.367673 0.628853 0.354536 0.630882 0.354536 0.630882 0.367673 0.5685 0.353798 0.570529 0.353169 0.569097 0.351301 0.5685 0.351301 0.6109399 0.5356114 0.6109399 0.5310326 0.6848834 0.5310326 0.6848834 0.5356114 0.6870095 0.5356114 0.6870095 0.5310326 0.7212824 0.5310326 0.7212824 0.5356114 0.7233783 0.5356114 0.7233783 0.5310326 0.7951154 0.5310326 0.7951154 0.5356114 0.6088689 0.5310326 0.6088689 0.5356114 0.5769986 0.5356114 0.5769986 0.5310326 0.250646 0.291839 0.252517 0.289968 0.259299 0.299303 0.256942 0.300504 0.252517 0.289968 0.250646 0.291839 0.24198 0.285543 0.243181 0.283185 0.243181 0.34891 0.24198 0.346552 0.250646 0.340256 0.252517 0.342127 0.5685 0.368372 0.570529 0.369004 0.570529 0.368372 0.5685 0.353798 0.570529 0.353798 0.570529 0.353169 0.628853 0.368372 0.630882 0.368372 0.630882 0.369004 0.628853 0.353798 0.630882 0.353169 0.630882 0.353798 0.6848834 0.5310326 0.6870095 0.5310326 0.6870095 0.5356114 0.6848834 0.5356114 0.6088689 0.5310326 0.6109399 0.5310326 0.6109399 0.5356114 0.6088689 0.5356114 0.7212824 0.5310326 0.7233783 0.5310326 0.7233783 0.5356114 0.7212824 0.5356114 0.7951154 0.5310326 0.7972415 0.5310326 0.7972415 0.5356114 0.7951154 0.5356114 0.1315079 0.155812 0.1315079 0.131838 0.1546649 0.131838 0.154664 0.155812 0.609549 0.163265 0.606131 0.163265 0.606127 0.167683 0.607858 0.172212 0.609488 0.172212 0.200358 0.342127 0.202228 0.340256 0.210894 0.346552 0.209693 0.34891 0.629444 0.37084 0.628853 0.37084 0.628853 0.368372 0.630882 0.369004 0.6780932 0.5209152 0.6607431 0.5122704 0.6607179 0.4848983 0.6780731 0.4757961 0.7713519 0.475786 0.7885411 0.4849435 0.788501 0.5125116 0.7713118 0.5211264 0.570529 0.369004 0.5685 0.368372 0.5685 0.37084 0.569091 0.37084 0.62945 0.351301 0.630882 0.353169 0.628853 0.353798 0.628853 0.351301 0.195932 0.33159 0.198289 0.330389 0.2040989 0.338386 0.202228 0.340256 0.209693 0.283185 0.210894 0.285543 0.202228 0.291839 0.200358 0.289968 0.346577 0.327248 0.346577 0.335126 0.328694 0.335126 0.328694 0.327248 0.195932 0.300504 0.198289 0.301705 0.195235 0.311106 0.192622 0.310692 0.361161 0.366489 0.361161 0.263856 0.365075 0.263857 0.365058 0.366489 0.346577 0.279075 0.346577 0.286953 0.328694 0.286953 0.328694 0.279075 0.346577 0.294831 0.350841 0.294831 0.350841 0.303162 0.346577 0.303162 0.231793 0.282233 0.231379 0.284845 0.221495 0.284845 0.221081 0.282233 0.324425 0.311039 0.328694 0.311039 0.328694 0.318917 0.324425 0.318917 0.365058 0.366489 0.365075 0.263857 0.368988 0.263859 0.368971 0.36649 0.1403509 0.365863 0.141529 0.368715 0.135361 0.368715 0.136539 0.365863 0.330595 0.177679 0.348666 0.177679 0.34904 0.267384 0.330968 0.267384 0.324425 0.318917 0.328694 0.318917 0.328694 0.327248 0.324425 0.327248 0.368566 0.242633 0.368566 0.156584 0.352695 0.156584 0.352695 0.242633 0.346577 0.311039 0.350841 0.311039 0.350841 0.318917 0.346577 0.318917 0.346577 0.318917 0.350841 0.318917 0.350841 0.327248 0.346577 0.327248 0.346577 0.335126 0.350841 0.335126 0.350841 0.343004 0.346577 0.343004 0.296802 0.131839 0.296802 0.155813 0.280224 0.155813 0.280224 0.131839 0.346577 0.286953 0.350841 0.286953 0.350841 0.294831 0.346577 0.294831 0.259334 0.131839 0.259334 0.155813 0.236178 0.155813 0.236178 0.131839 0.346577 0.343004 0.346577 0.351334 0.328694 0.351334 0.328694 0.343004 0.601372 0.07349199 0.619944 0.07351195 0.621466 0.074826 0.622131 0.07786697 0.621245 0.096439 0.619835 0.085765 0.615994 0.07809299 0.610658 0.07526296 0.605321 0.07808297 0.601485 0.085765 0.60007 0.09643697 0.60148 0.10711 0.605321 0.114782 0.610657 0.117612 0.601371 0.119363 0.599849 0.11805 0.599184 0.115009 0.599195 0.07786399 0.599852 0.07481998 0.221081 0.349863 0.221495 0.34725 0.231379 0.347249 0.231793 0.349863 0.1403509 0.356632 0.141529 0.353779 0.1458899 0.358154 0.143046 0.359335 0.133844 0.359335 0.131 0.358154 0.135361 0.353779 0.136539 0.356632 0.346577 0.335126 0.346577 0.343004 0.328694 0.343004 0.328694 0.335126 0.324425 0.286953 0.328694 0.286953 0.328694 0.294831 0.324425 0.294831 0.353129 0.242633 0.369 0.242633 0.368783 0.261605 0.352912 0.261605 0.133844 0.363159 0.131 0.36434 0.131 0.358154 0.133844 0.359335 0.136539 0.365863 0.135361 0.368715 0.131 0.36434 0.133844 0.363159 0.1921319 0.131839 0.1921319 0.155813 0.175554 0.155813 0.175554 0.131839 0.212095 0.344195 0.210894 0.346552 0.202228 0.340256 0.2040989 0.338386 0.143046 0.359335 0.1458899 0.358154 0.1458899 0.36434 0.143046 0.363159 0.1403509 0.365863 0.141529 0.368715 0.135361 0.368715 0.136539 0.365863 0.136539 0.356632 0.135361 0.353779 0.141529 0.353779 0.1403509 0.356632 0.34904 0.177679 0.330968 0.177679 0.330595 0.267384 0.348666 0.267384 0.652221 0.161696 0.652221 0.152049 0.652221 0.14239 0.652221 0.132564 0.653311 0.133163 0.653311 0.142413 0.653311 0.152049 0.653311 0.161673 0.653311 0.170931 0.652221 0.17153 0.133844 0.363159 0.131 0.36434 0.131 0.358154 0.133844 0.359335 0.317691 0.155813 0.317692 0.131839 0.340848 0.131839 0.340848 0.155813 0.369 0.156584 0.353129 0.156584 0.353129 0.131285 0.369 0.131285 0.136539 0.356632 0.135361 0.353779 0.141529 0.353779 0.1403509 0.356632 0.2130219 0.155813 0.2130219 0.131839 0.236178 0.131839 0.236178 0.155813 0.1403509 0.356632 0.141529 0.353779 0.1458899 0.358154 0.143046 0.359335 0.202228 0.340256 0.200358 0.342127 0.193575 0.332792 0.195932 0.33159 0.1403509 0.356632 0.141529 0.353779 0.1458899 0.358154 0.143046 0.359335 0.195235 0.311106 0.192622 0.310692 0.195932 0.300504 0.198289 0.301705 0.250646 0.340256 0.252517 0.342127 0.243181 0.34891 0.24198 0.346552 0.280224 0.155813 0.280224 0.131839 0.296802 0.131839 0.296802 0.155813 0.143046 0.363159 0.1458899 0.36434 0.141529 0.368715 0.1403509 0.365863 0.262865 0.321817 0.260252 0.321403 0.260252 0.310692 0.262865 0.310278 0.1921319 0.155813 0.1921319 0.131839 0.2130219 0.131839 0.2130219 0.155813 0.2040989 0.338386 0.202228 0.340256 0.195932 0.33159 0.198289 0.330389 0.257639 0.320989 0.260252 0.321403 0.256942 0.33159 0.254585 0.33039 0.240779 0.344195 0.24198 0.346552 0.231793 0.349863 0.231379 0.34725 0.210894 0.285543 0.209693 0.283185 0.220668 0.27962 0.221081 0.282233 0.368566 0.131285 0.352695 0.131285 0.352695 0.156584 0.368566 0.156584 0.248775 0.338386 0.250646 0.340256 0.24198 0.346552 0.240779 0.344195 0.607821 0.150661 0.606749 0.158662 0.60859 0.160789 0.609947 0.150661 0.60859 0.140534 0.606749 0.14266 0.221495 0.284845 0.221081 0.282233 0.231793 0.282233 0.231379 0.284845 0.231379 0.34725 0.231793 0.349863 0.221081 0.349863 0.221495 0.34725 0.198289 0.301705 0.195932 0.300504 0.202228 0.291839 0.2040989 0.293709 0.212095 0.2879 0.210894 0.285543 0.221081 0.282233 0.221495 0.284845 0.195235 0.320989 0.192622 0.321403 0.192622 0.310692 0.195235 0.311106 0.192622 0.310692 0.1900089 0.310278 0.193575 0.299303 0.195932 0.300504 0.24198 0.346552 0.243181 0.34891 0.232207 0.352475 0.231793 0.349863 0.143046 0.359335 0.1458899 0.358154 0.1458899 0.36434 0.143046 0.363159 0.210894 0.346552 0.209693 0.34891 0.200358 0.342127 0.202228 0.340256 0.248775 0.293709 0.250646 0.291839 0.256942 0.300504 0.254585 0.301705 0.324425 0.343004 0.328694 0.343004 0.328694 0.351334 0.324425 0.351334 0.611245 0.150185 0.61034 0.143427 0.611896 0.141631 0.613042 0.150185 0.611896 0.141631 0.61034 0.143427 0.613678 0.16774 0.613674 0.163311 0.610247 0.163311 0.610308 0.172281 0.611942 0.172281 0.221081 0.282233 0.220668 0.27962 0.232207 0.27962 0.231793 0.282233 0.2040989 0.293709 0.202228 0.291839 0.210894 0.285543 0.212095 0.2879 0.232207 0.352475 0.231793 0.349863 0.24198 0.346552 0.243181 0.34891 0.192622 0.321403 0.1900089 0.321817 0.1900089 0.310278 0.192622 0.310692 0.202228 0.291839 0.200358 0.289968 0.209693 0.283185 0.210894 0.285543 0.597743 0.138574 0.602444 0.138574 0.608507 0.138573 0.607194 0.132428 0.599817 0.132429 0.597743 0.1324239 0.24198 0.285543 0.243181 0.283185 0.252517 0.289968 0.250646 0.291839 0.635688 0.16705 0.630878 0.164472 0.627356 0.157429 0.626067 0.147809 0.627896 0.147809 0.62894 0.155601 0.631792 0.161305 0.635688 0.163393 0.639584 0.161305 0.642437 0.155601 0.64348 0.147809 0.645309 0.147809 0.64402 0.157429 0.640499 0.164472 0.209693 0.34891 0.210894 0.346552 0.221081 0.349863 0.220668 0.352475 0.1900089 0.310278 0.192622 0.310692 0.192622 0.321403 0.1900089 0.321817 0.200358 0.342127 0.202228 0.340256 0.210894 0.346552 0.209693 0.34891 0.243181 0.283185 0.24198 0.285543 0.231793 0.282233 0.232207 0.27962 0.193575 0.332792 0.195932 0.33159 0.202228 0.340256 0.200358 0.342127 0.243181 0.34891 0.24198 0.346552 0.250646 0.340256 0.252517 0.342127 0.1900089 0.321817 0.192622 0.321403 0.195932 0.33159 0.193575 0.332792 0.193575 0.299303 0.195932 0.300504 0.192622 0.310692 0.1900089 0.310278 0.252517 0.289968 0.250646 0.291839 0.24198 0.285543 0.243181 0.283185 0.259299 0.299303 0.256942 0.300504 0.250646 0.291839 0.252517 0.289968 0.195932 0.33159 0.193575 0.332792 0.1900089 0.321817 0.192622 0.321403 0.209693 0.283185 0.210894 0.285543 0.202228 0.291839 0.200358 0.289968 0.262865 0.310278 0.260252 0.310692 0.256942 0.300504 0.259299 0.299303 0.259299 0.332792 0.256942 0.33159 0.260252 0.321403 0.262865 0.321817 0.252517 0.342127 0.250646 0.340256 0.256942 0.33159 0.259299 0.332792 0.202228 0.340256 0.2040989 0.338386 0.212095 0.344195 0.210894 0.346552 0.232207 0.27962 0.231793 0.282233 0.221081 0.282233 0.220668 0.27962 0.220668 0.27962 0.221081 0.282233 0.210894 0.285543 0.209693 0.283185 0.257639 0.311106 0.260252 0.310692 0.260252 0.321403 0.257639 0.320989 0.346577 0.311039 0.346577 0.318917 0.328694 0.318917 0.328694 0.311039 0.346577 0.351334 0.346577 0.359212 0.328694 0.359212 0.328694 0.351334 0.346577 0.359212 0.346577 0.366908 0.328694 0.366908 0.328694 0.359212 0.195932 0.33159 0.198289 0.330389 0.2040989 0.338386 0.202228 0.340256 0.202228 0.291839 0.2040989 0.293709 0.198289 0.301705 0.195932 0.300504 0.221081 0.349863 0.221495 0.34725 0.231379 0.347249 0.231793 0.349863 0.231793 0.349863 0.231379 0.347249 0.240779 0.344195 0.24198 0.346552 0.210894 0.346552 0.212095 0.344195 0.221495 0.34725 0.221081 0.349863 0.260252 0.321403 0.257639 0.320989 0.257639 0.311106 0.260252 0.310692 0.250646 0.291839 0.248775 0.293709 0.240779 0.2879 0.24198 0.285543 0.24198 0.285543 0.240779 0.2879 0.231379 0.284845 0.231793 0.282233 0.210894 0.285543 0.212095 0.2879 0.2040989 0.293709 0.202228 0.291839 0.256942 0.300504 0.254585 0.301705 0.248775 0.293709 0.250646 0.291839 0.260252 0.310692 0.257639 0.311106 0.254585 0.301705 0.256942 0.300504 0.346577 0.335126 0.346577 0.343004 0.328694 0.343004 0.328694 0.335126 0.221081 0.282233 0.221495 0.284845 0.212095 0.2879 0.210894 0.285543 0.231793 0.282233 0.231379 0.284845 0.221495 0.284845 0.221081 0.282233 0.633157 0.1383 0.633157 0.132095 0.628407 0.132097 0.622278 0.1320959 0.623605 0.138305 0.631061 0.1383039 0.255426 0.315364 0.251569 0.329762 0.241028 0.340303 0.226629 0.344161 0.212231 0.340303 0.20169 0.329762 0.197832 0.315364 0.20169 0.300965 0.212231 0.290425 0.226629 0.286567 0.241028 0.290425 0.251569 0.300965 0.250646 0.340256 0.248775 0.338386 0.254585 0.330389 0.256942 0.33159 0.613678 0.16774 0.613674 0.163311 0.610247 0.163311 0.610308 0.172281 0.611942 0.172281 0.1403509 0.356632 0.141529 0.353779 0.1458899 0.358154 0.143046 0.359335 0.195932 0.300504 0.198289 0.301705 0.195235 0.311106 0.192622 0.310692 0.133844 0.359335 0.131 0.358154 0.135361 0.353779 0.136539 0.356632 0.328694 0.311039 0.328694 0.303162 0.346577 0.303162 0.346577 0.311039 0.346577 0.271261 0.346577 0.279075 0.328694 0.279075 0.328694 0.271261 0.346577 0.279075 0.346577 0.286953 0.328694 0.286953 0.328694 0.279075 0.231793 0.349863 0.232207 0.352475 0.220668 0.352475 0.221081 0.349863 0.346577 0.351334 0.350841 0.351334 0.350841 0.359212 0.346577 0.359212 0.346577 0.286953 0.346577 0.294831 0.328694 0.294831 0.328694 0.286953 0.324425 0.294831 0.328694 0.294831 0.328694 0.303162 0.324425 0.303162 0.324425 0.359212 0.328694 0.359212 0.328694 0.366908 0.324425 0.366908 0.324425 0.318917 0.328694 0.318917 0.328694 0.327248 0.324425 0.327248 0.346577 0.335126 0.350841 0.335126 0.350841 0.343004 0.346577 0.343004 0.324425 0.335126 0.328694 0.335126 0.328694 0.343004 0.324425 0.343004 0.133844 0.359335 0.131 0.358154 0.135361 0.353779 0.136539 0.356632 0.346577 0.359212 0.350841 0.359212 0.350841 0.366908 0.346577 0.366908 0.346577 0.343004 0.350841 0.343004 0.350841 0.351334 0.346577 0.351334 0.601245 0.146295 0.605583 0.146295 0.605583 0.173355 0.605582 0.1815 0.601244 0.1815 0.601245 0.179215 0.346577 0.311039 0.350841 0.311039 0.350841 0.318917 0.346577 0.318917 0.346577 0.271261 0.350841 0.271261 0.350841 0.279075 0.346577 0.279075 0.143046 0.359335 0.1458899 0.358154 0.1458899 0.36434 0.143046 0.363159 0.346577 0.327248 0.350841 0.327248 0.350841 0.335126 0.346577 0.335126 0.324425 0.327248 0.328694 0.327248 0.328694 0.335126 0.324425 0.335126 0.324425 0.279075 0.328694 0.279075 0.328694 0.286953 0.324425 0.286953 0.324425 0.271261 0.328694 0.271261 0.328694 0.279075 0.324425 0.279075 0.133844 0.363159 0.131 0.36434 0.131 0.358154 0.133844 0.359335 0.346577 0.318917 0.346577 0.327248 0.328694 0.327248 0.328694 0.318917 0.346577 0.286953 0.350841 0.286953 0.350841 0.294831 0.346577 0.294831 0.136539 0.365863 0.135361 0.368715 0.131 0.36434 0.133844 0.363159 0.20169 0.300965 0.212231 0.290425 0.226629 0.286567 0.241028 0.290425 0.251569 0.300965 0.255426 0.315364 0.251569 0.329762 0.241028 0.340303 0.226629 0.344161 0.212231 0.340303 0.20169 0.329762 0.197832 0.315364 0.260252 0.321403 0.262865 0.321817 0.259299 0.332792 0.256942 0.33159 0.136539 0.365863 0.135361 0.368715 0.131 0.36434 0.133844 0.363159 0.133844 0.363159 0.131 0.36434 0.131 0.358154 0.133844 0.359335 0.143046 0.363159 0.1458899 0.36434 0.141529 0.368715 0.1403509 0.365863 0.1403509 0.365863 0.141529 0.368715 0.135361 0.368715 0.136539 0.365863 0.1403509 0.356632 0.141529 0.353779 0.1458899 0.358154 0.143046 0.359335 0.136539 0.356632 0.135361 0.353779 0.141529 0.353779 0.1403509 0.356632 0.133844 0.363159 0.133844 0.359335 0.138445 0.361247 0.136539 0.365863 0.133844 0.363159 0.138445 0.361247 0.1403509 0.365863 0.136539 0.365863 0.138445 0.361247 0.143046 0.363159 0.1403509 0.365863 0.138445 0.361247 0.143046 0.359335 0.143046 0.363159 0.138445 0.361247 0.1403509 0.356632 0.143046 0.359335 0.138445 0.361247 0.136539 0.356632 0.1403509 0.356632 0.138445 0.361247 0.133844 0.359335 0.136539 0.356632 0.138445 0.361247 0.133844 0.363159 0.131 0.36434 0.131 0.358154 0.133844 0.359335 0.143046 0.363159 0.1458899 0.36434 0.141529 0.368715 0.1403509 0.365863 0.136539 0.365863 0.135361 0.368715 0.131 0.36434 0.133844 0.363159 0.1403509 0.356632 0.141529 0.353779 0.1458899 0.358154 0.143046 0.359335 0.368566 0.131285 0.352695 0.131285 0.352695 0.156584 0.368566 0.156584 0.133844 0.363159 0.133844 0.359335 0.138445 0.361247 0.136539 0.365863 0.133844 0.363159 0.138445 0.361247 0.1403509 0.365863 0.136539 0.365863 0.138445 0.361247 0.143046 0.363159 0.1403509 0.365863 0.138445 0.361247 0.143046 0.359335 0.143046 0.363159 0.138445 0.361247 0.1403509 0.356632 0.143046 0.359335 0.138445 0.361247 0.136539 0.356632 0.1403509 0.356632 0.138445 0.361247 0.133844 0.359335 0.136539 0.356632 0.138445 0.361247 0.136539 0.356632 0.135361 0.353779 0.141529 0.353779 0.1403509 0.356632 0.143046 0.363159 0.1458899 0.36434 0.141529 0.368715 0.1403509 0.365863 0.262865 0.321817 0.260252 0.321403 0.260252 0.310692 0.262865 0.310278 0.1403509 0.356632 0.141529 0.353779 0.1458899 0.358154 0.143046 0.359335 0.133844 0.363159 0.131 0.36434 0.131 0.358154 0.133844 0.359335 0.133844 0.363159 0.133844 0.359335 0.138445 0.361247 0.136539 0.365863 0.133844 0.363159 0.138445 0.361247 0.1403509 0.365863 0.136539 0.365863 0.138445 0.361247 0.143046 0.363159 0.1403509 0.365863 0.138445 0.361247 0.143046 0.359335 0.143046 0.363159 0.138445 0.361247 0.1403509 0.356632 0.143046 0.359335 0.138445 0.361247 0.136539 0.356632 0.1403509 0.356632 0.138445 0.361247 0.133844 0.359335 0.136539 0.356632 0.138445 0.361247 0.924376 0.407375 0.923292 0.406934 0.918182 0.406967 0.917104 0.407422 0.916664 0.408506 0.916771 0.424973 0.917226 0.426051 0.91831 0.426491 0.92342 0.426458 0.924498 0.426003 0.924939 0.424919 0.924831 0.408453 0.931499 0.403836 0.9315 0.428723 0.930925 0.430093 0.929615 0.430662 0.912275 0.430774 0.910744 0.430224 0.910129 0.428862 0.910127 0.403975 0.910702 0.402605 0.912012 0.402036 0.929352 0.401924 0.930883 0.402474 0.136539 0.365863 0.135361 0.368715 0.131 0.36434 0.133844 0.363159 0.1403509 0.365863 0.141529 0.368715 0.135361 0.368715 0.136539 0.365863 0.133844 0.363159 0.131 0.36434 0.131 0.358154 0.133844 0.359335 0.136539 0.356632 0.135361 0.353779 0.141529 0.353779 0.1403509 0.356632 0.136539 0.365863 0.135361 0.368715 0.131 0.36434 0.133844 0.363159 0.133844 0.363159 0.133844 0.359335 0.138445 0.361247 0.136539 0.365863 0.133844 0.363159 0.138445 0.361247 0.1403509 0.365863 0.136539 0.365863 0.138445 0.361247 0.143046 0.363159 0.1403509 0.365863 0.138445 0.361247 0.143046 0.359335 0.143046 0.363159 0.138445 0.361247 0.1403509 0.356632 0.143046 0.359335 0.138445 0.361247 0.136539 0.356632 0.1403509 0.356632 0.138445 0.361247 0.133844 0.359335 0.136539 0.356632 0.138445 0.361247 0.136539 0.365863 0.135361 0.368715 0.131 0.36434 0.133844 0.363159 0.1403509 0.365863 0.141529 0.368715 0.135361 0.368715 0.136539 0.365863 0.136539 0.356632 0.135361 0.353779 0.141529 0.353779 0.1403509 0.356632 0.633157 0.1383 0.633157 0.132095 0.628407 0.132097 0.616149 0.132095 0.616149 0.138305 0.631061 0.1383039 0.143046 0.363159 0.1458899 0.36434 0.141529 0.368715 0.1403509 0.365863 0.133844 0.359335 0.131 0.358154 0.135361 0.353779 0.136539 0.356632 0.133844 0.363159 0.133844 0.359335 0.138445 0.361247 0.136539 0.365863 0.133844 0.363159 0.138445 0.361247 0.1403509 0.365863 0.136539 0.365863 0.138445 0.361247 0.143046 0.363159 0.1403509 0.365863 0.138445 0.361247 0.143046 0.359335 0.143046 0.363159 0.138445 0.361247 0.1403509 0.356632 0.143046 0.359335 0.138445 0.361247 0.136539 0.356632 0.1403509 0.356632 0.138445 0.361247 0.133844 0.359335 0.136539 0.356632 0.138445 0.361247 0.353334 0.366493 0.353334 0.263854 0.357248 0.263855 0.357248 0.366492 0.133844 0.359335 0.131 0.358154 0.135361 0.353779 0.136539 0.356632 0.609947 0.150661 0.60859 0.160789 0.606749 0.158662 0.607821 0.150661 0.606749 0.14266 0.60859 0.140534 0.133844 0.359335 0.131 0.358154 0.135361 0.353779 0.136539 0.356632 0.1403509 0.365863 0.141529 0.368715 0.135361 0.368715 0.136539 0.365863 0.1403509 0.365863 0.141529 0.368715 0.135361 0.368715 0.136539 0.365863 0.1403509 0.356632 0.141529 0.353779 0.1458899 0.358154 0.143046 0.359335 0.133844 0.363159 0.131 0.36434 0.131 0.358154 0.133844 0.359335 0.133844 0.359335 0.131 0.358154 0.135361 0.353779 0.136539 0.356632 0.353334 0.366493 0.353334 0.263854 0.357248 0.263855 0.357248 0.366492 0.346577 0.303162 0.350841 0.303162 0.350841 0.311039 0.346577 0.311039 0.346577 0.318917 0.346577 0.327248 0.328694 0.327248 0.328694 0.318917 0.136539 0.356632 0.135361 0.353779 0.141529 0.353779 0.1403509 0.356632 0.1403509 0.365863 0.141529 0.368715 0.135361 0.368715 0.136539 0.365863 0.133844 0.363159 0.133844 0.359335 0.138445 0.361247 0.136539 0.365863 0.133844 0.363159 0.138445 0.361247 0.1403509 0.365863 0.136539 0.365863 0.138445 0.361247 0.143046 0.363159 0.1403509 0.365863 0.138445 0.361247 0.143046 0.359335 0.143046 0.363159 0.138445 0.361247 0.1403509 0.356632 0.143046 0.359335 0.138445 0.361247 0.136539 0.356632 0.1403509 0.356632 0.138445 0.361247 0.133844 0.359335 0.136539 0.356632 0.138445 0.361247 0.653311 0.152049 0.653311 0.142413 0.653311 0.133163 0.652221 0.132564 0.652221 0.14239 0.652221 0.152049 0.652221 0.161696 0.652221 0.17153 0.653311 0.170931 0.653311 0.161673 0.136539 0.356632 0.135361 0.353779 0.141529 0.353779 0.1403509 0.356632 0.133844 0.363159 0.133844 0.359335 0.138445 0.361247 0.136539 0.365863 0.133844 0.363159 0.138445 0.361247 0.1403509 0.365863 0.136539 0.365863 0.138445 0.361247 0.143046 0.363159 0.1403509 0.365863 0.138445 0.361247 0.143046 0.359335 0.143046 0.363159 0.138445 0.361247 0.1403509 0.356632 0.143046 0.359335 0.138445 0.361247 0.136539 0.356632 0.1403509 0.356632 0.138445 0.361247 0.133844 0.359335 0.136539 0.356632 0.138445 0.361247 0.345826 0.64326 0.342665 0.641168 0.342665 0.609133 0.345826 0.607042 0.330553 0.641168 0.330553 0.609133 0.342665 0.609133 0.342665 0.641168 0.396152 0.678424 0.396152 0.572381 0.4315 0.607728 0.4315 0.643076 0.143046 0.359335 0.1458899 0.358154 0.1458899 0.36434 0.143046 0.363159 0.3185 0.570824 0.327392 0.570824 0.327392 0.607042 0.3185 0.607042 0.345826 0.570824 0.354718 0.570824 0.354718 0.607042 0.345826 0.607042 0.327392 0.607042 0.327392 0.64326 0.3185 0.64326 0.3185 0.607042 0.357248 0.366492 0.357248 0.263855 0.361161 0.263856 0.361161 0.366489 0.354718 0.607042 0.354718 0.64326 0.345826 0.64326 0.345826 0.607042 0.361161 0.366489 0.361161 0.263856 0.365075 0.263857 0.365058 0.366489 0.330595 0.177679 0.348666 0.177679 0.34904 0.267384 0.330968 0.267384 0.368566 0.242633 0.368566 0.156584 0.352695 0.156584 0.352695 0.242633 0.353129 0.242633 0.353129 0.156584 0.369 0.156584 0.369 0.242633 0.225024 0.191464 0.199214 0.195552 0.175931 0.207415 0.131499 0.208252 0.158289 0.181462 0.396152 0.678424 0.396152 0.572381 0.4315 0.607728 0.4315 0.643076 0.606127 0.167683 0.606131 0.163265 0.609549 0.163265 0.609488 0.172212 0.607858 0.172212 0.259334 0.131839 0.259334 0.155813 0.236178 0.155813 0.236178 0.131839 0.610247 0.163311 0.613674 0.163311 0.613678 0.16774 0.611942 0.172281 0.610308 0.172281 0.2130219 0.131839 0.2130219 0.155813 0.1921319 0.155813 0.1921319 0.131839 0.340848 0.131839 0.340848 0.155813 0.317691 0.155813 0.317692 0.131839 0.252517 0.342127 0.250646 0.340256 0.256942 0.33159 0.259299 0.332792 0.236178 0.131839 0.236178 0.155813 0.2130219 0.155813 0.2130219 0.131839 0.330553 0.609133 0.330553 0.574832 0.342665 0.574832 0.342665 0.609133 0.354718 0.607042 0.354718 0.64326 0.345826 0.64326 0.345826 0.607042 0.345826 0.570824 0.354718 0.570824 0.354718 0.607042 0.345826 0.607042 0.352912 0.261605 0.368783 0.261605 0.368566 0.242633 0.352695 0.242633 0.353129 0.242633 0.369 0.242633 0.368783 0.261605 0.352912 0.261605 0.327392 0.607042 0.330553 0.609133 0.330553 0.641168 0.327392 0.64326 0.3185 0.570824 0.327392 0.570824 0.327392 0.607042 0.3185 0.607042 0.292595 0.225893 0.318549 0.208252 0.291759 0.181462 0.274117 0.207415 0.34904 0.177679 0.330968 0.177679 0.330595 0.267384 0.348666 0.267384 0.158289 0.368512 0.131499 0.341721 0.131499 0.208252 0.175931 0.207415 0.157453 0.225893 0.1455979 0.249123 0.141502 0.274987 0.14559 0.300796 0.157453 0.32408 0.175931 0.342558 0.199214 0.354421 0.225024 0.358509 0.250834 0.354421 0.274117 0.342558 0.292595 0.32408 0.304459 0.300796 0.308547 0.274987 0.304459 0.249177 0.292595 0.225893 0.274117 0.207415 0.250834 0.195552 0.225024 0.191464 0.158289 0.181462 0.291759 0.181462 0.318549 0.208252 0.318549 0.341721 0.291759 0.368512 0.221495 0.34725 0.221081 0.349863 0.210894 0.346552 0.212095 0.344195 0.317691 0.155813 0.317692 0.131839 0.340848 0.131839 0.340848 0.155813 0.296802 0.131839 0.296802 0.155813 0.280224 0.155813 0.280224 0.131839 0.175554 0.131839 0.175554 0.155813 0.154664 0.155812 0.1546649 0.131838 0.259334 0.155813 0.259334 0.131839 0.280224 0.131839 0.280224 0.155813 0.1921319 0.155813 0.1921319 0.131839 0.2130219 0.131839 0.2130219 0.155813 0.2130219 0.155813 0.2130219 0.131839 0.236178 0.131839 0.236178 0.155813 0.254585 0.301705 0.256942 0.300504 0.260252 0.310692 0.257639 0.311106 0.154664 0.155812 0.1546649 0.131838 0.175554 0.131839 0.175554 0.155813 0.220668 0.352475 0.221081 0.349863 0.231793 0.349863 0.232207 0.352475 0.257639 0.320989 0.260252 0.321403 0.256942 0.33159 0.254585 0.33039 0.280224 0.155813 0.280224 0.131839 0.296802 0.131839 0.296802 0.155813 0.369 0.156584 0.353129 0.156584 0.353129 0.131285 0.369 0.131285 0.599852 0.07481998 0.601372 0.07349199 0.619944 0.07351195 0.610658 0.07526296 0.605321 0.07808297 0.601485 0.085765 0.60007 0.09643697 0.60148 0.10711 0.605321 0.114782 0.610657 0.117612 0.615994 0.114792 0.61983 0.107111 0.621245 0.096439 0.619835 0.085765 0.622131 0.07786697 0.62212 0.115012 0.621463 0.1180559 0.619943 0.119384 0.601371 0.119363 0.599849 0.11805 0.599184 0.115009 0.599195 0.07786399 0.236178 0.155813 0.236178 0.131839 0.259334 0.131839 0.259334 0.155813 0.240779 0.2879 0.24198 0.285543 0.250646 0.291839 0.248775 0.293709 0.133844 0.359335 0.131 0.358154 0.135361 0.353779 0.136539 0.356632 0.231379 0.284845 0.231793 0.282233 0.24198 0.285543 0.240779 0.2879 0.231379 0.34725 0.231793 0.349863 0.221081 0.349863 0.221495 0.34725 0.240779 0.344195 0.24198 0.346552 0.231793 0.349863 0.231379 0.34725 0.254585 0.33039 0.256942 0.33159 0.250646 0.340256 0.248775 0.338386 0.198289 0.330389 0.195932 0.33159 0.192622 0.321403 0.195235 0.320989 0.212095 0.2879 0.210894 0.285543 0.221081 0.282233 0.221495 0.284845 0.210894 0.346552 0.209693 0.34891 0.200358 0.342127 0.202228 0.340256 0.2040989 0.293709 0.202228 0.291839 0.210894 0.285543 0.212095 0.2879 0.198289 0.301705 0.195932 0.300504 0.202228 0.291839 0.2040989 0.293709 0.195235 0.311106 0.192622 0.310692 0.195932 0.300504 0.198289 0.301705 0.2040989 0.338386 0.202228 0.340256 0.195932 0.33159 0.198289 0.330389 0.133844 0.363159 0.131 0.36434 0.131 0.358154 0.133844 0.359335 0.231793 0.282233 0.232207 0.27962 0.243181 0.283185 0.24198 0.285543 0.231793 0.349863 0.232207 0.352475 0.220668 0.352475 0.221081 0.349863 0.609947 0.150661 0.60859 0.160789 0.606749 0.158662 0.607821 0.150661 0.606749 0.14266 0.60859 0.140534 0.195932 0.300504 0.193575 0.299303 0.200358 0.289968 0.202228 0.291839 0.248775 0.293709 0.250646 0.291839 0.256942 0.300504 0.254585 0.301705 0.256942 0.33159 0.259299 0.332792 0.252517 0.342127 0.250646 0.340256 0.260252 0.321403 0.262865 0.321817 0.259299 0.332792 0.256942 0.33159 0.192622 0.321403 0.1900089 0.321817 0.1900089 0.310278 0.192622 0.310692 0.250646 0.340256 0.252517 0.342127 0.243181 0.34891 0.24198 0.346552 0.24198 0.285543 0.243181 0.283185 0.252517 0.289968 0.250646 0.291839 0.202228 0.340256 0.200358 0.342127 0.193575 0.332792 0.195932 0.33159 0.221081 0.282233 0.220668 0.27962 0.232207 0.27962 0.231793 0.282233 0.202228 0.291839 0.200358 0.289968 0.209693 0.283185 0.210894 0.285543 0.232207 0.352475 0.231793 0.349863 0.24198 0.346552 0.243181 0.34891 0.133844 0.363159 0.131 0.36434 0.131 0.358154 0.133844 0.359335 0.210894 0.285543 0.209693 0.283185 0.220668 0.27962 0.221081 0.282233 0.209693 0.34891 0.210894 0.346552 0.221081 0.349863 0.220668 0.352475 0.6365787 0.3777414 0.760899 0.3777414 0.7634253 0.3802671 0.7634343 0.437025 0.760899 0.4395504 0.6365787 0.4395504 0.6340536 0.437025 0.6340536 0.3802671 0.262865 0.310278 0.260252 0.310692 0.256942 0.300504 0.259299 0.299303 0.6365787 0.3777414 0.760899 0.3777414 0.7634253 0.3802671 0.7634343 0.437025 0.760899 0.4395504 0.6365787 0.4395504 0.6340536 0.437025 0.6340536 0.3802671 0.1900089 0.310278 0.192622 0.310692 0.192622 0.321403 0.1900089 0.321817 0.195932 0.33159 0.193575 0.332792 0.1900089 0.321817 0.192622 0.321403 0.256942 0.300504 0.259299 0.299303 0.262865 0.310278 0.260252 0.310692 0.243181 0.283185 0.24198 0.285543 0.231793 0.282233 0.232207 0.27962 0.257639 0.311106 0.260252 0.310692 0.260252 0.321403 0.257639 0.320989 0.296802 0.155813 0.296802 0.131839 0.317692 0.131839 0.317691 0.155813 0.317692 0.131839 0.317691 0.155813 0.296802 0.155813 0.296802 0.131839 0.365058 0.366489 0.365075 0.263857 0.368988 0.263859 0.368971 0.36649 0.250646 0.291839 0.248775 0.293709 0.240779 0.2879 0.24198 0.285543 0.259299 0.299303 0.256942 0.300504 0.250646 0.291839 0.252517 0.289968 0.260252 0.310692 0.257639 0.311106 0.254585 0.301705 0.256942 0.300504 0.232207 0.27962 0.231793 0.282233 0.221081 0.282233 0.220668 0.27962 0.220668 0.27962 0.221081 0.282233 0.210894 0.285543 0.209693 0.283185 0.24198 0.346552 0.240779 0.344195 0.248775 0.338386 0.250646 0.340256 0.340848 0.131839 0.340848 0.155813 0.317691 0.155813 0.317692 0.131839 0.346577 0.271261 0.346577 0.279075 0.328694 0.279075 0.328694 0.271261 0.193575 0.299303 0.195932 0.300504 0.192622 0.310692 0.1900089 0.310278 0.353334 0.366493 0.353334 0.263854 0.357248 0.263855 0.357248 0.366492 0.210894 0.285543 0.212095 0.2879 0.2040989 0.293709 0.202228 0.291839 0.192622 0.321403 0.195235 0.320989 0.198289 0.330389 0.195932 0.33159 0.210894 0.346552 0.212095 0.344195 0.221495 0.34725 0.221081 0.349863 0.260252 0.321403 0.257639 0.320989 0.257639 0.311106 0.260252 0.310692 0.357248 0.366492 0.357248 0.263855 0.361161 0.263856 0.361161 0.366489 0.256942 0.33159 0.254585 0.330389 0.257639 0.320989 0.260252 0.321403 0.202228 0.340256 0.2040989 0.338386 0.212095 0.344195 0.210894 0.346552 0.175554 0.131839 0.175554 0.155813 0.154664 0.155812 0.1546649 0.131838 0.200358 0.289968 0.202228 0.291839 0.195932 0.300504 0.193575 0.299303 0.328694 0.311039 0.328694 0.303162 0.346577 0.303162 0.346577 0.311039 0.256942 0.300504 0.254585 0.301705 0.248775 0.293709 0.250646 0.291839 0.357248 0.366492 0.357248 0.263855 0.361161 0.263856 0.361161 0.366489 0.346577 0.351334 0.346577 0.359212 0.328694 0.359212 0.328694 0.351334 0.353334 0.366493 0.353334 0.263854 0.357248 0.263855 0.357248 0.366492 0.255426 0.315364 0.251569 0.329762 0.241028 0.340303 0.226629 0.344161 0.212231 0.340303 0.20169 0.329762 0.197832 0.315364 0.20169 0.300965 0.212231 0.290425 0.226629 0.286567 0.241028 0.290425 0.251569 0.300965 0.361161 0.366489 0.361161 0.263856 0.365075 0.263857 0.365058 0.366489 0.212231 0.290425 0.226629 0.286567 0.241028 0.290425 0.251569 0.300965 0.255426 0.315364 0.251569 0.329762 0.241028 0.340303 0.226629 0.344161 0.212231 0.340303 0.20169 0.329762 0.197832 0.315364 0.20169 0.300965 0.154664 0.155812 0.1546649 0.131838 0.175554 0.131839 0.175554 0.155813 0.1403509 0.365863 0.141529 0.368715 0.135361 0.368715 0.136539 0.365863 0.346577 0.327248 0.350841 0.327248 0.350841 0.335126 0.346577 0.335126 0.2130219 0.131839 0.2130219 0.155813 0.1921319 0.155813 0.1921319 0.131839 0.346577 0.311039 0.346577 0.318917 0.328694 0.318917 0.328694 0.311039 0.202228 0.291839 0.2040989 0.293709 0.198289 0.301705 0.195932 0.300504 0.346577 0.294831 0.346577 0.303162 0.328694 0.303162 0.328694 0.294831 0.346577 0.286953 0.346577 0.294831 0.328694 0.294831 0.328694 0.286953 0.324425 0.271261 0.328694 0.271261 0.328694 0.279075 0.324425 0.279075 0.324425 0.343004 0.328694 0.343004 0.328694 0.351334 0.324425 0.351334 0.324425 0.351334 0.328694 0.351334 0.328694 0.359212 0.324425 0.359212 0.353129 0.242633 0.353129 0.156584 0.369 0.156584 0.369 0.242633 0.324425 0.303162 0.328694 0.303162 0.328694 0.311039 0.324425 0.311039 0.324425 0.327248 0.328694 0.327248 0.328694 0.335126 0.324425 0.335126 0.221081 0.282233 0.221495 0.284845 0.212095 0.2879 0.210894 0.285543 0.346577 0.343004 0.350841 0.343004 0.350841 0.351334 0.346577 0.351334 0.324425 0.359212 0.328694 0.359212 0.328694 0.366908 0.324425 0.366908 0.346577 0.359212 0.350841 0.359212 0.350841 0.366908 0.346577 0.366908 0.324425 0.279075 0.328694 0.279075 0.328694 0.286953 0.324425 0.286953 0.346577 0.351334 0.350841 0.351334 0.350841 0.359212 0.346577 0.359212 0.597743 0.138574 0.597743 0.1324239 0.599817 0.132429 0.607194 0.132428 0.608507 0.138573 0.602443 0.138574 0.346577 0.271261 0.350841 0.271261 0.350841 0.279075 0.346577 0.279075 0.346577 0.303162 0.350841 0.303162 0.350841 0.311039 0.346577 0.311039 0.1403509 0.365863 0.141529 0.368715 0.135361 0.368715 0.136539 0.365863 0.280224 0.131839 0.280224 0.155813 0.259334 0.155813 0.259334 0.131839 0.136539 0.365863 0.135361 0.368715 0.131 0.36434 0.133844 0.363159 0.627356 0.157429 0.626067 0.147809 0.627896 0.147809 0.62894 0.155601 0.631792 0.161305 0.635688 0.163393 0.639584 0.161305 0.642437 0.155601 0.64348 0.147809 0.645309 0.147809 0.64402 0.157429 0.640499 0.164472 0.635688 0.16705 0.630878 0.164472 0.133844 0.359335 0.131 0.358154 0.135361 0.353779 0.136539 0.356632 0.597743 0.138574 0.597743 0.1324239 0.599817 0.132429 0.61457 0.132427 0.61457 0.138572 0.602443 0.138574 0.136539 0.356632 0.135361 0.353779 0.141529 0.353779 0.1403509 0.356632 0.1403509 0.356632 0.141529 0.353779 0.1458899 0.358154 0.143046 0.359335 0.133844 0.363159 0.133844 0.359335 0.138445 0.361247 0.136539 0.365863 0.133844 0.363159 0.138445 0.361247 0.1403509 0.365863 0.136539 0.365863 0.138445 0.361247 0.143046 0.363159 0.1403509 0.365863 0.138445 0.361247 0.143046 0.359335 0.143046 0.363159 0.138445 0.361247 0.1403509 0.356632 0.143046 0.359335 0.138445 0.361247 0.136539 0.356632 0.1403509 0.356632 0.138445 0.361247 0.133844 0.359335 0.136539 0.356632 0.138445 0.361247 0.143046 0.359335 0.1458899 0.358154 0.1458899 0.36434 0.143046 0.363159 0.143046 0.363159 0.1458899 0.36434 0.141529 0.368715 0.1403509 0.365863 0.605699 0.113633 0.602112 0.106458 0.600799 0.09665697 0.602112 0.08685499 0.605699 0.07967996 0.6106 0.07705396 0.615501 0.07967996 0.619088 0.08685499 0.620401 0.09665697 0.619088 0.106458 0.615501 0.113633 0.6106 0.116259 0.610247 0.163311 0.613674 0.163311 0.613678 0.16774 0.611942 0.172281 0.610308 0.172281 0.143046 0.359335 0.1458899 0.358154 0.1458899 0.36434 0.143046 0.363159 0.597743 0.138574 0.602444 0.138574 0.61457 0.138572 0.61457 0.132427 0.599817 0.132429 0.597743 0.1324239 0.133844 0.363159 0.133844 0.359335 0.138445 0.361247 0.136539 0.365863 0.133844 0.363159 0.138445 0.361247 0.1403509 0.365863 0.136539 0.365863 0.138445 0.361247 0.143046 0.363159 0.1403509 0.365863 0.138445 0.361247 0.143046 0.359335 0.143046 0.363159 0.138445 0.361247 0.1403509 0.356632 0.143046 0.359335 0.138445 0.361247 0.136539 0.356632 0.1403509 0.356632 0.138445 0.361247 0.133844 0.359335 0.136539 0.356632 0.138445 0.361247 0.346577 0.343004 0.346577 0.351334 0.328694 0.351334 0.328694 0.343004 0.133844 0.363159 0.131 0.36434 0.131 0.358154 0.133844 0.359335 0.143046 0.363159 0.1458899 0.36434 0.141529 0.368715 0.1403509 0.365863 0.192622 0.310692 0.195235 0.311106 0.195235 0.320989 0.192622 0.321403 0.136539 0.356632 0.135361 0.353779 0.141529 0.353779 0.1403509 0.356632 0.200358 0.289968 0.202228 0.291839 0.195932 0.300504 0.193575 0.299303 0.143046 0.359335 0.1458899 0.358154 0.1458899 0.36434 0.143046 0.363159 0.133844 0.363159 0.133844 0.359335 0.138445 0.361247 0.136539 0.365863 0.133844 0.363159 0.138445 0.361247 0.1403509 0.365863 0.136539 0.365863 0.138445 0.361247 0.143046 0.363159 0.1403509 0.365863 0.138445 0.361247 0.143046 0.359335 0.143046 0.363159 0.138445 0.361247 0.1403509 0.356632 0.143046 0.359335 0.138445 0.361247 0.136539 0.356632 0.1403509 0.356632 0.138445 0.361247 0.133844 0.359335 0.136539 0.356632 0.138445 0.361247 0.133844 0.359335 0.131 0.358154 0.135361 0.353779 0.136539 0.356632 0.133844 0.359335 0.131 0.358154 0.135361 0.353779 0.136539 0.356632 0.136539 0.356632 0.135361 0.353779 0.141529 0.353779 0.1403509 0.356632 0.136539 0.365863 0.135361 0.368715 0.131 0.36434 0.133844 0.363159 0.133844 0.363159 0.133844 0.359335 0.138445 0.361247 0.136539 0.365863 0.133844 0.363159 0.138445 0.361247 0.1403509 0.365863 0.136539 0.365863 0.138445 0.361247 0.143046 0.363159 0.1403509 0.365863 0.138445 0.361247 0.143046 0.359335 0.143046 0.363159 0.138445 0.361247 0.1403509 0.356632 0.143046 0.359335 0.138445 0.361247 0.136539 0.356632 0.1403509 0.356632 0.138445 0.361247 0.133844 0.359335 0.136539 0.356632 0.138445 0.361247 0.621466 0.074826 0.622131 0.07786697 0.619835 0.085765 0.615994 0.07809299 0.610658 0.07526296 0.619944 0.07351195 0.192622 0.321403 0.195235 0.320989 0.198289 0.330389 0.195932 0.33159 0.157453 0.225893 0.1455979 0.249123 0.141502 0.274987 0.14559 0.300796 0.157453 0.32408 0.175931 0.342558 0.199214 0.354421 0.225024 0.358509 0.250834 0.354421 0.274117 0.342558 0.292595 0.32408 0.304459 0.300796 0.308547 0.274987 0.304459 0.249177 0.292595 0.225893 0.274117 0.207415 0.250834 0.195552 0.225024 0.191464 0.291759 0.181462 0.318549 0.208252 0.318549 0.341721 0.291759 0.368512 0.158289 0.368512 0.131499 0.341721 0.131499 0.208252 0.175931 0.207415 0.1403509 0.365863 0.141529 0.368715 0.135361 0.368715 0.136539 0.365863 0.621463 0.1180559 0.619943 0.119384 0.601371 0.119363 0.610657 0.117612 0.615994 0.114792 0.61983 0.107111 0.621245 0.096439 0.622131 0.07786697 0.62212 0.115012 0.1403509 0.365863 0.141529 0.368715 0.135361 0.368715 0.136539 0.365863 0.133844 0.363159 0.133844 0.359335 0.138445 0.361247 0.136539 0.365863 0.133844 0.363159 0.138445 0.361247 0.1403509 0.365863 0.136539 0.365863 0.138445 0.361247 0.143046 0.363159 0.1403509 0.365863 0.138445 0.361247 0.143046 0.359335 0.143046 0.363159 0.138445 0.361247 0.1403509 0.356632 0.143046 0.359335 0.138445 0.361247 0.136539 0.356632 0.1403509 0.356632 0.138445 0.361247 0.133844 0.359335 0.136539 0.356632 0.138445 0.361247 0.175554 0.155813 0.175554 0.131839 0.1921319 0.131839 0.1921319 0.155813 0.1403509 0.356632 0.141529 0.353779 0.1458899 0.358154 0.143046 0.359335 0.346577 0.279075 0.350841 0.279075 0.350841 0.286953 0.346577 0.286953 0.136539 0.356632 0.135361 0.353779 0.141529 0.353779 0.1403509 0.356632 0.324425 0.335126 0.328694 0.335126 0.328694 0.343004 0.324425 0.343004 0.236178 0.155813 0.236178 0.131839 0.259334 0.131839 0.259334 0.155813 0.296802 0.155813 0.296802 0.131839 0.317692 0.131839 0.317691 0.155813 0.133844 0.363159 0.133844 0.359335 0.138445 0.361247 0.136539 0.365863 0.133844 0.363159 0.138445 0.361247 0.1403509 0.365863 0.136539 0.365863 0.138445 0.361247 0.143046 0.363159 0.1403509 0.365863 0.138445 0.361247 0.143046 0.359335 0.143046 0.363159 0.138445 0.361247 0.1403509 0.356632 0.143046 0.359335 0.138445 0.361247 0.136539 0.356632 0.1403509 0.356632 0.138445 0.361247 0.133844 0.359335 0.136539 0.356632 0.138445 0.361247 0.143046 0.359335 0.1458899 0.358154 0.1458899 0.36434 0.143046 0.363159 0.136539 0.365863 0.135361 0.368715 0.131 0.36434 0.133844 0.363159 0.143046 0.359335 0.1458899 0.358154 0.1458899 0.36434 0.143046 0.363159 0.1403509 0.365863 0.141529 0.368715 0.135361 0.368715 0.136539 0.365863 0.136539 0.365863 0.135361 0.368715 0.131 0.36434 0.133844 0.363159 0.1403509 0.356632 0.141529 0.353779 0.1458899 0.358154 0.143046 0.359335 0.133844 0.363159 0.133844 0.359335 0.138445 0.361247 0.136539 0.365863 0.133844 0.363159 0.138445 0.361247 0.1403509 0.365863 0.136539 0.365863 0.138445 0.361247 0.143046 0.363159 0.1403509 0.365863 0.138445 0.361247 0.143046 0.359335 0.143046 0.363159 0.138445 0.361247 0.1403509 0.356632 0.143046 0.359335 0.138445 0.361247 0.136539 0.356632 0.1403509 0.356632 0.138445 0.361247 0.133844 0.359335 0.136539 0.356632 0.138445 0.361247 0.652221 0.161696 0.652221 0.152049 0.652221 0.14239 0.652221 0.132564 0.653311 0.133163 0.653311 0.142413 0.653311 0.152049 0.653311 0.161673 0.653311 0.170931 0.652221 0.17153 0.259334 0.155813 0.259334 0.131839 0.280224 0.131839 0.280224 0.155813 0.133844 0.363159 0.131 0.36434 0.131 0.358154 0.133844 0.359335 0.136539 0.356632 0.135361 0.353779 0.141529 0.353779 0.1403509 0.356632 0.143046 0.359335 0.1458899 0.358154 0.1458899 0.36434 0.143046 0.363159 0.133844 0.363159 0.133844 0.359335 0.138445 0.361247 0.136539 0.365863 0.133844 0.363159 0.138445 0.361247 0.1403509 0.365863 0.136539 0.365863 0.138445 0.361247 0.143046 0.363159 0.1403509 0.365863 0.138445 0.361247 0.143046 0.359335 0.143046 0.363159 0.138445 0.361247 0.1403509 0.356632 0.143046 0.359335 0.138445 0.361247 0.136539 0.356632 0.1403509 0.356632 0.138445 0.361247 0.133844 0.359335 0.136539 0.356632 0.138445 0.361247 0.887359 0.152191 0.889831 0.15325 0.887359 0.154663 0.862641 0.152191 0.862641 0.154663 0.860169 0.15325 0.887359 0.1815 0.887359 0.180088 0.889125 0.180088 0.860875 0.180088 0.862641 0.180088 0.862641 0.1815 0.834037 0.125 0.834037 0.151837 0.832625 0.151837 0.832625 0.125 0.862641 0.180088 0.87088 0.180088 0.887359 0.180088 0.887359 0.1815 0.862641 0.1815 0.887359 0.154663 0.862641 0.154663 0.862641 0.152191 0.887359 0.152191 0.889831 0.15325 0.88969 0.158617 0.889408 0.1693519 0.889125 0.180088 0.887359 0.180088 0.887359 0.154663 0.890067 0.124529 0.889831 0.15325 0.887359 0.152191 0.887359 0.125 0.860875 0.180088 0.860169 0.15325 0.862641 0.154663 0.862641 0.180088 0.889125 0.06991297 0.889125 0.09745597 0.887359 0.09674996 0.887359 0.06991297 0.860169 0.15325 0.859933 0.124529 0.862641 0.125 0.862641 0.152191 0.834037 0.125 0.838353 0.124922 0.842669 0.124843 0.859933 0.124529 0.860169 0.15325 0.834037 0.151837 0.611245 0.150185 0.61034 0.143427 0.611896 0.141631 0.613042 0.150185 0.611896 0.141631 0.61034 0.143427 0.865236 0.128321 0.884764 0.128321 0.884764 0.148869 0.865236 0.148869 0.865236 0.148869 0.884764 0.148869 0.885701 0.1500689 0.864299 0.1500689 0.884764 0.148869 0.884764 0.128321 0.885701 0.127122 0.885701 0.1500689 0.865236 0.128321 0.865236 0.148869 0.864299 0.1500689 0.864299 0.127122 0.884764 0.128321 0.865236 0.128321 0.864299 0.127122 0.885701 0.127122 0.884764 0.128321 0.884764 0.148869 0.884764 0.148869 0.884764 0.128321 0.240779 0.2879 0.24198 0.285543 0.250646 0.291839 0.248775 0.293709 0.865236 0.128321 0.884764 0.128321 0.884764 0.128321 0.865236 0.128321 0.865236 0.148869 0.865236 0.128321 0.865236 0.128321 0.865236 0.148869 0.884764 0.148869 0.865236 0.148869 0.865236 0.148869 0.884764 0.148869 0.821841 0.177612 0.821841 0.07238799 0.825121 0.076204 0.825121 0.1737959 0.821841 0.07238799 0.928159 0.07238799 0.924879 0.076204 0.825121 0.076204 0.928159 0.07238799 0.928159 0.177612 0.924879 0.1737959 0.924879 0.076204 0.928159 0.177612 0.821841 0.177612 0.825121 0.1737959 0.924879 0.1737959 0.825121 0.1737959 0.825121 0.076204 0.825121 0.076204 0.825121 0.1737959 0.260252 0.310692 0.262865 0.310278 0.262865 0.321817 0.260252 0.321403 0.864299 0.1500689 0.885701 0.1500689 0.885701 0.127122 0.887359 0.125 0.887359 0.152191 0.862641 0.152191 0.924879 0.1737959 0.825121 0.1737959 0.825121 0.1737959 0.924879 0.1737959 0.825121 0.076204 0.924879 0.076204 0.924879 0.076204 0.825121 0.076204 0.924879 0.076204 0.924879 0.1737959 0.924879 0.1737959 0.924879 0.076204 0.928159 0.177612 0.928159 0.07238799 0.9315 0.06849998 0.9315 0.1815 0.221081 0.349863 0.220668 0.352475 0.209693 0.34891 0.210894 0.346552 0.256942 0.33159 0.259299 0.332792 0.252517 0.342127 0.250646 0.340256 0.91991 0.118722 0.91991 0.08105599 0.928246 0.078004 0.928208 0.121247 0.91991 0.08105599 0.91991 0.118722 0.90832 0.118722 0.90832 0.08105599 0.91991 0.08105599 0.90832 0.08105599 0.900261 0.07803398 0.928246 0.078004 0.928208 0.121247 0.900307 0.121226 0.90832 0.118722 0.91991 0.118722 0.91991 0.08105599 0.91991 0.118722 0.91991 0.118722 0.91991 0.08105599 0.900307 0.121226 0.900296 0.111055 0.900261 0.07803398 0.90832 0.08105599 0.90832 0.118722 0.195932 0.300504 0.193575 0.299303 0.200358 0.289968 0.202228 0.291839 0.90832 0.08105599 0.91991 0.08105599 0.91991 0.08105599 0.90832 0.08105599 0.90832 0.118722 0.90832 0.08105599 0.90832 0.08105599 0.90832 0.118722 0.91991 0.118722 0.90832 0.118722 0.90832 0.118722 0.91991 0.118722 0.895183 0.134071 0.900378 0.1340399 0.900331 0.1433629 0.89512 0.143519 0.905573 0.134009 0.910768 0.1339769 0.910752 0.143049 0.905541 0.143206 0.895183 0.134071 0.89512 0.143519 0.895107 0.1455219 0.893841 0.131733 0.9006 0.132815 0.900453 0.146251 0.900331 0.1433629 0.900378 0.1340399 0.905573 0.134009 0.905541 0.143206 0.904354 0.145534 0.905364 0.132745 0.913913 0.131092 0.913736 0.146473 0.910752 0.143049 0.910768 0.1339769 0.910768 0.1339769 0.905573 0.134009 0.905364 0.132745 0.913913 0.131092 0.913736 0.146473 0.904354 0.145534 0.905541 0.143206 0.910752 0.143049 0.900378 0.1340399 0.895183 0.134071 0.893841 0.131733 0.9006 0.132815 0.900453 0.146251 0.895107 0.1455219 0.89512 0.143519 0.900331 0.1433629 0.89512 0.143519 0.895183 0.134071 0.895183 0.134071 0.89512 0.143519 0.915963 0.125 0.915963 0.151837 0.90551 0.1524029 0.904354 0.145534 0.913736 0.146473 0.913913 0.131092 0.905364 0.132745 0.9006 0.132815 0.893841 0.131733 0.895107 0.1455219 0.895057 0.152968 0.889831 0.15325 0.890067 0.124529 0.895246 0.124623 0.902151 0.124749 0.895183 0.134071 0.900378 0.1340399 0.900378 0.1340399 0.895183 0.134071 0.904354 0.145534 0.90551 0.1524029 0.895057 0.152968 0.895107 0.1455219 0.900453 0.146251 0.9006 0.132815 0.905364 0.132745 0.900331 0.1433629 0.89512 0.143519 0.89512 0.143519 0.900331 0.1433629 0.900378 0.1340399 0.900331 0.1433629 0.900331 0.1433629 0.900378 0.1340399 0.905541 0.143206 0.905573 0.134009 0.905573 0.134009 0.905541 0.143206 0.905573 0.134009 0.910768 0.1339769 0.910768 0.1339769 0.905573 0.134009 0.910752 0.143049 0.905541 0.143206 0.905541 0.143206 0.910752 0.143049 0.910768 0.1339769 0.910752 0.143049 0.910752 0.143049 0.910768 0.1339769 0.250646 0.291839 0.252517 0.289968 0.259299 0.299303 0.256942 0.300504 0.882282 0.112856 0.889627 0.111895 0.889878 0.119115 0.882431 0.11937 0.882282 0.112856 0.882431 0.11937 0.882431 0.11937 0.882282 0.112856 0.889125 0.09745597 0.889627 0.111895 0.882282 0.112856 0.874937 0.113818 0.874984 0.119625 0.882431 0.11937 0.889878 0.119115 0.890067 0.124529 0.887359 0.125 0.862641 0.125 0.859933 0.124529 0.860561 0.1069509 0.870229 0.107998 0.879897 0.109044 0.879782 0.102766 0.87025 0.102662 0.860718 0.102557 0.860875 0.098163 0.862641 0.09674996 0.887359 0.09674996 0.860718 0.102557 0.87025 0.102662 0.870229 0.107998 0.860561 0.1069509 0.870229 0.107998 0.87025 0.102662 0.87025 0.102662 0.870229 0.107998 0.874937 0.113818 0.882282 0.112856 0.882431 0.11937 0.874984 0.119625 0.874937 0.113818 0.882282 0.112856 0.882282 0.112856 0.874937 0.113818 0.874984 0.119625 0.874937 0.113818 0.874937 0.113818 0.874984 0.119625 0.882431 0.11937 0.874984 0.119625 0.874984 0.119625 0.882431 0.11937 0.87025 0.102662 0.879782 0.102766 0.879897 0.109044 0.870229 0.107998 0.879782 0.102766 0.879897 0.109044 0.879897 0.109044 0.879782 0.102766 0.87025 0.102662 0.879782 0.102766 0.879782 0.102766 0.87025 0.102662 0.879897 0.109044 0.870229 0.107998 0.870229 0.107998 0.879897 0.109044 0.345826 0.679477 0.345826 0.64326 0.354718 0.64326 0.354718 0.679477 0.133844 0.363159 0.133844 0.359335 0.136539 0.356632 0.1403509 0.356632 0.143046 0.359335 0.143046 0.363159 0.1403509 0.365863 0.136539 0.365863 0.874999 0.9315 0.92393 0.90325 0.874999 0.9315 0.82607 0.90325 0.610346 0.157868 0.611251 0.151111 0.610346 0.157868 0.611902 0.159665 0.613048 0.151111 0.611902 0.159665 0.601245 0.162755 0.605583 0.159825 0.605583 0.173355 0.605582 0.1815 0.601244 0.1815 0.601245 0.179215 0.631061 0.144513 0.631061 0.1383039 0.623605 0.138305 0.623605 0.144514 0.631061 0.144513 0.623605 0.144514 0.623605 0.138305 0.631061 0.1383039 0.641966 0.1357859 0.641966 0.139784 0.649651 0.139784 0.649651 0.1357859 0.618598 0.179215 0.622936 0.179215 0.622936 0.179215 0.618598 0.179215 0.618598 0.179215 0.618598 0.179215 0.622936 0.179215 0.622936 0.179215 0.618598 0.162755 0.618598 0.179215 0.622936 0.179215 0.622936 0.162755 0.618598 0.162755 0.622936 0.162755 0.622936 0.179215 0.618598 0.179215 0.599817 0.132429 0.599817 0.126284 0.607194 0.126284 0.607194 0.132428 0.599817 0.132429 0.607194 0.132428 0.607194 0.126284 0.599817 0.126284 0.634252 0.141887 0.634252 0.145885 0.641937 0.145885 0.641937 0.141887 0.634252 0.141887 0.641937 0.141887 0.641937 0.145885 0.63829 0.145885 0.634252 0.145885 0.61426 0.166245 0.618598 0.162755 0.618598 0.179215 0.618598 0.179215 0.618598 0.179215 0.618599 0.1815 0.614259 0.1815 0.61426 0.173355 0.824636 0.106675 0.896738 0.110742 0.894545 0.1766909 0.840231 0.167706 0.896738 0.110742 0.896738 0.110742 0.824636 0.106675 0.824636 0.106675 0.824655 0.106748 0.824636 0.106675 0.824636 0.106675 0.840231 0.167706 0.839698 0.1676 0.894545 0.1766909 0.894545 0.1766909 0.894545 0.1766909 0.896738 0.110742 0.896738 0.110742 0.839698 0.1676 0.840231 0.167706 0.894545 0.1766909 0.894545 0.1766909 0.894545 0.1766909 0.824576 0.10667 0.824576 0.10667 0.824576 0.10667 0.896812 0.110749 0.896812 0.110749 0.896812 0.110749 0.894567 0.176782 0.894567 0.176782 0.894567 0.176782 0.83889 0.1685039 0.83889 0.1685039 0.83889 0.1685039 0.894561 0.176759 0.894567 0.176782 0.894567 0.176782 0.894561 0.176759 0.83889 0.1685039 0.839149 0.168214 0.839149 0.168214 0.83889 0.1685039 0.896812 0.110749 0.896812 0.110749 0.896778 0.110746 0.896761 0.110745 0.896761 0.110745 0.824636 0.106675 0.824594 0.10673 0.82457 0.10676 0.82457 0.10676 0.824592 0.106671 0.5216279 0.5 0.5432558 0.5 0.5432558 0.5432558 0.5216279 0.5432558 0.5 0.5432558 0.5 0.5 0.4567443 0.5 0.4567443 0.4783721 0.4567443 0.4567443 0.5 0.4567443 0.5216279 0.4567443 0.5216279 0.4783721 0.499017 0.5159349 0.4849879 0.5159349 0.4849879 0.5019057 0.499017 0.5019057 0.893498 0.1407999 0.895672 0.1407999 0.895681 0.140892 0.893489 0.140892 0.893489 0.140892 0.893336 0.140861 0.893372 0.140774 0.893498 0.1407999 0.895672 0.1407999 0.895798 0.140774 0.895834 0.140861 0.895681 0.140892 0.893489 0.136139 0.895681 0.136139 0.895672 0.136232 0.893498 0.136232 0.893498 0.136232 0.893372 0.1362569 0.893336 0.13617 0.893489 0.136139 0.895681 0.136139 0.895834 0.13617 0.895798 0.1362569 0.895672 0.136232 0.914228 0.13326 0.909946 0.13326 0.909946 0.08414095 0.914228 0.08414095 0.533284 0.544686 0.533284 0.501972 0.533759 0.500827 0.534781 0.501508 0.535461 0.502529 0.535715 0.503785 0.535715 0.542873 0.535461 0.544129 0.534781 0.545151 0.533759 0.545831 0.506707 0.542966 0.506707 0.503692 0.50763 0.503785 0.50763 0.542873 0.507015 0.54449 0.506707 0.542966 0.50763 0.542873 0.507884 0.544129 0.507898 0.545816 0.507015 0.54449 0.507884 0.544129 0.508565 0.545151 0.509224 0.546699 0.507898 0.545816 0.508565 0.545151 0.509586 0.545831 0.535715 0.542873 0.535715 0.503785 0.536636 0.503692 0.536636 0.542966 0.50903 0.502053 0.507884 0.502529 0.508565 0.501508 0.509586 0.500827 0.510841 0.500573 0.532504 0.500573 0.533759 0.500827 0.533284 0.501972 0.535461 0.544129 0.535715 0.542873 0.536636 0.542966 0.536328 0.54449 0.534781 0.545151 0.535461 0.544129 0.536328 0.54449 0.535444 0.545816 0.533759 0.545831 0.534781 0.545151 0.535444 0.545816 0.534118 0.546699 0.509586 0.545831 0.508565 0.545151 0.507884 0.544129 0.50763 0.542873 0.50763 0.503785 0.507884 0.502529 0.50903 0.502053 0.508974 0.544567 0.507884 0.502529 0.50763 0.503785 0.506707 0.503692 0.507015 0.502168 0.508565 0.501508 0.507884 0.502529 0.507015 0.502168 0.507898 0.500843 0.509586 0.500827 0.508565 0.501508 0.507898 0.500843 0.509224 0.499959 0.508974 0.544567 0.533284 0.544686 0.533759 0.545831 0.532504 0.546085 0.510841 0.546085 0.509586 0.545831 0.536328 0.502168 0.536636 0.503692 0.535715 0.503785 0.535461 0.502529 0.535444 0.500843 0.536328 0.502168 0.535461 0.502529 0.534781 0.501508 0.534118 0.499959 0.535444 0.500843 0.534781 0.501508 0.533759 0.500827 0.533284 0.501972 0.533284 0.544686 0.508974 0.544567 0.50903 0.502053 0.918511 0.118824 0.914228 0.118824 0.914228 0.1014825 0.9163695 0.1014825 0.918511 0.1014825 0.8903748 0.2404173 0.8860918 0.2404173 0.8860918 0.1912983 0.8903748 0.1912983 0.914228 0.118824 0.918511 0.118824 0.918511 0.136166 0.9163695 0.136166 0.914228 0.136166 0.866226 0.177727 0.866226 0.13326 0.896257 0.13326 0.896257 0.177727 0.896362 0.164375 0.896362 0.134343 0.897445 0.13326 0.897445 0.165458 0.919594 0.08522397 0.919594 0.129691 0.918511 0.130775 0.918511 0.08414095 0.8837687 0.1936243 0.8537368 0.1936243 0.8526518 0.1925403 0.8848497 0.1925403 0.8537368 0.1936243 0.8537368 0.2380913 0.8526518 0.2391743 0.8526518 0.1925403 0.896362 0.134343 0.896362 0.164375 0.896257 0.164375 0.896257 0.134343 0.8526518 0.2391743 0.8848497 0.2391743 0.8860918 0.2404173 0.8687503 0.2404173 0.8514088 0.2404173 0.919699 0.128608 0.919699 0.08414095 0.919804 0.08414095 0.919804 0.128608 0.8526518 0.1925403 0.8526518 0.2391743 0.8514088 0.2404173 0.8514088 0.1912983 0.8848497 0.2391743 0.8848497 0.1925403 0.8860918 0.1912983 0.8860918 0.2404173 0.919594 0.129691 0.919594 0.08522397 0.919699 0.08522397 0.919699 0.129691 0.890081 0.135866 0.890081 0.132852 0.890092 0.132852 0.890092 0.135866 0.8848497 0.1925403 0.8526518 0.1925403 0.8514088 0.1912983 0.8687503 0.1912983 0.8860918 0.1912983 0.8332921 0.191492 0.8506337 0.191492 0.8506337 0.240611 0.8332921 0.240611 0.8159506 0.240611 0.8159506 0.191492 0.918511 0.1014825 0.9163695 0.1014825 0.914228 0.1014825 0.914228 0.08414095 0.918511 0.08414095 0.914228 0.136166 0.9163695 0.136166 0.918511 0.136166 0.918511 0.153508 0.914228 0.153508 0.596 0.579179 0.593253 0.579179 0.593253 0.574241 0.596 0.574241 0.648014 0.65901 0.651206 0.658977 0.651392 0.681334 0.64819 0.681352 0.651206 0.658977 0.654402 0.658937 0.65459 0.681321 0.651392 0.681334 0.632012 0.659125 0.635214 0.659114 0.635374 0.681461 0.632169 0.6815 0.635214 0.659114 0.638416 0.659096 0.638581 0.681427 0.635374 0.681461 0.638416 0.659096 0.641621 0.65907 0.641786 0.681399 0.638581 0.681427 0.641621 0.65907 0.644818 0.65904 0.64499 0.681375 0.641786 0.681399 0.644818 0.65904 0.648014 0.65901 0.64819 0.681352 0.64499 0.681375 0.593715 0.657758 0.595134 0.660705 0.593715 0.663653 0.590526 0.664381 0.587968 0.662341 0.587968 0.65907 0.590526 0.65703 0.603336 0.660715 0.601917 0.663662 0.598727 0.66439 0.59617 0.66235 0.59617 0.659079 0.598727 0.65704 0.601917 0.657768 0.593253 0.5685 0.596 0.5685 0.596 0.573439 0.593253 0.573439 0.588869 0.656348 0.588869 0.653745 0.593808 0.653745 0.593808 0.656348 0.659429 0.676211 0.662032 0.676211 0.662032 0.68115 0.659429 0.68115 0.3185 0.8185 0.4315 0.8185 0.4315 0.9315 0.3185 0.9315 0.08150297 0.889886 0.08150297 0.860605 0.08542495 0.856588 0.10545 0.856588 0.109533 0.860605 0.109533 0.889886 0.1055909 0.893894 0.08560097 0.893894 0.105272 0.851937 0.08540695 0.851937 0.08156496 0.842721 0.109081 0.842721 0.109327 0.907485 0.08183997 0.907485 0.08564496 0.898257 0.105482 0.898257 0.11297 0.889914 0.11297 0.860135 0.122396 0.856194 0.122496 0.893816 0.077986 0.860335 0.077986 0.890082 0.06849998 0.894022 0.06849998 0.856434 0.07782995 0.855397 0.070032 0.85219 0.07782697 0.844178 0.08106595 0.851947 0.109649 0.851918 0.11286 0.84415 0.12082 0.851994 0.113073 0.855234 0.07007098 0.898224 0.07786196 0.894989 0.08125698 0.898282 0.07805198 0.906056 0.113085 0.906024 0.10985 0.898261 0.113125 0.894857 0.120938 0.898057 0.164276 0.851731 0.14441 0.851731 0.140569 0.842515 0.168085 0.842515 0.16833 0.907279 0.140844 0.907279 0.144649 0.898051 0.164485 0.898051 0.171973 0.889708 0.171973 0.859929 0.1814 0.855988 0.1815 0.89361 0.1369889 0.860129 0.1369889 0.889876 0.127504 0.893816 0.127504 0.856227 0.136833 0.855191 0.1290349 0.851984 0.136831 0.843971 0.14007 0.851741 0.168653 0.851712 0.171863 0.843943 0.1798239 0.851788 0.172077 0.855027 0.129075 0.898018 0.136866 0.894782 0.1402609 0.898076 0.1370559 0.90585 0.172089 0.905818 0.1688539 0.898055 0.172129 0.894651 0.1799409 0.897851 0.140601 0.890644 0.140601 0.86137 0.144473 0.857322 0.164512 0.857322 0.168609 0.86137 0.168609 0.890644 0.164681 0.894657 0.144667 0.894657</float_array>
          <technique_common>
            <accessor source="#craftingstation_body-mesh-map-0-array" count="4554" stride="2">
              <param name="S" type="float"/>
              <param name="T" type="float"/>
            </accessor>
          </technique_common>
        </source>
        <source id="craftingstation_body-mesh-colors-Attribute" name="Attribute">
          <float_array id="craftingstation_body-mesh-colors-Attribute-array" count="18216">1 1 1 1 1 1 1 1 1 1 1 1 1 1 1 1 1 1 1 1 1 1 1 1 1 1 1 1 1 1 1 1 1 1 1 1 1 1 1 1 1 1 1 1 1 1 1 1 1 1 1 1 1 1 1 1 1 1 1 1 1 1 1 1 1 1 1 1 1 1 1 1 1 1 1 1 1 1 1 1 1 1 1 1 1 1 1 1 1 1 1 1 1 1 1 1 1 1 1 1 1 1 1 1 1 1 1 1 1 1 1 1 1 1 1 1 1 1 1 1 1 1 1 1 1 1 1 1 1 1 1 1 1 1 1 1 1 1 1 1 1 1 1 1 1 1 1 1 1 1 1 1 1 1 1 1 1 1 1 1 1 1 1 1 1 1 1 1 1 1 1 1 1 1 1 1 1 1 1 1 1 1 1 1 1 1 1 1 1 1 1 1 1 1 1 1 1 1 1 1 1 1 1 1 1 1 1 1 1 1 1 1 1 1 1 1 1 1 1 1 1 1 1 1 1 1 1 1 1 1 1 1 1 1 1 1 1 1 1 1 1 1 1 1 1 1 1 1 1 1 1 1 1 1 1 1 1 1 1 1 1 1 1 1 1 1 1 1 1 1 1 1 1 1 1 1 1 1 1 1 1 1 1 1 1 1 1 1 1 1 1 1 1 1 1 1 1 1 1 1 1 1 1 1 1 1 1 1 1 1 1 1 1 1 1 1 1 1 1 1 1 1 1 1 1 1 1 1 1 1 1 1 1 1 1 1 1 1 1 1 1 1 1 1 1 1 1 1 1 1 1 1 1 1 1 1 1 1 1 1 1 1 1 1 1 1 1 1 1 1 1 1 1 1 1 1 1 1 1 1 1 1 1 1 1 1 1 1 1 1 1 1 1 1 1 1 1 1 1 1 1 1 1 1 1 1 1 1 1 1 1 1 1 1 1 1 1 1 1 1 1 1 1 1 1 1 1 1 1 1 1 1 1 1 1 1 1 1 1 1 1 1 1 1 1 1 1 1 1 1 1 1 1 1 1 1 1 1 1 1 1 1 1 1 1 1 1 1 1 1 1 1 1 1 1 1 1 1 1 1 1 1 1 1 1 1 1 1 1 1 1 1 1 1 1 1 1 1 1 1 1 1 1 1 1 1 1 1 1 1 1 1 1 1 1 1 1 1 1 1 1 1 1 1 1 1 1 1 1 1 1 1 1 1 1 1 1 1 1 1 1 1 1 1 1 1 1 1 1 1 1 1 1 1 1 1 1 1 1 1 1 1 1 1 1 1 1 1 1 1 1 1 1 1 1 1 1 1 1 1 1 1 1 1 1 1 1 1 1 1 1 1 1 1 1 1 1 1 1 1 1 1 1 1 1 1 1 1 1 1 1 1 1 1 1 1 1 1 1 1 1 1 1 1 1 1 1 1 1 1 1 1 1 1 1 1 1 1 1 1 1 1 1 1 1 1 1 1 1 1 1 1 1 1 1 1 1 1 1 1 1 1 1 1 1 1 1 1 1 1 1 1 1 1 1 1 1 1 1 1 1 1 1 1 1 1 1 1 1 1 1 1 1 1 1 1 1 1 1 1 1 1 1 1 1 1 1 1 1 1 1 1 1 1 1 1 1 1 1 1 1 1 1 1 1 1 1 1 1 1 1 1 1 1 1 1 1 1 1 1 1 1 1 1 1 1 1 1 1 1 1 1 1 1 1 1 1 1 1 1 1 1 1 1 1 1 1 1 1 1 1 1 1 1 1 1 1 1 1 1 1 1 1 1 1 1 1 1 1 1 1 1 1 1 1 1 1 1 1 1 1 1 1 1 1 1 1 1 1 1 1 1 1 1 1 1 1 1 1 1 1 1 1 1 1 1 1 1 1 1 1 1 1 1 1 1 1 1 1 1 1 1 1 1 1 1 1 1 1 1 1 1 1 1 1 1 1 1 1 1 1 1 1 1 1 1 1 1 1 1 1 1 1 1 1 1 1 1 1 1 1 1 1 1 1 1 1 1 1 1 1 1 1 1 1 1 1 1 1 1 1 1 1 1 1 1 1 1 1 1 1 1 1 1 1 1 1 1 1 1 1 1 1 1 1 1 1 1 1 1 1 1 1 1 1 1 1 1 1 1 1 1 1 1 1 1 1 1 1 1 1 1 1 1 1 1 1 1 1 1 1 1 1 1 1 1 1 1 1 1 1 1 1 1 1 1 1 1 1 1 1 1 1 1 1 1 1 1 1 1 1 1 1 1 1 1 1 1 1 1 1 1 1 1 1 1 1 1 1 1 1 1 1 1 1 1 1 1 1 1 1 1 1 1 1 1 1 1 1 1 1 1 1 1 1 1 1 1 1 1 1 1 1 1 1 1 1 1 1 1 1 1 1 1 1 1 1 1 1 1 1 1 1 1 1 1 1 1 1 1 1 1 1 1 1 1 1 1 1 1 1 1 1 1 1 1 1 1 1 1 1 1 1 1 1 1 1 1 1 1 1 1 1 1 1 1 1 1 1 1 1 1 1 1 1 1 1 1 1 1 1 1 1 1 1 1 1 1 1 1 1 1 1 1 1 1 1 1 1 1 1 1 1 1 1 1 1 1 1 1 1 1 1 1 1 1 1 1 1 1 1 1 1 1 1 1 1 1 1 1 1 1 1 1 1 1 1 1 1 1 1 1 1 1 1 1 1 1 1 1 1 1 1 1 1 1 1 1 1 1 1 1 1 1 1 1 1 1 1 1 1 1 1 1 1 1 1 1 1 1 1 1 1 1 1 1 1 1 1 1 1 1 1 1 1 1 1 1 1 1 1 1 1 1 1 1 1 1 1 1 1 1 1 1 1 1 1 1 1 1 1 1 1 1 1 1 1 1 1 1 1 1 1 1 1 1 1 1 1 1 1 1 1 1 1 1 1 1 1 1 1 1 1 1 1 1 1 1 1 1 1 1 1 1 1 1 1 1 1 1 1 1 1 1 1 1 1 1 1 1 1 1 1 1 1 1 1 1 1 1 1 1 1 1 1 1 1 1 1 1 1 1 1 1 1 1 1 1 1 1 1 1 1 1 1 1 1 1 1 1 1 1 1 1 1 1 1 1 1 1 1 1 1 1 1 1 1 1 1 1 1 1 1 1 1 1 1 1 1 1 1 1 1 1 1 1 1 1 1 1 1 1 1 1 1 1 1 1 1 1 1 1 1 1 1 1 1 1 1 1 1 1 1 1 1 1 1 1 1 1 1 1 1 1 1 1 1 1 1 1 1 1 1 1 1 1 1 1 1 1 1 1 1 1 1 1 1 1 1 1 1 1 1 1 1 1 1 1 1 1 1 1 1 1 1 1 1 1 1 1 1 1 1 1 1 1 1 1 1 1 1 1 1 1 1 1 1 1 1 1 1 1 1 1 1 1 1 1 1 1 1 1 1 1 1 1 1 1 1 1 1 1 1 1 1 1 1 1 1 1 1 1 1 1 1 1 1 1 1 1 1 1 1 1 1 1 1 1 1 1 1 1 1 1 1 1 1 1 1 1 1 1 1 1 1 1 1 1 1 1 1 1 1 1 1 1 1 1 1 1 1 1 1 1 1 1 1 1 1 1 1 1 1 1 1 1 1 1 1 1 1 1 1 1 1 1 1 1 1 1 1 1 1 1 1 1 1 1 1 1 1 1 1 1 1 1 1 1 1 1 1 1 1 1 1 1 1 1 1 1 1 1 1 1 1 1 1 1 1 1 1 1 1 1 1 1 1 1 1 1 1 1 1 1 1 1 1 1 1 1 1 1 1 1 1 1 1 1 1 1 1 1 1 1 1 1 1 1 1 1 1 1 1 1 1 1 1 1 1 1 1 1 1 1 1 1 1 1 1 1 1 1 1 1 1 1 1 1 1 1 1 1 1 1 1 1 1 1 1 1 1 1 1 1 1 1 1 1 1 1 1 1 1 1 1 1 1 1 1 1 1 1 1 1 1 1 1 1 1 1 1 1 1 1 1 1 1 1 1 1 1 1 1 1 1 1 1 1 1 1 1 1 1 1 1 1 1 1 1 1 1 1 1 1 1 1 1 1 1 1 1 1 1 1 1 1 1 1 1 1 1 1 1 1 1 1 1 1 1 1 1 1 1 1 1 1 1 1 1 1 1 1 1 1 1 1 1 1 1 1 1 1 1 1 1 1 1 1 1 1 1 1 1 1 1 1 1 1 1 1 1 1 1 1 1 1 1 1 1 1 1 1 1 1 1 1 1 1 1 1 1 1 1 1 1 1 1 1 1 1 1 1 1 1 1 1 1 1 1 1 1 1 1 1 1 1 1 1 1 1 1 1 1 1 1 1 1 1 1 1 1 1 1 1 1 1 1 1 1 1 1 1 1 1 1 1 1 1 1 1 1 1 1 1 1 1 1 1 1 1 1 1 1 1 1 1 1 1 1 1 1 1 1 1 1 1 1 1 1 1 1 1 1 1 1 1 1 1 1 1 1 1 1 1 1 1 1 1 1 1 1 1 1 1 1 1 1 1 1 1 1 1 1 1 1 1 1 1 1 1 1 1 1 1 1 1 1 1 1 1 1 1 1 1 1 1 1 1 1 1 1 1 1 1 1 1 1 1 1 1 1 1 1 1 1 1 1 1 1 1 1 1 1 1 1 1 1 1 1 1 1 1 1 1 1 1 1 1 1 1 1 1 1 1 1 1 1 1 1 1 1 1 1 1 1 1 1 1 1 1 1 1 1 1 1 1 1 1 1 1 1 1 1 1 1 1 1 1 1 1 1 1 1 1 1 1 1 1 1 1 1 1 1 1 1 1 1 1 1 1 1 1 1 1 1 1 1 1 1 1 1 1 1 1 1 1 1 1 1 1 1 1 1 1 1 1 1 1 1 1 1 1 1 1 1 1 1 1 1 1 1 1 1 1 1 1 1 1 1 1 1 1 1 1 1 1 1 1 1 1 1 1 1 1 1 1 1 1 1 1 1 1 1 1 1 1 1 1 1 1 1 1 1 1 1 1 1 1 1 1 1 1 1 1 1 1 1 1 1 1 1 1 1 1 1 1 1 1 1 1 1 1 1 1 1 1 1 1 1 1 1 1 1 1 1 1 1 1 1 1 1 1 1 1 1 1 1 1 1 1 1 1 1 1 1 1 1 1 1 1 1 1 1 1 1 1 1 1 1 1 1 1 1 1 1 1 1 1 1 1 1 1 1 1 1 1 1 1 1 1 1 1 1 1 1 1 1 1 1 1 1 1 1 1 1 1 1 1 1 1 1 1 1 1 1 1 1 1 1 1 1 1 1 1 1 1 1 1 1 1 1 1 1 1 1 1 1 1 1 1 1 1 1 1 1 1 1 1 1 1 1 1 1 1 1 1 1 1 1 1 1 1 1 1 1 1 1 1 1 1 1 1 1 1 1 1 1 1 1 1 1 1 1 1 1 1 1 1 1 1 1 1 1 1 1 1 1 1 1 1 1 1 1 1 1 1 1 1 1 1 1 1 1 1 1 1 1 1 1 1 1 1 1 1 1 1 1 1 1 1 1 1 1 1 1 1 1 1 1 1 1 1 1 1 1 1 1 1 1 1 1 1 1 1 1 1 1 1 1 1 1 1 1 1 1 1 1 1 1 1 1 1 1 1 1 1 1 1 1 1 1 1 1 1 1 1 1 1 1 1 1 1 1 1 1 1 1 1 1 1 1 1 1 1 1 1 1 1 1 1 1 1 1 1 1 1 1 1 1 1 1 1 1 1 1 1 1 1 1 1 1 1 1 1 1 1 1 1 1 1 1 1 1 1 1 1 1 1 1 1 1 1 1 1 1 1 1 1 1 1 1 1 1 1 1 1 1 1 1 1 1 1 1 1 1 1 1 1 1 1 1 1 1 1 1 1 1 1 1 1 1 1 1 1 1 1 1 1 1 1 1 1 1 1 1 1 1 1 1 1 1 1 1 1 1 1 1 1 1 1 1 1 1 1 1 1 1 1 1 1 1 1 1 1 1 1 1 1 1 1 1 1 1 1 1 1 1 1 1 1 1 1 1 1 1 1 1 1 1 1 1 1 1 1 1 1 1 1 1 1 1 1 1 1 1 1 1 1 1 1 1 1 1 1 1 1 1 1 1 1 1 1 1 1 1 1 1 1 1 1 1 1 1 1 1 1 1 1 1 1 1 1 1 1 1 1 1 1 1 1 1 1 1 1 1 1 1 1 1 1 1 1 1 1 1 1 1 1 1 1 1 1 1 1 1 1 1 1 1 1 1 1 1 1 1 1 1 1 1 1 1 1 1 1 1 1 1 1 1 1 1 1 1 1 1 1 1 1 1 1 1 1 1 1 1 1 1 1 1 1 1 1 1 1 1 1 1 1 1 1 1 1 1 1 1 1 1 1 1 1 1 1 1 1 1 1 1 1 1 1 1 1 1 1 1 1 1 1 1 1 1 1 1 1 1 1 1 1 1 1 1 1 1 1 1 1 1 1 1 1 1 1 1 1 1 1 1 1 1 1 1 1 1 1 1 1 1 1 1 1 1 1 1 1 1 1 1 1 1 1 1 1 1 1 1 1 1 1 1 1 1 1 1 1 1 1 1 1 1 1 1 1 1 1 1 1 1 1 1 1 1 1 1 1 1 1 1 1 1 1 1 1 1 1 1 1 1 1 1 1 1 1 1 1 1 1 1 1 1 1 1 1 1 1 1 1 1 1 1 1 1 1 1 1 1 1 1 1 1 1 1 1 1 1 1 1 1 1 1 1 1 1 1 1 1 1 1 1 1 1 1 1 1 1 1 1 1 1 1 1 1 1 1 1 1 1 1 1 1 1 1 1 1 1 1 1 1 1 1 1 1 1 1 1 1 1 1 1 1 1 1 1 1 1 1 1 1 1 1 1 1 1 1 1 1 1 1 1 1 1 1 1 1 1 1 1 1 1 1 1 1 1 1 1 1 1 1 1 1 1 1 1 1 1 1 1 1 1 1 1 1 1 1 1 1 1 1 1 1 1 1 1 1 1 1 1 1 1 1 1 1 1 1 1 1 1 1 1 1 1 1 1 1 1 1 1 1 1 1 1 1 1 1 1 1 1 1 1 1 1 1 1 1 1 1 1 1 1 1 1 1 1 1 1 1 1 1 1 1 1 1 1 1 1 1 1 1 1 1 1 1 1 1 1 1 1 1 1 1 1 1 1 1 1 1 1 1 1 1 1 1 1 1 1 1 1 1 1 1 1 1 1 1 1 1 1 1 1 1 1 1 1 1 1 1 1 1 1 1 1 1 1 1 1 1 1 1 1 1 1 1 1 1 1 1 1 1 1 1 1 1 1 1 1 1 1 1 1 1 1 1 1 1 1 1 1 1 1 1 1 1 1 1 1 1 1 1 1 1 1 1 1 1 1 1 1 1 1 1 1 1 1 1 1 1 1 1 1 1 1 1 1 1 1 1 1 1 1 1 1 1 1 1 1 1 1 1 1 1 1 1 1 1 1 1 1 1 1 1 1 1 1 1 1 1 1 1 1 1 1 1 1 1 1 1 1 1 1 1 1 1 1 1 1 1 1 1 1 1 1 1 1 1 1 1 1 1 1 1 1 1 1 1 1 1 1 1 1 1 1 1 1 1 1 1 1 1 1 1 1 1 1 1 1 1 1 1 1 1 1 1 1 1 1 1 1 1 1 1 1 1 1 1 1 1 1 1 1 1 1 1 1 1 1 1 1 1 1 1 1 1 1 1 1 1 1 1 1 1 1 1 1 1 1 1 1 1 1 1 1 1 1 1 1 1 1 1 1 1 1 1 1 1 1 1 1 1 1 1 1 1 1 1 1 1 1 1 1 1 1 1 1 1 1 1 1 1 1 1 1 1 1 1 1 1 1 1 1 1 1 1 1 1 1 1 1 1 1 1 1 1 1 1 1 1 1 1 1 1 1 1 1 1 1 1 1 1 1 1 1 1 1 1 1 1 1 1 1 1 1 1 1 1 1 1 1 1 1 1 1 1 1 1 1 1 1 1 1 1 1 1 1 1 1 1 1 1 1 1 1 1 1 1 1 1 1 1 1 1 1 1 1 1 1 1 1 1 1 1 1 1 1 1 1 1 1 1 1 1 1 1 1 1 1 1 1 1 1 1 1 1 1 1 1 1 1 1 1 1 1 1 1 1 1 1 1 1 1 1 1 1 1 1 1 1 1 1 1 1 1 1 1 1 1 1 1 1 1 1 1 1 1 1 1 1 1 1 1 1 1 1 1 1 1 1 1 1 1 1 1 1 1 1 1 1 1 1 1 1 1 1 1 1 1 1 1 1 1 1 1 1 1 1 1 1 1 1 1 1 1 1 1 1 1 1 1 1 1 1 1 1 1 1 1 1 1 1 1 1 1 1 1 1 1 1 1 1 1 1 1 1 1 1 1 1 1 1 1 1 1 1 1 1 1 1 1 1 1 1 1 1 1 1 1 1 1 1 1 1 1 1 1 1 1 1 1 1 1 1 1 1 1 1 1 1 1 1 1 1 1 1 1 1 1 1 1 1 1 1 1 1 1 1 1 1 1 1 1 1 1 1 1 1 1 1 1 1 1 1 1 1 1 1 1 1 1 1 1 1 1 1 1 1 1 1 1 1 1 1 1 1 1 1 1 1 1 1 1 1 1 1 1 1 1 1 1 1 1 1 1 1 1 1 1 1 1 1 1 1 1 1 1 1 1 1 1 1 1 1 1 1 1 1 1 1 1 1 1 1 1 1 1 1 1 1 1 1 1 1 1 1 1 1 1 1 1 1 1 1 1 1 1 1 1 1 1 1 1 1 1 1 1 1 1 1 1 1 1 1 1 1 1 1 1 1 1 1 1 1 1 1 1 1 1 1 1 1 1 1 1 1 1 1 1 1 1 1 1 1 1 1 1 1 1 1 1 1 1 1 1 1 1 1 1 1 1 1 1 1 1 1 1 1 1 1 1 1 1 1 1 1 1 1 1 1 1 1 1 1 1 1 1 1 1 1 1 1 1 1 1 1 1 1 1 1 1 1 1 1 1 1 1 1 1 1 1 1 1 1 1 1 1 1 1 1 1 1 1 1 1 1 1 1 1 1 1 1 1 1 1 1 1 1 1 1 1 1 1 1 1 1 1 1 1 1 1 1 1 1 1 1 1 1 1 1 1 1 1 1 1 1 1 1 1 1 1 1 1 1 1 1 1 1 1 1 1 1 1 1 1 1 1 1 1 1 1 1 1 1 1 1 1 1 1 1 1 1 1 1 1 1 1 1 1 1 1 1 1 1 1 1 1 1 1 1 1 1 1 1 1 1 1 1 1 1 1 1 1 1 1 1 1 1 1 1 1 1 1 1 1 1 1 1 1 1 1 1 1 1 1 1 1 1 1 1 1 1 1 1 1 1 1 1 1 1 1 1 1 1 1 1 1 1 1 1 1 1 1 1 1 1 1 1 1 1 1 1 1 1 1 1 1 1 1 1 1 1 1 1 1 1 1 1 1 1 1 1 1 1 1 1 1 1 1 1 1 1 1 1 1 1 1 1 1 1 1 1 1 1 1 1 1 1 1 1 1 1 1 1 1 1 1 1 1 1 1 1 1 1 1 1 1 1 1 1 1 1 1 1 1 1 1 1 1 1 1 1 1 1 1 1 1 1 1 1 1 1 1 1 1 1 1 1 1 1 1 1 1 1 1 1 1 1 1 1 1 1 1 1 1 1 1 1 1 1 1 1 1 1 1 1 1 1 1 1 1 1 1 1 1 1 1 1 1 1 1 1 1 1 1 1 1 1 1 1 1 1 1 1 1 1 1 1 1 1 1 1 1 1 1 1 1 1 1 1 1 1 1 1 1 1 1 1 1 1 1 1 1 1 1 1 1 1 1 1 1 1 1 1 1 1 1 1 1 1 1 1 1 1 1 1 1 1 1 1 1 1 1 1 1 1 1 1 1 1 1 1 1 1 1 1 1 1 1 1 1 1 1 1 1 1 1 1 1 1 1 1 1 1 1 1 1 1 1 1 1 1 1 1 1 1 1 1 1 1 1 1 1 1 1 1 1 1 1 1 1 1 1 1 1 1 1 1 1 1 1 1 1 1 1 1 1 1 1 1 1 1 1 1 1 1 1 1 1 1 1 1 1 1 1 1 1 1 1 1 1 1 1 1 1 1 1 1 1 1 1 1 1 1 1 1 1 1 1 1 1 1 1 1 1 1 1 1 1 1 1 1 1 1 1 1 1 1 1 1 1 1 1 1 1 1 1 1 1 1 1 1 1 1 1 1 1 1 1 1 1 1 1 1 1 1 1 1 1 1 1 1 1 1 1 1 1 1 1 1 1 1 1 1 1 1 1 1 1 1 1 1 1 1 1 1 1 1 1 1 1 1 1 1 1 1 1 1 1 1 1 1 1 1 1 1 1 1 1 1 1 1 1 1 1 1 1 1 1 1 1 1 1 1 1 1 1 1 1 1 1 1 1 1 1 1 1 1 1 1 1 1 1 1 1 1 1 1 1 1 1 1 1 1 1 1 1 1 1 1 1 1 1 1 1 1 1 1 1 1 1 1 1 1 1 1 1 1 1 1 1 1 1 1 1 1 1 1 1 1 1 1 1 1 1 1 1 1 1 1 1 1 1 1 1 1 1 1 1 1 1 1 1 1 1 1 1 1 1 1 1 1 1 1 1 1 1 1 1 1 1 1 1 1 1 1 1 1 1 1 1 1 1 1 1 1 1 1 1 1 1 1 1 1 1 1 1 1 1 1 1 1 1 1 1 1 1 1 1 1 1 1 1 1 1 1 1 1 1 1 1 1 1 1 1 1 1 1 1 1 1 1 1 1 1 1 1 1 1 1 1 1 1 1 1 1 1 1 1 1 1 1 1 1 1 1 1 1 1 1 1 1 1 1 1 1 1 1 1 1 1 1 1 1 1 1 1 1 1 1 1 1 1 1 1 1 1 1 1 1 1 1 1 1 1 1 1 1 1 1 1 1 1 1 1 1 1 1 1 1 1 1 1 1 1 1 1 1 1 1 1 1 1 1 1 1 1 1 1 1 1 1 1 1 1 1 1 1 1 1 1 1 1 1 1 1 1 1 1 1 1 1 1 1 1 1 1 1 1 1 1 1 1 1 1 1 1 1 1 1 1 1 1 1 1 1 1 1 1 1 1 1 1 1 1 1 1 1 1 1 1 1 1 1 1 1 1 1 1 1 1 1 1 1 1 1 1 1 1 1 1 1 1 1 1 1 1 1 1 1 1 1 1 1 1 1 1 1 1 1 1 1 1 1 1 1 1 1 1 1 1 1 1 1 1 1 1 1 1 1 1 1 1 1 1 1 1 1 1 1 1 1 1 1 1 1 1 1 1 1 1 1 1 1 1 1 1 1 1 1 1 1 1 1 1 1 1 1 1 1 1 1 1 1 1 1 1 1 1 1 1 1 1 1 1 1 1 1 1 1 1 1 1 1 1 1 1 1 1 1 1 1 1 1 1 1 1 1 1 1 1 1 1 1 1 1 1 1 1 1 1 1 1 1 1 1 1 1 1 1 1 1 1 1 1 1 1 1 1 1 1 1 1 1 1 1 1 1 1 1 1 1 1 1 1 1 1 1 1 1 1 1 1 1 1 1 1 1 1 1 1 1 1 1 1 1 1 1 1 1 1 1 1 1 1 1 1 1 1 1 1 1 1 1 1 1 1 1 1 1 1 1 1 1 1 1 1 1 1 1 1 1 1 1 1 1 1 1 1 1 1 1 1 1 1 1 1 1 1 1 1 1 1 1 1 1 1 1 1 1 1 1 1 1 1 1 1 1 1 1 1 1 1 1 1 1 1 1 1 1 1 1 1 1 1 1 1 1 1 1 1 1 1 1 1 1 1 1 1 1 1 1 1 1 1 1 1 1 1 1 1 1 1 1 1 1 1 1 1 1 1 1 1 1 1 1 1 1 1 1 1 1 1 1 1 1 1 1 1 1 1 1 1 1 1 1 1 1 1 1 1 1 1 1 1 1 1 1 1 1 1 1 1 1 1 1 1 1 1 1 1 1 1 1 1 1 1 1 1 1 1 1 1 1 1 1 1 1 1 1 1 1 1 1 1 1 1 1 1 1 1 1 1 1 1 1 1 1 1 1 1 1 1 1 1 1 1 1 1 1 1 1 1 1 1 1 1 1 1 1 1 1 1 1 1 1 1 1 1 1 1 1 1 1 1 1 1 1 1 1 1 1 1 1 1 1 1 1 1 1 1 1 1 1 1 1 1 1 1 1 1 1 1 1 1 1 1 1 1 1 1 1 1 1 1 1 1 1 1 1 1 1 1 1 1 1 1 1 1 1 1 1 1 1 1 1 1 1 1 1 1 1 1 1 1 1 1 1 1 1 1 1 1 1 1 1 1 1 1 1 1 1 1 1 1 1 1 1 1 1 1 1 1 1 1 1 1 1 1 1 1 1 1 1 1 1 1 1 1 1 1 1 1 1 1 1 1 1 1 1 1 1 1 1 1 1 1 1 1 1 1 1 1 1 1 1 1 1 1 1 1 1 1 1 1 1 1 1 1 1 1 1 1 1 1 1 1 1 1 1 1 1 1 1 1 1 1 1 1 1 1 1 1 1 1 1 1 1 1 1 1 1 1 1 1 1 1 1 1 1 1 1 1 1 1 1 1 1 1 1 1 1 1 1 1 1 1 1 1 1 1 1 1 1 1 1 1 1 1 1 1 1 1 1 1 1 1 1 1 1 1 1 1 1 1 1 1 1 1 1 1 1 1 1 1 1 1 1 1 1 1 1 1 1 1 1 1 1 1 1 1 1 1 1 1 1 1 1 1 1 1 1 1 1 1 1 1 1 1 1 1 1 1 1 1 1 1 1 1 1 1 1 1 1 1 1 1 1 1 1 1 1 1 1 1 1 1 1 1 1 1 1 1 1 1 1 1 1 1 1 1 1 1 1 1 1 1 1 1 1 1 1 1 1 1 1 1 1 1 1 1 1 1 1 1 1 1 1 1 1 1 1 1 1 1 1 1 1 1 1 1 1 1 1 1 1 1 1 1 1 1 1 1 1 1 1 1 1 1 1 1 1 1 1 1 1 1 1 1 1 1 1 1 1 1 1 1 1 1 1 1 1 1 1 1 1 1 1 1 1 1 1 1 1 1 1 1 1 1 1 1 1 1 1 1 1 1 1 1 1 1 1 1 1 1 1 1 1 1 1 1 1 1 1 1 1 1 1 1 1 1 1 1 1 1 1 1 1 1 1 1 1 1 1 1 1 1 1 1 1 1 1 1 1 1 1 1 1 1 1 1 1 1 1 1 1 1 1 1 1 1 1 1 1 1 1 1 1 1 1 1 1 1 1 1 1 1 1 1 1 1 1 1 1 1 1 1 1 1 1 1 1 1 1 1 1 1 1 1 1 1 1 1 1 1 1 1 1 1 1 1 1 1 1 1 1 1 1 1 1 1 1 1 1 1 1 1 1 1 1 1 1 1 1 1 1 1 1 1 1 1 1 1 1 1 1 1 1 1 1 1 1 1 1 1 1 1 1 1 1 1 1 1 1 1 1 1 1 1 1 1 1 1 1 1 1 1 1 1 1 1 1 1 1 1 1 1 1 1 1 1 1 1 1 1 1 1 1 1 1 1 1 1 1 1 1 1 1 1 1 1 1 1 1 1 1 1 1 1 1 1 1 1 1 1 1 1 1 1 1 1 1 1 1 1 1 1 1 1 1 1 1 1 1 1 1 1 1 1 1 1 1 1 1 1 1 1 1 1 1 1 1 1 1 1 1 1 1 1 1 1 1 1 1 1 1 1 1 1 1 1 1 1 1 1 1 1 1 1 1 1 1 1 1 1 1 1 1 1 1 1 1 1 1 1 1 1 1 1 1 1 1 1 1 1 1 1 1 1 1 1 1 1 1 1 1 1 1 1 1 1 1 1 1 1 1 1 1 1 1 1 1 1 1 1 1 1 1 1 1 1 1 1 1 1 1 1 1 1 1 1 1 1 1 1 1 1 1 1 1 1 1 1 1 1 1 1 1 1 1 1 1 1 1 1 1 1 1 1 1 1 1 1 1 1 1 1 1 1 1 1 1 1 1 1 1 1 1 1 1 1 1 1 1 1 1 1 1 1 1 1 1 1 1 1 1 1 1 1 1 1 1 1 1 1 1 1 1 1 1 1 1 1 1 1 1 1 1 1 1 1 1 1 1 1 1 1 1 1 1 1 1 1 1 1 1 1 1 1 1 1 1 1 1 1 1 1 1 1 1 1 1 1 1 1 1 1 1 1 1 1 1 1 1 1 1 1 1 1 1 1 1 1 1 1 1 1 1 1 1 1 1 1 1 1 1 1 1 1 1 1 1 1 1 1 1 1 1 1 1 1 1 1 1 1 1 1 1 1 1 1 1 1 1 1 1 1 1 1 1 1 1 1 1 1 1 1 1 1 1 1 1 1 1 1 1 1 1 1 1 1 1 1 1 1 1 1 1 1 1 1 1 1 1 1 1 1 1 1 1 1 1 1 1 1 1 1 1 1 1 1 1 1 1 1 1 1 1 1 1 1 1 1 1 1 1 1 1 1 1 1 1 1 1 1 1 1 1 1 1 1 1 1 1 1 1 1 1 1 1 1 1 1 1 1 1 1 1 1 1 1 1 1 1 1 1 1 1 1 1 1 1 1 1 1 1 1 1 1 1 1 1 1 1 1 1 1 1 1 1 1 1 1 1 1 1 1 1 1 1 1 1 1 1 1 1 1 1 1 1 1 1 1 1 1 1 1 1 1 1 1 1 1 1 1 1 1 1 1 1 1 1 1 1 1 1 1 1 1 1 1 1 1 1 1 1 1 1 1 1 1 1 1 1 1 1 1 1 1 1 1 1 1 1 1 1 1 1 1 1 1 1 1 1 1 1 1 1 1 1 1 1 1 1 1 1 1 1 1 1 1 1 1 1 1 1 1 1 1 1 1 1 1 1 1 1 1 1 1 1 1 1 1 1 1 1 1 1 1 1 1 1 1 1 1 1 1 1 1 1 1 1 1 1 1 1 1 1 1 1 1 1 1 1 1 1 1 1 1 1 1 1 1 1 1 1 1 1 1 1 1 1 1 1 1 1 1 1 1 1 1 1 1 1 1 1 1 1 1 1 1 1 1 1 1 1 1 1 1 1 1 1 1 1 1 1 1 1 1 1 1 1 1 1 1 1 1 1 1 1 1 1 1 1 1 1 1 1 1 1 1 1 1 1 1 1 1 1 1 1 1 1 1 1 1 1 1 1 1 1 1 1 1 1 1 1 1 1 1 1 1 1 1 1 1 1 1 1 1 1 1 1 1 1 1 1 1 1 1 1 1 1 1 1 1 1 1 1 1 1 1 1 1 1 1 1 1 1 1 1 1 1 1 1 1 1 1 1 1 1 1 1 1 1 1 1 1 1 1 1 1 1 1 1 1 1 1 1 1 1 1 1 1 1 1 1 1 1 1 1 1 1 1 1 1 1 1 1 1 1 1 1 1 1 1 1 1 1 1 1 1 1 1 1 1 1 1 1 1 1 1 1 1 1 1 1 1 1 1 1 1 1 1 1 1 1 1 1 1 1 1 1 1 1 1 1 1 1 1 1 1 1 1 1 1 1 1 1 1 1 1 1 1 1 1 1 1 1 1 1 1 1 1 1 1 1 1 1 1 1 1 1 1 1 1 1 1 1 1 1 1 1 1 1 1 1 1 1 1 1 1 1 1 1 1 1 1 1 1 1 1 1 1 1 1 1 1 1 1 1 1 1 1 1 1 1 1 1 1 1 1 1 1 1 1 1 1 1 1 1 1 1 1 1 1 1 1 1 1 1 1 1 1 1 1 1 1 1 1 1 1 1 1 1 1 1 1 1 1 1 1 1 1 1 1 1 1 1 1 1 1 1 1 1 1 1 1 1 1 1 1 1 1 1 1 1 1 1 1 1 1 1 1 1 1 1 1 1 1 1 1 1 1 1 1 1 1 1 1 1 1 1 1 1 1 1 1 1 1 1 1 1 1 1 1 1 1 1 1 1 1 1 1 1 1 1 1 1 1 1 1 1 1 1 1 1 1 1 1 1 1 1 1 1 1 1 1 1 1 1 1 1 1 1 1 1 1 1 1 1 1 1 1 1 1 1 1 1 1 1 1 1 1 1 1 1 1 1 1 1 1 1 1 1 1 1 1 1 1 1 1 1 1 1 1 1 1 1 1 1 1 1 1 1 1 1 1 1 1 1 1 1 1 1 1 1 1 1 1 1 1 1 1 1 1 1 1 1 1 1 1 1 1 1 1 1 1 1 1 1 1 1 1 1 1 1 1 1 1 1 1 1 1 1 1 1 1 1 1 1 1 1 1 1 1 1 1 1 1 1 1 1 1 1 1 1 1 1 1 1 1 1 1 1 1 1 1 1 1 1 1 1 1 1 1 1 1 1 1 1 1 1 1 1 1 1 1 1 1 1 1 1 1 1 1 1 1 1 1 1 1 1 1 1 1 1 1 1 1 1 1 1 1 1 1 1 1 1 1 1 1 1 1 1 1 1 1 1 1 1 1 1 1 1 1 1 1 1 1 1 1 1 1 1 1 1 1 1 1 1 1 1 1 1 1 1 1 1 1 1 1 1 1 1 1 1 1 1 1 1 1 1 1 1 1 1 1 1 1 1 1 1 1 1 1 1 1 1 1 1 1 1 1 1 1 1 1 1 1 1 1 1 1 1 1 1 1 1 1 1 1 1 1 1 1 1 1 1 1 1 1 1 1 1 1 1 1 1 1 1 1 1 1 1 1 1 1 1 1 1 1 1 1 1 1 1 1 1 1 1 1 1 1 1 1 1 1 1 1 1 1 1 1 1 1 1 1 1 1 1 1 1 1 1 1 1 1 1 1 1 1 1 1 1 1 1 1 1 1 1 1 1 1 1 1 1 1 1 1 1 1 1 1 1 1 1 1 1 1 1 1 1 1 1 1 1 1 1 1 1 1 1 1 1 1 1 1 1 1 1 1 1 1 1 1 1 1 1 1 1 1 1 1 1 1 1 1 1 1 1 1 1 1 1 1 1 1 1 1 1 1 1 1 1 1 1 1 1 1 1 1 1 1 1 1 1 1 1 1 1 1 1 1 1 1 1 1 1 1 1 1 1 1 1 1 1 1 1 1 1 1 1 1 1 1 1 1 1 1 1 1 1 1 1 1 1 1 1 1 1 1 1 1 1 1 1 1 1 1 1 1 1 1 1 1 1 1 1 1 1 1 1 1 1 1 1 1 1 1 1 1 1 1 1 1 1 1 1 1 1 1 1 1 1 1 1 1 1 1 1 1 1 1 1 1 1 1 1 1 1 1 1 1 1 1 1 1 1 1 1 1 1 1 1 1 1 1 1 1 1 1 1 1 1 1 1 1 1 1 1 1 1 1 1 1 1 1 1 1 1 1 1 1 1 1 1 1 1 1 1 1 1 1 1 1 1 1 1 1 1 1 1 1 1 1 1 1 1 1 1 1 1 1 1 1 1 1 1 1 1 1 1 1 1 1 1 1 1 1 1 1 1 1 1 1 1 1 1 1 1 1 1 1 1 1 1 1 1 1 1 1 1 1 1 1 1 1 1 1 1 1 1 1 1 1 1 1 1 1 1 1 1 1 1 1 1 1 1 1 1 1 1 1 1 1 1 1 1 1 1 1 1 1 1 1 1 1 1 1 1 1 1 1 1 1 1 1 1 1 1 1 1 1 1 1 1 1 1 1 1 1 1 1 1 1 1 1 1 1 1 1 1 1 1 1 1 1 1 1 1 1 1 1 1 1 1 1 1 1 1 1 1 1 1 1 1 1 1 1 1 1 1 1 1 1 1 1 1 1 1 1 1 1 1 1 1 1 1 1 1 1 1 1 1 1 1 1 1 1 1 1 1 1 1 1 1 1 1 1 1 1 1 1 1 1 1 1 1 1 1 1 1 1 1 1 1 1 1 1 1 1 1 1 1 1 1 1 1 1 1 1 1 1 1 1 1 1 1 1 1 1 1 1 1 1 1 1 1 1 1 1 1 1 1 1 1 1 1 1 1 1 1 1 1 1 1 1 1 1 1 1 1 1 1 1 1 1 1 1 1 1 1 1 1 1 1 1 1 1 1 1 1 1 1 1 1 1 1 1 1 1 1 1 1 1 1 1 1 1 1 1 1 1 1 1 1 1 1 1 1 1 1 1 1 1 1 1 1 1 1 1 1 1 1 1 1 1 1 1 1 1 1 1 1 1 1 1 1 1 1 1 1 1 1 1 1 1 1 1 1 1 1 1 1 1 1 1 1 1 1 1 1 1 1 1 1 1 1 1 1 1 1 1 1 1 1 1 1 1 1 1 1 1 1 1 1 1 1 1 1 1 1 1 1 1 1 1 1 1 1 1 1 1 1 1 1 1 1 1 1 1 1 1 1 1 1 1 1 1 1 1 1 1 1 1 1 1 1 1 1 1 1 1 1 1 1 1 1 1 1 1 1 1 1 1 1 1 1 1 1 1 1 1 1 1 1 1 1 1 1 1 1 1 1 1 1 1 1 1 1 1 1 1 1 1 1 1 1 1 1 1 1 1 1 1 1 1 1 1 1 1 1 1 1 1 1 1 1 1 1 1 1 1 1 1 1 1 1 1 1 1 1 1 1 1 1 1 1 1 1 1 1 1 1 1 1 1 1 1 1 1 1 1 1 1 1 1 1 1 1 1 1 1 1 1 1 1 1 1 1 1 1 1 1 1 1 1 1 1 1 1 1 1 1 1 1 1 1 1 1 1 1 1 1 1 1 1 1 1 1 1 1 1 1 1 1 1 1 1 1 1 1 1 1 1 1 1 1 1 1 1 1 1 1 1 1 1 1 1 1 1 1 1 1 1 1 1 1 1 1 1 1 1 1 1 1 1 1 1 1 1 1 1 1 1 1 1 1 1 1 1 1 1 1 1 1 1 1 1 1 1 1 1 1 1 1 1 1 1 1 1 1 1 1 1 1 1 1 1 1 1 1 1 1 1 1 1 1 1 1 1 1 1 1 1 1 1 1 1 1 1 1 1 1 1 1 1 1 1 1 1 1 1 1 1 1 1 1 1 1 1 1 1 1 1 1 1 1 1 1 1 1 1 1 1 1 1 1 1 1 1 1 1 1 1 1 1 1 1 1 1 1 1 1 1 1 1 1 1 1 1 1 1 1 1 1 1 1 1 1 1 1 1 1 1 1 1 1 1 1 1 1 1 1 1 1 1 1 1 1 1 1 1 1 1 1 1 1 1 1 1 1 1 1 1 1 1 1 1 1 1 1 1 1 1 1 1 1 1 1 1 1 1 1 1 1 1 1 1 1 1 1 1 1 1 1 1 1 1 1 1 1 1 1 1 1 1 1 1 1 1 1 1 1 1 1 1 1 1 1 1 1 1 1 1 1 1 1 1 1 1 1 1 1 1 1 1 1 1 1 1 1 1 1 1 1 1 1 1 1 1 1 1 1 1 1 1 1 1 1 1 1 1 1 1 1 1 1 1 1 1 1 1 1 1 1 1 1 1 1 1 1 1 1 1 1 1 1 1 1 1 1 1 1 1 1 1 1 1 1 1 1 1 1 1 1 1 1 1 1 1 1 1 1 1 1 1 1 1 1 1 1 1 1 1 1 1 1 1 1 1 1 1 1 1 1 1 1 1 1 1 1 1 1 1 1 1 1 1 1 1 1 1 1 1 1 1 1 1 1 1 1 1 1 1 1 1 1 1 1 1 1 1 1 1 1 1 1 1 1 1 1 1 1 1 1 1 1 1 1 1 1 1 1 1 1 1 1 1 1 1 1 1 1 1 1 1 1 1 1 1 1 1 1 1 1 1 1 1 1 1 1 1 1 1 1 1 1 1 1 1 1 1 1 1 1 1 1 1 1 1 1 1 1 1 1 1 1 1 1 1 1 1 1 1 1 1 1 1 1 1 1 1 1 1 1 1 1 1 1 1 1 1 1 1 1 1 1 1 1 1 1 1 1 1 1 1 1 1 1 1 1 1 1 1 1 1 1 1 1 1 1 1 1 1 1 1 1 1 1 1 1 1 1 1 1 1 1 1 1 1 1 1 1 1 1 1 1 1 1 1 1 1 1 1 1 1 1 1 1 1 1 1 1 1 1 1 1 1 1 1 1 1 1 1 1 1 1 1 1 1 1 1 1 1 1 1 1 1 1 1 1 1 1 1 1 1 1 1 1 1 1 1 1 1 1 1 1 1 1 1 1 1 1 1 1 1 1 1 1 1 1 1 1 1 1 1 1 1 1 1 1 1 1 1 1 1 1 1 1 1 1 1 1 1 1 1 1 1 1 1 1 1 1 1 1 1 1 1 1 1 1 1 1 1 1 1 1 1 1 1 1 1 1 1 1 1 1 1 1 1 1 1 1 1 1 1 1 1 1 1 1 1 1 1 1 1 1 1 1 1 1 1 1 1 1 1 1 1 1 1 1 1 1 1 1 1 1 1 1 1 1 1 1 1 1 1 1 1 1 1 1 1 1 1 1 1 1 1 1 1 1 1 1 1 1 1 1 1 1 1 1 1 1 1 1 1 1 1 1 1 1 1 1 1 1 1 1 1 1 1 1 1 1 1 1 1 1 1 1 1 1 1 1 1 1 1 1 1 1 1 1 1 1 1 1 1 1 1 1 1 1 1 1 1 1 1 1 1 1 1 1 1 1 1 1 1 1 1 1 1 1 1 1 1 1 1 1 1 1 1 1 1 1 1 1 1 1 1 1 1 1 1 1 1 1 1 1 1 1 1 1 1 1 1 1 1 1 1 1 1 1 1 1 1 1 1 1 1 1 1 1 1 1 1 1 1 1 1 1 1 1 1 1 1 1 1 1 1 1 1 1 1 1 1 1 1 1 1 1 1 1 1 1 1 1 1 1 1 1 1 1 1 1 1 1 1 1 1 1 1 1 1 1 1 1 1 1 1 1 1 1 1 1 1 1 1 1 1 1 1 1 1 1 1 1 1 1 1 1 1 1 1 1 1 1 1 1 1 1 1 1 1 1 1 1 1 1 1 1 1 1 1 1 1 1 1 1 1 1 1 1 1 1 1 1 1 1 1 1 1 1 1 1 1 1 1 1 1 1 1 1 1 1 1 1 1 1 1 1 1 1 1 1 1 1 1 1 1 1 1 1 1 1 1 1 1 1 1 1 1 1 1 1 1 1 1 1 1 1 1 1 1 1 1 1 1 1 1 1 1 1 1 1 1 1 1 1 1 1 1 1 1 1 1 1 1 1 1 1 1 1 1 1 1 1 1 1 1 1 1 1 1 1 1 1 1 1 1 1 1 1 1 1 1 1 1 1 1 1 1 1 1 1 1 1 1 1 1 1 1 1 1 1 1 1 1 1 1 1 1 1 1 1 1 1 1 1 1 1 1 1 1 1 1 1 1 1 1 1 1 1 1 1 1 1 1 1 1 1 1 1 1 1 1 1 1 1 1 1 1 1 1 1 1 1 1 1 1 1 1 1 1 1 1 1 1 1 1 1 1 1 1 1 1 1 1 1 1 1 1 1 1 1 1 1 1 1 1 1 1 1 1 1 1 1 1 1 1 1 1 1 1 1 1 1 1 1 1 1 1 1 1 1 1 1 1 1 1 1 1 1 1 1 1 1 1 1 1 1 1 1 1 1 1 1 1 1 1 1 1 1 1 1 1 1 1 1 1 1 1 1 1 1 1 1 1 1 1 1 1 1 1 1 1 1 1 1 1 1 1 1 1 1 1 1 1 1 1 1 1 1 1 1 1 1 1 1 1 1 1 1 1 1 1 1 1 1 1 1 1 1 1 1 1 1 1 1 1 1 1 1 1 1 1 1 1 1 1 1 1 1 1 1 1 1 1 1 1 1 1 1 1 1 1 1 1 1 1 1 1 1 1 1 1 1 1 1 1 1 1 1 1 1 1 1 1 1 1 1 1 1 1 1 1 1 1 1 1 1 1 1 1 1 1 1 1 1 1 1 1 1 1 1 1 1 1 1 1 1 1 1 1 1 1 1 1 1 1 1 1 1 1 1 1 1 1 1 1 1 1 1 1 1 1 1 1 1 1 1 1 1 1 1 1 1 1 1 1 1 1 1 1 1 1 1 1 1 1 1 1 1 1 1 1 1 1 1 1 1 1 1 1 1 1 1 1 1 1 1 1 1 1 1 1 1 1 1 1 1 1 1 1 1 1 1 1 1 1 1 1 1 1 1 1 1 1 1 1 1 1 1 1 1 1 1 1 1 1 1 1 1 1 1 1 1 1 1 1 1 1 1 1 1 1 1 1 1 1 1 1 1 1 1 1 1 1 1 1 1 1 1 1 1 1 1 1 1 1 1 1 1 1 1 1 1 1 1 1 1 1 1 1 1 1 1 1 1 1 1 1 1 1 1 1 1 1 1 1 1 1 1 1 1 1 1 1 1 1 1 1 1 1 1 1 1 1 1 1 1 1 1 1 1 1 1 1 1 1 1 1 1 1 1 1 1 1 1 1 1 1 1 1 1 1 1 1 1 1 1 1 1 1 1 1 1 1 1 1 1 1 1 1 1 1 1 1 1 1 1 1 1 1 1 1 1 1 1 1 1 1 1 1 1 1 1 1 1 1 1 1 1 1 1 1 1 1 1 1 1 1 1 1 1 1 1 1 1 1 1 1 1 1 1 1 1 1 1 1 1 1 1 1 1 1 1 1 1 1 1 1 1 1 1 1 1 1 1 1 1 1 1 1 1 1 1 1 1 1 1 1 1 1 1 1 1 1 1 1 1 1 1 1 1 1 1 1 1 1 1 1 1 1 1 1 1 1 1 1 1 1 1 1 1 1 1 1 1 1 1 1 1 1 1 1 1 1 1 1 1 1 1 1 1 1 1 1 1 1 1 1 1 1 1 1 1 1 1 1 1 1 1 1 1 1 1 1 1 1 1 1 1 1 1 1 1 1 1 1 1 1 1 1 1 1 1 1 1 1 1 1 1 1 1 1 1 1 1 1 1 1 1 1 1 1 1 1 1 1 1 1 1 1 1 1 1 1 1 1 1 1 1 1 1 1 1 1 1 1 1 1 1 1 1 1 1 1 1 1 1 1 1 1 1 1 1 1 1 1 1 1 1 1 1 1 1 1 1 1 1 1 1 1 1 1 1 1 1 1 1 1 1 1 1 1 1 1 1 1 1 1 1 1 1 1 1 1 1 1 1 1 1 1 1 1 1 1 1 1 1 1 1 1 1 1 1 1 1 1 1 1 1 1 1 1 1 1 1 1 1 1 1 1 1 1 1 1 1 1 1 1 1 1 1 1 1 1 1 1 1 1 1 1 1 1 1 1 1 1 1 1 1 1 1 1 1 1 1 1 1 1 1 1 1 1 1 1 1 1 1 1 1 1 1 1 1 1 1 1 1 1 1 1 1 1 1 1 1 1 1 1 1 1 1 1 1 1 1 1 1 1 1 1 1 1 1 1 1 1 1 1 1 1 1 1 1 1 1 1 1 1 1 1 1 1 1 1 1 1 1 1 1 1 1 1 1 1 1 1 1 1 1 1 1 1 1 1 1 1 1 1 1 1 1 1 1 1 1 1 1 1 1 1 1 1 1 1 1 1 1 1 1 1 1 1 1 1 1 1 1 1 1 1 1 1 1 1 1 1 1 1 1 1 1 1 1 1 1 1 1 1 1 1 1 1 1 1 1 1 1 1 1 1 1 1 1 1 1 1 1 1 1 1 1 1 1 1 1 1 1 1 1 1 1 1 1 1 1 1 1 1 1 1 1 1 1 1 1 1 1 1 1 1 1 1 1 1 1 1 1 1 1 1 1 1 1 1 1 1 1 1 1 1 1 1 1 1 1 1 1 1 1 1 1 1 1 1 1 1 1 1 1 1 1 1 1 1 1 1 1 1 1 1 1 1 1 1 1 1 1 1 1 1 1 1 1 1 1 1 1 1 1 1 1 1 1 1 1 1 1 1 1 1 1 1 1 1 1 1 1 1 1 1 1 1 1 1 1 1 1 1 1 1 1 1 1 1 1 1 1 1 1 1 1 1 1 1 1 1 1 1 1 1 1 1 1 1 1 1 1 1 1 1 1 1 1 1 1 1 1 1 1 1 1 1 1 1 1 1 1 1 1 1 1 1 1 1 1 1 1 1 1 1 1 1 1 1 1 1 1 1 1 1 1 1 1 1 1 1 1 1 1 1 1 1 1 1 1 1 1 1 1 1 1 1 1 1 1 1 1 1 1 1 1 1 1 1 1 1 1 1 1 1 1 1 1 1 1 1 1 1 1 1 1 1 1 1 1 1 1 1 1 1 1 1 1 1 1 1 1 1 1 1 1 1 1 1 1 1 1 1 1 1 1 1 1 1 1 1 1 1 1 1 1 1 1 1 1 1 1 1 1 1 1 1 1 1 1 1 1 1 1 1 1 1 1 1 1 1 1 1 1 1 1 1 1 1 1 1 1 1 1 1 1 1 1 1 1 1 1 1 1 1 1 1 1 1 1 1 1 1 1 1 1 1 1 1 1 1 1 1 1 1 1 1 1 1 1 1 1 1 1 1 1 1 1 1 1 1 1 1 1 1 1 1 1 1 1 1 1 1 1 1 1 1 1 1 1 1 1 1 1 1 1 1 1 1 1 1 1 1 1 1 1 1 1 1 1 1 1 1 1 1 1 1 1 1 1 1 1 1 1 1 1 1 1 1 1 1 1 1 1 1 1 1 1 1 1 1 1 1 1 1 1 1 1 1 1 1 1 1 1 1 1 1 1 1 1 1 1 1 1 1 1 1 1 1 1 1 1 1 1 1 1 1 1 1 1 1 1 1 1 1 1 1 1 1 1 1 1 1 1 1 1 1 1 1 1 1 1 1 1 1 1 1 1 1 1 1 1 1 1 1 1 1 1 1 1 1 1 1 1 1 1 1 1 1 1 1 1 1 1 1 1 1 1 1 1 1 1 1 1 1 1 1 1 1 1 1 1 1 1 1 1 1 1 1 1 1 1 1 1 1 1 1 1 1 1 1 1 1 1 1 1 1 1 1 1 1 1 1 1 1 1 1 1 1 1 1 1 1 1 1 1 1 1 1 1 1 1 1 1 1 1 1 1 1 1 1 1 1 1 1 1 1 1 1 1 1 1 1 1 1 1 1 1 1 1 1 1 1 1 1 1 1 1 1 1 1 1 1 1 1 1 1 1 1 1 1 1 1 1 1 1 1 1 1 1 1 1 1 1 1 1 1 1 1 1 1 1 1 1 1 1 1 1 1 1 1 1 1 1 1 1 1 1 1 1 1 1 1 1 1 1 1 1 1 1 1 1 1 1 1 1 1 1 1 1 1 1 1 1 1 1 1 1 1 1 1 1 1 1 1 1 1 1 1 1 1 1 1 1 1 1 1 1 1 1 1 1 1 1 1 1 1 1 1 1 1 1 1 1 1 1 1 1 1 1 1 1 1 1 1 1 1 1 1 1 1 1 1 1 1 1 1 1 1 1 1 1 1 1 1 1 1 1 1 1 1 1 1 1 1 1 1 1 1 1 1 1 1 1 1 1 1 1 1 1 1 1 1 1 1 1 1 1 1 1 1 1 1 1 1 1 1 1 1 1 1 1 1 1 1 1 1 1 1 1 1 1 1 1 1 1 1 1 1 1 1 1 1 1 1 1 1 1 1 1 1 1 1 1 1 1 1 1 1 1 1 1 1 1 1 1 1 1 1 1 1 1 1 1 1 1 1 1 1 1 1 1 1 1 1 1 1 1 1 1 1 1 1 1 1 1 1 1 1 1 1 1 1 1 1 1 1 1 1 1 1 1 1 1 1 1 1 1 1 1 1 1 1 1 1 1 1 1 1 1 1 1 1 1 1 1 1 1 1 1 1 1 1 1 1 1 1 1 1 1 1 1 1 1 1 1 1 1 1 1 1 1 1 1 1 1 1 1 1 1 1 1 1 1 1 1 1 1 1 1 1 1 1 1 1 1 1 1 1 1 1 1 1 1 1 1 1 1 1 1 1 1 1 1 1 1 1 1 1 1 1 1 1 1 1 1 1 1 1 1 1 1 1 1 1 1 1 1 1 1 1 1 1 1 1 1 1 1 1 1 1 1 1 1 1 1 1 1 1 1 1 1 1 1 1 1 1 1 1 1 1 1 1 1 1 1 1 1 1 1 1 1 1 1 1 1 1 1 1 1 1 1 1 1 1 1 1 1 1 1 1 1 1 1 1 1 1 1 1 1 1 1 1 1 1 1 1 1 1 1 1 1 1 1 1 1 1 1 1 1 1 1 1 1 1 1 1 1 1 1 1 1 1 1 1 1 1 1 1 1 1 1 1 1 1 1 1 1 1 1 1 1 1 1 1 1 1 1 1 1 1 1 1 1 1 1 1 1 1 1 1 1 1 1 1 1 1 1 1 1 1 1 1 1 1 1 1 1 1 1 1 1 1 1 1 1 1 1 1 1 1 1 1 1 1 1 1 1 1 1 1 1 1 1 1 1 1 1 1 1 1 1 1 1 1 1 1 1 1 1 1 1 1 1 1 1 1 1 1 1 1 1 1 1 1 1 1 1 1 1 1 1 1 1 1 1 1 1 1 1 1 1 1 1 1 1 1 1 1 1 1 1 1 1 1 1 1 1 1 1 1 1 1 1 1 1 1 1 1 1 1 1 1 1 1 1 1 1 1 1 1 1 1 1 1 1 1 1 1 1 1 1 1 1 1 1 1 1 1 1 1 1 1 1 1 1 1 1 1 1 1 1 1 1 1 1 1 1 1 1 1 1 1 1 1 1 1 1 1 1 1 1 1 1 1 1 1 1 1 1 1 1 1 1 1 1 1 1 1 1 1 1 1 1 1 1 1 1 1 1 1 1 1 1 1 1 1 1 1 1 1 1 1 1 1 1 1 1 1 1 1 1 1 1 1 1 1 1 1 1 1 1 1 1 1 1 1 1 1 1 1 1 1 1 1 1 1 1 1 1 1 1 1 1 1 1 1 1 1 1 1 1 1 1 1 1 1 1 1 1 1 1 1 1 1 1 1 1 1 1 1 1 1 1 1 1 1 1 1 1 1 1 1 1 1 1 1 1 1 1 1 1 1 1 1 1 1 1 1 1 1 1 1 1 1 1 1 1 1 1 1 1 1 1 1 1 1 1 1 1 1 1 1 1 1 1 1 1 1 1 1 1 1 1 1 1 1 1 1 1 1 1 1 1 1 1 1 1 1 1 1 1 1 1 1 1 1 1 1 1 1 1 1 1 1 1 1 1 1 1 1 1 1 1 1 1 1 1 1 1 1 1 1 1 1 1 1 1 1 1 1 1 1 1 1 1 1 1 1 1 1 1 1 1 1 1 1 1 1 1 1 1 1 1 1 1 1 1 1 1 1 1 1 1 1 1 1 1 1 1 1 1 1 1 1 1 1 1 1 1 1 1 1 1 1 1 1 1 1 1 1 1 1 1 1 1 1 1 1 1 1 1 1 1 1 1 1 1 1 1 1 1 1 1 1 1 1 1 1 1 1 1 1 1 1 1 1 1 1 1 1 1 1 1 1 1 1 1 1 1 1 1 1 1 1 1 1 1 1 1 1 1 1 1 1 1 1 1 1 1 1 1 1 1 1 1 1 1 1 1 1 1 1 1 1 1 1 1 1 1 1 1 1 1 1 1 1 1 1 1 1 1 1 1 1 1 1 1 1 1 1 1 1 1 1 1 1 1 1 1 1 1 1 1 1 1 1 1 1 1 1 1 1 1 1 1 1 1 1 1 1 1 1 1 1 1 1 1 1 1 1 1 1 1 1 1 1 1 1 1 1 1 1 1 1 1 1 1 1 1 1 1 1 1 1 1 1 1 1 1 1 1 1 1 1 1 1 1 1 1 1 1 1 1 1 1 1 1 1 1 1 1 1 1 1 1 1 1 1 1 1 1 1 1 1 1 1 1 1 1 1 1 1 1 1 1 1 1 1 1 1 1 1 1 1 1 1 1 1 1 1 1 1 1 1 1 1 1 1 1 1 1 1 1 1 1 1 1 1 1 1 1 1 1 1 1 1 1 1 1 1 1 1 1 1 1 1 1 1 1 1 1 1 1 1 1 1 1 1 1 1 1 1 1 1 1 1 1 1 1 1 1 1 1 1 1 1 1 1 1 1 1 1 1 1 1 1 1 1 1 1 1 1 1 1 1 1 1 1 1 1 1 1 1 1 1 1 1 1 1 1 1 1 1 1 1 1 1 1 1 1 1 1 1 1 1 1 1 1 1 1 1 1 1 1 1 1 1 1 1 1 1 1 1 1 1 1 1 1 1 1 1 1 1 1 1 1 1 1 1 1 1 1 1 1 1 1 1 1 1 1 1 1 1 1 1 1 1 1 1 1 1 1 1 1 1 1 1 1 1 1 1 1 1 1 1 1 1 1 1 1 1 1 1 1 1 1 1 1 1 1 1 1 1 1 1 1 1 1 1 1 1 1 1 1 1 1 1 1 1 1 1 1 1 1 1 1 1 1 1 1 1 1 1 1 1 1 1 1 1 1 1 1 1 1 1 1 1 1 1 1 1 1 1 1 1 1 1 1 1 1 1 1 1 1 1 1 1 1 1 1 1 1 1 1 1 1 1 1 1 1 1 1 1 1 1 1 1 1 1 1 1 1 1 1 1 1 1 1 1 1 1 1 1 1 1 1 1 1 1 1 1 1 1 1 1 1 1 1 1 1 1 1 1 1 1 1 1 1 1 1 1 1 1 1 1 1 1 1 1 1 1 1 1 1 1 1 1 1 1 1 1 1 1 1 1 1 1 1 1 1 1 1 1 1 1 1 1 1 1 1 1 1 1 1 1 1 1 1 1 1 1 1 1 1 1 1 1 1 1 1 1 1 1 1 1 1 1 1 1 1 1 1 1 1 1 1 1 1 1 1 1 1 1 1 1 1 1 1 1 1 1 1 1 1 1 1 1 1 1 1 1 1 1 1 1 1 1 1 1 1 1 1 1 1 1 1 1 1 1 1 1 1 1 1 1 1 1 1 1 1 1 1 1 1 1 1 1 1 1 1 1 1 1 1 1 1 1 1 1 1 1 1 1 1 1 1 1 1 1 1 1 1 1 1 1 1 1 1 1 1 1 1 1 1 1 1 1 1 1 1 1 1 1 1 1 1 1 1 1 1 1 1 1 1 1 1 1 1 1 1 1 1 1 1 1 1 1 1 1 1 1 1 1 1 1 1 1 1 1 1 1 1 1 1 1 1 1 1 1 1 1 1 1 1 1 1 1 1 1 1 1 1 1 1 1 1 1 1 1 1 1 1 1 1 1 1 1 1 1 1 1 1 1 1 1 1 1 1 1 1 1 1 1 1 1 1 1 1 1 1 1 1 1 1 1 1 1 1 1 1 1 1 1 1 1 1 1 1 1 1 1 1 1 1 1 1 1 1 1 1 1 1 1 1 1 1 1 1 1 1 1 1 1 1 1 1 1 1 1 1 1 1 1 1 1 1 1 1 1 1 1 1 1 1 1 1 1 1 1 1 1 1 1 1 1 1 1 1 1 1 1 1 1 1 1 1 1 1 1 1 1 1 1 1 1 1 1 1 1 1 1 1 1 1 1 1 1 1 1 1 1 1 1 1 1 1 1 1 1 1 1 1 1 1 1 1 1 1 1 1 1 1 1 1 1 1 1 1 1 1 1 1 1 1 1 1 1 1 1 1 1 1 1 1 1 1 1 1 1 1 1 1 1 1 1 1 1 1 1 1 1 1 1 1 1 1 1 1 1 1 1 1 1 1 1 1 1 1 1 1 1 1 1 1 1 1 1 1 1 1 1 1 1 1 1 1 1 1 1 1 1 1 1 1 1 1 1 1 1 1 1 1 1 1 1 1 1 1 1 1 1 1 1 1 1 1 1 1 1 1 1 1 1 1 1 1 1 1 1 1 1 1 1 1 1 1 1 1 1 1 1 1 1 1 1 1 1 1 1 1 1 1 1 1 1 1 1 1 1 1 1 1 1 1 1 1 1 1 1 1 1 1 1 1 1 1 1 1 1 1 1 1 1 1 1 1 1 1 1 1 1 1 1 1 1 1 1 1 1 1 1 1 1 1 1 1 1 1 1 1 1 1 1 1 1 1 1 1 1 1 1 1 1 1 1 1 1 1 1 1 1 1 1 1 1 1 1 1 1 1 1 1 1 1 1 1 1 1 1 1 1 1 1 1 1 1 1 1 1 1 1 1 1 1 1 1 1 1 1 1 1 1 1 1 1 1 1 1 1 1 1 1 1 1 1 1 1 1 1 1 1 1 1 1 1 1 1 1 1 1 1 1 1 1 1 1 1 1 1 1 1 1 1 1 1 1 1 1 1 1 1 1 1 1 1 1 1 1 1 1 1 1 1 1 1 1 1 1 1 1 1 1 1 1 1 1 1 1 1 1 1 1 1 1 1 1 1 1 1 1 1 1 1 1 1 1 1 1 1 1 1 1 1 1 1 1 1 1 1 1 1 1 1 1 1 1 1 1 1 1 1 1 1 1 1 1 1 1 1 1 1 1 1 1 1 1 1 1 1 1 1 1 1 1 1 1 1 1 1 1 1 1 1 1 1 1 1 1 1 1 1 1 1 1 1 1 1 1 1 1 1 1 1 1 1 1 1 1 1 1 1 1 1 1 1 1 1 1 1 1 1 1 1 1 1 1 1 1 1 1 1 1 1 1 1 1 1 1 1 1 1 1 1 1 1 1 1 1 1 1 1 1 1 1 1 1 1 1 1 1 1 1 1 1 1 1 1 1 1 1 1 1 1 1 1 1 1 1 1 1 1 1 1 1 1 1 1 1 1 1 1 1 1 1 1 1 1 1 1 1 1 1 1 1 1 1 1 1 1 1 1 1 1 1 1 1 1 1 1 1 1 1 1 1 1 1 1 1 1 1 1 1 1 1 1 1 1 1 1 1 1 1 1 1 1 1 1 1 1 1 1 1 1 1 1 1 1 1 1 1 1 1 1 1 1 1 1 1 1 1 1 1 1 1 1 1 1 1 1 1 1 1 1 1 1 1 1 1 1 1 1 1 1 1 1 1 1 1 1 1 1 1 1 1 1 1 1 1 1 1 1 1 1 1 1 1 1 1 1 1 1 1 1 1 1 1 1 1 1 1 1 1 1 1 1 1 1 1 1 1 1 1 1 1 1 1 1 1 1 1 1 1 1 1 1 1 1 1 1 1 1 1 1 1 1 1 1 1 1 1 1 1 1 1 1 1 1 1 1 1 1 1 1 1 1 1 1 1 1 1 1 1 1 1 1 1 1 1 1 1 1 1 1 1 1 1 1 1 1 1 1 1 1 1 1 1 1 1 1 1 1 1 1 1 1 1 1 1 1 1 1 1 1 1 1 1 1 1 1 1 1 1 1 1 1 1 1 1 1 1 1 1 1 1 1 1 1 1 1 1 1 1 1 1 1 1 1 1 1 1 1 1 1 1 1 1 1 1 1 1 1 1 1 1 1 1 1 1 1 1 1 1 1 1 1 1 1 1 1 1 1 1 1 1 1 1 1 1 1 1 1 1 1 1 1 1 1 1 1 1 1 1 1 1 1 1 1 1 1 1 1 1 1 1 1 1 1 1 1 1 1 1 1 1 1 1 1 1 1 1 1 1 1 1 1 1 1 1 1 1 1 1 1 1 1 1 1 1 1 1 1 1 1 1 1 1 1 1 1 1 1 1 1 1 1 1 1 1 1 1 1 1 1 1 1 1 1 1 1 1 1 1 1 1 1 1 1 1 1 1 1 1 1 1 1 1 1 1 1 1 1 1 1 1 1 1 1 1 1 1 1 1 1 1 1 1 1 1 1 1 1 1 1 1 1 1 1 1 1 1 1 1 1 1 1 1 1 1 1 1 1 1 1 1 1 1 1 1 1 1 1 1 1 1 1 1 1 1 1 1 1 1 1 1 1 1 1 1 1 1 1 1 1 1 1 1 1 1 1 1 1 1 1 1 1 1 1 1 1 1 1 1 1 1 1 1 1 1 1 1 1 1 1 1 1 1 1 1 1 1 1 1 1 1 1 1 1 1 1 1 1 1 1 1 1 1 1 1 1 1 1 1 1 1 1 1 1 1 1 1 1 1 1 1 1 1 1 1 1 1 1 1 1 1 1 1 1 1 1 1 1 1 1 1 1 1 1 1 1 1 1 1 1 1 1 1 1 1 1 1 1 1 1 1 1 1 1 1 1 1 1 1 1 1 1 1 1 1 1 1 1 1 1 1 1 1 1 1 1 1 1 1 1 1 1 1 1 1 1 1 1 1 1 1 1 1 1 1 1 1 1 1 1 1 1 1 1 1 1 1 1 1 1 1 1 1 1 1 1 1 1 1 1 1 1 1 1 1 1 1 1 1 1 1 1 1 1 1 1 1 1 1 1 1 1 1 1 1 1 1 1 1 1 1 1 1 1 1 1 1 1 1 1 1 1 1 1 1 1 1 1 1 1 1 1 1 1 1 1 1 1 1 1 1 1 1 1 1 1 1 1 1 1 1 1 1 1 1 1 1 1 1 1 1 1 1 1 1 1 1 1 1 1 1 1 1 1 1 1 1 1 1 1 1 1 1 1 1 1 1 1 1 1 1 1 1 1 1 1 1 1 1 1 1 1 1 1 1 1 1 1 1 1 1 1 1 1 1 1 1 1 1 1 1 1 1 1 1 1 1 1 1 1 1 1 1 1 1 1 1 1 1 1 1 1 1 1 1 1 1 1 1 1 1 1 1 1 1 1 1 1 1 1 1 1 1 1 1 1 1 1 1 1 1 1 1 1 1 1 1 1 1 1 1 1 1 1 1 1 1 1 1 1 1 1 1 1 1 1 1 1 1 1 1 1 1 1 1 1 1 1 1 1 1 1 1 1 1 1 1 1 1 1 1 1 1 1 1 1 1 1 1 1 1 1 1 1 1 1 1 1 1 1 1 1 1 1 1 1 1 1 1 1 1 1 1 1 1 1 1 1 1 1 1 1 1 1 1 1 1 1 1 1 1 1 1 1 1 1 1 1 1 1 1 1 1 1 1 1 1 1 1 1 1 1 1 1 1 1 1 1 1 1 1 1 1 1 1 1 1 1 1 1 1 1 1 1 1 1 1 1 1 1 1 1 1 1 1 1 1 1 1 1 1 1 1 1 1 1 1 1 1 1 1 1 1 1 1 1 1 1 1 1 1 1 1 1 1 1 1 1 1 1 1 1 1 1 1 1 1 1 1 1 1 1 1 1 1 1 1 1 1 1 1 1 1 1 1 1 1 1 1 1 1 1 1 1 1 1 1 1 1 1 1 1 1 1 1 1 1 1 1 1 1 1 1 1 1 1 1 1 1 1 1 1 1 1 1 1 1 1 1 1 1 1 1 1 1 1 1 1 1 1 1 1 1 1 1 1 1 1 1 1 1 1 1 1 1 1 1 1 1 1 1 1 1 1 1 1 1 1 1 1 1 1 1 1 1 1 1 1 1 1 1 1 1 1 1 1 1 1 1 1 1 1 1 1 1 1 1 1 1 1 1 1 1 1 1 1 1 1 1 1 1 1 1 1 1 1 1 1 1 1 1 1 1 1 1 1 1 1 1 1 1 1 1 1 1 1 1 1 1 1 1 1 1 1 1 1 1 1 1 1 1 1 1 1 1 1 1 1 1 1 1 1 1 1 1 1 1 1 1 1 1 1 1 1 1 1 1 1 1 1 1 1 1 1 1 1 1 1 1 1 1 1 1 1 1 1 1 1 1 1 1 1 1 1 1 1 1 1 1 1 1 1 1 1 1 1 1 1 1 1 1 1 1 1 1 1 1 1 1 1 1 1 1 1 1 1 1 1 1 1 1 1 1 1 1 1 1 1 1 1 1 1 1 1 1 1 1 1 1 1 1 1 1 1 1 1 1 1 1 1 1 1 1 1 1 1 1 1 1 1 1 1 1 1 1 1 1 1 1 1 1 1 1 1 1 1 1 1 1 1 1 1 1 1 1 1 1 1 1 1 1 1 1 1 1 1 1 1 1 1 1 1 1 1 1 1 1 1 1 1 1 1 1 1 1 1 1 1 1 1 1 1 1 1 1 1 1 1 1 1 1 1 1 1 1 1 1 1 1 1 1 1 1 1 1 1 1 1 1 1 1 1 1 1 1 1 1 1 1 1 1 1 1 1 1 1 1 1 1 1 1 1 1 1 1 1 1 1 1 1 1 1 1 1 1 1 1 1 1 1 1 1 1 1 1 1 1 1 1 1 1 1 1 1 1 1 1 1 1 1 1 1 1 1 1 1 1 1 1 1 1 1 1 1 1 1 1 1 1 1 1 1 1 1 1 1 1 1 1 1 1 1 1 1 1 1 1 1 1 1 1 1 1 1 1 1 1 1 1 1 1 1 1 1 1 1 1 1 1 1 1 1 1 1 1 1 1 1 1 1 1 1 1 1 1 1 1 1 1 1 1 1 1 1 1 1 1 1 1 1 1 1 1 1 1 1 1 1 1 1 1 1 1 1 1 1 1 1 1 1 1 1 1 1 1 1 1 1 1 1 1 1 1 1 1 1 1 1 1 1 1 1 1 1 1 1 1 1 1 1 1 1 1 1 1 1 1 1 1 1 1 1 1 1 1 1 1 1 1 1 1 1 1 1 1 1 1 1 1 1 1 1 1 1 1 1 1 1 1 1 1 1 1 1 1 1 1 1 1 1 1 1 1 1 1 1 1 1 1 1 1 1 1 1 1 1 1 1 1 1 1 1 1 1 1 1 1 1 1 1 1 1 1 1 1 1 1 1 1 1 1 1 1 1 1 1 1 1 1 1 1 1 1 1 1 1 1 1 1 1 1 1 1 1 1 1 1 1 1 1 1 1 1 1 1 1 1 1 1 1 1 1 1 1 1 1 1 1 1 1 1 1 1 1 1 1 1 1 1 1 1 1 1 1 1 1 1 1 1 1 1 1 1 1 1 1 1 1 1 1 1 1 1 1 1 1 1 1 1 1 1 1 1 1 1 1 1 1 1 1 1 1 1 1 1 1 1 1 1 1 1 1 1 1 1 1 1 1 1 1 1 1 1 1 1 1 1 1 1 1 1 1 1 1 1 1 1 1 1 1 1 1 1 1 1 1 1 1 1 1 1 1 1 1 1 1 1 1 1 1 1 1 1 1 1 1 1 1 1 1 1 1 1 1 1 1 1 1 1 1 1 1 1 1 1 1 1 1 1 1 1 1 1 1 1 1 1 1 1 1 1 1 1 1 1 1 1 1 1 1 1 1 1 1 1 1 1 1 1 1 1 1 1 1 1 1 1 1 1 1 1 1 1 1 1 1 1 1 1 1 1 1 1 1 1 1 1 1 1 1 1 1 1 1 1 1 1 1 1 1 1 1 1 1 1 1 1 1 1 1 1 1 1 1 1 1 1 1 1 1 1 1 1 1 1 1 1 1 1 1 1 1 1 1 1 1 1 1 1 1 1 1 1 1 1 1 1 1 1 1 1 1 1 1 1 1 1 1 1 1 1 1 1 1 1 1 1 1 1 1 1 1 1 1 1 1 1 1 1 1 1 1 1 1 1 1 1 1 1 1 1 1 1 1 1 1 1 1 1 1 1 1 1 1 1 1 1 1 1 1 1 1 1 1 1 1 1 1 1 1 1 1 1 1 1 1 1 1 1 1 1 1 1 1 1 1 1 1 1 1 1 1 1 1 1 1 1 1 1 1 1 1 1 1 1 1 1 1 1 1 1 1 1 1 1 1 1 1 1 1 1 1 1 1 1 1 1 1 1 1 1 1 1 1 1 1 1 1 1 1 1 1 1 1 1 1 1 1 1 1 1 1 1 1 1 1 1 1 1 1 1 1 1 1 1 1 1 1 1 1 1 1 1 1 1 1 1 1 1 1 1 1 1 1 1 1 1 1 1 1 1 1 1 1 1 1 1 1 1 1 1 1 1 1 1 1 1 1 1 1 1 1 1 1 1 1 1 1 1 1 1 1 1 1 1 1 1 1 1 1 1 1 1 1 1 1 1 1 1 1 1 1 1 1 1 1 1 1 1 1 1 1 1 1 1 1 1 1 1 1 1 1 1 1 1 1 1 1 1 1 1 1 1 1 1 1 1 1 1 1 1 1 1 1 1 1 1 1 1 1 1 1 1 1 1 1 1 1 1 1 1 1 1 1 1 1 1 1 1 1 1 1 1 1 1 1 1 1 1 1 1 1 1 1 1 1 1 1 1 1 1 1 1 1 1 1 1 1 1 1 1 1 1 1 1 1 1 1 1 1 1 1 1 1 1 1 1 1 1 1 1 1 1 1 1 1 1 1 1 1 1 1 1 1 1 1 1 1 1 1 1 1 1 1 1 1 1 1 1 1 1 1 1 1 1 1 1 1 1 1 1 1 1 1 1 1 1 1 1 1 1 1 1 1 1 1 1 1 1 1 1 1 1 1 1 1 1 1 1 1 1 1 1 1 1 1 1 1 1 1 1 1 1 1 1 1 1 1 1 1 1 1 1 1 1 1 1 1 1 1 1 1 1 1 1 1 1 1 1 1 1 1 1 1 1 1 1 1 1 1 1 1 1 1 1 1 1 1 1 1 1 1 1 1 1 1 1 1 1 1 1 1 1 1 1 1 1 1 1 1 1 1 1 1 1 1 1 1 1 1 1 1 1 1 1 1 1 1 1 1 1 1 1 1 1 1 1 1 1 1 1 1 1 1 1 1 1 1 1 1 1 1 1 1 1 1 1 1 1 1 1 1 1 1 1 1 1 1 1 1 1 1 1 1 1 1 1 1 1 1 1 1 1 1 1 1 1 1 1 1 1 1 1 1 1 1 1 1 1 1 1 1 1 1 1 1 1 1 1 1 1 1 1 1 1 1 1 1 1 1 1 1 1 1 1 1 1 1 1 1 1 1 1 1 1 1 1 1 1 1 1 1 1 1 1 1 1 1 1 1 1 1 1 1 1 1 1 1 1 1 1 1 1 1 1 1 1 1 1 1 1 1 1 1 1 1 1 1 1 1 1 1 1 1 1 1 1 1 1 1 1 1 1 1 1 1 1 1 1 1 1 1 1 1 1 1 1 1 1 1 1 1 1 1 1 1 1 1 1 1 1 1 1 1 1 1 1 1 1 1 1 1 1 1 1 1 1 1 1 1 1 1 1 1 1 1 1 1 1 1 1 1 1 1 1 1 1 1 1 1 1 1 1 1 1 1 1 1 1 1 1 1 1 1 1 1 1 1 1 1 1 1 1 1 1 1 1 1 1 1 1 1 1 1 1 1 1 1 1 1 1 1 1 1 1 1 1 1 1 1 1 1 1 1 1 1 1 1 1 1 1 1 1 1 1 1 1 1 1 1 1 1 1 1 1 1 1 1 1 1 1 1 1 1 1 1 1 1 1 1 1 1 1 1 1 1 1 1 1 1 1 1 1 1 1 1 1 1 1 1 1 1 1 1 1 1 1 1 1 1 1 1 1 1 1 1 1 1 1 1 1 1 1 1 1 1 1 1 1 1 1 1 1 1 1 1 1 1 1 1 1 1 1 1 1 1 1 1 1 1 1 1 1 1 1 1 1 1 1 1 1 1 1 1 1 1 1 1 1 1 1 1 1 1 1 1 1 1 1 1 1 1 1 1 1 1 1 1 1 1 1 1 1 1 1 1 1 1 1 1 1 1 1 1 1 1 1 1 1 1 1 1 1 1 1 1 1 1 1 1 1 1 1 1 1 1 1 1 1 1 1 1 1 1 1 1 1 1 1 1 1 1 1 1 1 1 1 1 1 1 1 1 1 1 1 1 1 1 1 1 1 1 1 1 1 1 1 1 1 1 1 1 1 1 1 1 1 1 1 1 1 1 1 1 1 1 1 1 1 1 1 1 1 1 1 1 1 1 1 1 1 1 1 1 1 1 1 1 1 1 1 1 1 1 1 1 1 1 1 1 1 1 1 1 1 1 1 1 1 1 1 1 1 1 1 1 1 1 1 1 1 1 1 1 1 1 1 1 1 1 1 1 1 1 1 1 1 1 1 1 1 1 1 1 1 1 1 1 1 1 1 1 1 1 1 1 1 1 1 1 1 1 1 1 1 1 1 1 1 1 1 1 1 1 1 1 1 1 1 1 1 1 1 1 1 1 1 1 1 1 1 1 1 1 1 1 1 1 1 1 1 1 1 1 1 1 1 1 1 1 1 1 1 1 1 1 1 1 1 1 1 1 1 1 1 1 1 1 1 1 1 1 1 1 1 1 1 1 1 1 1 1 1 1 1 1 1 1 1 1 1 1 1 1 1 1 1 1 1 1 1 1 1 1 1 1 1 1 1 1 1 1 1 1 1 1 1 1 1 1 1 1 1 1 1 1 1 1 1 1 1 1 1 1 1 1 1 1 1 1 1 1 1 1 1 1 1 1 1 1 1 1 1 1 1 1 1 1 1 1 1 1 1 1 1 1 1 1 1 1 1 1 1 1 1 1 1 1 1 1 1 1 1 1 1 1 1 1 1 1 1 1 1 1 1 1 1 1 1 1 1 1 1 1 1 1 1 1 1 1 1 1 1 1 1 1 1 1 1 1 1 1 1 1 1 1 1 1 1 1 1 1 1 1 1 1 1 1 1 1 1 1 1 1 1 1 1 1 1 1 1 1 1 1 1 1 1 1 1 1 1 1 1 1 1 1 1 1 1 1 1 1 1 1 1 1 1 1 1 1 1 1 1 1 1 1 1 1 1 1 1 1 1 1 1 1 1 1 1 1 1 1 1 1 1 1 1 1 1 1 1 1 1 1 1 1 1 1 1 1 1 1 1 1 1 1 1 1 1 1 1 1 1 1 1 1 1 1 1 1 1 1 1 1 1 1 1 1 1 1 1 1 1 1 1 1 1 1 1 1 1 1 1 1 1 1 1 1 1 1 1 1 1 1 1 1 1 1 1 1 1 1 1 1 1 1 1 1 1 1 1 1 1 1 1 1 1 1 1 1 1 1 1 1 1 1 1 1 1 1 1 1 1 1 1 1 1 1 1 1 1 1 1 1 1 1 1 1 1 1 1 1 1 1 1 1 1 1 1 1 1 1 1 1 1 1 1 1 1 1 1 1 1 1 1 1 1 1 1 1 1 1 1 1 1 1 1 1 1 1 1 1 1 1 1 1 1 1 1 1 1 1 1 1 1 1 1 1 1 1 1 1 1 1 1 1 1 1 1 1 1 1 1 1 1 1 1 1 1 1 1 1 1 1 1 1 1 1 1 1 1 1 1 1 1 1 1 1 1 1 1 1 1 1 1 1 1 1 1 1 1 1 1 1 1 1 1 1 1 1 1 1 1 1 1 1 1 1 1 1 1 1 1 1 1 1 1 1 1 1 1 1 1 1 1 1 1 1 1 1 1 1 1 1 1 1 1 1 1 1 1 1 1 1 1 1 1 1 1 1 1 1 1 1 1 1 1 1 1 1 1 1 1 1 1 1 1 1 1 1 1 1 1 1 1 1 1 1 1 1 1 1 1 1 1 1 1 1 1 1 1 1 1 1 1 1 1 1 1 1 1 1 1 1 1 1 1 1 1 1 1 1 1 1 1 1 1 1 1 1 1 1 1 1 1 1 1 1 1 1 1 1 1 1 1 1 1 1 1 1 1 1 1 1 1 1 1 1 1 1 1 1 1 1 1 1 1 1 1 1 1 1 1 1 1 1 1 1 1 1 1 1 1 1 1 1 1 1 1 1 1 1 1 1 1 1 1 1 1 1 1 1 1 1 1 1 1 1 1 1 1 1 1 1 1 1 1 1 1 1 1 1 1 1 1 1 1 1 1 1 1 1 1 1 1 1 1 1 1 1 1 1 1 1 1 1 1 1 1 1 1 1 1 1 1 1 1 1 1 1 1 1 1 1 1 1 1 1 1 1 1 1 1 1 1 1 1 1 1 1 1 1 1 1 1 1 1 1 1 1 1 1 1 1 1 1 1 1 1 1 1 1 1 1 1 1 1 1 1 1 1 1 1 1 1 1 1 1 1 1 1 1 1 1 1 1 1 1 1 1 1 1 1 1 1 1 1 1 1 1 1 1 1 1 1 1 1 1 1 1 1 1 1 1 1 1 1 1 1 1 1 1 1 1 1 1 1 1 1 1 1 1 1 1 1 1 1 1 1 1 1 1 1 1 1 1 1 1 1 1 1 1 1 1 1 1 1 1 1 1 1 1 1 1 1 1 1 1 1 1 1 1 1 1 1 1 1 1 1 1 1 1 1 1 1 1 1 1 1 1 1 1 1 1 1 1 1 1 1 1 1 1 1 1 1 1 1 1 1 1 1 1 1 1 1 1 1 1 1 1 1 1 1 1 1 1 1 1 1 1 1 1 1 1 1 1 1 1 1 1 1 1 1 1 1 1 1 1 1 1 1 1 1 1 1 1 1 1 1 1 1 1 1 1 1 1 1 1 1 1 1 1 1 1 1 1 1 1 1 1 1 1 1 1 1 1 1 1 1 1 1 1 1 1 1 1 1 1 1 1 1 1 1 1 1 1 1 1 1 1 1 1 1 1 1 1 1 1 1 1 1 1 1 1 1 1 1 1 1 1 1 1 1 1 1 1 1 1 1 1 1 1 1 1 1 1 1 1 1 1 1 1 1 1 1 1 1 1 1 1 1 1 1 1 1 1 1 1 1 1 1 1 1 1 1 1 1 1 1 1 1 1 1 1 1 1 1 1 1 1 1 1 1 1 1 1 1 1 1 1 1 1 1 1 1 1 1 1 1 1 1 1 1 1 1 1 1 1 1 1 1 1 1 1 1 1 1 1 1 1 1 1 1 1 1 1 1 1 1 1 1 1 1 1 1 1 1 1 1 1 1 1 1 1 1 1 1 1 1 1 1 1 1 1 1 1 1 1 1 1 1 1 1 1 1 1 1 1 1 1 1 1 1 1 1 1 1 1 1 1 1 1 1 1 1 1 1 1 1 1 1 1 1 1 1 1 1 1 1 1 1 1 1 1 1 1 1 1 1</float_array>
          <technique_common>
            <accessor source="#craftingstation_body-mesh-colors-Attribute-array" count="4554" stride="4">
              <param name="R" type="float"/>
              <param name="G" type="float"/>
              <param name="B" type="float"/>
              <param name="A" type="float"/>
            </accessor>
          </technique_common>
        </source>
        <vertices id="craftingstation_body-mesh-vertices">
          <input semantic="POSITION" source="#craftingstation_body-mesh-positions"/>
        </vertices>
        <lines count="2">
          <input semantic="VERTEX" source="#craftingstation_body-mesh-vertices" offset="0"/>
          <p>1364 1346 1365 1349</p>
        </lines>
        <polylist material="craftingstation_body-material" count="969">
          <input semantic="VERTEX" source="#craftingstation_body-mesh-vertices" offset="0"/>
          <input semantic="NORMAL" source="#craftingstation_body-mesh-normals" offset="1"/>
          <input semantic="TEXCOORD" source="#craftingstation_body-mesh-map-0" offset="2" set="0"/>
          <input semantic="COLOR" source="#craftingstation_body-mesh-colors-Attribute" offset="3" set="0"/>
          <vcount>4 4 4 4 4 4 4 4 4 4 4 4 4 12 4 4 4 6 4 4 6 4 4 12 4 4 4 4 4 4 4 4 4 4 4 6 4 4 4 12 4 4 4 4 4 4 4 4 4 4 4 4 4 4 4 4 4 4 4 4 4 4 4 4 4 4 4 14 4 4 4 4 4 4 4 4 4 4 4 4 4 4 4 4 4 4 4 4 4 4 4 4 4 4 4 4 4 4 6 27 4 6 4 4 4 4 4 4 4 4 4 4 4 12 4 4 8 7 4 4 4 4 4 4 12 4 4 4 4 4 4 4 4 4 4 4 4 4 4 4 4 4 8 4 4 4 4 4 4 4 4 4 4 4 4 4 4 4 4 4 4 4 4 4 4 4 4 4 4 4 4 4 4 4 4 4 4 4 4 4 4 4 4 4 4 4 4 4 4 4 4 4 4 4 4 4 14 8 4 4 4 5 4 4 4 4 4 4 4 4 4 4 4 4 5 4 4 4 6 4 5 4 4 4 4 4 4 4 4 4 4 4 4 4 4 4 4 4 4 4 4 4 4 5 12 4 4 4 4 4 4 4 4 4 4 4 4 4 4 4 4 4 4 4 4 4 4 4 4 4 4 4 4 4 5 10 4 4 4 4 4 4 12 6 4 4 4 4 4 4 6 4 4 4 4 4 28 4 4 4 6 4 4 4 4 4 4 4 4 4 4 4 7 3 3 3 3 4 4 4 4 16 4 4 4 4 4 4 4 4 4 4 4 4 4 4 4 4 3 3 3 3 4 4 4 4 4 5 4 4 4 4 4 4 4 4 4 4 4 4 4 4 4 4 4 4 4 4 4 4 4 4 4 4 4 19 4 4 4 4 4 4 4 4 4 4 4 4 4 4 10 4 4 4 4 4 4 4 4 4 4 4 4 4 4 4 4 4 4 4 4 6 4 4 4 4 4 4 4 4 4 4 4 6 5 4 4 4 4 4 6 4 14 4 4 4 4 4 4 4 4 4 4 4 4 4 4 4 4 4 4 4 4 4 4 4 4 4 4 4 4 4 4 4 4 4 4 4 4 6 12 4 5 4 4 4 4 4 4 4 4 4 4 4 4 4 4 4 4 4 6 4 4 4 4 4 4 4 4 4 4 4 12 4 4 4 4 4 4 4 3 3 3 3 3 3 3 3 4 4 4 4 4 3 3 3 3 3 3 3 3 4 4 4 4 4 3 3 3 3 3 3 3 3 24 4 4 4 4 4 3 3 3 3 3 3 3 3 4 4 4 6 4 4 3 3 3 3 3 3 3 3 4 4 6 4 4 4 4 4 4 4 4 4 4 4 3 3 3 3 3 3 3 3 10 4 3 3 3 3 3 3 3 3 4 4 4 4 4 4 4 4 4 4 4 4 4 5 4 5 4 5 4 4 4 4 4 4 4 4 4 4 4 4 4 27 4 4 4 4 4 4 4 4 4 4 4 4 4 22 4 4 4 4 4 4 4 4 4 4 4 4 4 4 4 4 4 6 4 4 4 4 4 4 4 4 4 4 4 4 4 4 8 4 8 4 4 4 4 4 4 4 4 4 4 4 4 4 4 4 4 4 4 4 4 4 4 4 4 4 4 4 4 4 4 4 4 12 4 12 4 4 4 4 4 4 4 4 4 4 4 4 4 4 4 4 4 4 4 4 6 4 4 4 4 4 14 4 6 4 4 3 3 3 3 3 3 3 3 4 4 12 5 4 6 3 3 3 3 3 3 3 3 4 4 4 4 4 4 4 3 3 3 3 3 3 3 3 4 4 4 4 3 3 3 3 3 3 3 3 6 4 26 4 9 4 3 3 3 3 3 3 3 3 4 4 4 4 4 4 4 3 3 3 3 3 3 3 3 4 4 4 4 4 4 3 3 3 3 3 3 3 3 10 4 4 4 4 3 3 3 3 3 3 3 3 3 3 3 3 4 5 4 6 4 4 4 4 6 6 4 4 4 4 4 4 4 4 4 4 4 4 4 4 4 4 6 4 4 4 4 4 4 4 4 4 4 4 5 4 4 4 4 4 4 4 4 4 4 4 4 4 4 4 15 4 7 4 4 4 4 4 4 4 4 4 20 4 4 4 4 4 4 4 4 4 4 4 8 4 6 6 4 4 4 4 4 4 4 4 4 4 5 8 4 4 5 5 5 3 3 3 3 4 4 5 5 12 4 </vcount>
          <p>1180 0 0 0 1182 1 1 1 1195 2 2 2 1194 3 3 3 976 4 4 4 977 5 5 5 978 6 6 6 967 7 7 7 1011 8 8 8 957 9 9 9 958 10 10 10 1012 11 11 11 1062 12 12 12 1064 13 13 13 1063 14 14 14 1061 15 15 15 38 16 16 16 51 17 17 17 12 18 18 18 37 19 19 19 1086 20 20 20 1087 21 21 21 1085 22 22 22 1084 23 23 23 41 24 24 24 15 25 25 25 16 26 26 26 74 27 27 27 44 28 28 28 17 29 29 29 33 30 30 30 18 31 31 31 17 29 32 32 19 32 33 33 20 33 34 34 33 30 35 35 19 32 36 36 21 34 37 37 31 35 38 38 20 33 39 39 21 34 40 40 42 36 41 41 22 37 42 42 31 35 43 43 726 38 44 44 728 39 45 45 741 40 46 46 740 41 47 47 25 42 48 48 40 43 49 49 39 44 50 50 26 45 51 51 499 46 52 52 498 46 53 53 523 47 54 54 511 48 55 55 508 46 56 56 507 46 57 57 518 46 58 58 521 46 59 59 516 49 60 60 502 50 61 61 524 46 62 62 504 46 63 63 30 51 64 64 67 52 65 65 29 53 66 66 28 54 67 67 32 55 68 68 20 33 69 69 31 35 70 70 27 56 71 71 49 57 72 72 33 30 73 73 20 33 74 74 32 55 75 75 588 58 76 76 579 59 77 77 590 60 78 78 548 61 79 79 595 62 80 80 597 63 81 81 23 64 82 82 48 65 83 83 35 66 84 84 36 67 85 85 36 67 86 86 35 66 87 87 46 68 88 88 24 69 89 89 209 70 90 90 208 71 91 91 198 72 92 92 199 73 93 93 226 74 94 94 225 75 95 95 852 76 96 96 853 77 97 97 851 78 98 98 850 79 99 99 622 80 100 100 635 81 101 101 636 82 102 102 624 83 103 103 2 84 104 104 9 84 105 105 10 84 106 106 8 84 107 107 3 84 108 108 0 84 109 109 7 84 110 110 4 84 111 111 11 84 112 112 5 84 113 113 6 84 114 114 1 84 115 115 46 68 116 116 27 56 117 117 45 85 118 118 14 86 119 119 13 87 120 120 47 88 121 121 49 57 122 122 48 65 123 123 38 16 124 124 73 89 125 125 50 90 126 126 51 17 127 127 823 91 128 128 824 92 129 129 822 93 130 130 821 94 131 131 1137 95 132 132 1138 96 133 133 1136 97 134 134 1135 98 135 135 75 99 136 136 74 27 137 137 16 26 138 138 52 100 139 139 78 101 140 140 77 102 141 141 54 103 142 142 55 104 143 143 55 104 144 144 54 103 145 145 56 105 146 146 57 106 147 147 57 106 148 148 56 105 149 149 68 107 150 150 58 108 151 151 58 108 152 152 68 107 153 153 59 109 154 154 76 110 155 155 861 111 156 156 862 112 157 157 868 113 158 158 867 114 159 159 35 66 160 160 48 65 161 161 49 57 162 162 32 55 163 163 27 56 164 164 46 68 165 165 62 115 166 166 26 45 167 167 39 44 168 168 63 116 169 169 923 117 170 170 924 118 171 171 922 119 172 172 921 120 173 173 30 51 174 174 65 121 175 175 66 122 176 176 67 52 177 177 445 123 178 178 452 123 179 179 433 123 180 180 431 123 181 181 453 123 182 182 440 123 183 183 441 123 184 184 446 123 185 185 437 123 186 186 435 123 187 187 449 123 188 188 444 123 189 189 69 124 190 190 64 125 191 191 68 107 192 192 56 105 193 193 85 126 194 194 69 124 195 195 56 105 196 196 54 103 197 197 720 127 198 198 721 128 199 199 682 129 200 200 722 130 201 201 71 131 202 202 60 132 203 203 83 133 204 204 82 134 205 205 60 132 206 206 61 135 207 207 84 136 208 208 83 133 209 209 850 79 210 210 851 78 211 211 849 137 212 212 848 138 213 213 84 136 214 214 53 139 215 215 80 140 216 216 64 125 217 217 81 141 218 218 82 134 219 219 85 126 220 220 79 142 221 221 86 143 222 222 87 144 223 223 88 145 224 224 89 146 225 225 87 144 226 226 167 147 227 227 90 148 228 228 88 145 229 229 167 147 230 230 168 149 231 231 91 150 232 232 90 148 233 233 168 149 234 234 92 151 235 235 93 152 236 236 91 150 237 237 92 151 238 238 94 153 239 239 95 154 240 240 93 152 241 241 94 153 242 242 96 155 243 243 97 156 244 244 95 154 245 245 96 155 246 246 98 157 247 247 99 158 248 248 97 156 249 249 98 157 250 250 100 159 251 251 103 160 252 252 99 158 253 253 100 159 254 254 101 161 255 255 102 162 256 256 103 160 257 257 101 161 258 258 104 163 259 259 105 164 260 260 102 162 261 261 104 163 262 262 169 165 263 263 106 166 264 264 105 164 265 265 169 165 266 266 86 143 267 267 89 146 268 268 106 166 269 269 736 167 270 270 737 168 271 271 735 169 272 272 734 170 273 273 1103 171 274 274 1104 172 275 275 1102 173 276 276 1101 174 277 277 835 175 278 278 836 176 279 279 834 177 280 280 833 178 281 281 905 179 282 282 891 180 283 283 889 181 284 284 904 182 285 285 706 183 286 286 707 184 287 287 686 185 288 288 705 186 289 289 940 187 290 290 979 188 291 291 981 189 292 292 942 190 293 293 1010 191 294 294 948 192 295 295 950 193 296 296 949 194 297 297 89 146 298 298 88 145 299 299 90 148 300 300 108 195 301 301 115 196 302 302 112 197 303 303 111 198 304 304 110 199 305 305 127 200 306 306 126 201 307 307 103 160 308 308 102 162 309 309 105 164 310 310 106 166 311 311 111 198 312 312 112 197 313 313 113 202 314 314 114 203 315 315 112 197 316 316 115 196 317 317 116 204 318 318 113 202 319 319 115 196 320 320 108 195 321 321 117 205 322 322 116 204 323 323 108 195 324 324 107 206 325 325 118 207 326 326 117 205 327 327 107 206 328 328 119 208 329 329 120 209 330 330 118 207 331 331 119 208 332 332 121 210 333 333 122 211 334 334 120 209 335 335 121 210 336 336 123 212 337 337 124 213 338 338 122 211 339 339 123 212 340 340 109 214 341 341 125 215 342 342 124 213 343 343 109 214 344 344 126 201 345 345 129 216 346 346 125 215 347 347 126 201 348 348 127 200 349 349 128 217 350 350 129 216 351 351 127 200 352 352 110 199 353 353 130 218 354 354 128 217 355 355 110 199 356 356 111 198 357 357 114 203 358 358 130 218 359 359 760 219 360 360 762 220 361 361 775 221 362 362 774 222 363 363 1079 223 364 364 1081 224 365 365 1080 225 366 366 1078 226 367 367 986 227 368 368 1009 228 369 369 946 229 370 370 988 230 371 371 143 231 372 372 144 232 373 373 145 233 374 374 146 234 375 375 144 232 376 376 147 235 377 377 148 236 378 378 145 233 379 379 147 235 380 380 149 237 381 381 150 238 382 382 148 236 383 383 151 239 384 384 143 231 385 385 146 234 386 386 152 240 387 387 153 241 388 388 151 239 389 389 152 240 390 390 154 242 391 391 155 243 392 392 153 241 393 393 154 242 394 394 156 244 395 395 157 245 396 396 155 243 397 397 156 244 398 398 158 246 399 399 159 247 400 400 157 245 401 401 158 246 402 402 160 248 403 403 161 249 404 404 159 247 405 405 160 248 406 406 162 250 407 407 163 251 408 408 161 249 409 409 162 250 410 410 164 252 411 411 165 253 412 412 163 251 413 413 164 252 414 414 166 254 415 415 149 237 416 416 165 253 417 417 166 254 418 418 150 238 419 419 872 255 420 420 874 256 421 421 873 257 422 422 870 258 423 423 804 259 424 424 805 260 425 425 803 261 426 426 802 262 427 427 1124 263 428 428 1125 264 429 429 1123 265 430 430 1122 266 431 431 1225 267 432 432 1229 268 433 433 1215 269 434 434 1218 267 435 435 1217 270 436 436 1224 271 437 437 589 272 438 438 587 273 439 439 586 274 440 440 576 275 441 441 596 276 442 442 594 277 443 443 593 278 444 444 551 279 445 445 573 280 446 446 571 281 447 447 555 282 448 448 556 283 449 449 584 284 450 450 577 285 451 451 559 286 452 452 557 287 453 453 560 288 454 454 562 289 455 455 564 290 456 456 566 291 457 457 568 292 458 458 552 293 459 459 570 294 460 460 553 295 461 461 554 296 462 462 591 297 463 463 575 298 464 464 715 299 465 465 696 300 466 466 695 301 467 467 694 302 468 468 49 57 469 469 47 88 470 470 28 54 471 471 29 53 472 472 18 31 473 473 33 30 474 474 1075 303 475 475 1076 304 476 476 1074 305 477 477 1073 306 478 478 626 307 479 479 638 308 480 480 628 309 481 481 600 310 482 482 997 311 483 483 955 312 484 484 1011 8 485 485 998 313 486 486 1046 314 487 487 1047 315 488 488 1045 316 489 489 1013 317 490 490 751 318 491 491 752 319 492 492 750 320 493 493 749 321 494 494 919 322 495 495 920 323 496 496 918 324 497 497 913 325 498 498 645 326 499 499 646 327 500 500 647 328 501 501 631 329 502 502 202 330 503 503 183 331 504 504 193 332 505 505 184 333 506 506 183 331 507 507 185 334 508 508 186 335 509 509 193 332 510 510 185 334 511 511 187 336 512 512 191 337 513 513 186 335 514 514 187 336 515 515 188 338 516 516 201 339 517 517 191 337 518 518 292 340 519 519 285 340 520 520 286 340 521 521 281 340 522 522 282 340 523 523 289 340 524 524 290 340 525 525 288 340 526 526 283 340 527 527 291 340 528 528 287 340 529 529 284 340 530 530 806 341 531 531 807 342 532 532 805 260 533 533 804 259 534 534 1320 343 535 535 207 344 536 536 200 343 537 537 1319 345 538 538 203 346 539 539 191 337 540 540 201 339 541 541 207 347 542 542 1320 348 543 543 1323 349 544 544 1326 350 545 545 1330 351 546 546 204 352 547 547 1315 353 548 548 1316 354 549 549 1307 355 550 550 199 73 551 551 184 333 552 552 193 332 553 553 1308 356 554 554 226 74 555 555 199 73 556 556 1307 355 557 557 192 357 558 558 186 335 559 559 191 337 560 560 203 346 561 561 204 352 562 562 193 332 563 563 186 335 564 564 192 357 565 565 744 358 566 566 746 359 567 567 745 360 568 568 743 361 569 569 190 362 570 570 205 363 571 571 194 364 572 572 195 365 573 573 195 365 574 574 194 364 575 575 206 366 576 576 196 367 577 577 142 368 578 578 135 368 579 579 136 368 580 580 131 368 581 581 132 368 582 582 139 368 583 583 140 368 584 584 138 368 585 585 133 368 586 586 141 368 587 587 137 368 588 588 134 368 589 589 937 369 590 590 938 370 591 591 940 187 592 592 939 371 593 593 724 372 594 594 692 373 595 595 694 302 596 596 701 374 597 597 563 375 598 598 564 290 599 599 562 289 600 600 561 376 601 601 1314 377 602 602 1315 343 603 603 204 378 604 604 205 343 605 605 675 379 606 606 622 80 607 607 624 83 608 608 623 380 609 609 716 381 610 610 717 382 611 611 719 383 612 612 698 384 613 613 1129 385 614 614 1131 386 615 615 1144 387 616 616 1143 388 617 617 213 389 618 618 214 390 619 619 215 391 620 620 216 392 621 621 216 392 622 622 215 391 623 623 227 393 624 624 217 394 625 625 217 394 626 626 227 393 627 627 218 395 628 628 219 396 629 629 219 396 630 630 218 395 631 631 220 397 632 632 221 398 633 633 983 399 634 634 1007 400 635 635 1008 401 636 636 984 402 637 637 1318 403 638 638 1319 343 639 639 200 404 640 640 224 343 641 641 1308 356 642 642 1306 405 643 643 225 75 644 644 226 74 645 645 795 406 646 646 797 407 647 647 796 408 648 648 794 409 649 649 233 410 650 650 232 411 651 651 218 395 652 652 227 393 653 653 235 412 654 654 233 410 655 655 227 393 656 656 215 391 657 657 1241 413 658 658 1239 414 659 659 1238 414 660 660 1243 415 661 661 1202 416 662 662 1232 414 663 663 1231 414 664 664 1205 417 665 665 228 418 666 666 223 419 667 667 234 420 668 668 210 421 669 669 223 419 670 670 229 422 671 671 211 423 672 672 234 420 673 673 720 127 674 674 722 130 675 675 685 424 676 676 709 425 677 677 879 426 678 678 895 427 679 679 894 428 680 680 898 429 681 681 1310 430 682 682 210 421 683 683 235 412 684 684 1309 431 685 685 935 432 686 686 966 433 687 687 965 434 688 688 934 435 689 689 317 436 690 690 236 437 691 691 237 438 692 692 238 439 693 693 236 437 694 694 239 440 695 695 242 441 696 696 237 438 697 697 239 440 698 698 240 442 699 699 241 443 700 700 242 441 701 701 240 442 702 702 318 444 703 703 243 445 704 704 241 443 705 705 318 444 706 706 244 446 707 707 245 447 708 708 243 445 709 709 244 446 710 710 319 448 711 711 246 449 712 712 245 447 713 713 319 448 714 714 247 450 715 715 248 451 716 716 246 449 717 717 247 450 718 718 249 452 719 719 252 453 720 720 248 451 721 721 249 452 722 722 250 454 723 723 251 455 724 724 252 453 725 725 250 454 726 726 253 456 727 727 254 457 728 728 251 455 729 729 253 456 730 730 255 458 731 731 256 459 732 732 254 457 733 733 255 458 734 734 317 436 735 735 238 439 736 736 256 459 737 737 943 460 738 738 968 461 739 739 969 462 740 740 944 463 741 741 787 464 742 742 788 465 743 743 786 466 744 744 785 467 745 745 426 468 746 746 419 468 747 747 414 468 748 748 427 468 749 749 825 469 750 750 826 470 751 751 824 92 752 752 823 91 753 753 262 471 754 754 263 472 755 755 264 473 756 756 265 474 757 757 263 472 758 758 257 475 759 759 266 476 760 760 264 473 761 761 257 475 762 762 268 477 763 763 267 478 764 764 266 476 765 765 268 477 766 766 269 479 767 767 270 480 768 768 267 478 769 769 269 479 770 770 271 481 771 771 272 482 772 772 270 480 773 773 271 481 774 774 258 483 775 775 273 484 776 776 272 482 777 777 258 483 778 778 274 485 779 779 275 486 780 780 273 484 781 781 274 485 782 782 259 487 783 783 276 488 784 784 275 486 785 785 259 487 786 786 260 489 787 787 277 490 788 788 276 488 789 789 260 489 790 790 261 491 791 791 278 492 792 792 277 490 793 793 261 491 794 794 279 493 795 795 280 494 796 796 278 492 797 797 279 493 798 798 262 471 799 799 265 474 800 800 280 494 801 801 841 495 802 802 842 496 803 803 840 497 804 804 839 498 805 805 1107 499 806 806 1108 500 807 807 1106 501 808 808 1105 502 809 809 652 503 810 810 613 504 811 811 670 505 812 812 653 506 813 813 293 507 814 814 294 508 815 815 295 509 816 816 296 510 817 817 294 508 818 818 297 511 819 819 298 512 820 820 295 509 821 821 297 511 822 822 299 513 823 823 300 514 824 824 298 512 825 825 301 515 826 826 293 507 827 827 296 510 828 828 302 516 829 829 303 517 830 830 301 515 831 831 302 516 832 832 304 518 833 833 305 519 834 834 303 517 835 835 304 518 836 836 306 520 837 837 307 521 838 838 305 519 839 839 306 520 840 840 308 522 841 841 309 523 842 842 307 521 843 843 308 522 844 844 310 524 845 845 311 525 846 846 309 523 847 847 310 524 848 848 312 526 849 849 313 527 850 850 311 525 851 851 312 526 852 852 314 528 853 853 315 529 854 854 313 527 855 855 314 528 856 856 316 530 857 857 299 513 858 858 315 529 859 859 316 530 860 860 300 514 861 861 770 531 862 862 771 532 863 863 769 533 864 864 768 534 865 865 677 535 866 866 626 307 867 867 600 310 868 868 667 536 869 869 950 193 870 870 991 537 871 871 993 538 872 872 952 539 873 873 640 540 874 874 667 536 875 875 598 541 876 876 639 542 877 877 251 455 878 878 254 457 879 879 256 459 880 880 238 439 881 881 237 438 882 882 242 441 883 883 268 477 884 884 257 475 885 885 263 472 886 886 262 471 887 887 279 493 888 888 261 491 889 889 260 489 890 890 252 453 891 891 511 48 892 892 523 47 893 893 522 543 894 894 503 543 895 895 502 50 896 896 516 49 897 897 515 543 898 898 512 543 899 899 743 361 900 900 745 360 901 901 758 544 902 902 757 545 903 903 965 434 904 904 974 546 905 905 977 5 906 906 976 4 907 907 450 343 908 908 451 343 909 909 430 343 910 910 432 343 911 911 585 547 912 912 584 284 913 913 556 283 914 914 596 276 915 915 576 275 916 916 1133 548 917 917 1134 549 918 918 1132 550 919 919 1130 551 920 920 1150 552 921 921 1151 553 922 922 1149 554 923 923 1147 555 924 924 1065 556 925 925 1066 557 926 926 1064 13 927 927 1062 12 928 928 550 558 929 929 573 280 930 930 551 279 931 931 572 559 932 932 613 504 933 933 614 560 934 934 615 561 935 935 670 505 936 936 601 562 937 937 602 563 938 938 604 564 939 939 603 565 940 940 669 566 941 941 608 567 942 942 610 568 943 943 609 569 944 944 1186 570 945 945 1187 571 946 946 1185 572 947 947 1184 573 948 948 1188 574 949 949 1189 575 950 950 1187 571 951 951 1186 570 952 952 1171 576 953 953 1172 577 954 954 1170 578 955 955 1169 579 956 956 421 580 957 957 419 580 958 958 426 580 959 959 428 580 960 960 1122 266 961 961 1123 265 962 962 1121 581 963 963 1120 582 964 964 220 397 965 965 224 583 966 966 212 584 967 967 230 585 968 968 221 398 969 969 567 586 970 970 568 292 971 971 566 291 972 972 565 587 973 973 689 588 974 974 690 589 975 975 703 590 976 976 688 591 977 977 987 592 978 978 988 230 979 979 990 593 980 980 989 594 981 981 345 595 982 982 349 596 983 983 346 597 984 984 342 598 985 985 341 599 986 986 340 600 987 987 649 601 988 988 609 569 989 989 611 602 990 990 650 603 991 991 320 604 992 992 325 604 993 993 329 605 994 994 326 604 995 995 321 604 996 996 320 606 997 997 321 607 998 998 322 607 999 999 323 608 1000 1000 324 609 1001 1001 325 610 1002 1002 320 606 1003 1003 323 608 1004 1004 680 611 1005 1005 697 612 1006 1006 709 425 1007 1007 708 613 1008 1008 321 614 1009 1009 326 614 1010 1010 327 614 1011 1011 322 614 1012 1012 325 610 1013 1013 324 609 1014 1014 328 615 1015 1015 329 615 1016 1016 687 616 1017 1017 711 617 1018 1018 681 618 1019 1019 689 588 1020 1020 330 619 1021 1021 331 620 1022 1022 332 621 1023 1023 333 622 1024 1024 334 623 1025 1025 330 619 1026 1026 333 622 1027 1027 335 624 1028 1028 331 620 1029 1029 336 625 1030 1030 337 626 1031 1031 332 621 1032 1032 332 621 1033 1033 337 626 1034 1034 335 624 1035 1035 333 622 1036 1036 334 623 1037 1037 335 624 1038 1038 337 626 1039 1039 336 625 1040 1040 338 627 1041 1041 339 628 1042 1042 340 600 1043 1043 341 599 1044 1044 341 599 1045 1045 342 598 1046 1046 343 629 1047 1047 338 627 1048 1048 339 628 1049 1049 344 630 1050 1050 345 595 1051 1051 340 600 1052 1052 678 631 1053 1053 685 424 1054 1054 707 184 1055 1055 706 183 1056 1056 342 598 1057 1057 346 597 1058 1058 347 632 1059 1059 343 632 1060 1060 344 630 1061 1061 348 633 1062 1062 349 596 1063 1063 345 595 1064 1064 346 597 1065 1065 349 596 1066 1066 348 634 1067 1067 347 634 1068 1068 350 635 1069 1069 351 635 1070 1070 352 635 1071 1071 353 635 1072 1072 354 636 1073 1073 350 636 1074 1074 353 636 1075 1075 355 636 1076 1076 356 637 1077 1077 351 637 1078 1078 350 637 1079 1079 354 637 1080 1080 353 638 1081 1081 352 638 1082 1082 357 638 1083 1083 355 638 1084 1084 327 639 1085 1085 328 640 1086 1086 324 639 1087 1087 323 639 1088 1088 322 639 1089 1089 358 641 1090 1090 359 641 1091 1091 360 641 1092 1092 361 641 1093 1093 362 641 1094 1094 363 641 1095 1095 364 641 1096 1096 365 641 1097 1097 366 641 1098 1098 367 641 1099 1099 368 641 1100 1100 369 641 1101 1101 374 642 1102 1102 378 643 1103 1103 379 644 1104 1104 375 645 1105 1105 378 643 1106 1106 374 642 1107 1107 376 646 1108 1108 380 647 1109 1109 371 648 1110 1110 381 649 1111 1111 380 650 1112 1112 376 651 1113 1113 381 649 1114 1114 371 648 1115 1115 370 652 1116 1116 382 653 1117 1117 382 653 1118 1118 370 652 1119 1119 377 654 1120 1120 383 655 1121 1121 372 656 1122 1122 384 657 1123 1123 383 658 1124 1124 377 659 1125 1125 384 657 1126 1126 372 656 1127 1127 373 660 1128 1128 385 661 1129 1129 385 661 1130 1130 373 660 1131 1131 388 662 1132 1132 390 663 1133 1133 387 664 1134 1134 391 665 1135 1135 390 666 1136 1136 388 667 1137 1137 391 665 1138 1138 387 664 1139 1139 386 668 1140 1140 392 669 1141 1141 392 669 1142 1142 386 668 1143 1143 389 670 1144 1144 393 671 1145 1145 375 645 1146 1146 379 644 1147 1147 393 672 1148 1148 389 673 1149 1149 781 674 1150 1150 782 675 1151 1151 780 676 1152 1152 778 677 1153 1153 783 678 1154 1154 784 679 1155 1155 782 675 1156 1156 781 674 1157 1157 831 680 1158 1158 832 681 1159 1159 830 682 1160 1160 828 683 1161 1161 395 684 1162 1162 405 685 1163 1163 393 686 1164 1164 379 687 1165 1165 400 688 1166 1166 401 689 1167 1167 359 690 1168 1168 358 691 1169 1169 401 689 1170 1170 404 692 1171 1171 360 692 1172 1172 359 690 1173 1173 404 693 1174 1174 403 694 1175 1175 361 695 1176 1176 360 693 1177 1177 403 694 1178 1178 402 696 1179 1179 362 697 1180 1180 361 695 1181 1181 402 696 1182 1182 405 698 1183 1183 363 698 1184 1184 362 697 1185 1185 405 699 1186 1186 395 700 1187 1187 364 701 1188 1188 363 699 1189 1189 395 700 1190 1190 394 702 1191 1191 365 703 1192 1192 364 701 1193 1193 394 702 1194 1194 398 704 1195 1195 366 704 1196 1196 365 703 1197 1197 398 705 1198 1198 397 706 1199 1199 367 707 1200 1200 366 705 1201 1201 397 706 1202 1202 396 708 1203 1203 368 709 1204 1204 367 707 1205 1205 396 708 1206 1206 399 710 1207 1207 369 710 1208 1208 368 709 1209 1209 399 711 1210 1210 400 688 1211 1211 358 691 1212 1212 369 711 1213 1213 819 712 1214 1214 820 713 1215 1215 818 714 1216 1216 817 715 1217 1217 41 24 1218 1218 40 43 1219 1219 22 37 1220 1220 42 36 1221 1221 43 716 1222 1222 24 69 1223 1223 43 716 1224 1224 42 36 1225 1225 21 34 1226 1226 19 32 1227 1227 17 29 1228 1228 44 28 1229 1229 34 717 1230 1230 23 64 1231 1231 36 67 1232 1232 867 114 1233 1233 868 113 1234 1234 866 718 1235 1235 865 719 1236 1236 865 719 1237 1237 866 718 1238 1238 863 720 1239 1239 864 721 1240 1240 419 722 1241 1241 421 722 1242 1242 420 722 1243 1243 418 722 1244 1244 856 723 1245 1245 857 724 1246 1246 855 725 1247 1247 854 726 1248 1248 411 727 1249 1249 413 727 1250 1250 412 727 1251 1251 410 727 1252 1252 837 728 1253 1253 838 729 1254 1254 836 176 1255 1255 835 175 1256 1256 416 730 1257 1257 417 730 1258 1258 422 730 1259 1259 413 730 1260 1260 411 730 1261 1261 425 730 1262 1262 420 730 1263 1263 421 730 1264 1264 428 730 1265 1265 409 730 1266 1266 407 730 1267 1267 429 730 1268 1268 80 140 1269 1269 62 115 1270 1270 63 116 1271 1271 59 109 1272 1272 68 107 1273 1273 64 125 1274 1274 441 731 1275 1275 439 731 1276 1276 447 731 1277 1277 446 731 1278 1278 451 732 1279 1279 438 732 1280 1280 440 732 1281 1281 453 732 1282 1282 429 733 1283 1283 407 733 1284 1284 406 733 1285 1285 427 733 1286 1286 445 734 1287 1287 443 734 1288 1288 450 734 1289 1289 452 735 1290 1290 448 736 1291 1291 442 736 1292 1292 444 736 1293 1293 449 736 1294 1294 415 737 1295 1295 417 737 1296 1296 416 737 1297 1297 414 737 1298 1298 34 717 1299 1299 37 19 1300 1300 12 18 1301 1301 13 87 1302 1302 48 65 1303 1303 23 64 1304 1304 901 738 1305 1305 890 739 1306 1306 897 740 1307 1307 877 741 1308 1308 906 742 1309 1309 888 743 1310 1310 903 744 1311 1311 902 745 1312 1312 438 343 1313 1313 443 343 1314 1314 442 343 1315 1315 439 343 1316 1316 435 727 1317 1317 437 727 1318 1318 436 727 1319 1319 434 727 1320 1320 422 746 1321 1321 423 746 1322 1322 412 746 1323 1323 413 746 1324 1324 921 120 1325 1325 919 322 1326 1326 914 747 1327 1327 911 748 1328 1328 931 749 1329 1329 882 750 1330 1330 885 751 1331 1331 907 752 1332 1332 893 753 1333 1333 884 754 1334 1334 913 325 1335 1335 916 755 1336 1336 892 756 1337 1337 894 428 1338 1338 895 427 1339 1339 896 757 1340 1340 900 758 1341 1341 897 740 1342 1342 890 739 1343 1343 903 744 1344 1344 888 743 1345 1345 889 181 1346 1346 891 180 1347 1347 912 759 1348 1348 929 760 1349 1349 910 761 1350 1350 925 762 1351 1351 923 117 1352 1352 453 746 1353 1353 431 746 1354 1354 430 746 1355 1355 451 746 1356 1356 447 763 1357 1357 439 763 1358 1358 442 763 1359 1359 448 763 1360 1360 417 764 1361 1361 415 764 1362 1362 423 764 1363 1363 422 764 1364 1364 27 56 1365 1365 31 35 1366 1366 22 37 1367 1367 40 43 1368 1368 25 42 1369 1369 45 85 1370 1370 424 765 1371 1371 418 765 1372 1372 420 765 1373 1373 425 765 1374 1374 427 766 1375 1375 414 766 1376 1376 416 766 1377 1377 429 766 1378 1378 439 767 1379 1379 441 767 1380 1380 440 767 1381 1381 438 767 1382 1382 460 727 1383 1383 461 727 1384 1384 462 727 1385 1385 463 727 1386 1386 464 414 1387 1387 465 414 1388 1388 466 414 1389 1389 467 414 1390 1390 460 768 1391 1391 468 769 1392 1392 469 770 1393 1393 459 770 1394 1394 470 771 1395 1395 471 771 1396 1396 472 771 1397 1397 473 771 1398 1398 474 772 1399 1399 475 772 1400 1400 476 772 1401 1401 477 772 1402 1402 478 727 1403 1403 479 727 1404 1404 480 727 1405 1405 481 727 1406 1406 482 773 1407 1407 483 773 1408 1408 484 773 1409 1409 485 773 1410 1410 1008 401 1411 1411 944 463 1412 1412 945 774 1413 1413 1009 228 1414 1414 189 775 1415 1415 198 72 1416 1416 1313 776 1417 1417 1317 777 1418 1418 1314 778 1419 1419 205 363 1420 1420 190 362 1421 1421 461 779 1422 1422 487 780 1423 1423 462 781 1424 1424 460 782 1425 1425 463 783 1426 1426 468 784 1427 1427 464 785 1428 1428 467 786 1429 1429 486 787 1430 1430 465 788 1431 1431 488 789 1432 1432 466 790 1433 1433 472 791 1434 1434 475 791 1435 1435 474 791 1436 1436 473 791 1437 1437 482 792 1438 1438 471 792 1439 1439 470 792 1440 1440 483 792 1441 1441 476 793 1442 1442 479 793 1443 1443 478 793 1444 1444 477 793 1445 1445 480 794 1446 1446 485 794 1447 1447 484 794 1448 1448 481 794 1449 1449 487 795 1450 1450 486 795 1451 1451 467 795 1452 1452 466 796 1453 1453 480 797 1454 1454 479 795 1455 1455 476 795 1456 1456 475 795 1457 1457 472 795 1458 1458 471 795 1459 1459 482 795 1460 1460 485 798 1461 1461 488 799 1462 1462 468 795 1463 1463 463 795 1464 1464 462 795 1465 1465 488 799 1466 1466 485 798 1467 1467 480 797 1468 1468 466 796 1469 1469 456 800 1470 1470 455 800 1471 1471 464 801 1472 1472 486 802 1473 1473 488 803 1474 1474 489 803 1475 1475 469 803 1476 1476 468 803 1477 1477 487 804 1478 1478 458 804 1479 1479 456 804 1480 1480 486 804 1481 1481 487 780 1482 1482 461 779 1483 1483 457 805 1484 1484 458 805 1485 1485 489 806 1486 1486 488 789 1487 1487 465 788 1488 1488 454 806 1489 1489 496 807 1490 1490 497 807 1491 1491 498 807 1492 1492 499 807 1493 1493 500 414 1494 1494 501 414 1495 1495 502 414 1496 1496 503 414 1497 1497 496 808 1498 1498 504 809 1499 1499 505 810 1500 1500 495 810 1501 1501 506 414 1502 1502 507 414 1503 1503 508 414 1504 1504 509 414 1505 1505 510 772 1506 1506 511 772 1507 1507 512 772 1508 1508 513 772 1509 1509 514 811 1510 1510 515 811 1511 1511 516 811 1512 1512 517 811 1513 1513 518 773 1514 1514 519 773 1515 1515 520 773 1516 1516 521 773 1517 1517 962 812 1518 1518 973 813 1519 1519 1003 814 1520 1520 964 815 1521 1521 970 816 1522 1522 995 817 1523 1523 997 311 1524 1524 996 818 1525 1525 969 462 1526 1526 984 402 1527 1527 986 227 1528 1528 985 819 1529 1529 497 820 1530 1530 523 821 1531 1531 498 781 1532 1532 496 822 1533 1533 499 823 1534 1534 504 824 1535 1535 500 825 1536 1536 503 826 1537 1537 522 827 1538 1538 501 828 1539 1539 524 829 1540 1540 502 830 1541 1541 508 831 1542 1542 511 831 1543 1543 510 831 1544 1544 509 831 1545 1545 518 832 1546 1546 507 832 1547 1547 506 832 1548 1548 519 832 1549 1549 512 833 1550 1550 515 833 1551 1551 514 833 1552 1552 513 833 1553 1553 516 834 1554 1554 521 834 1555 1555 520 834 1556 1556 517 834 1557 1557 586 274 1558 1558 588 58 1559 1559 582 835 1560 1560 576 275 1561 1561 182 836 1562 1562 207 347 1563 1563 201 339 1564 1564 188 338 1565 1565 197 837 1566 1566 967 7 1567 1567 978 6 1568 1568 980 838 1569 1569 979 188 1570 1570 492 839 1571 1571 491 839 1572 1572 500 840 1573 1573 522 841 1574 1574 524 842 1575 1575 525 842 1576 1576 505 842 1577 1577 504 842 1578 1578 523 843 1579 1579 494 843 1580 1580 492 843 1581 1581 522 843 1582 1582 523 821 1583 1583 497 820 1584 1584 493 844 1585 1585 494 844 1586 1586 525 845 1587 1587 524 829 1588 1588 501 828 1589 1589 490 845 1590 1590 977 5 1591 1591 1006 846 1592 1592 937 369 1593 1593 978 6 1594 1594 972 847 1595 1595 1001 848 1596 1596 1002 849 1597 1597 973 813 1598 1598 1024 850 1599 1599 1026 851 1600 1600 1025 852 1601 1601 1041 853 1602 1602 1004 854 1603 1603 963 855 1604 1604 1005 856 1605 1605 975 857 1606 1606 532 858 1607 1607 533 859 1608 1608 531 860 1609 1609 530 861 1610 1610 1054 862 1611 1611 1030 863 1612 1612 1048 864 1613 1613 1033 865 1614 1614 1031 866 1615 1615 1016 867 1616 1616 1057 868 1617 1617 1022 869 1618 1618 998 313 1619 1619 1011 8 1620 1620 1012 11 1621 1621 1000 870 1622 1622 1058 871 1623 1623 1044 872 1624 1624 1043 873 1625 1625 1042 874 1626 1626 530 861 1627 1627 531 860 1628 1628 528 875 1629 1629 529 876 1630 1630 1135 98 1631 1631 1136 97 1632 1632 1134 549 1633 1633 1133 548 1634 1634 574 877 1635 1635 571 281 1636 1636 573 280 1637 1637 550 558 1638 1638 1042 874 1639 1639 1043 873 1640 1640 1041 853 1641 1641 1040 878 1642 1642 551 279 1643 1643 593 278 1644 1644 548 61 1645 1645 572 559 1646 1646 1021 879 1647 1647 1050 880 1648 1648 1049 881 1649 1649 1023 882 1650 1650 1023 882 1651 1651 1049 881 1652 1652 1017 883 1653 1653 1024 850 1654 1654 1026 851 1655 1655 1018 884 1656 1656 1019 885 1657 1657 1028 886 1658 1658 561 376 1659 1659 562 289 1660 1660 560 288 1661 1661 545 887 1662 1662 1030 863 1663 1663 1056 888 1664 1664 1016 867 1665 1665 1031 866 1666 1666 547 889 1667 1667 557 287 1668 1668 559 286 1669 1669 558 890 1670 1670 1028 886 1671 1671 1029 891 1672 1672 1038 892 1673 1673 1027 893 1674 1674 161 249 1675 1675 163 251 1676 1676 165 253 1677 1677 149 237 1678 1678 169 165 1679 1679 104 163 1680 1680 101 161 1681 1681 100 159 1682 1682 98 157 1683 1683 96 155 1684 1684 94 153 1685 1685 92 151 1686 1686 168 149 1687 1687 167 147 1688 1688 151 239 1689 1689 153 241 1690 1690 155 243 1691 1691 157 245 1692 1692 159 247 1693 1693 982 894 1694 1694 941 895 1695 1695 1007 400 1696 1696 983 399 1697 1697 1090 896 1698 1698 1091 897 1699 1699 1089 898 1700 1700 1088 899 1701 1701 1078 226 1702 1702 1080 225 1703 1703 1093 900 1704 1704 1092 901 1705 1705 1026 851 1706 1706 1028 886 1707 1707 1027 893 1708 1708 1025 852 1709 1709 1015 902 1710 1710 1048 864 1711 1711 1047 315 1712 1712 1046 314 1713 1713 546 903 1714 1714 555 282 1715 1715 571 281 1716 1716 574 877 1717 1717 1096 904 1718 1718 1098 905 1719 1719 1097 906 1720 1720 1095 907 1721 1721 1099 908 1722 1722 1100 909 1723 1723 1098 905 1724 1724 1096 904 1725 1725 543 910 1726 1726 570 294 1727 1727 552 293 1728 1728 542 911 1729 1729 609 569 1730 1730 610 568 1731 1731 612 912 1732 1732 611 602 1733 1733 1139 913 1734 1734 1140 914 1735 1735 1138 96 1736 1736 1137 95 1737 1737 1118 915 1738 1738 1119 916 1739 1739 1117 917 1740 1740 1116 918 1741 1741 1160 919 1742 1742 1161 920 1743 1743 1159 921 1744 1744 1158 922 1745 1745 596 276 1746 1746 597 63 1747 1747 595 62 1748 1748 594 277 1749 1749 55 104 1750 1750 57 106 1751 1751 58 108 1752 1752 76 110 1753 1753 72 923 1754 1754 61 135 1755 1755 60 132 1756 1756 71 131 1757 1757 70 924 1758 1758 78 101 1759 1759 1147 555 1760 1760 1149 554 1761 1761 1148 925 1762 1762 1146 926 1763 1763 587 273 1764 1764 579 59 1765 1765 588 58 1766 1766 586 274 1767 1767 556 283 1768 1768 549 927 1769 1769 597 63 1770 1770 596 276 1771 1771 1143 388 1772 1772 1144 387 1773 1773 1142 928 1774 1774 1141 929 1775 1775 577 285 1776 1776 583 930 1777 1777 558 890 1778 1778 559 286 1779 1779 1158 922 1780 1780 1159 921 1781 1781 1157 931 1782 1782 1156 932 1783 1783 612 912 1784 1784 632 933 1785 1785 651 934 1786 1786 614 560 1787 1787 1175 935 1788 1788 1176 936 1789 1789 1174 937 1790 1790 1173 938 1791 1791 671 939 1792 1792 616 940 1793 1793 618 941 1794 1794 617 942 1795 1795 604 564 1796 1796 630 943 1797 1797 643 944 1798 1798 605 945 1799 1799 575 298 1800 1800 578 946 1801 1801 590 60 1802 1802 589 272 1803 1803 1154 947 1804 1804 1155 948 1805 1805 1153 949 1806 1806 1152 950 1807 1807 633 951 1808 1808 653 506 1809 1809 655 952 1810 1810 654 953 1811 1811 584 284 1812 1812 580 954 1813 1813 583 930 1814 1814 577 285 1815 1815 611 602 1816 1816 612 912 1817 1817 614 560 1818 1818 613 504 1819 1819 598 541 1820 1820 599 955 1821 1821 602 563 1822 1822 601 562 1823 1823 668 956 1824 1824 605 945 1825 1825 607 957 1826 1826 606 958 1827 1827 620 959 1828 1828 659 960 1829 1829 661 961 1830 1830 621 962 1831 1831 594 277 1832 1832 595 62 1833 1833 548 61 1834 1834 593 278 1835 1835 603 565 1836 1836 604 564 1837 1837 605 945 1838 1838 668 956 1839 1839 194 364 1840 1840 205 363 1841 1841 204 352 1842 1842 192 357 1843 1843 203 346 1844 1844 206 366 1845 1845 674 963 1846 1846 621 962 1847 1847 622 80 1848 1848 675 379 1849 1849 606 958 1850 1850 607 957 1851 1851 608 567 1852 1852 669 566 1853 1853 617 942 1854 1854 618 941 1855 1855 619 964 1856 1856 672 965 1857 1857 673 966 1858 1858 620 959 1859 1859 621 962 1860 1860 674 963 1861 1861 670 505 1862 1862 615 561 1863 1863 616 940 1864 1864 671 939 1865 1865 616 940 1866 1866 654 953 1867 1867 656 967 1868 1868 618 941 1869 1869 605 945 1870 1870 643 944 1871 1871 645 326 1872 1872 607 957 1873 1873 753 968 1874 1874 754 969 1875 1875 752 319 1876 1876 751 318 1877 1877 610 568 1878 1878 648 970 1879 1879 632 933 1880 1880 612 912 1881 1881 676 971 1882 1882 625 972 1883 1883 626 307 1884 1884 677 535 1885 1885 679 973 1886 1886 691 974 1887 1887 692 373 1888 1888 724 372 1889 1889 231 975 1890 1890 212 584 1891 1891 224 583 1892 1892 200 976 1893 1893 207 347 1894 1894 182 836 1895 1895 18 31 1896 1896 29 53 1897 1897 37 19 1898 1898 34 717 1899 1899 44 28 1900 1900 621 962 1901 1901 661 961 1902 1902 635 81 1903 1903 622 80 1904 1904 672 965 1905 1905 619 964 1906 1906 620 959 1907 1907 673 966 1908 1908 631 329 1909 1909 647 328 1910 1910 649 601 1911 1911 648 970 1912 1912 615 561 1913 1913 633 951 1914 1914 654 953 1915 1915 616 940 1916 1916 619 964 1917 1917 634 977 1918 1918 659 960 1919 1919 620 959 1920 1920 196 367 1921 1921 206 366 1922 1922 1331 978 1923 1923 1327 979 1924 1924 182 836 1925 1925 197 837 1926 1926 624 83 1927 1927 636 82 1928 1928 637 980 1929 1929 625 972 1930 1930 245 447 1931 1931 246 449 1932 1932 248 451 1933 1933 252 453 1934 1934 260 489 1935 1935 259 487 1936 1936 274 485 1937 1937 258 483 1938 1938 271 481 1939 1939 269 479 1940 1940 268 477 1941 1941 242 441 1942 1942 241 443 1943 1943 243 445 1944 1944 643 944 1945 1945 644 981 1946 1946 646 327 1947 1947 645 326 1948 1948 628 309 1949 1949 640 540 1950 1950 639 542 1951 1951 627 982 1952 1952 630 943 1953 1953 642 983 1954 1954 644 981 1955 1955 643 944 1956 1956 659 960 1957 1957 660 984 1958 1958 662 985 1959 1959 661 961 1960 1960 629 986 1961 1961 641 987 1962 1962 642 983 1963 1963 630 943 1964 1964 648 970 1965 1965 649 601 1966 1966 650 603 1967 1967 632 933 1968 1968 627 982 1969 1969 639 542 1970 1970 641 987 1971 1971 629 986 1972 1972 638 308 1973 1973 666 988 1974 1974 640 540 1975 1975 628 309 1976 1976 634 977 1977 1977 658 989 1978 1978 660 984 1979 1979 659 960 1980 1980 656 967 1981 1981 657 990 1982 1982 658 989 1983 1983 634 977 1984 1984 614 560 1985 1985 651 934 1986 1986 633 951 1987 1987 615 561 1988 1988 636 82 1989 1989 664 991 1990 1990 665 992 1991 1991 637 980 1992 1992 654 953 1993 1993 655 952 1994 1994 657 990 1995 1995 656 967 1996 1996 651 934 1997 1997 652 503 1998 1998 653 506 1999 1999 633 951 2000 2000 632 933 2001 2001 650 603 2002 2002 652 503 2003 2003 651 934 2004 2004 642 983 2005 2005 603 565 2006 2006 668 956 2007 2007 644 981 2008 2008 661 961 2009 2009 662 985 2010 2010 663 993 2011 2011 635 81 2012 2012 635 81 2013 2013 663 993 2014 2014 664 991 2015 2015 636 82 2016 2016 667 536 2017 2017 600 310 2018 2018 599 955 2019 2019 598 541 2020 2020 710 994 2021 2021 687 616 2022 2022 686 185 2023 2023 707 184 2024 2024 693 995 2025 2025 715 299 2026 2026 694 302 2027 2027 692 373 2028 2028 1052 996 2029 2029 1055 997 2030 2030 1034 998 2031 2031 1036 999 2032 2032 641 987 2033 2033 601 562 2034 2034 603 565 2035 2035 642 983 2036 2036 665 992 2037 2037 676 971 2038 2038 677 535 2039 2039 666 988 2040 2040 646 327 2041 2041 606 958 2042 2042 669 566 2043 2043 647 328 2044 2044 647 328 2045 2045 669 566 2046 2046 609 569 2047 2047 649 601 2048 2048 644 981 2049 2049 668 956 2050 2050 606 958 2051 2051 646 327 2052 2052 653 506 2053 2053 670 505 2054 2054 671 939 2055 2055 655 952 2056 2056 658 989 2057 2057 672 965 2058 2058 673 966 2059 2059 660 984 2060 2060 660 984 2061 2061 673 966 2062 2062 674 963 2063 2063 662 985 2064 2064 664 991 2065 2065 623 380 2066 2066 676 971 2067 2067 665 992 2068 2068 657 990 2069 2069 617 942 2070 2070 672 965 2071 2071 658 989 2072 2072 655 952 2073 2073 671 939 2074 2074 617 942 2075 2075 657 990 2076 2076 690 589 2077 2077 713 1000 2078 2078 691 974 2079 2079 703 590 2080 2080 663 993 2081 2081 675 379 2082 2082 623 380 2083 2083 664 991 2084 2084 662 985 2085 2085 674 963 2086 2086 675 379 2087 2087 663 993 2088 2088 222 1001 2089 2089 228 418 2090 2090 210 421 2091 2091 1310 430 2092 2092 1312 1002 2093 2093 209 70 2094 2094 680 611 2095 2095 708 613 2096 2096 678 631 2097 2097 706 183 2098 2098 705 186 2099 2099 704 1003 2100 2100 702 1004 2101 2101 679 973 2102 2102 724 372 2103 2103 701 374 2104 2104 723 1005 2105 2105 699 1006 2106 2106 650 603 2107 2107 611 602 2108 2108 613 504 2109 2109 652 503 2110 2110 184 333 2111 2111 199 73 2112 2112 198 72 2113 2113 189 775 2114 2114 202 330 2115 2115 789 1007 2116 2116 790 1008 2117 2117 788 465 2118 2118 787 464 2119 2119 666 988 2120 2120 677 535 2121 2121 667 536 2122 2122 640 540 2123 2123 1146 926 2124 2124 1148 925 2125 2125 1161 920 2126 2126 1160 919 2127 2127 707 184 2128 2128 685 424 2129 2129 722 130 2130 2130 710 994 2131 2131 696 300 2132 2132 716 381 2133 2133 700 1009 2134 2134 695 301 2135 2135 716 381 2136 2136 698 384 2137 2137 697 612 2138 2138 700 1009 2139 2139 607 957 2140 2140 645 326 2141 2141 631 329 2142 2142 608 567 2143 2143 693 995 2144 2144 714 1010 2145 2145 725 1011 2146 2146 715 299 2147 2147 698 384 2148 2148 720 127 2149 2149 709 425 2150 2150 697 612 2151 2151 708 613 2152 2152 709 425 2153 2153 685 424 2154 2154 678 631 2155 2155 701 374 2156 2156 694 302 2157 2157 695 301 2158 2158 723 1005 2159 2159 705 186 2160 2160 686 185 2161 2161 688 591 2162 2162 704 1003 2163 2163 690 589 2164 2164 683 1012 2165 2165 684 1013 2166 2166 713 1000 2167 2167 702 1004 2168 2168 703 590 2169 2169 691 974 2170 2170 679 973 2171 2171 1095 907 2172 2172 1097 906 2173 2173 1110 1014 2174 2174 1109 1015 2175 2175 715 299 2176 2176 725 1011 2177 2177 718 1016 2178 2178 696 300 2179 2179 713 1000 2180 2180 684 1013 2181 2181 714 1010 2182 2182 693 995 2183 2183 65 121 2184 2184 79 142 2185 2185 85 126 2186 2186 54 103 2187 2187 77 102 2188 2188 66 122 2189 2189 710 994 2190 2190 712 1017 2191 2191 711 617 2192 2192 687 616 2193 2193 696 300 2194 2194 718 1016 2195 2195 717 382 2196 2196 716 381 2197 2197 821 94 2198 2198 822 93 2199 2199 820 713 2200 2200 819 712 2201 2201 689 588 2202 2202 681 618 2203 2203 683 1012 2204 2204 690 589 2205 2205 704 1003 2206 2206 688 591 2207 2207 703 590 2208 2208 702 1004 2209 2209 699 1006 2210 2210 700 1009 2211 2211 697 612 2212 2212 680 611 2213 2213 723 1005 2214 2214 695 301 2215 2215 700 1009 2216 2216 699 1006 2217 2217 761 1018 2218 2218 763 1019 2219 2219 762 220 2220 2220 760 219 2221 2221 687 616 2222 2222 689 588 2223 2223 688 591 2224 2224 686 185 2225 2225 698 384 2226 2226 719 383 2227 2227 721 128 2228 2228 720 127 2229 2229 730 1020 2230 2230 731 1021 2231 2231 729 1022 2232 2232 727 1023 2233 2233 681 618 2234 2234 711 617 2235 2235 712 1017 2236 2236 682 129 2237 2237 721 128 2238 2238 719 383 2239 2239 717 382 2240 2240 718 1016 2241 2241 725 1011 2242 2242 714 1010 2243 2243 684 1013 2244 2244 683 1012 2245 2245 599 955 2246 2246 627 982 2247 2247 629 986 2248 2248 602 563 2249 2249 747 1024 2250 2250 748 1025 2251 2251 746 359 2252 2252 744 358 2253 2253 727 1023 2254 2254 729 1022 2255 2255 728 39 2256 2256 726 38 2257 2257 785 467 2258 2258 786 466 2259 2259 784 679 2260 2260 783 678 2261 2261 732 1026 2262 2262 733 1027 2263 2263 731 1021 2264 2264 730 1020 2265 2265 772 1028 2266 2266 773 1029 2267 2267 771 532 2268 2268 770 531 2269 2269 740 41 2270 2270 741 40 2271 2271 739 1030 2272 2272 738 1031 2273 2273 727 1023 2274 2274 726 38 2275 2275 742 1032 2276 2276 730 1020 2277 2277 727 1023 2278 2278 742 1032 2279 2279 732 1026 2280 2280 730 1020 2281 2281 742 1032 2282 2282 734 170 2283 2283 732 1026 2284 2284 742 1032 2285 2285 736 167 2286 2286 734 170 2287 2287 742 1032 2288 2288 738 1031 2289 2289 736 167 2290 2290 742 1032 2291 2291 740 41 2292 2292 738 1031 2293 2293 742 1032 2294 2294 726 38 2295 2295 740 41 2296 2296 742 1032 2297 2297 828 683 2298 2298 830 682 2299 2299 829 1033 2300 2300 827 1034 2301 2301 734 170 2302 2302 735 169 2303 2303 733 1027 2304 2304 732 1026 2305 2305 764 1035 2306 2306 765 1036 2307 2307 763 1019 2308 2308 761 1018 2309 2309 738 1031 2310 2310 739 1030 2311 2311 737 168 2312 2312 736 167 2313 2313 911 748 2314 2314 932 1037 2315 2315 881 1038 2316 2316 931 749 2317 2317 744 358 2318 2318 743 361 2319 2319 759 1039 2320 2320 747 1024 2321 2321 744 358 2322 2322 759 1039 2323 2323 749 321 2324 2324 747 1024 2325 2325 759 1039 2326 2326 751 318 2327 2327 749 321 2328 2328 759 1039 2329 2329 753 968 2330 2330 751 318 2331 2331 759 1039 2332 2332 755 1040 2333 2333 753 968 2334 2334 759 1039 2335 2335 757 545 2336 2336 755 1040 2337 2337 759 1039 2338 2338 743 361 2339 2339 757 545 2340 2340 759 1039 2341 2341 757 545 2342 2342 758 544 2343 2343 756 1041 2344 2344 755 1040 2345 2345 768 534 2346 2346 769 533 2347 2347 767 1042 2348 2348 766 1043 2349 2349 989 594 2350 2350 990 593 2351 2351 992 1044 2352 2352 991 537 2353 2353 755 1040 2354 2354 756 1041 2355 2355 754 969 2356 2356 753 968 2357 2357 1113 1045 2358 2358 1115 1046 2359 2359 1114 1047 2360 2360 1112 1048 2361 2361 761 1018 2362 2362 760 219 2363 2363 776 1049 2364 2364 764 1035 2365 2365 761 1018 2366 2366 776 1049 2367 2367 766 1043 2368 2368 764 1035 2369 2369 776 1049 2370 2370 768 534 2371 2371 766 1043 2372 2372 776 1049 2373 2373 770 531 2374 2374 768 534 2375 2375 776 1049 2376 2376 772 1028 2377 2377 770 531 2378 2378 776 1049 2379 2379 774 222 2380 2380 772 1028 2381 2381 776 1049 2382 2382 760 219 2383 2383 774 222 2384 2384 776 1049 2385 2385 405 685 2386 2386 402 1050 2387 2387 403 1050 2388 2388 404 1050 2389 2389 401 1050 2390 2390 400 1050 2391 2391 399 1050 2392 2392 396 1050 2393 2393 397 1050 2394 2394 398 1050 2395 2395 394 1050 2396 2396 395 684 2397 2397 379 687 2398 2398 378 1050 2399 2399 380 1050 2400 2400 381 1050 2401 2401 382 1050 2402 2402 383 1050 2403 2403 384 1050 2404 2404 385 1050 2405 2405 390 1050 2406 2406 391 1050 2407 2407 392 1050 2408 2408 393 686 2409 2409 815 1051 2410 2410 816 1052 2411 2411 814 1053 2412 2412 812 1054 2413 2413 766 1043 2414 2414 767 1042 2415 2415 765 1036 2416 2416 764 1035 2417 2417 778 677 2418 2418 780 676 2419 2419 779 1055 2420 2420 777 1056 2421 2421 774 222 2422 2422 775 221 2423 2423 773 1029 2424 2424 772 1028 2425 2425 848 138 2426 2426 849 137 2427 2427 847 1057 2428 2428 845 1058 2429 2429 778 677 2430 2430 777 1056 2431 2431 793 1059 2432 2432 781 674 2433 2433 778 677 2434 2434 793 1059 2435 2435 783 678 2436 2436 781 674 2437 2437 793 1059 2438 2438 785 467 2439 2439 783 678 2440 2440 793 1059 2441 2441 787 464 2442 2442 785 467 2443 2443 793 1059 2444 2444 789 1007 2445 2445 787 464 2446 2446 793 1059 2447 2447 791 1060 2448 2448 789 1007 2449 2449 793 1059 2450 2450 777 1056 2451 2451 791 1060 2452 2452 793 1059 2453 2453 798 1061 2454 2454 799 1062 2455 2455 797 407 2456 2456 795 406 2457 2457 800 1063 2458 2458 801 1064 2459 2459 799 1062 2460 2460 798 1061 2461 2461 808 1065 2462 2462 809 1066 2463 2463 807 342 2464 2464 806 341 2465 2465 70 924 2466 2466 71 131 2467 2467 82 134 2468 2468 81 141 2469 2469 50 90 2470 2470 73 89 2471 2471 802 262 2472 2472 803 261 2473 2473 801 1064 2474 2474 800 1063 2475 2475 794 409 2476 2476 796 408 2477 2477 809 1066 2478 2478 808 1065 2479 2479 795 406 2480 2480 794 409 2481 2481 810 1067 2482 2482 798 1061 2483 2483 795 406 2484 2484 810 1067 2485 2485 800 1063 2486 2486 798 1061 2487 2487 810 1067 2488 2488 802 262 2489 2489 800 1063 2490 2490 810 1067 2491 2491 804 259 2492 2492 802 262 2493 2493 810 1067 2494 2494 806 341 2495 2495 804 259 2496 2496 810 1067 2497 2497 808 1065 2498 2498 806 341 2499 2499 810 1067 2500 2500 794 409 2501 2501 808 1065 2502 2502 810 1067 2503 2503 864 721 2504 2504 863 720 2505 2505 862 112 2506 2506 861 111 2507 2507 777 1056 2508 2508 779 1055 2509 2509 792 1068 2510 2510 791 1060 2511 2511 69 124 2512 2512 85 126 2513 2513 82 134 2514 2514 83 133 2515 2515 84 136 2516 2516 64 125 2517 2517 827 1034 2518 2518 829 1033 2519 2519 842 496 2520 2520 841 495 2521 2521 749 321 2522 2522 750 320 2523 2523 748 1025 2524 2524 747 1024 2525 2525 817 715 2526 2526 818 714 2527 2527 816 1052 2528 2528 815 1051 2529 2529 839 498 2530 2530 840 497 2531 2531 838 729 2532 2532 837 728 2533 2533 812 1054 2534 2534 814 1053 2535 2535 813 1069 2536 2536 811 1070 2537 2537 811 1070 2538 2538 813 1069 2539 2539 826 470 2540 2540 825 469 2541 2541 870 258 2542 2542 873 257 2543 2543 871 1071 2544 2544 869 1072 2545 2545 722 130 2546 2546 682 129 2547 2547 712 1017 2548 2548 710 994 2549 2549 1023 882 2550 2550 1024 850 2551 2551 1041 853 2552 2552 1043 873 2553 2553 791 1060 2554 2554 792 1068 2555 2555 790 1008 2556 2556 789 1007 2557 2557 833 178 2558 2558 834 177 2559 2559 832 681 2560 2560 831 680 2561 2561 828 683 2562 2562 827 1034 2563 2563 843 1073 2564 2564 831 680 2565 2565 828 683 2566 2566 843 1073 2567 2567 833 178 2568 2568 831 680 2569 2569 843 1073 2570 2570 835 175 2571 2571 833 178 2572 2572 843 1073 2573 2573 837 728 2574 2574 835 175 2575 2575 843 1073 2576 2576 839 498 2577 2577 837 728 2578 2578 843 1073 2579 2579 841 495 2580 2580 839 498 2581 2581 843 1073 2582 2582 827 1034 2583 2583 841 495 2584 2584 843 1073 2585 2585 195 365 2586 2586 196 367 2587 2587 197 837 2588 2588 188 338 2589 2589 187 336 2590 2590 185 334 2591 2591 183 331 2592 2592 202 330 2593 2593 189 775 2594 2594 190 362 2595 2595 858 1074 2596 2596 859 1075 2597 2597 857 724 2598 2598 856 723 2599 2599 845 1058 2600 2600 844 1076 2601 2601 860 1077 2602 2602 848 138 2603 2603 845 1058 2604 2604 860 1077 2605 2605 850 79 2606 2606 848 138 2607 2607 860 1077 2608 2608 852 76 2609 2609 850 79 2610 2610 860 1077 2611 2611 854 726 2612 2612 852 76 2613 2613 860 1077 2614 2614 856 723 2615 2615 854 726 2616 2616 860 1077 2617 2617 858 1074 2618 2618 856 723 2619 2619 860 1077 2620 2620 844 1076 2621 2621 858 1074 2622 2622 860 1077 2623 2623 423 1078 2624 2624 415 1078 2625 2625 418 1078 2626 2626 424 1078 2627 2627 414 343 2628 2628 419 343 2629 2629 418 343 2630 2630 415 343 2631 2631 407 414 2632 2632 409 414 2633 2633 408 414 2634 2634 406 414 2635 2635 854 726 2636 2636 855 725 2637 2637 853 77 2638 2638 852 76 2639 2639 409 1079 2640 2640 428 1079 2641 2641 426 1079 2642 2642 408 1079 2643 2643 425 1080 2644 2644 411 1080 2645 2645 410 1080 2646 2646 424 1080 2647 2647 426 343 2648 2648 427 343 2649 2649 406 343 2650 2650 408 343 2651 2651 869 1072 2652 2652 871 1071 2653 2653 876 1081 2654 2654 875 1082 2655 2655 410 343 2656 2656 412 343 2657 2657 423 343 2658 2658 424 343 2659 2659 875 1082 2660 2660 876 1081 2661 2661 874 256 2662 2662 872 255 2663 2663 887 1083 2664 2664 907 752 2665 2665 885 751 2666 2666 886 1084 2667 2667 882 750 2668 2668 931 749 2669 2669 881 1038 2670 2670 908 1085 2671 2671 883 1086 2672 2672 909 1087 2673 2673 884 754 2674 2674 893 753 2675 2675 924 118 2676 2676 926 1088 2677 2677 927 1089 2678 2678 881 1038 2679 2679 932 1037 2680 2680 431 414 2681 2681 433 414 2682 2682 432 414 2683 2683 430 414 2684 2684 59 109 2685 2685 63 116 2686 2686 75 99 2687 2687 72 923 2688 2688 76 110 2689 2689 898 429 2690 2690 894 428 2691 2691 892 756 2692 2692 880 1090 2693 2693 209 70 2694 2694 225 75 2695 2695 214 390 2696 2696 213 389 2697 2697 222 1001 2698 2698 904 182 2699 2699 889 181 2700 2700 888 743 2701 2701 906 742 2702 2702 877 741 2703 2703 897 740 2704 2704 900 758 2705 2705 878 1091 2706 2706 985 819 2707 2707 986 227 2708 2708 988 230 2709 2709 987 592 2710 2710 569 1092 2711 2711 554 296 2712 2712 553 295 2713 2713 544 1093 2714 2714 443 1094 2715 2715 445 1094 2716 2716 444 1094 2717 2717 442 1094 2718 2718 434 343 2719 2719 436 343 2720 2720 447 343 2721 2721 448 343 2722 2722 449 1095 2723 2723 435 1095 2724 2724 434 1095 2725 2725 448 1095 2726 2726 886 1084 2727 2727 885 751 2728 2728 882 750 2729 2729 908 1085 2730 2730 883 1086 2731 2731 893 753 2732 2732 907 752 2733 2733 887 1083 2734 2734 450 1096 2735 2735 443 1096 2736 2736 438 1096 2737 2737 451 1096 2738 2738 433 1080 2739 2739 452 1080 2740 2740 450 1080 2741 2741 432 1080 2742 2742 913 325 2743 2743 884 754 2744 2744 914 747 2745 2745 919 322 2746 2746 914 747 2747 2747 915 1097 2748 2748 932 1037 2749 2749 911 748 2750 2750 886 1084 2751 2751 908 1085 2752 2752 881 1038 2753 2753 927 1089 2754 2754 930 1098 2755 2755 928 1099 2756 2756 905 179 2757 2757 904 182 2758 2758 906 742 2759 2759 902 745 2760 2760 901 738 2761 2761 877 741 2762 2762 878 1091 2763 2763 899 1100 2764 2764 879 426 2765 2765 898 429 2766 2766 880 1090 2767 2767 917 1101 2768 2768 918 324 2769 2769 920 323 2770 2770 922 119 2771 2771 924 118 2772 2772 932 1037 2773 2773 915 1097 2774 2774 909 1087 2775 2775 883 1086 2776 2776 887 1083 2777 2777 1007 400 2778 2778 943 460 2779 2779 944 463 2780 2780 1008 401 2781 2781 925 762 2782 2782 926 1088 2783 2783 924 118 2784 2784 923 117 2785 2785 899 1100 2786 2786 896 757 2787 2787 895 427 2788 2788 879 426 2789 2789 902 745 2790 2790 903 744 2791 2791 890 739 2792 2792 901 738 2793 2793 912 759 2794 2794 928 1099 2795 2795 930 1098 2796 2796 929 760 2797 2797 913 325 2798 2798 918 324 2799 2799 917 1101 2800 2800 916 755 2801 2801 916 755 2802 2802 917 1101 2803 2803 880 1090 2804 2804 892 756 2805 2805 963 855 2806 2806 964 815 2807 2807 935 432 2808 2808 1005 856 2809 2809 921 120 2810 2810 922 119 2811 2811 920 323 2812 2812 919 322 2813 2813 981 189 2814 2814 982 894 2815 2815 983 399 2816 2816 968 461 2817 2817 933 1102 2818 2818 934 435 2819 2819 936 1103 2820 2820 1006 846 2821 2821 929 760 2822 2822 930 1098 2823 2823 927 1089 2824 2824 910 761 2825 2825 884 754 2826 2826 909 1087 2827 2827 915 1097 2828 2828 914 747 2829 2829 309 523 2830 2830 311 525 2831 2831 313 527 2832 2832 249 452 2833 2833 247 450 2834 2834 319 448 2835 2835 244 446 2836 2836 318 444 2837 2837 240 442 2838 2838 239 440 2839 2839 236 437 2840 2840 317 436 2841 2841 255 458 2842 2842 253 456 2843 2843 299 513 2844 2844 297 511 2845 2845 294 508 2846 2846 293 507 2847 2847 301 515 2848 2848 303 517 2849 2849 305 519 2850 2850 307 521 2851 2851 891 180 2852 2852 905 179 2853 2853 928 1099 2854 2854 912 759 2855 2855 959 1104 2856 2856 960 1105 2857 2857 962 812 2858 2858 961 1106 2859 2859 844 1076 2860 2860 846 1107 2861 2861 859 1075 2862 2862 858 1074 2863 2863 1012 11 2864 2864 958 10 2865 2865 960 1105 2866 2866 959 1104 2867 2867 941 895 2868 2868 942 190 2869 2869 943 460 2870 2870 1007 400 2871 2871 939 371 2872 2872 940 187 2873 2873 942 190 2874 2874 941 895 2875 2875 1006 846 2876 2876 936 1103 2877 2877 938 370 2878 2878 937 369 2879 2879 946 229 2880 2880 947 1108 2881 2881 948 192 2882 2882 1010 191 2883 2883 955 312 2884 2884 956 1109 2885 2885 957 9 2886 2886 1011 8 2887 2887 944 463 2888 2888 969 462 2889 2889 985 819 2890 2890 945 774 2891 2891 953 1110 2892 2892 954 1111 2893 2893 956 1109 2894 2894 955 312 2895 2895 951 1112 2896 2896 952 539 2897 2897 954 1111 2898 2898 953 1110 2899 2899 949 194 2900 2900 950 193 2901 2901 952 539 2902 2902 951 1112 2903 2903 1009 228 2904 2904 945 774 2905 2905 947 1108 2906 2906 946 229 2907 2907 1164 1113 2908 2908 1166 1114 2909 2909 1165 1115 2910 2910 1163 1116 2911 2911 958 10 2912 2912 999 1117 2913 2913 972 847 2914 2914 960 1105 2915 2915 942 190 2916 2916 981 189 2917 2917 968 461 2918 2918 943 460 2919 2919 233 410 2920 2920 235 412 2921 2921 210 421 2922 2922 234 420 2923 2923 211 423 2924 2924 232 411 2925 2925 952 539 2926 2926 993 538 2927 2927 970 816 2928 2928 954 1111 2929 2929 961 1106 2930 2930 962 812 2931 2931 964 815 2932 2932 963 855 2933 2933 936 1103 2934 2934 976 4 2935 2935 967 7 2936 2936 938 370 2937 2937 934 435 2938 2938 965 434 2939 2939 976 4 2940 2940 936 1103 2941 2941 948 192 2942 2942 989 594 2943 2943 991 537 2944 2944 950 193 2945 2945 938 370 2946 2946 967 7 2947 2947 979 188 2948 2948 940 187 2949 2949 960 1105 2950 2950 972 847 2951 2951 973 813 2952 2952 962 812 2953 2953 945 774 2954 2954 985 819 2955 2955 987 592 2956 2956 947 1108 2957 2957 957 9 2958 2958 971 1118 2959 2959 999 1117 2960 2960 958 10 2961 2961 954 1111 2962 2962 970 816 2963 2963 996 818 2964 2964 956 1109 2965 2965 968 461 2966 2966 983 399 2967 2967 984 402 2968 2968 969 462 2969 2969 845 1058 2970 2970 847 1057 2971 2971 846 1107 2972 2972 844 1076 2973 2973 956 1109 2974 2974 996 818 2975 2975 971 1118 2976 2976 957 9 2977 2977 979 188 2978 2978 980 838 2979 2979 982 894 2980 2980 981 189 2981 2981 506 1119 2982 2982 509 1119 2983 2983 510 1119 2984 2984 513 1119 2985 2985 514 1119 2986 2986 517 1119 2987 2987 520 1119 2988 2988 519 1119 2989 2989 991 537 2990 2990 992 1044 2991 2991 994 1120 2992 2992 993 538 2993 2993 470 1121 2994 2994 473 1121 2995 2995 474 1121 2996 2996 477 1121 2997 2997 478 1121 2998 2998 481 1121 2999 2999 484 1121 3000 3000 483 1121 3001 3001 966 433 3002 3002 975 857 3003 3003 974 546 3004 3004 965 434 3005 3005 947 1108 3006 3006 987 592 3007 3007 989 594 3008 3008 948 192 3009 3009 964 815 3010 3010 1003 814 3011 3011 966 433 3012 3012 935 432 3013 3013 996 818 3014 3014 997 311 3015 3015 998 313 3016 3016 971 1118 3017 3017 1005 856 3018 3018 935 432 3019 3019 934 435 3020 3020 933 1102 3021 3021 910 761 3022 3022 927 1089 3023 3023 926 1088 3024 3024 925 762 3025 3025 878 1091 3026 3026 900 758 3027 3027 896 757 3028 3028 899 1100 3029 3029 537 1122 3030 3030 538 1123 3031 3031 536 1124 3032 3032 534 1125 3033 3033 995 817 3034 3034 953 1110 3035 3035 955 312 3036 3036 997 311 3037 3037 993 538 3038 3038 994 1120 3039 3039 995 817 3040 3040 970 816 3041 3041 992 1044 3042 3042 949 194 3043 3043 951 1112 3044 3044 994 1120 3045 3045 971 1118 3046 3046 998 313 3047 3047 1000 870 3048 3048 999 1117 3049 3049 999 1117 3050 3050 1000 870 3051 3051 1001 848 3052 3052 972 847 3053 3053 984 402 3054 3054 1008 401 3055 3055 1009 228 3056 3056 986 227 3057 3057 565 587 3058 3058 566 291 3059 3059 564 290 3060 3060 563 375 3061 3061 1055 997 3062 3062 1054 862 3063 3063 1033 865 3064 3064 1034 998 3065 3065 1003 814 3066 3066 1004 854 3067 3067 975 857 3068 3068 966 433 3069 3069 529 876 3070 3070 528 875 3071 3071 527 1126 3072 3072 526 1127 3073 3073 1001 848 3074 3074 959 1104 3075 3075 961 1106 3076 3076 1002 849 3077 3077 639 542 3078 3078 598 541 3079 3079 601 562 3080 3080 641 987 3081 3081 980 838 3082 3082 939 371 3083 3083 941 895 3084 3084 982 894 3085 3085 990 593 3086 3086 1010 191 3087 3087 949 194 3088 3088 992 1044 3089 3089 526 1127 3090 3090 527 1126 3091 3091 533 859 3092 3092 532 858 3093 3093 988 230 3094 3094 946 229 3095 3095 1010 191 3096 3096 990 593 3097 3097 978 6 3098 3098 937 369 3099 3099 939 371 3100 3100 980 838 3101 3101 542 911 3102 3102 552 293 3103 3103 568 292 3104 3104 567 586 3105 3105 973 813 3106 3106 1002 849 3107 3107 1004 854 3108 3108 1003 814 3109 3109 1044 872 3110 3110 1045 316 3111 3111 1022 869 3112 3112 1021 879 3113 3113 994 1120 3114 3114 951 1112 3115 3115 953 1110 3116 3116 995 817 3117 3117 541 1128 3118 3118 535 1129 3119 3119 540 1130 3120 3120 539 1131 3121 3121 1029 891 3122 3122 1052 996 3123 3123 1036 999 3124 3124 1038 892 3125 3125 534 1125 3126 3126 536 1124 3127 3127 535 1129 3128 3128 541 1128 3129 3129 1015 902 3130 3130 1046 314 3131 3131 1013 317 3132 3132 1058 871 3133 3133 1042 874 3134 3134 1040 878 3135 3135 1014 1132 3136 3136 1039 1133 3137 3137 1037 1134 3138 3138 1059 1135 3139 3139 1035 1136 3140 3140 1032 1137 3141 3141 539 1131 3142 3142 540 1130 3143 3143 538 1123 3144 3144 537 1122 3145 3145 1049 881 3146 3146 1050 880 3147 3147 1057 868 3148 3148 1016 867 3149 3149 1056 888 3150 3150 1020 1138 3151 3151 1060 1139 3152 3152 1053 1140 3153 3153 1051 1141 3154 3154 1019 885 3155 3155 1018 884 3156 3156 1017 883 3157 3157 576 275 3158 3158 582 835 3159 3159 581 1142 3160 3160 585 547 3161 3161 1152 950 3162 3162 1153 949 3163 3163 1151 553 3164 3164 1150 552 3165 3165 1024 850 3166 3166 1017 883 3167 3167 1018 884 3168 3168 1026 851 3169 3169 544 1093 3170 3170 553 295 3171 3171 570 294 3172 3172 543 910 3173 3173 1021 879 3174 3174 1023 882 3175 3175 1043 873 3176 3176 1044 872 3177 3177 1002 849 3178 3178 961 1106 3179 3179 963 855 3180 3180 1004 854 3181 3181 1031 866 3182 3182 1022 869 3183 3183 1045 316 3184 3184 1047 315 3185 3185 1030 863 3186 3186 1031 866 3187 3187 1047 315 3188 3188 1048 864 3189 3189 1035 1136 3190 3190 1034 998 3191 3191 1033 865 3192 3192 1032 1137 3193 3193 1039 1133 3194 3194 1027 893 3195 3195 1038 892 3196 3196 1037 1134 3197 3197 1037 1134 3198 3198 1038 892 3199 3199 1036 999 3200 3200 1059 1135 3201 3201 546 903 3202 3202 549 927 3203 3203 556 283 3204 3204 555 282 3205 3205 1013 317 3206 3206 1045 316 3207 3207 1044 872 3208 3208 1058 871 3209 3209 1040 878 3210 3210 1041 853 3211 3211 1025 852 3212 3212 1014 1132 3213 3213 1000 870 3214 3214 1012 11 3215 3215 959 1104 3216 3216 1001 848 3217 3217 1028 886 3218 3218 1019 885 3219 3219 1051 1141 3220 3220 1029 891 3221 3221 1059 1135 3222 3222 1036 999 3223 3223 1034 998 3224 3224 1035 1136 3225 3225 1052 996 3226 3226 1053 1140 3227 3227 1060 1139 3228 3228 1055 997 3229 3229 1032 1137 3230 3230 1033 865 3231 3231 1048 864 3232 3232 1015 902 3233 3233 1029 891 3234 3234 1051 1141 3235 3235 1053 1140 3236 3236 1052 996 3237 3237 229 422 3238 3238 230 585 3239 3239 212 584 3240 3240 1328 1143 3241 3241 1332 1144 3242 3242 211 423 3243 3243 1055 997 3244 3244 1060 1139 3245 3245 1020 1138 3246 3246 1054 862 3247 3247 1022 869 3248 3248 1057 868 3249 3249 1050 880 3250 3250 1021 879 3251 3251 1084 23 3252 3252 1085 22 3253 3253 1083 1145 3254 3254 1082 1146 3255 3255 545 887 3256 3256 560 288 3257 3257 557 287 3258 3258 547 889 3259 3259 1082 1146 3260 3260 1083 1145 3261 3261 1081 224 3262 3262 1079 223 3263 3263 99 158 3264 3264 103 160 3265 3265 126 201 3266 3266 109 214 3267 3267 123 212 3268 3268 121 210 3269 3269 119 208 3270 3270 107 206 3271 3271 108 195 3272 3272 90 148 3273 3273 91 150 3274 3274 93 152 3275 3275 95 154 3276 3276 97 156 3277 3277 1061 15 3278 3278 1063 14 3279 3279 1076 304 3280 3280 1075 303 3281 3281 61 135 3282 3282 72 923 3283 3283 75 99 3284 3284 52 100 3285 3285 53 139 3286 3286 84 136 3287 3287 1092 901 3288 3288 1093 900 3289 3289 1091 897 3290 3290 1090 896 3291 3291 1073 306 3292 3292 1074 305 3293 3293 1072 1147 3294 3294 1071 1148 3295 3295 1062 12 3296 3296 1061 15 3297 3297 1077 1149 3298 3298 1065 556 3299 3299 1062 12 3300 3300 1077 1149 3301 3301 1067 1150 3302 3302 1065 556 3303 3303 1077 1149 3304 3304 1069 1151 3305 3305 1067 1150 3306 3306 1077 1149 3307 3307 1071 1148 3308 3308 1069 1151 3309 3309 1077 1149 3310 3310 1073 306 3311 3311 1071 1148 3312 3312 1077 1149 3313 3313 1075 303 3314 3314 1073 306 3315 3315 1077 1149 3316 3316 1061 15 3317 3317 1075 303 3318 3318 1077 1149 3319 3319 1071 1148 3320 3320 1072 1147 3321 3321 1070 1152 3322 3322 1069 1151 3323 3323 1069 1151 3324 3324 1070 1152 3325 3325 1068 1153 3326 3326 1067 1150 3327 3327 172 414 3328 3328 179 414 3329 3329 180 414 3330 3330 178 414 3331 3331 173 414 3332 3332 170 414 3333 3333 177 414 3334 3334 174 414 3335 3335 181 414 3336 3336 175 414 3337 3337 176 414 3338 3338 171 414 3339 3339 73 89 3340 3340 66 122 3341 3341 77 102 3342 3342 78 101 3343 3343 70 924 3344 3344 1088 899 3345 3345 1089 898 3346 3346 1087 21 3347 3347 1086 20 3348 3348 24 69 3349 3349 46 68 3350 3350 14 86 3351 3351 15 25 3352 3352 41 24 3353 3353 43 716 3354 3354 1079 223 3355 3355 1078 226 3356 3356 1094 1154 3357 3357 1082 1146 3358 3358 1079 223 3359 3359 1094 1154 3360 3360 1084 23 3361 3361 1082 1146 3362 3362 1094 1154 3363 3363 1086 20 3364 3364 1084 23 3365 3365 1094 1154 3366 3366 1088 899 3367 3367 1086 20 3368 3368 1094 1154 3369 3369 1090 896 3370 3370 1088 899 3371 3371 1094 1154 3372 3372 1092 901 3373 3373 1090 896 3374 3374 1094 1154 3375 3375 1078 226 3376 3376 1092 901 3377 3377 1094 1154 3378 3378 713 1000 3379 3379 693 995 3380 3380 692 373 3381 3381 691 974 3382 3382 1130 551 3383 3383 1132 550 3384 3384 1131 386 3385 3385 1129 385 3386 3386 1120 582 3387 3387 1121 581 3388 3388 1119 916 3389 3389 1118 915 3390 3390 975 857 3391 3391 1005 856 3392 3392 933 1102 3393 3393 974 546 3394 3394 1126 1155 3395 3395 1127 1156 3396 3396 1125 264 3397 3397 1124 263 3398 3398 637 980 3399 3399 665 992 3400 3400 666 988 3401 3401 638 308 3402 3402 1105 502 3403 3403 1106 501 3404 3404 1104 172 3405 3405 1103 171 3406 3406 1096 904 3407 3407 1095 907 3408 3408 1111 1157 3409 3409 1099 908 3410 3410 1096 904 3411 3411 1111 1157 3412 3412 1101 174 3413 3413 1099 908 3414 3414 1111 1157 3415 3415 1103 171 3416 3416 1101 174 3417 3417 1111 1157 3418 3418 1105 502 3419 3419 1103 171 3420 3420 1111 1157 3421 3421 1107 499 3422 3422 1105 502 3423 3423 1111 1157 3424 3424 1109 1015 3425 3425 1107 499 3426 3426 1111 1157 3427 3427 1095 907 3428 3428 1109 1015 3429 3429 1111 1157 3430 3430 1112 1048 3431 3431 1114 1047 3432 3432 1127 1156 3433 3433 1126 1155 3434 3434 1163 1116 3435 3435 1165 1115 3436 3436 1178 1158 3437 3437 1177 1159 3438 3438 1109 1015 3439 3439 1110 1014 3440 3440 1108 500 3441 3441 1107 499 3442 3442 1116 918 3443 3443 1117 917 3444 3444 1115 1046 3445 3445 1113 1045 3446 3446 1113 1045 3447 3447 1112 1048 3448 3448 1128 1160 3449 3449 1116 918 3450 3450 1113 1045 3451 3451 1128 1160 3452 3452 1118 915 3453 3453 1116 918 3454 3454 1128 1160 3455 3455 1120 582 3456 3456 1118 915 3457 3457 1128 1160 3458 3458 1122 266 3459 3459 1120 582 3460 3460 1128 1160 3461 3461 1124 263 3462 3462 1122 266 3463 3463 1128 1160 3464 3464 1126 1155 3465 3465 1124 263 3466 3466 1128 1160 3467 3467 1112 1048 3468 3468 1126 1155 3469 3469 1128 1160 3470 3470 315 529 3471 3471 299 513 3472 3472 253 456 3473 3473 250 454 3474 3474 249 452 3475 3475 313 527 3476 3476 974 546 3477 3477 933 1102 3478 3478 1006 846 3479 3479 977 5 3480 3480 578 946 3481 3481 592 1161 3482 3482 569 1092 3483 3483 544 1093 3484 3484 543 910 3485 3485 542 911 3486 3486 567 586 3487 3487 565 587 3488 3488 563 375 3489 3489 561 376 3490 3490 545 887 3491 3491 547 889 3492 3492 558 890 3493 3493 583 930 3494 3494 580 954 3495 3495 581 1142 3496 3496 582 835 3497 3497 588 58 3498 3498 597 63 3499 3499 549 927 3500 3500 546 903 3501 3501 574 877 3502 3502 550 558 3503 3503 572 559 3504 3504 548 61 3505 3505 590 60 3506 3506 1101 174 3507 3507 1102 173 3508 3508 1100 909 3509 3509 1099 908 3510 3510 144 232 3511 3511 143 231 3512 3512 151 239 3513 3513 167 147 3514 3514 87 144 3515 3515 86 143 3516 3516 169 165 3517 3517 149 237 3518 3518 147 235 3519 3519 1067 1150 3520 3520 1068 1153 3521 3521 1066 557 3522 3522 1065 556 3523 3523 1130 551 3524 3524 1129 385 3525 3525 1145 1162 3526 3526 1133 548 3527 3527 1130 551 3528 3528 1145 1162 3529 3529 1135 98 3530 3530 1133 548 3531 3531 1145 1162 3532 3532 1137 95 3533 3533 1135 98 3534 3534 1145 1162 3535 3535 1139 913 3536 3536 1137 95 3537 3537 1145 1162 3538 3538 1141 929 3539 3539 1139 913 3540 3540 1145 1162 3541 3541 1143 388 3542 3542 1141 929 3543 3543 1145 1162 3544 3544 1129 385 3545 3545 1143 388 3546 3546 1145 1162 3547 3547 585 547 3548 3548 581 1142 3549 3549 580 954 3550 3550 584 284 3551 3551 1141 929 3552 3552 1142 928 3553 3553 1140 914 3554 3554 1139 913 3555 3555 1054 862 3556 3556 1020 1138 3557 3557 1056 888 3558 3558 1030 863 3559 3559 1194 3 3560 3560 1195 2 3561 3561 1193 1163 3562 3562 1192 1164 3563 3563 1014 1132 3564 3564 1025 852 3565 3565 1027 893 3566 3566 1039 1133 3567 3567 554 296 3568 3568 569 1092 3569 3569 592 1161 3570 3570 591 297 3571 3571 589 272 3572 3572 590 60 3573 3573 579 59 3574 3574 587 273 3575 3575 1147 555 3576 3576 1146 926 3577 3577 1162 1165 3578 3578 1150 552 3579 3579 1147 555 3580 3580 1162 1165 3581 3581 1152 950 3582 3582 1150 552 3583 3583 1162 1165 3584 3584 1154 947 3585 3585 1152 950 3586 3586 1162 1165 3587 3587 1156 932 3588 3588 1154 947 3589 3589 1162 1165 3590 3590 1158 922 3591 3591 1156 932 3592 3592 1162 1165 3593 3593 1160 919 3594 3594 1158 922 3595 3595 1162 1165 3596 3596 1146 926 3597 3597 1160 919 3598 3598 1162 1165 3599 3599 1156 932 3600 3600 1157 931 3601 3601 1155 948 3602 3602 1154 947 3603 3603 1167 1166 3604 3604 1168 1167 3605 3605 1166 1114 3606 3606 1164 1113 3607 3607 1190 1168 3608 3608 1191 1169 3609 3609 1189 575 3610 3610 1188 574 3611 3611 1169 579 3612 3612 1170 578 3613 3613 1168 1167 3614 3614 1167 1166 3615 3615 1184 573 3616 3616 1185 572 3617 3617 1183 1170 3618 3618 1181 1171 3619 3619 1192 1164 3620 3620 1193 1163 3621 3621 1191 1169 3622 3622 1190 1168 3623 3623 1164 1113 3624 3624 1163 1116 3625 3625 1179 1172 3626 3626 1167 1166 3627 3627 1164 1113 3628 3628 1179 1172 3629 3629 1169 579 3630 3630 1167 1166 3631 3631 1179 1172 3632 3632 1171 576 3633 3633 1169 579 3634 3634 1179 1172 3635 3635 1173 938 3636 3636 1171 576 3637 3637 1179 1172 3638 3638 1175 935 3639 3639 1173 938 3640 3640 1179 1172 3641 3641 1177 1159 3642 3642 1175 935 3643 3643 1179 1172 3644 3644 1163 1116 3645 3645 1177 1159 3646 3646 1179 1172 3647 3647 216 392 3648 3648 217 394 3649 3649 219 396 3650 3650 221 398 3651 3651 230 585 3652 3652 229 422 3653 3653 223 419 3654 3654 228 418 3655 3655 222 1001 3656 3656 213 389 3657 3657 591 297 3658 3658 592 1161 3659 3659 578 946 3660 3660 575 298 3661 3661 1181 1171 3662 3662 1183 1170 3663 3663 1182 1 3664 3664 1180 0 3665 3665 1177 1159 3666 3666 1178 1158 3667 3667 1176 936 3668 3668 1175 935 3669 3669 1173 938 3670 3670 1174 937 3671 3671 1172 577 3672 3672 1171 576 3673 3673 1181 1171 3674 3674 1180 0 3675 3675 1196 1173 3676 3676 1184 573 3677 3677 1181 1171 3678 3678 1196 1173 3679 3679 1186 570 3680 3680 1184 573 3681 3681 1196 1173 3682 3682 1188 574 3683 3683 1186 570 3684 3684 1196 1173 3685 3685 1190 1168 3686 3686 1188 574 3687 3687 1196 1173 3688 3688 1192 1164 3689 3689 1190 1168 3690 3690 1196 1173 3691 3691 1194 3 3692 3692 1192 1164 3693 3693 1196 1173 3694 3694 1180 0 3695 3695 1194 3 3696 3696 1196 1173 3697 3697 1216 1174 3698 3698 1199 1175 3699 3699 1200 1176 3700 3700 1215 1177 3701 3701 1210 1178 3702 3702 1201 1179 3703 3703 1205 1180 3704 3704 1206 1181 3705 3705 1207 1182 3706 3706 1208 1183 3707 3707 1209 1184 3708 3708 1231 1185 3709 3709 1204 1186 3710 3710 1208 1187 3711 3711 1231 1188 3712 3712 1232 1189 3713 3713 1209 1190 3714 3714 1304 1191 3715 3715 1206 1192 3716 3716 1205 1193 3717 3717 1231 1194 3718 3718 1200 1195 3719 3719 1210 1196 3720 3720 1215 1197 3721 3721 1216 1198 3722 3722 1199 1199 3723 3723 1258 1200 3724 3724 1259 1200 3725 3725 1207 1201 3726 3726 1206 1202 3727 3727 1200 1203 3728 3728 1197 1204 3729 3729 1199 1205 3730 3730 1216 1206 3731 3731 1217 1207 3732 3732 1208 1208 3733 3733 1201 1209 3734 3734 1210 1210 3735 3735 1209 1211 3736 3736 1207 1212 3737 3737 1203 1213 3738 3738 1202 1214 3739 3739 1205 1215 3740 3740 1201 1216 3741 3741 1198 1217 3742 3742 1218 1218 3743 3743 1215 1219 3744 3744 1204 1186 3745 3745 1287 1220 3746 3746 1286 1220 3747 3747 1198 1217 3748 3748 1201 1216 3749 3749 1208 1187 3750 3750 74 27 3751 3751 75 99 3752 3752 63 116 3753 3753 39 44 3754 3754 40 43 3755 3755 41 24 3756 3756 1222 727 3757 3757 1221 727 3758 3758 1220 727 3759 3759 1219 727 3760 3760 1230 1221 3761 3761 1227 1221 3762 3762 1228 1221 3763 3763 1229 1221 3764 3764 1227 1222 3765 3765 1223 1222 3766 3766 1224 1222 3767 3767 1228 1222 3768 3768 1226 1223 3769 3769 1230 1223 3770 3770 1229 1223 3771 3771 1225 1223 3772 3772 1223 1224 3773 3773 1226 1224 3774 3774 1225 1224 3775 3775 1224 1224 3776 3776 1223 1225 3777 3777 1227 1225 3778 3778 1220 1225 3779 3779 1221 1225 3780 3780 623 380 3781 3781 624 83 3782 3782 625 972 3783 3783 676 971 3784 3784 1226 1226 3785 3785 1223 1226 3786 3786 1221 1226 3787 3787 1222 1226 3788 3788 1230 1227 3789 3789 1226 1227 3790 3790 1222 1227 3791 3791 1219 1227 3792 3792 1227 1228 3793 3793 1230 1228 3794 3794 1219 1228 3795 3795 1220 1228 3796 3796 1238 1229 3797 3797 1239 1229 3798 3798 1240 1229 3799 3799 1237 1229 3800 3800 1239 1230 3801 3801 1241 1230 3802 3802 1242 1230 3803 3803 1240 1230 3804 3804 1241 1231 3805 3805 1243 1231 3806 3806 1244 1231 3807 3807 1242 1231 3808 3808 1243 1232 3809 3809 1238 1232 3810 3810 1237 1232 3811 3811 1244 1232 3812 3812 1237 1233 3813 3813 1240 1233 3814 3814 1234 1233 3815 3815 1233 1233 3816 3816 600 310 3817 3817 628 309 3818 3818 627 982 3819 3819 599 955 3820 3820 1229 268 3821 3821 1228 727 3822 3822 1224 271 3823 3823 1217 270 3824 3824 1216 727 3825 3825 1215 269 3826 3826 1244 1234 3827 3827 1237 1234 3828 3828 1233 1234 3829 3829 1236 1234 3830 3830 1240 1235 3831 3831 1242 1235 3832 3832 1235 1235 3833 3833 1234 1235 3834 3834 1242 1236 3835 3835 1244 1236 3836 3836 1236 1236 3837 3837 1235 1236 3838 3838 1243 415 3839 3839 1241 413 3840 3840 1205 417 3841 3841 1202 416 3842 3842 608 567 3843 3843 631 329 3844 3844 648 970 3845 3845 610 568 3846 3846 602 563 3847 3847 629 986 3848 3848 630 943 3849 3849 604 564 3850 3850 1254 1237 3851 3851 1251 1238 3852 3852 1250 1239 3853 3853 1255 1240 3854 3854 1246 1241 3855 3855 1248 1241 3856 3856 1249 1241 3857 3857 1247 1241 3858 3858 1251 1242 3859 3859 1252 1243 3860 3860 1253 1244 3861 3861 1250 1245 3862 3862 1255 1246 3863 3863 1256 1247 3864 3864 1257 1248 3865 3865 1254 1249 3866 3866 1251 414 3867 3867 1254 414 3868 3868 1248 414 3869 3869 1246 414 3870 3870 1256 1250 3871 3871 1305 1251 3872 3872 1253 1252 3873 3873 1252 1253 3874 3874 1257 1254 3875 3875 618 941 3876 3876 656 967 3877 3877 634 977 3878 3878 619 964 3879 3879 1252 343 3880 3880 1251 343 3881 3881 1246 343 3882 3882 1247 343 3883 3883 1257 727 3884 3884 1252 727 3885 3885 1247 727 3886 3886 1249 727 3887 3887 1254 730 3888 3888 1257 730 3889 3889 1249 730 3890 3890 1248 730 3891 3891 1261 1255 3892 3892 1263 1255 3893 3893 1264 1255 3894 3894 1262 1255 3895 3895 1265 1256 3896 3896 1267 1256 3897 3897 1268 1256 3898 3898 1266 1256 3899 3899 1270 1257 3900 3900 1271 1258 3901 3901 1272 1259 3902 3902 1269 1260 3903 3903 1274 1261 3904 3904 1275 1262 3905 3905 1276 1263 3906 3906 1273 1264 3907 3907 1278 1265 3908 3908 1279 1266 3909 3909 1280 1267 3910 3910 1277 1268 3911 3911 1282 1269 3912 3912 1283 1270 3913 3913 1284 1271 3914 3914 1281 1272 3915 3915 1281 1273 3916 3916 1278 1274 3917 3917 1277 1275 3918 3918 1282 1276 3919 3919 1283 1277 3920 3920 1280 1278 3921 3921 1279 1279 3922 3922 1284 1280 3923 3923 1273 1281 3924 3924 1270 1282 3925 3925 1269 1283 3926 3926 1274 1284 3927 3927 1275 1285 3928 3928 1272 1286 3929 3929 1271 1287 3930 3930 1276 1288 3931 3931 1271 1258 3932 3932 1270 1257 3933 3933 1261 1289 3934 3934 1262 1289 3935 3935 1203 1213 3936 3936 1207 1212 3937 3937 1259 1290 3938 3938 1280 1267 3939 3939 1283 1270 3940 3940 1282 1269 3941 3941 1277 1268 3942 3942 1274 1261 3943 3943 1269 1260 3944 3944 1272 1259 3945 3945 1258 1291 3946 3946 1199 1205 3947 3947 1197 1204 3948 3948 1260 1292 3949 3949 1285 1292 3950 3950 1270 772 3951 3951 1273 772 3952 3952 1263 772 3953 3953 1261 772 3954 3954 1280 1267 3955 3955 1259 1290 3956 3956 1258 1291 3957 3957 1272 1259 3958 3958 1275 1262 3959 3959 1274 1261 3960 3960 1277 1268 3961 3961 1276 773 3962 3962 1271 773 3963 3963 1262 773 3964 3964 1264 773 3965 3965 1273 1264 3966 3966 1276 1263 3967 3967 1264 1293 3968 3968 1263 1293 3969 3969 1279 1266 3970 3970 1278 1265 3971 3971 1265 1294 3972 3972 1266 1294 3973 3973 1278 772 3974 3974 1281 772 3975 3975 1267 772 3976 3976 1265 772 3977 3977 1284 773 3978 3978 1279 773 3979 3979 1266 773 3980 3980 1268 773 3981 3981 1281 1272 3982 3982 1284 1271 3983 3983 1268 1295 3984 3984 1267 1295 3985 3985 625 972 3986 3986 637 980 3987 3987 638 308 3988 3988 626 307 3989 3989 1291 1296 3990 3990 1285 1297 3991 3991 1260 1298 3992 3992 1290 1299 3993 3993 1291 730 3994 3994 1290 730 3995 3995 1296 730 3996 3996 1298 730 3997 3997 1203 1300 3998 3998 1285 1297 3999 3999 1291 1296 4000 4000 1289 1300 4001 4001 1288 1300 4002 4002 1290 1299 4003 4003 1260 1298 4004 4004 1197 1300 4005 4005 1217 1300 4006 4006 1218 1300 4007 4007 1198 1300 4008 4008 1286 1301 4009 4009 1293 1302 4010 4010 1292 1300 4011 4011 1294 1300 4012 4012 1295 1303 4013 4013 1287 1304 4014 4014 1204 1300 4015 4015 1232 1300 4016 4016 1202 1300 4017 4017 1287 1304 4018 4018 1295 1303 4019 4019 1293 1302 4020 4020 1286 1301 4021 4021 1293 343 4022 4022 1295 343 4023 4023 1303 343 4024 4024 1301 343 4025 4025 1299 1305 4026 4026 1298 1305 4027 4027 1296 1305 4028 4028 1297 1305 4029 4029 1289 1306 4030 4030 1291 1306 4031 4031 1298 1306 4032 4032 1299 1306 4033 4033 1288 343 4034 4034 1289 343 4035 4035 1299 343 4036 4036 1297 343 4037 4037 1290 1307 4038 4038 1288 1307 4039 4039 1297 1307 4040 4040 1296 1307 4041 4041 1303 1308 4042 4042 1302 1308 4043 4043 1300 1308 4044 4044 1301 1308 4045 4045 1294 730 4046 4046 1292 730 4047 4047 1300 730 4048 4048 1302 730 4049 4049 1295 1309 4050 4050 1294 1309 4051 4051 1302 1309 4052 4052 1303 1309 4053 4053 1292 1310 4054 4054 1293 1310 4055 4055 1301 1310 4056 4056 1300 1310 4057 4057 446 1311 4058 4058 447 1311 4059 4059 436 1311 4060 4060 437 1311 4061 4061 812 1054 4062 4062 811 1070 4063 4063 825 469 4064 4064 823 91 4065 4065 821 94 4066 4066 819 712 4067 4067 817 715 4068 4068 815 1051 4069 4069 1214 1312 4070 4070 1213 1312 4071 4071 1211 1312 4072 4072 1212 1312 4073 4073 73 89 4074 4074 38 16 4075 4075 37 19 4076 4076 29 53 4077 4077 67 52 4078 4078 66 122 4079 4079 1306 405 4080 4080 1309 431 4081 4081 235 412 4082 4082 215 391 4083 4083 214 390 4084 4084 225 75 4085 4085 208 71 4086 4086 209 70 4087 4087 1312 1002 4088 4088 1311 1313 4089 4089 208 71 4090 4090 1311 1313 4091 4091 1313 776 4092 4092 198 72 4093 4093 1317 777 4094 4094 1316 354 4095 4095 1315 353 4096 4096 1314 778 4097 4097 1322 403 4098 4098 1321 343 4099 4099 1319 1314 4100 4100 1318 343 4101 4101 1323 343 4102 4102 1320 344 4103 4103 1319 343 4104 4104 1321 1315 4105 4105 1326 350 4106 4106 1323 349 4107 4107 1321 1316 4108 4108 1324 1317 4109 4109 1325 1318 4110 4110 1324 1317 4111 4111 1321 1316 4112 4112 1322 1319 4113 4113 212 584 4114 4114 231 975 4115 4115 1329 1320 4116 4116 1328 1143 4117 4117 182 836 4118 4118 1327 979 4119 4119 1329 1320 4120 4120 231 975 4121 4121 206 366 4122 4122 203 346 4123 4123 1330 351 4124 4124 1331 978 4125 4125 211 423 4126 4126 1332 1144 4127 4127 1333 1321 4128 4128 1334 1322 4129 4129 232 411 4130 4130 1334 1322 4131 4131 1325 1318 4132 4132 1322 1319 4133 4133 1318 1323 4134 4134 224 583 4135 4135 220 397 4136 4136 218 395 4137 4137 232 411 4138 4138 1338 1324 4139 4139 1336 1324 4140 4140 1335 1324 4141 4141 1337 1324 4142 4142 1342 1325 4143 4143 1336 1325 4144 4144 1338 1325 4145 4145 1339 1325 4146 4146 1340 1326 4147 4147 1339 1326 4148 4148 1338 1326 4149 4149 1337 1326 4150 4150 1345 1326 4151 4151 1341 1327 4152 4152 1370 1327 4153 4153 1335 1327 4154 4154 1336 1327 4155 4155 1342 1327 4156 4156 1345 1328 4157 4157 1337 1328 4158 4158 1335 1328 4159 4159 1370 1328 4160 4160 1341 1328 4161 4161 1350 343 4162 4162 1351 343 4163 4163 1352 343 4164 4164 1353 343 4165 4165 1354 343 4166 4166 1355 343 4167 4167 1360 343 4168 4168 1361 343 4169 4169 1362 343 4170 4170 1367 343 4171 4171 1368 343 4172 4172 1369 343 4173 4173 1364 1329 4174 4174 1360 343 4175 4175 1362 1330 4176 4176 1363 343 4177 4177 1368 1331 4178 4178 1365 343 4179 4179 1366 1332 4180 4180 1369 343 4181 4181 1355 1333 4182 4182 1354 1334 4183 4183 1347 1333 4184 4184 1356 1333 4185 4185 1357 1333 4186 4186 1343 772 4187 4187 1348 772 4188 4188 1358 772 4189 4189 1359 772 4190 4190 1344 772 4191 4191 1381 1335 4192 4192 1372 1336 4193 4193 1371 1337 4194 4194 1380 1338 4195 4195 1376 1339 4196 4196 1378 1340 4197 4197 1373 1341 4198 4198 1374 1342 4199 4199 1245 1343 4200 4200 1377 1344 4201 4201 1379 1345 4202 4202 1382 1346 4203 4203 1383 1347 4204 4204 1384 1347 4205 4205 1386 1347 4206 4206 1385 1347 4207 4207</p>
        </polylist>
        <polylist material="craftingstation_screen-material" count="45">
          <input semantic="VERTEX" source="#craftingstation_body-mesh-vertices" offset="0"/>
          <input semantic="NORMAL" source="#craftingstation_body-mesh-normals" offset="1"/>
          <input semantic="TEXCOORD" source="#craftingstation_body-mesh-map-0" offset="2" set="0"/>
          <input semantic="COLOR" source="#craftingstation_body-mesh-colors-Attribute" offset="3" set="0"/>
          <vcount>4 4 4 4 4 4 4 10 4 4 4 4 4 8 4 4 4 8 4 4 4 6 4 4 4 4 5 4 5 4 4 4 4 4 4 5 4 4 4 4 4 5 6 5 5 </vcount>
          <p>1388 1348 4208 4208 1387 1349 4209 4209 1389 1350 4210 4210 1390 1351 4211 4211 1390 1351 4212 4212 1401 1352 4213 4213 1402 1353 4214 4214 1388 1348 4215 4215 1387 1349 4216 4216 1411 1354 4217 4217 1412 1355 4218 4218 1389 1350 4219 4219 1414 1356 4220 4220 1413 1357 4221 4221 1415 1358 4222 4222 1416 1359 4223 4223 1416 1359 4224 4224 1422 1360 4225 4225 1423 1361 4226 4226 1414 1356 4227 4227 1413 1357 4228 4228 1428 1362 4229 4229 1429 1363 4230 4230 1415 1358 4231 4231 1433 343 4232 4232 1438 343 4233 4233 1435 343 4234 4234 1431 343 4235 4235 1410 1364 4236 4236 1430 1365 4237 4237 1429 1363 4238 4238 1427 1366 4239 4239 1425 1367 4240 4240 1405 1368 4241 4241 1404 1369 4242 4242 1406 1370 4243 4243 1408 1371 4244 4244 1411 1354 4245 4245 1391 1372 4246 4246 1392 1373 4247 4247 1393 1374 4248 4248 1394 1375 4249 4249 1397 1376 4250 4250 1391 1372 4251 4251 1394 1375 4252 4252 1398 1377 4253 4253 1399 1378 4254 4254 1397 1376 4255 4255 1398 1377 4256 4256 1400 1379 4257 4257 1401 1352 4258 4258 1399 1378 4259 4259 1400 1379 4260 4260 1402 1353 4261 4261 1404 1369 4262 4262 1405 1368 4263 4263 1396 1380 4264 4264 1395 1381 4265 4265 1417 1382 4266 4266 1418 1383 4267 4267 1420 1384 4268 4268 1422 1360 4269 4269 1416 1359 4270 4270 1415 1358 4271 4271 1429 1363 4272 4272 1430 1365 4273 4273 1406 1370 4274 4274 1404 1369 4275 4275 1395 1381 4276 4276 1407 1385 4277 4277 1408 1371 4278 4278 1406 1370 4279 4279 1407 1385 4280 4280 1409 1386 4281 4281 1411 1354 4282 4282 1408 1371 4283 4283 1409 1386 4284 4284 1412 1355 4285 4285 1402 1353 4286 4286 1400 1379 4287 4287 1398 1377 4288 4288 1394 1375 4289 4289 1393 1374 4290 4290 1418 1383 4291 4291 1417 1382 4292 4292 1403 1387 4293 4293 1418 1383 4294 4294 1393 1374 4295 4295 1392 1373 4296 4296 1419 1388 4297 4297 1420 1384 4298 4298 1418 1383 4299 4299 1419 1388 4300 4300 1421 1389 4301 4301 1422 1360 4302 4302 1420 1384 4303 4303 1421 1389 4304 4304 1423 1361 4305 4305 1403 1387 4306 4306 1410 1364 4307 4307 1411 1354 4308 4308 1387 1349 4309 4309 1388 1348 4310 4310 1402 1353 4311 4311 1424 1390 4312 4312 1396 1380 4313 4313 1405 1368 4314 4314 1425 1367 4315 4315 1426 1391 4316 4316 1424 1390 4317 4317 1425 1367 4318 4318 1427 1366 4319 4319 1428 1362 4320 4320 1426 1391 4321 4321 1427 1366 4322 4322 1429 1363 4323 4323 1430 1365 4324 4324 1410 1364 4325 4325 1403 1387 4326 4326 1417 1382 4327 4327 1431 414 4328 4328 1435 414 4329 4329 1451 1392 4330 4330 1455 1393 4331 4331 1453 1393 4332 4332 1432 1394 4333 4333 1436 1394 4334 4334 1437 1394 4335 4335 1434 1394 4336 4336 1434 727 4337 4337 1437 727 4338 4338 1452 1395 4339 4339 1456 1396 4340 4340 1454 1397 4341 4341 1441 1398 4342 4342 1440 1398 4343 4343 1439 1398 4344 4344 1442 1398 4345 4345 1444 1399 4346 4346 1445 1400 4347 4347 1446 1401 4348 4348 1443 1402 4349 4349 1445 1403 4350 4350 1449 1404 4351 4351 1450 1405 4352 4352 1446 1401 4353 4353 1449 1406 4354 4354 1447 1407 4355 4355 1448 1408 4356 4356 1450 1405 4357 4357 1447 1409 4358 4358 1444 1410 4359 4359 1443 1402 4360 4360 1448 1408 4361 4361 1445 1400 4362 4362 1444 1399 4363 4363 1439 727 4364 4364 1440 727 4365 4365 1443 1402 4366 4366 1446 1401 4367 4367 1436 1411 4368 4368 1451 1412 4369 4369 1435 1413 4370 4370 1444 1410 4371 4371 1447 1409 4372 4372 1442 730 4373 4373 1439 730 4374 4374 1448 1408 4375 4375 1443 1402 4376 4376 1435 1413 4377 4377 1438 1414 4378 4378 1446 1401 4379 4379 1450 1405 4380 4380 1437 1415 4381 4381 1436 1411 4382 4382 1449 1404 4383 4383 1445 1403 4384 4384 1440 1416 4385 4385 1441 1416 4386 4386 1447 1407 4387 4387 1449 1406 4388 4388 1441 1417 4389 4389 1442 1417 4390 4390 1450 1405 4391 4391 1448 1408 4392 4392 1438 1414 4393 4393 1452 1418 4394 4394 1437 1415 4395 4395 1454 1419 4396 4396 1433 1419 4397 4397 1431 1419 4398 4398 1453 1419 4399 4399 1432 1419 4400 4400 1434 1419 4401 4401 1453 1393 4402 4402 1455 1393 4403 4403 1451 1392 4404 4404 1436 1420 4405 4405 1432 1420 4406 4406 1454 1397 4407 4407 1456 1396 4408 4408 1452 1395 4409 4409 1438 1421 4410 4410 1433 1421 4411 4411</p>
        </polylist>
        <polylist material="craftingstation_slider-material" count="14">
          <input semantic="VERTEX" source="#craftingstation_body-mesh-vertices" offset="0"/>
          <input semantic="NORMAL" source="#craftingstation_body-mesh-normals" offset="1"/>
          <input semantic="TEXCOORD" source="#craftingstation_body-mesh-map-0" offset="2" set="0"/>
          <input semantic="COLOR" source="#craftingstation_body-mesh-colors-Attribute" offset="3" set="0"/>
          <vcount>4 4 4 4 4 4 4 4 7 7 4 4 4 4 </vcount>
          <p>1457 1422 4412 4412 1458 1422 4413 4413 1459 1422 4414 4414 1460 1422 4415 4415 1461 1423 4416 4416 1462 1424 4417 4417 1463 1424 4418 4418 1464 1423 4419 4419 1462 1424 4420 4420 1465 1425 4421 4421 1466 1425 4422 4422 1463 1424 4423 4423 1465 773 4424 4424 1467 1426 4425 4425 1468 1426 4426 4426 1466 773 4427 4427 1467 1426 4428 4428 1469 1427 4429 4429 1470 1427 4430 4430 1468 1426 4431 4431 1469 1427 4432 4432 1471 1428 4433 4433 1472 1428 4434 4434 1470 1427 4435 4435 1471 1428 4436 4436 1473 1429 4437 4437 1474 1429 4438 4438 1472 1428 4439 4439 1473 1429 4440 4440 1461 1423 4441 4441 1464 1423 4442 4442 1474 1429 4443 4443 1461 1430 4444 4444 1473 1430 4445 4445 1471 1430 4446 4446 1469 1430 4447 4447 1467 1430 4448 4448 1465 1430 4449 4449 1462 1430 4450 4450 1474 1431 4451 4451 1464 1431 4452 4452 1463 1431 4453 4453 1466 1431 4454 4454 1468 1431 4455 4455 1470 1431 4456 4456 1472 1431 4457 4457 1475 1432 4458 4458 1476 1432 4459 4459 1477 1432 4460 4460 1478 1432 4461 4461 1476 727 4462 4462 1481 727 4463 4463 1480 727 4464 4464 1477 727 4465 4465 1482 414 4466 4466 1475 414 4467 4467 1478 414 4468 4468 1479 414 4469 4469 1483 773 4470 4470 1484 773 4471 4471 1486 773 4472 4472 1485 773 4473 4473</p>
        </polylist>
        <polylist material="submesh_light_01-material" count="9">
          <input semantic="VERTEX" source="#craftingstation_body-mesh-vertices" offset="0"/>
          <input semantic="NORMAL" source="#craftingstation_body-mesh-normals" offset="1"/>
          <input semantic="TEXCOORD" source="#craftingstation_body-mesh-map-0" offset="2" set="0"/>
          <input semantic="COLOR" source="#craftingstation_body-mesh-colors-Attribute" offset="3" set="0"/>
          <vcount>8 4 4 4 4 4 4 4 4 </vcount>
          <p>1500 1433 4474 4474 1499 1433 4475 4475 1488 1433 4476 4476 1487 1433 4477 4477 1496 1433 4478 4478 1495 1433 4479 4479 1494 1433 4480 4480 1493 1433 4481 4481 1487 727 4482 4482 1488 727 4483 4483 1489 727 4484 4484 1490 727 4485 4485 1491 414 4486 4486 1492 414 4487 4487 1493 414 4488 4488 1494 414 4489 4489 1495 343 4490 4490 1496 343 4491 4491 1497 343 4492 4492 1498 343 4493 4493 1499 730 4494 4494 1500 730 4495 4495 1501 730 4496 4496 1502 730 4497 4497 1499 1434 4498 4498 1502 1434 4499 4499 1489 1434 4500 4500 1488 1434 4501 4501 1487 1435 4502 4502 1490 1435 4503 4503 1497 1435 4504 4504 1496 1435 4505 4505 1501 1436 4506 4506 1500 1436 4507 4507 1493 1436 4508 4508 1492 1436 4509 4509 1491 1437 4510 4510 1494 1437 4511 4511 1495 1437 4512 4512 1498 1437 4513 4513</p>
        </polylist>
        <polylist material="submesh_light_02-material" count="9">
          <input semantic="VERTEX" source="#craftingstation_body-mesh-vertices" offset="0"/>
          <input semantic="NORMAL" source="#craftingstation_body-mesh-normals" offset="1"/>
          <input semantic="TEXCOORD" source="#craftingstation_body-mesh-map-0" offset="2" set="0"/>
          <input semantic="COLOR" source="#craftingstation_body-mesh-colors-Attribute" offset="3" set="0"/>
          <vcount>4 4 4 4 4 4 4 4 8 </vcount>
          <p>1503 727 4514 4514 1504 727 4515 4515 1505 727 4516 4516 1506 727 4517 4517 1507 414 4518 4518 1508 414 4519 4519 1509 414 4520 4520 1510 414 4521 4521 1511 343 4522 4522 1512 343 4523 4523 1513 343 4524 4524 1514 343 4525 4525 1515 730 4526 4526 1516 730 4527 4527 1517 730 4528 4528 1518 730 4529 4529 1515 1438 4530 4530 1518 1438 4531 4531 1505 1438 4532 4532 1504 1438 4533 4533 1503 1439 4534 4534 1506 1439 4535 4535 1513 1439 4536 4536 1512 1439 4537 4537 1517 1440 4538 4538 1516 1440 4539 4539 1509 1440 4540 4540 1508 1440 4541 4541 1507 1441 4542 4542 1510 1441 4543 4543 1511 1441 4544 4544 1514 1441 4545 4545 1516 1442 4546 4546 1515 1442 4547 4547 1504 1442 4548 4548 1503 1442 4549 4549 1512 1442 4550 4550 1511 1442 4551 4551 1510 1442 4552 4552 1509 1442 4553 4553</p>
        </polylist>
      </mesh>
    </geometry>
  </library_geometries>
  <library_controllers>
    <controller id="jnt_craftingstation_craftingstation_body-skin" name="jnt_craftingstation">
      <skin source="#craftingstation_body-mesh">
        <bind_shape_matrix>1 0 0 0 0 1 0 0 0 0 1 0 0 0 0 1</bind_shape_matrix>
        <source id="jnt_craftingstation_craftingstation_body-skin-joints">
          <Name_array id="jnt_craftingstation_craftingstation_body-skin-joints-array" count="3">int_root int_screen_rotate int_slider</Name_array>
          <technique_common>
            <accessor source="#jnt_craftingstation_craftingstation_body-skin-joints-array" count="3" stride="1">
              <param name="JOINT" type="name"/>
            </accessor>
          </technique_common>
        </source>
        <source id="jnt_craftingstation_craftingstation_body-skin-bind_poses">
          <float_array id="jnt_craftingstation_craftingstation_body-skin-bind_poses-array" count="48">1 0 0 -0.04766821 0 0 1 0.1502071 0 -1 0 0.4129025 0 0 0 1 0 0 -1 1.031847 0 1 0 -1.262083 1 0 1.19209e-7 -0.6487274 0 0 0 1 0.9999998 -7.96694e-5 -5.96502e-4 -1.813333 -7.96693e-5 0.9649482 -0.2624404 1.063179 5.96502e-4 0.2624404 0.964948 -1.183371 0 0 0 1</float_array>
          <technique_common>
            <accessor source="#jnt_craftingstation_craftingstation_body-skin-bind_poses-array" count="3" stride="16">
              <param name="TRANSFORM" type="float4x4"/>
            </accessor>
          </technique_common>
        </source>
        <source id="jnt_craftingstation_craftingstation_body-skin-weights">
          <float_array id="jnt_craftingstation_craftingstation_body-skin-weights-array" count="1519">1 1 1 1 1 1 1 1 1 1 1 1 1 1 1 1 1 1 1 1 1 1 1 1 1 1 1 1 1 1 1 1 1 1 1 1 1 1 1 1 1 1 1 1 1 1 1 1 1 1 1 1 1 1 1 1 1 1 1 1 1 1 1 1 1 1 1 1 1 1 1 1 1 1 1 1 1 1 1 1 1 1 1 1 1 1 1 1 1 1 1 1 1 1 1 1 1 1 1 1 1 1 1 1 1 1 1 1 1 1 1 1 1 1 1 1 1 1 1 1 1 1 1 1 1 1 1 1 1 1 1 1 1 1 1 1 1 1 1 1 1 1 1 1 1 1 1 1 1 1 1 1 1 1 1 1 1 1 1 1 1 1 1 1 1 1 1 1 1 1 1 1 1 1 1 1 1 1 1 1 1 1 1 1 1 1 1 1 1 1 1 1 1 1 1 1 1 1 1 1 1 1 1 1 1 1 1 1 1 1 1 1 1 1 1 1 1 1 1 1 1 1 1 1 1 1 1 1 1 1 1 1 1 1 1 1 1 1 1 1 1 1 1 1 1 1 1 1 1 1 1 1 1 1 1 1 1 1 1 1 1 1 1 1 1 1 1 1 1 1 1 1 1 1 1 1 1 1 1 1 1 1 1 1 1 1 1 1 1 1 1 1 1 1 1 1 1 1 1 1 1 1 1 1 1 1 1 1 1 1 1 1 1 1 1 1 1 1 1 1 1 1 1 1 1 1 1 1 1 1 1 1 1 1 1 1 1 1 1 1 1 1 1 1 1 1 1 1 1 1 1 1 1 1 1 1 1 1 1 1 1 1 1 1 1 1 1 1 1 1 1 1 1 1 1 1 1 1 1 1 1 1 1 1 1 1 1 1 1 1 1 1 1 1 1 1 1 1 1 1 1 1 1 1 1 1 1 1 1 1 1 1 1 1 1 1 1 1 1 1 1 1 1 1 1 1 1 1 1 1 1 1 1 1 1 1 1 1 1 1 1 1 1 1 1 1 1 1 1 1 1 1 1 1 1 1 1 1 1 1 1 1 1 1 1 1 1 1 1 1 1 1 1 1 1 1 1 1 1 1 1 1 1 1 1 1 1 1 1 1 1 1 1 1 1 1 1 1 1 1 1 1 1 1 1 1 1 1 1 1 1 1 1 1 1 1 1 1 1 1 1 1 1 1 1 1 1 1 1 1 1 1 1 1 1 1 1 1 1 1 1 1 1 1 1 1 1 1 1 1 1 1 1 1 1 1 1 1 1 1 1 1 1 1 1 1 1 1 1 1 1 1 1 1 1 1 1 1 1 1 1 1 1 1 1 1 1 1 1 1 1 1 1 1 1 1 1 1 1 1 1 1 1 1 1 1 1 1 1 1 1 1 1 1 1 1 1 1 1 1 1 1 1 1 1 1 1 1 1 1 1 1 1 1 1 1 1 1 1 1 1 1 1 1 1 1 1 1 1 1 1 1 1 1 1 1 1 1 1 1 1 1 1 1 1 1 1 1 1 1 1 1 1 1 1 1 1 1 1 1 1 1 1 1 1 1 1 1 1 1 1 1 1 1 1 1 1 1 1 1 1 1 1 1 1 1 1 1 1 1 1 1 1 1 1 1 1 1 1 1 1 1 1 1 1 1 1 1 1 1 1 1 1 1 1 1 1 1 1 1 1 1 1 1 1 1 1 1 1 1 1 1 1 1 1 1 1 1 1 1 1 1 1 1 1 1 1 1 1 1 1 1 1 1 1 1 1 1 1 1 1 1 1 1 1 1 1 1 1 1 1 1 1 1 1 1 1 1 1 1 1 1 1 1 1 1 1 1 1 1 1 1 1 1 1 1 1 1 1 1 1 1 1 1 1 1 1 1 1 1 1 1 1 1 1 1 1 1 1 1 1 1 1 1 1 1 1 1 1 1 1 1 1 1 1 1 1 1 1 1 1 1 1 1 1 1 1 1 1 1 1 1 1 1 1 1 1 1 1 1 1 1 1 1 1 1 1 1 1 1 1 1 1 1 1 1 1 1 1 1 1 1 1 1 1 1 1 1 1 1 1 1 1 1 1 1 1 1 1 1 1 1 1 1 1 1 1 1 1 1 1 1 1 1 1 1 1 1 1 1 1 1 1 1 1 1 1 1 1 1 1 1 1 1 1 1 1 1 1 1 1 1 1 1 1 1 1 1 1 1 1 1 1 1 1 1 1 1 1 1 1 1 1 1 1 1 1 1 1 1 1 1 1 1 1 1 1 1 1 1 1 1 1 1 1 1 1 1 1 1 1 1 1 1 1 1 1 1 1 1 1 1 1 1 1 1 1 1 1 1 1 1 1 1 1 1 1 1 1 1 1 1 1 1 1 1 1 1 1 1 1 1 1 1 1 1 1 1 1 1 1 1 1 1 1 1 1 1 1 1 1 1 1 1 1 1 1 1 1 1 1 1 1 1 1 1 1 1 1 1 1 1 1 1 1 1 1 1 1 1 1 1 1 1 1 1 1 1 1 1 1 1 1 1 1 1 1 1 1 1 1 1 1 1 1 1 1 1 1 1 1 1 1 1 1 1 1 1 1 1 1 1 1 1 1 1 1 1 1 1 1 1 1 1 1 1 1 1 1 1 1 1 1 1 1 1 1 1 1 1 1 1 1 1 1 1 1 1 1 1 1 1 1 1 1 1 1 1 1 1 1 1 1 1 1 1 1 1 1 1 1 1 1 1 1 1 1 1 1 1 1 1 1 1 1 1 1 1 1 1 1 1 1 1 1 1 1 1 1 1 1 1 1 1 1 1 1 1 1 1 1 1 1 1 1 1 1 1 1 1 1 1 1 1 1 1 1 1 1 1 1 1 1 1 1 1 1 1 1 1 1 1 1 1 1 1 1 1 1 1 1 1 1 1 1 1 1 1 1 1 1 1 1 1 1 1 1 1 1 1 1 1 1 1 1 1 1 1 1 1 1 1 1 1 1 1 1 1 1 1 1 1 1 1 1 1 1 1 1 1 1 1 1 1 1 1 1 1 1 1 1 1 1 1 1 1 1 1 1 1 1 1 1 1 1 1 1 1 1 1 1 1 1 1 1 1 1 1 1 1 1 1 1 1 1 1 1 1 1 1 1 1 1 1 1 1 1 1 1 1 1 1 1 1 1 1 1 1 1 1 1 1 1 1 1 1 1 1 1 1 1 1 1 1 1 1 1 1 1 1 1 1 1 1 1 1 1 1 1 1 1 1 1 1 1 1 1 1 1 1 1 1 1 1 1 1 1 1 1 1 1 1 1 1 1 1 1 1 1 1 1 1 1 1 1 1 1 1 1 1 1 1 1 1 1 1 1 1 1 1 1 1 1 1 1 1 1 1 1 1 1 1 1 1 1 1 1 1 1 1 1 1 1 1 1 1 1 1 1 1 1 1 1 1 1 1 1 1 1</float_array>
          <technique_common>
            <accessor source="#jnt_craftingstation_craftingstation_body-skin-weights-array" count="1519" stride="1">
              <param name="WEIGHT" type="float"/>
            </accessor>
          </technique_common>
        </source>
        <joints>
          <input semantic="JOINT" source="#jnt_craftingstation_craftingstation_body-skin-joints"/>
          <input semantic="INV_BIND_MATRIX" source="#jnt_craftingstation_craftingstation_body-skin-bind_poses"/>
        </joints>
        <vertex_weights count="1519">
          <input semantic="JOINT" source="#jnt_craftingstation_craftingstation_body-skin-joints" offset="0"/>
          <input semantic="WEIGHT" source="#jnt_craftingstation_craftingstation_body-skin-weights" offset="1"/>
          <vcount>1 1 1 1 1 1 1 1 1 1 1 1 1 1 1 1 1 1 1 1 1 1 1 1 1 1 1 1 1 1 1 1 1 1 1 1 1 1 1 1 1 1 1 1 1 1 1 1 1 1 1 1 1 1 1 1 1 1 1 1 1 1 1 1 1 1 1 1 1 1 1 1 1 1 1 1 1 1 1 1 1 1 1 1 1 1 1 1 1 1 1 1 1 1 1 1 1 1 1 1 1 1 1 1 1 1 1 1 1 1 1 1 1 1 1 1 1 1 1 1 1 1 1 1 1 1 1 1 1 1 1 1 1 1 1 1 1 1 1 1 1 1 1 1 1 1 1 1 1 1 1 1 1 1 1 1 1 1 1 1 1 1 1 1 1 1 1 1 1 1 1 1 1 1 1 1 1 1 1 1 1 1 1 1 1 1 1 1 1 1 1 1 1 1 1 1 1 1 1 1 1 1 1 1 1 1 1 1 1 1 1 1 1 1 1 1 1 1 1 1 1 1 1 1 1 1 1 1 1 1 1 1 1 1 1 1 1 1 1 1 1 1 1 1 1 1 1 1 1 1 1 1 1 1 1 1 1 1 1 1 1 1 1 1 1 1 1 1 1 1 1 1 1 1 1 1 1 1 1 1 1 1 1 1 1 1 1 1 1 1 1 1 1 1 1 1 1 1 1 1 1 1 1 1 1 1 1 1 1 1 1 1 1 1 1 1 1 1 1 1 1 1 1 1 1 1 1 1 1 1 1 1 1 1 1 1 1 1 1 1 1 1 1 1 1 1 1 1 1 1 1 1 1 1 1 1 1 1 1 1 1 1 1 1 1 1 1 1 1 1 1 1 1 1 1 1 1 1 1 1 1 1 1 1 1 1 1 1 1 1 1 1 1 1 1 1 1 1 1 1 1 1 1 1 1 1 1 1 1 1 1 1 1 1 1 1 1 1 1 1 1 1 1 1 1 1 1 1 1 1 1 1 1 1 1 1 1 1 1 1 1 1 1 1 1 1 1 1 1 1 1 1 1 1 1 1 1 1 1 1 1 1 1 1 1 1 1 1 1 1 1 1 1 1 1 1 1 1 1 1 1 1 1 1 1 1 1 1 1 1 1 1 1 1 1 1 1 1 1 1 1 1 1 1 1 1 1 1 1 1 1 1 1 1 1 1 1 1 1 1 1 1 1 1 1 1 1 1 1 1 1 1 1 1 1 1 1 1 1 1 1 1 1 1 1 1 1 1 1 1 1 1 1 1 1 1 1 1 1 1 1 1 1 1 1 1 1 1 1 1 1 1 1 1 1 1 1 1 1 1 1 1 1 1 1 1 1 1 1 1 1 1 1 1 1 1 1 1 1 1 1 1 1 1 1 1 1 1 1 1 1 1 1 1 1 1 1 1 1 1 1 1 1 1 1 1 1 1 1 1 1 1 1 1 1 1 1 1 1 1 1 1 1 1 1 1 1 1 1 1 1 1 1 1 1 1 1 1 1 1 1 1 1 1 1 1 1 1 1 1 1 1 1 1 1 1 1 1 1 1 1 1 1 1 1 1 1 1 1 1 1 1 1 1 1 1 1 1 1 1 1 1 1 1 1 1 1 1 1 1 1 1 1 1 1 1 1 1 1 1 1 1 1 1 1 1 1 1 1 1 1 1 1 1 1 1 1 1 1 1 1 1 1 1 1 1 1 1 1 1 1 1 1 1 1 1 1 1 1 1 1 1 1 1 1 1 1 1 1 1 1 1 1 1 1 1 1 1 1 1 1 1 1 1 1 1 1 1 1 1 1 1 1 1 1 1 1 1 1 1 1 1 1 1 1 1 1 1 1 1 1 1 1 1 1 1 1 1 1 1 1 1 1 1 1 1 1 1 1 1 1 1 1 1 1 1 1 1 1 1 1 1 1 1 1 1 1 1 1 1 1 1 1 1 1 1 1 1 1 1 1 1 1 1 1 1 1 1 1 1 1 1 1 1 1 1 1 1 1 1 1 1 1 1 1 1 1 1 1 1 1 1 1 1 1 1 1 1 1 1 1 1 1 1 1 1 1 1 1 1 1 1 1 1 1 1 1 1 1 1 1 1 1 1 1 1 1 1 1 1 1 1 1 1 1 1 1 1 1 1 1 1 1 1 1 1 1 1 1 1 1 1 1 1 1 1 1 1 1 1 1 1 1 1 1 1 1 1 1 1 1 1 1 1 1 1 1 1 1 1 1 1 1 1 1 1 1 1 1 1 1 1 1 1 1 1 1 1 1 1 1 1 1 1 1 1 1 1 1 1 1 1 1 1 1 1 1 1 1 1 1 1 1 1 1 1 1 1 1 1 1 1 1 1 1 1 1 1 1 1 1 1 1 1 1 1 1 1 1 1 1 1 1 1 1 1 1 1 1 1 1 1 1 1 1 1 1 1 1 1 1 1 1 1 1 1 1 1 1 1 1 1 1 1 1 1 1 1 1 1 1 1 1 1 1 1 1 1 1 1 1 1 1 1 1 1 1 1 1 1 1 1 1 1 1 1 1 1 1 1 1 1 1 1 1 1 1 1 1 1 1 1 1 1 1 1 1 1 1 1 1 1 1 1 1 1 1 1 1 1 1 1 1 1 1 1 1 1 1 1 1 1 1 1 1 1 1 1 1 1 1 1 1 1 1 1 1 1 1 1 1 1 1 1 1 1 1 1 1 1 1 1 1 1 1 1 1 1 1 1 1 1 1 1 1 1 1 1 1 1 1 1 1 1 1 1 1 1 1 1 1 1 1 1 1 1 1 1 1 1 1 1 1 1 1 1 1 1 1 1 1 1 1 1 1 1 1 1 1 1 1 1 1 1 1 1 1 1 1 1 1 1 1 1 1 1 1 1 1 1 1 1 1 1 1 1 1 1 1 1 1 1 1 1 1 1 1 1 1 1 1 1 1 1 1 1 1 1 1 1 1 1 1 1 1 1 1 1 1 1 1 1 1 1 1 1 1 1 1 1 1 1 1 1 1 1 1 1 1 1 1 1 1 1 1 1 1 1 1 1 1 1 1 1 1 1 1 1 1 1 1 1 1 1 1 1 1 1 1 1 1 1 1 1 1 1 1 1 1 1 1 1 1 1 1 1 1 1 1 1 1 1 1 1 1 1 1 1 1 1 1 1 1 1 1 1 1 1 1 1 1 1 1 1 1 1 1 1 1 1 1 1 1 1 1 1 1 1 1 1 1 1 1 1 1 1 1 1 1 1 1 1 1 1 1 1 1 1 1 1 1 1 1 1 1 1 1 1 1 1 1 1 1 1 1 1 1 1 1 1 1 1 1 1 1 1 1 1 1 1 1 1 1 1 1 1 1 1 1 1 1 1 1 1 1 1 1 1 1 1 1 1 1 1 1 1 1 1 1 1 1 1 1 1 1 1 1 1 1 1 1 1 1 1 1 1 1 1 1 </vcount>
          <v>0 0 0 1 0 2 0 3 0 4 0 5 0 6 0 7 0 8 0 9 0 10 0 11 0 12 0 13 0 14 0 15 0 16 0 17 0 18 0 19 0 20 0 21 0 22 0 23 0 24 0 25 0 26 0 27 0 28 0 29 0 30 0 31 0 32 0 33 0 34 0 35 0 36 0 37 0 38 0 39 0 40 0 41 0 42 0 43 0 44 0 45 0 46 0 47 0 48 0 49 0 50 0 51 0 52 0 53 0 54 0 55 0 56 0 57 0 58 0 59 0 60 0 61 0 62 0 63 0 64 0 65 0 66 0 67 0 68 0 69 0 70 0 71 0 72 0 73 0 74 0 75 0 76 0 77 0 78 0 79 0 80 0 81 0 82 0 83 0 84 0 85 0 86 0 87 0 88 0 89 0 90 0 91 0 92 0 93 0 94 0 95 0 96 0 97 0 98 0 99 0 100 0 101 0 102 0 103 0 104 0 105 0 106 0 107 0 108 0 109 0 110 0 111 0 112 0 113 0 114 0 115 0 116 0 117 0 118 0 119 0 120 0 121 0 122 0 123 0 124 0 125 0 126 0 127 0 128 0 129 0 130 0 131 0 132 0 133 0 134 0 135 0 136 0 137 0 138 0 139 0 140 0 141 0 142 0 143 0 144 0 145 0 146 0 147 0 148 0 149 0 150 0 151 0 152 0 153 0 154 0 155 0 156 0 157 0 158 0 159 0 160 0 161 0 162 0 163 0 164 0 165 0 166 0 167 0 168 0 169 0 170 0 171 0 172 0 173 0 174 0 175 0 176 0 177 0 178 0 179 0 180 0 181 0 182 0 183 0 184 0 185 0 186 0 187 0 188 0 189 0 190 0 191 0 192 0 193 0 194 0 195 0 196 0 197 0 198 0 199 0 200 0 201 0 202 0 203 0 204 0 205 0 206 0 207 0 208 0 209 0 210 0 211 0 212 0 213 0 214 0 215 0 216 0 217 0 218 0 219 0 220 0 221 0 222 0 223 0 224 0 225 0 226 0 227 0 228 0 229 0 230 0 231 0 232 0 233 0 234 0 235 0 236 0 237 0 238 0 239 0 240 0 241 0 242 0 243 0 244 0 245 0 246 0 247 0 248 0 249 0 250 0 251 0 252 0 253 0 254 0 255 0 256 0 257 0 258 0 259 0 260 0 261 0 262 0 263 0 264 0 265 0 266 0 267 0 268 0 269 0 270 0 271 0 272 0 273 0 274 0 275 0 276 0 277 0 278 0 279 0 280 0 281 0 282 0 283 0 284 0 285 0 286 0 287 0 288 0 289 0 290 0 291 0 292 0 293 0 294 0 295 0 296 0 297 0 298 0 299 0 300 0 301 0 302 0 303 0 304 0 305 0 306 0 307 0 308 0 309 0 310 0 311 0 312 0 313 0 314 0 315 0 316 0 317 0 318 0 319 0 320 0 321 0 322 0 323 0 324 0 325 0 326 0 327 0 328 0 329 0 330 0 331 0 332 0 333 0 334 0 335 0 336 0 337 0 338 0 339 0 340 0 341 0 342 0 343 0 344 0 345 0 346 0 347 0 348 0 349 0 350 0 351 0 352 0 353 0 354 0 355 0 356 0 357 0 358 0 359 0 360 0 361 0 362 0 363 0 364 0 365 0 366 0 367 0 368 0 369 0 370 0 371 0 372 0 373 0 374 0 375 0 376 0 377 0 378 0 379 0 380 0 381 0 382 0 383 0 384 0 385 0 386 0 387 0 388 0 389 0 390 0 391 0 392 0 393 0 394 0 395 0 396 0 397 0 398 0 399 0 400 0 401 0 402 0 403 0 404 0 405 0 406 0 407 0 408 0 409 0 410 0 411 0 412 0 413 0 414 0 415 0 416 0 417 0 418 0 419 0 420 0 421 0 422 0 423 0 424 0 425 0 426 0 427 0 428 0 429 0 430 0 431 0 432 0 433 0 434 0 435 0 436 0 437 0 438 0 439 0 440 0 441 0 442 0 443 0 444 0 445 0 446 0 447 0 448 0 449 0 450 0 451 0 452 0 453 0 454 0 455 0 456 0 457 0 458 0 459 0 460 0 461 0 462 0 463 0 464 0 465 0 466 0 467 0 468 0 469 0 470 0 471 0 472 0 473 0 474 0 475 0 476 0 477 0 478 0 479 0 480 0 481 0 482 0 483 0 484 0 485 0 486 0 487 0 488 0 489 0 490 0 491 0 492 0 493 0 494 0 495 0 496 0 497 0 498 0 499 0 500 0 501 0 502 0 503 0 504 0 505 0 506 0 507 0 508 0 509 0 510 0 511 0 512 0 513 0 514 0 515 0 516 0 517 0 518 0 519 0 520 0 521 0 522 0 523 0 524 0 525 0 526 0 527 0 528 0 529 0 530 0 531 0 532 0 533 0 534 0 535 0 536 0 537 0 538 0 539 0 540 0 541 0 542 0 543 0 544 0 545 0 546 0 547 0 548 0 549 0 550 0 551 0 552 0 553 0 554 0 555 0 556 0 557 0 558 0 559 0 560 0 561 0 562 0 563 0 564 0 565 0 566 0 567 0 568 0 569 0 570 0 571 0 572 0 573 0 574 0 575 0 576 0 577 0 578 0 579 0 580 0 581 0 582 0 583 0 584 0 585 0 586 0 587 0 588 0 589 0 590 0 591 0 592 0 593 0 594 0 595 0 596 0 597 0 598 0 599 0 600 0 601 0 602 0 603 0 604 0 605 0 606 0 607 0 608 0 609 0 610 0 611 0 612 0 613 0 614 0 615 0 616 0 617 0 618 0 619 0 620 0 621 0 622 0 623 0 624 0 625 0 626 0 627 0 628 0 629 0 630 0 631 0 632 0 633 0 634 0 635 0 636 0 637 0 638 0 639 0 640 0 641 0 642 0 643 0 644 0 645 0 646 0 647 0 648 0 649 0 650 0 651 0 652 0 653 0 654 0 655 0 656 0 657 0 658 0 659 0 660 0 661 0 662 0 663 0 664 0 665 0 666 0 667 0 668 0 669 0 670 0 671 0 672 0 673 0 674 0 675 0 676 0 677 0 678 0 679 0 680 0 681 0 682 0 683 0 684 0 685 0 686 0 687 0 688 0 689 0 690 0 691 0 692 0 693 0 694 0 695 0 696 0 697 0 698 0 699 0 700 0 701 0 702 0 703 0 704 0 705 0 706 0 707 0 708 0 709 0 710 0 711 0 712 0 713 0 714 0 715 0 716 0 717 0 718 0 719 0 720 0 721 0 722 0 723 0 724 0 725 0 726 0 727 0 728 0 729 0 730 0 731 0 732 0 733 0 734 0 735 0 736 0 737 0 738 0 739 0 740 0 741 0 742 0 743 0 744 0 745 0 746 0 747 0 748 0 749 0 750 0 751 0 752 0 753 0 754 0 755 0 756 0 757 0 758 0 759 0 760 0 761 0 762 0 763 0 764 0 765 0 766 0 767 0 768 0 769 0 770 0 771 0 772 0 773 0 774 0 775 0 776 0 777 0 778 0 779 0 780 0 781 0 782 0 783 0 784 0 785 0 786 0 787 0 788 0 789 0 790 0 791 0 792 0 793 0 794 0 795 0 796 0 797 0 798 0 799 0 800 0 801 0 802 0 803 0 804 0 805 0 806 0 807 0 808 0 809 0 810 0 811 0 812 0 813 0 814 0 815 0 816 0 817 0 818 0 819 0 820 0 821 0 822 0 823 0 824 0 825 0 826 0 827 0 828 0 829 0 830 0 831 0 832 0 833 0 834 0 835 0 836 0 837 0 838 0 839 0 840 0 841 0 842 0 843 0 844 0 845 0 846 0 847 0 848 0 849 0 850 0 851 0 852 0 853 0 854 0 855 0 856 0 857 0 858 0 859 0 860 0 861 0 862 0 863 0 864 0 865 0 866 0 867 0 868 0 869 0 870 0 871 0 872 0 873 0 874 0 875 0 876 0 877 0 878 0 879 0 880 0 881 0 882 0 883 0 884 0 885 0 886 0 887 0 888 0 889 0 890 0 891 0 892 0 893 0 894 0 895 0 896 0 897 0 898 0 899 0 900 0 901 0 902 0 903 0 904 0 905 0 906 0 907 0 908 0 909 0 910 0 911 0 912 0 913 0 914 0 915 0 916 0 917 0 918 0 919 0 920 0 921 0 922 0 923 0 924 0 925 0 926 0 927 0 928 0 929 0 930 0 931 0 932 0 933 0 934 0 935 0 936 0 937 0 938 0 939 0 940 0 941 0 942 0 943 0 944 0 945 0 946 0 947 0 948 0 949 0 950 0 951 0 952 0 953 0 954 0 955 0 956 0 957 0 958 0 959 0 960 0 961 0 962 0 963 0 964 0 965 0 966 0 967 0 968 0 969 0 970 0 971 0 972 0 973 0 974 0 975 0 976 0 977 0 978 0 979 0 980 0 981 0 982 0 983 0 984 0 985 0 986 0 987 0 988 0 989 0 990 0 991 0 992 0 993 0 994 0 995 0 996 0 997 0 998 0 999 0 1000 0 1001 0 1002 0 1003 0 1004 0 1005 0 1006 0 1007 0 1008 0 1009 0 1010 0 1011 0 1012 0 1013 0 1014 0 1015 0 1016 0 1017 0 1018 0 1019 0 1020 0 1021 0 1022 0 1023 0 1024 0 1025 0 1026 0 1027 0 1028 0 1029 0 1030 0 1031 0 1032 0 1033 0 1034 0 1035 0 1036 0 1037 0 1038 0 1039 0 1040 0 1041 0 1042 0 1043 0 1044 0 1045 0 1046 0 1047 0 1048 0 1049 0 1050 0 1051 0 1052 0 1053 0 1054 0 1055 0 1056 0 1057 0 1058 0 1059 0 1060 0 1061 0 1062 0 1063 0 1064 0 1065 0 1066 0 1067 0 1068 0 1069 0 1070 0 1071 0 1072 0 1073 0 1074 0 1075 0 1076 0 1077 0 1078 0 1079 0 1080 0 1081 0 1082 0 1083 0 1084 0 1085 0 1086 0 1087 0 1088 0 1089 0 1090 0 1091 0 1092 0 1093 0 1094 0 1095 0 1096 0 1097 0 1098 0 1099 0 1100 0 1101 0 1102 0 1103 0 1104 0 1105 0 1106 0 1107 0 1108 0 1109 0 1110 0 1111 0 1112 0 1113 0 1114 0 1115 0 1116 0 1117 0 1118 0 1119 0 1120 0 1121 0 1122 0 1123 0 1124 0 1125 0 1126 0 1127 0 1128 0 1129 0 1130 0 1131 0 1132 0 1133 0 1134 0 1135 0 1136 0 1137 0 1138 0 1139 0 1140 0 1141 0 1142 0 1143 0 1144 0 1145 0 1146 0 1147 0 1148 0 1149 0 1150 0 1151 0 1152 0 1153 0 1154 0 1155 0 1156 0 1157 0 1158 0 1159 0 1160 0 1161 0 1162 0 1163 0 1164 0 1165 0 1166 0 1167 0 1168 0 1169 0 1170 0 1171 0 1172 0 1173 0 1174 0 1175 0 1176 0 1177 0 1178 0 1179 0 1180 0 1181 0 1182 0 1183 0 1184 0 1185 0 1186 0 1187 0 1188 0 1189 0 1190 0 1191 0 1192 0 1193 0 1194 0 1195 0 1196 0 1197 0 1198 0 1199 0 1200 0 1201 0 1202 0 1203 0 1204 0 1205 0 1206 0 1207 0 1208 0 1209 0 1210 0 1211 0 1212 0 1213 0 1214 0 1215 0 1216 0 1217 0 1218 0 1219 0 1220 0 1221 0 1222 0 1223 0 1224 0 1225 0 1226 0 1227 0 1228 0 1229 0 1230 0 1231 0 1232 0 1233 0 1234 0 1235 0 1236 0 1237 0 1238 0 1239 0 1240 0 1241 0 1242 0 1243 0 1244 0 1245 0 1246 0 1247 0 1248 0 1249 0 1250 0 1251 0 1252 0 1253 0 1254 0 1255 0 1256 0 1257 0 1258 0 1259 0 1260 0 1261 0 1262 0 1263 0 1264 0 1265 0 1266 0 1267 0 1268 0 1269 0 1270 0 1271 0 1272 0 1273 0 1274 0 1275 0 1276 0 1277 0 1278 0 1279 0 1280 0 1281 0 1282 0 1283 0 1284 0 1285 0 1286 0 1287 0 1288 0 1289 0 1290 0 1291 0 1292 0 1293 0 1294 0 1295 0 1296 0 1297 0 1298 0 1299 0 1300 0 1301 0 1302 0 1303 0 1304 0 1305 0 1306 0 1307 0 1308 0 1309 0 1310 0 1311 0 1312 0 1313 0 1314 0 1315 0 1316 0 1317 0 1318 0 1319 0 1320 0 1321 0 1322 0 1323 0 1324 0 1325 0 1326 0 1327 0 1328 0 1329 0 1330 0 1331 0 1332 0 1333 0 1334 0 1335 0 1336 0 1337 0 1338 0 1339 0 1340 0 1341 0 1342 0 1343 0 1344 0 1345 0 1346 0 1347 0 1348 0 1349 0 1350 0 1351 0 1352 0 1353 0 1354 0 1355 0 1356 0 1357 0 1358 0 1359 0 1360 0 1361 0 1362 0 1363 0 1364 0 1365 0 1366 0 1367 0 1368 0 1369 0 1370 0 1371 0 1372 0 1373 0 1374 0 1375 0 1376 0 1377 0 1378 0 1379 0 1380 0 1381 0 1382 0 1383 0 1384 0 1385 0 1386 1 1387 1 1388 1 1389 1 1390 1 1391 1 1392 1 1393 1 1394 1 1395 1 1396 1 1397 1 1398 1 1399 1 1400 1 1401 1 1402 1 1403 1 1404 1 1405 1 1406 1 1407 1 1408 1 1409 1 1410 1 1411 1 1412 1 1413 1 1414 1 1415 1 1416 1 1417 1 1418 1 1419 1 1420 1 1421 1 1422 1 1423 1 1424 1 1425 1 1426 1 1427 1 1428 1 1429 1 1430 1 1431 1 1432 1 1433 1 1434 1 1435 1 1436 1 1437 1 1438 1 1439 1 1440 1 1441 1 1442 1 1443 1 1444 1 1445 1 1446 1 1447 1 1448 1 1449 1 1450 1 1451 1 1452 1 1453 1 1454 1 1455 1 1456 2 1457 2 1458 2 1459 2 1460 2 1461 2 1462 2 1463 2 1464 2 1465 2 1466 2 1467 2 1468 2 1469 2 1470 2 1471 2 1472 2 1473 2 1474 2 1475 2 1476 2 1477 2 1478 2 1479 2 1480 2 1481 2 1482 2 1483 2 1484 2 1485 2 1486 0 1487 0 1488 0 1489 0 1490 0 1491 0 1492 0 1493 0 1494 0 1495 0 1496 0 1497 0 1498 0 1499 0 1500 0 1501 0 1502 0 1503 0 1504 0 1505 0 1506 0 1507 0 1508 0 1509 0 1510 0 1511 0 1512 0 1513 0 1514 0 1515 0 1516 0 1517 0 1518</v>
        </vertex_weights>
      </skin>
    </controller>
  </library_controllers>
  <library_visual_scenes>
    <visual_scene id="Scene" name="Scene">
      <node id="j_root" name="j_root" sid="j_root" type="JOINT">
        <matrix sid="matrix">1 0 0 0 0 1 0 0 0 0 1 0 0 0 0 1</matrix>
        <node id="int_slider" name="int_slider" sid="int_slider" type="JOINT">
          <matrix sid="matrix">0.9999998 -7.96693e-5 5.96502e-4 1.814123 -7.96694e-5 0.9649482 0.2624404 -0.7154922 -5.96502e-4 -0.2624404 0.9649481 1.419831 0 0 0 1</matrix>
          <extra>
            <technique profile="blender">
              <collections type="string">Bones</collections>
              <roll sid="roll" type="float">0</roll>
              <tip_x sid="tip_x" type="float">-2.66075e-4</tip_x>
              <tip_y sid="tip_y" type="float">-0.1170639</tip_y>
              <tip_z sid="tip_z" type="float">-0.4304241</tip_z>
            </technique>
          </extra>
        </node>
        <node id="int_screen_rotate" name="int_screen_rotate" sid="int_screen_rotate" type="JOINT">
          <matrix sid="matrix">1.19209e-7 0 0.9999999 0.6487273 0 1 0 1.262083 -0.9999999 0 0 1.031847 0 0 0 1</matrix>
          <extra>
            <technique profile="blender">
              <collections type="string">Bones</collections>
              <tip_x sid="tip_x" type="float">-3.12968</tip_x>
              <tip_y sid="tip_y" type="float">0</tip_y>
              <tip_z sid="tip_z" type="float">0</tip_z>
            </technique>
          </extra>
        </node>
        <node id="int_root" name="int_root" sid="int_root" type="JOINT">
          <matrix sid="matrix">1 0 0 0.04766822 0 0 -1 0.4129025 0 1 0 -0.1502072 0 0 0 1</matrix>
          <extra>
            <technique profile="blender">
              <tip_x sid="tip_x" type="float">0</tip_x>
              <tip_y sid="tip_y" type="float">2.124659</tip_y>
              <tip_z sid="tip_z" type="float">0</tip_z>
            </technique>
          </extra>
        </node>
        <extra>
          <technique profile="blender">
            <collections sid="collections" type="string">Bones</collections>
            <visible_collections sid="visible_collections" type="string">Bones</visible_collections>
            <active_collection sid="active_collection" type="string">Bones</active_collection>
          </technique>
        </extra>
      </node>
      <node id="craftingstation_body" name="craftingstation_body" type="NODE">
        <matrix sid="transform">1 0 0 0 0 1 0 0 0 0 1 0 0 0 0 1</matrix>
        <instance_controller url="#jnt_craftingstation_craftingstation_body-skin">
          <skeleton>#int_slider</skeleton>
          <skeleton>#int_screen_rotate</skeleton>
          <skeleton>#int_root</skeleton>
          <bind_material>
            <technique_common>
              <instance_material symbol="craftingstation_body-material" target="#craftingstation_body-material">
                <bind_vertex_input semantic="UVMap" input_semantic="TEXCOORD" input_set="0"/>
              </instance_material>
              <instance_material symbol="craftingstation_screen-material" target="#craftingstation_screen-material">
                <bind_vertex_input semantic="UVMap" input_semantic="TEXCOORD" input_set="0"/>
              </instance_material>
              <instance_material symbol="craftingstation_slider-material" target="#craftingstation_slider-material">
                <bind_vertex_input semantic="UVMap" input_semantic="TEXCOORD" input_set="0"/>
              </instance_material>
              <instance_material symbol="submesh_light_01-material" target="#submesh_light_01-material">
                <bind_vertex_input semantic="UVMap" input_semantic="TEXCOORD" input_set="0"/>
              </instance_material>
              <instance_material symbol="submesh_light_02-material" target="#submesh_light_02-material">
                <bind_vertex_input semantic="UVMap" input_semantic="TEXCOORD" input_set="0"/>
              </instance_material>
            </technique_common>
          </bind_material>
        </instance_controller>
      </node>
    </visual_scene>
  </library_visual_scenes>
  <scene>
    <instance_visual_scene url="#Scene"/>
  </scene>
</COLLADA>